fare_pkr,trip_duration_min,driver_rating,surge_multiplier,hour,day_of_week,month,quarter,is_weekend,is_holiday,hour_sin,hour_cos,month_sin,month_cos,city_Karachi,city_Lahore,city_Peshawar,city_Quetta,vehicle_type_SUV,vehicle_type_Sedan,vehicle_type_Van,weather_Foggy,weather_Rainy,weather_Unknown,weather_Windy,effective_fare,fare_per_min,is_peak_hour,is_night_ride,is_high_surge,fare_efficiency
411.86,11.2,4.0,1.0,0,6,1,1,1,0,0.0,1.0,0.5,0.866025,0,0,1,0,0,1,0,0,1,0,0,411.86,36.7732,0,1,0,411.86
664.7,21.6,4.2,1.0,6,6,1,1,1,0,1.0,0.0,0.5,0.866025,0,0,0,1,0,1,0,0,0,0,0,664.7,30.7731,0,0,0,664.7
576.36,33.3,4.3,1.0,12,6,1,1,1,0,0.0,-1.0,0.5,0.866025,0,0,0,0,0,0,0,0,0,0,0,576.36,17.3081,0,0,0,576.36
673.6,33.7,4.2,1.0,18,6,1,1,1,0,-1.0,-0.0,0.5,0.866025,0,0,0,1,0,0,0,1,0,0,0,673.6,19.9881,1,0,0,673.6
238.85,16.1,4.3,1.0,0,0,1,1,0,0,0.0,1.0,0.5,0.866025,0,0,0,1,0,1,0,0,0,1,0,238.85,14.8354,0,1,0,238.85
79.42,42.9,4.1,1.0,6,0,1,1,0,0,1.0,0.0,0.5,0.866025,0,1,0,0,0,1,0,1,0,0,0,79.42,1.8513,0,0,0,79.42
503.01,10.9,3.5,2.0,12,0,1,1,0,0,0.0,-1.0,0.5,0.866025,0,0,0,0,0,0,1,0,0,0,0,1006.02,46.1477,0,0,1,251.505
364.2,48.3,3.7,1.0,18,0,1,1,0,0,-1.0,-0.0,0.5,0.866025,0,0,0,0,0,0,0,0,0,0,0,364.2,7.5404,1,0,0,364.2
101.77,6.0,4.3,1.0,0,1,1,1,0,0,0.0,1.0,0.5,0.866025,0,0,0,0,0,1,0,0,0,0,0,101.77,16.9617,0,1,0,101.77
796.1,7.2,4.8,1.0,6,1,1,1,0,0,1.0,0.0,0.5,0.866025,0,0,0,1,0,1,0,0,1,0,0,796.1,110.5694,0,0,0,796.1
695.1,1.2,5.0,1.0,12,1,1,1,0,0,0.0,-1.0,0.5,0.866025,0,0,1,0,0,1,0,0,0,0,0,695.1,579.25,0,0,0,695.1
525.52,34.9,4.2,1.0,18,1,1,1,0,0,-1.0,-0.0,0.5,0.866025,0,0,0,0,1,0,0,0,0,0,0,525.52,15.0579,1,0,0,525.52
273.11,11.9,3.9,1.2,0,2,1,1,0,0,0.0,1.0,0.5,0.866025,0,0,0,1,0,1,0,0,0,0,1,327.73,22.9504,0,1,0,227.5916666666667
144.51,5.7,4.1,1.0,6,2,1,1,0,0,1.0,0.0,0.5,0.866025,0,1,0,0,0,0,1,0,0,0,0,144.51,25.3526,0,0,0,144.51
100.72,5.8,3.8,1.2,12,2,1,1,0,0,0.0,-1.0,0.5,0.866025,0,0,1,0,0,0,0,0,1,0,0,120.86,17.3655,0,0,0,83.93333333333334
324.75,51.0,4.7,1.2,18,2,1,1,0,0,-1.0,-0.0,0.5,0.866025,0,1,0,0,0,0,0,0,1,0,0,389.7,6.3676,1,0,0,270.625
620.05,39.5,5.0,1.0,0,3,1,1,0,0,0.0,1.0,0.5,0.866025,0,0,1,0,1,0,0,0,0,0,0,620.05,15.6975,0,1,0,620.05
366.28,17.7,4.0,1.0,6,3,1,1,0,0,1.0,0.0,0.5,0.866025,0,0,0,1,0,1,0,0,1,0,0,366.28,20.6938,0,0,0,366.28
565.22,21.1,3.7,1.5,12,3,1,1,0,0,0.0,-1.0,0.5,0.866025,1,0,0,0,0,0,0,0,0,0,0,847.83,26.7877,0,0,0,376.81333333333333
579.39,14.1,4.8,1.0,18,3,1,1,0,0,-1.0,-0.0,0.5,0.866025,0,0,1,0,0,0,0,0,1,0,0,579.39,41.0915,1,0,0,579.39
615.54,10.9,4.5,1.0,0,4,1,1,0,0,0.0,1.0,0.5,0.866025,0,1,0,0,0,0,0,0,0,0,0,615.54,56.4716,0,1,0,615.54
128.15,54.4,4.5,2.0,6,4,1,1,0,0,1.0,0.0,0.5,0.866025,0,0,0,1,1,0,0,0,1,0,0,256.3,2.3557,0,0,1,64.075
287.22,3.0,5.0,1.0,12,4,1,1,0,0,0.0,-1.0,0.5,0.866025,0,0,1,0,0,0,0,0,0,0,0,287.22,95.74,0,0,0,287.22
559.97,11.9,3.6,1.0,18,4,1,1,0,0,-1.0,-0.0,0.5,0.866025,1,0,0,0,0,0,0,0,1,0,0,559.97,47.0563,1,0,0,559.97
881.31,9.3,3.6,2.0,0,5,1,1,1,0,0.0,1.0,0.5,0.866025,1,0,0,0,0,0,0,0,0,0,0,1762.62,94.7645,0,1,1,440.655
760.57,15.2,4.2,1.0,6,5,1,1,1,0,1.0,0.0,0.5,0.866025,0,0,0,0,0,0,0,0,0,0,0,760.57,50.0375,0,0,0,760.57
511.73,13.5,4.3,1.0,12,5,1,1,1,0,0.0,-1.0,0.5,0.866025,0,0,0,0,0,0,0,0,0,0,0,511.73,37.9059,0,0,0,511.73
800.29,16.1,4.3,1.5,18,5,1,1,1,0,-1.0,-0.0,0.5,0.866025,0,1,0,0,0,1,0,0,0,0,0,1200.44,49.7075,1,0,0,533.5266666666666
509.74,3.3,5.0,1.5,0,6,1,1,1,0,0.0,1.0,0.5,0.866025,0,0,1,0,0,0,0,1,0,0,0,764.61,154.4667,0,1,0,339.82666666666665
171.11,15.8,4.1,1.0,6,6,1,1,1,0,1.0,0.0,0.5,0.866025,0,0,1,0,1,0,0,0,0,0,0,171.11,10.8297,0,0,0,171.11
610.33,6.1,4.0,1.0,12,6,1,1,1,0,0.0,-1.0,0.5,0.866025,0,0,0,0,0,0,0,0,0,0,1,610.33,100.0541,0,0,0,610.33
773.53,4.5,4.4,1.5,18,6,1,1,1,0,-1.0,-0.0,0.5,0.866025,0,0,1,0,0,1,0,0,0,0,1,1160.3,171.8956,1,0,0,515.6866666666666
1016.44,1.5,4.8,1.2,0,0,1,1,0,0,0.0,1.0,0.5,0.866025,0,0,1,0,1,0,0,0,1,0,0,1219.73,677.6267,0,1,0,847.0333333333334
319.73,31.6,3.9,1.0,6,0,1,1,0,0,1.0,0.0,0.5,0.866025,1,0,0,0,0,1,0,0,0,0,0,319.73,10.118,0,0,0,319.73
224.18,12.3,4.2,1.0,12,0,1,1,0,0,0.0,-1.0,0.5,0.866025,0,0,0,0,0,1,0,0,0,0,0,224.18,18.226,0,0,0,224.18
665.66,21.7,4.8,1.0,18,0,1,1,0,0,-1.0,-0.0,0.5,0.866025,0,0,0,1,0,0,0,0,1,0,0,665.66,30.6756,1,0,0,665.66
543.12,28.6,4.8,1.5,0,1,1,1,0,0,0.0,1.0,0.5,0.866025,0,0,0,0,0,0,0,0,0,0,0,814.68,18.9902,0,1,0,362.08
518.52,25.0,4.4,1.5,6,1,1,1,0,0,1.0,0.0,0.5,0.866025,0,0,0,1,0,1,0,0,0,0,0,777.78,20.7408,0,0,0,345.68
805.84,14.0,5.0,2.0,12,1,1,1,0,0,0.0,-1.0,0.5,0.866025,1,0,0,0,0,0,1,0,1,0,0,1611.68,57.56,0,0,1,402.92
664.37,10.8,5.0,1.5,18,1,1,1,0,0,-1.0,-0.0,0.5,0.866025,0,1,0,0,0,1,0,1,0,0,0,996.56,61.5157,1,0,0,442.91333333333336
569.01,10.4,3.6,1.0,0,2,1,1,0,0,0.0,1.0,0.5,0.866025,0,0,1,0,0,1,0,0,1,0,0,569.01,54.7125,0,1,0,569.01
342.31,22.5,3.5,1.0,6,2,1,1,0,0,1.0,0.0,0.5,0.866025,1,0,0,0,1,0,0,0,0,0,0,342.31,15.2138,0,0,0,342.31
637.75,15.0,4.7,1.2,12,2,1,1,0,0,0.0,-1.0,0.5,0.866025,0,0,1,0,0,1,0,0,1,0,0,765.3,42.5167,0,0,0,531.4583333333334
218.64,41.6,5.0,1.2,18,2,1,1,0,0,-1.0,-0.0,0.5,0.866025,0,1,0,0,0,0,0,0,0,0,0,262.37,5.2558,1,0,0,182.2
508.99,45.7,4.2,1.0,0,3,1,1,0,0,0.0,1.0,0.5,0.866025,0,1,0,0,0,1,0,0,0,0,0,508.99,11.1376,0,1,0,508.99
432.25,4.1,4.0,1.0,6,3,1,1,0,0,1.0,0.0,0.5,0.866025,1,0,0,0,0,0,1,1,0,0,0,432.25,105.4268,0,0,0,432.25
165.87,3.2,3.9,2.0,12,3,1,1,0,0,0.0,-1.0,0.5,0.866025,0,1,0,0,0,0,0,0,0,0,0,331.74,51.8344,0,0,1,82.935
543.92,21.9,3.7,1.0,18,3,1,1,0,0,-1.0,-0.0,0.5,0.866025,0,0,0,1,0,1,0,0,0,0,0,543.92,24.8365,1,0,0,543.92
320.12,7.9,4.9,1.0,0,4,1,1,0,0,0.0,1.0,0.5,0.866025,0,1,0,0,0,0,0,0,0,0,0,320.12,40.5215,0,1,0,320.12
537.26,0.4,4.1,1.2,6,4,1,1,0,0,1.0,0.0,0.5,0.866025,0,0,1,0,0,1,0,1,0,0,0,644.71,1343.15,0,0,0,447.7166666666667
254.61,48.3,4.5,1.2,12,4,1,1,0,0,0.0,-1.0,0.5,0.866025,0,0,1,0,0,0,0,0,1,0,0,305.53,5.2714,0,0,0,212.175
667.67,5.7,3.4,1.0,18,4,1,1,0,0,-1.0,-0.0,0.5,0.866025,0,0,1,0,0,1,0,0,1,0,0,667.67,117.1351,1,0,0,667.67
948.93,58.3,4.8,1.5,0,5,1,1,1,0,0.0,1.0,0.5,0.866025,0,0,1,0,1,0,0,0,1,0,0,1423.4,16.2767,0,1,0,632.62
218.69,27.8,4.6,1.0,6,5,1,1,1,0,1.0,0.0,0.5,0.866025,0,0,0,1,0,0,0,0,0,0,0,218.69,7.8665,0,0,0,218.69
254.41,31.6,3.6,1.0,12,5,1,1,1,0,0.0,-1.0,0.5,0.866025,0,0,0,0,0,1,0,0,0,0,0,254.41,8.0509,0,0,0,254.41
196.65,4.9,4.4,1.0,18,5,1,1,1,0,-1.0,-0.0,0.5,0.866025,1,0,0,0,1,0,0,0,0,0,0,196.65,40.1327,1,0,0,196.65
392.62,5.9,4.3,1.2,0,6,1,1,1,0,0.0,1.0,0.5,0.866025,0,0,1,0,0,0,1,0,0,0,0,471.14,66.5458,0,1,0,327.18333333333334
533.07,16.2,4.1,2.0,6,6,1,1,1,0,1.0,0.0,0.5,0.866025,0,1,0,0,0,0,0,0,0,0,0,1066.14,32.9056,0,0,1,266.535
618.49,4.2,2.8,1.5,12,6,1,1,1,0,0.0,-1.0,0.5,0.866025,0,0,1,0,0,0,0,0,0,0,1,927.74,147.2595,0,0,0,412.32666666666665
503.9,8.0,4.0,2.0,18,6,1,1,1,0,-1.0,-0.0,0.5,0.866025,0,1,0,0,0,0,0,0,0,0,0,1007.8,62.9875,1,0,1,251.95
609.11,8.5,4.5,1.0,0,0,1,1,0,0,0.0,1.0,0.5,0.866025,0,1,0,0,0,0,1,0,0,0,0,609.11,71.66,0,1,0,609.11
424.22,3.8,4.0,1.0,6,0,1,1,0,0,1.0,0.0,0.5,0.866025,0,0,1,0,0,0,1,0,0,1,0,424.22,111.6368,0,0,0,424.22
318.04,5.1,4.2,1.0,12,0,1,1,0,0,0.0,-1.0,0.5,0.866025,0,0,0,1,0,1,0,0,0,0,0,318.04,62.3608,0,0,0,318.04
258.13,34.2,5.0,1.0,18,0,1,1,0,0,-1.0,-0.0,0.5,0.866025,0,1,0,0,1,0,0,0,0,0,1,258.13,7.5477,1,0,0,258.13
400.37,4.0,4.3,1.5,0,1,1,1,0,0,0.0,1.0,0.5,0.866025,0,1,0,0,0,1,0,0,0,0,0,600.56,100.0925,0,1,0,266.91333333333336
261.82,0.6,3.3,1.2,6,1,1,1,0,0,1.0,0.0,0.5,0.866025,0,0,1,0,0,1,0,0,0,0,0,314.18,436.3667,0,0,0,218.18333333333334
524.99,21.8,4.2,2.0,12,1,1,1,0,0,0.0,-1.0,0.5,0.866025,0,1,0,0,0,0,0,0,1,0,0,1049.98,24.0821,0,0,1,262.495
264.26,82.0,4.3,1.0,18,1,1,1,0,0,-1.0,-0.0,0.5,0.866025,0,1,0,0,1,0,0,0,0,0,0,264.26,3.2227,1,0,0,264.26
337.18,8.9,3.9,1.0,0,2,1,1,0,0,0.0,1.0,0.5,0.866025,0,0,1,0,0,0,0,0,0,0,0,337.18,37.8854,0,1,0,337.18
735.91,2.8,4.7,1.0,6,2,1,1,0,0,1.0,0.0,0.5,0.866025,0,0,1,0,1,0,0,0,0,0,0,735.91,262.825,0,0,0,735.91
770.7,18.6,3.6,1.0,12,2,1,1,0,0,0.0,-1.0,0.5,0.866025,1,0,0,0,1,0,0,0,1,0,0,770.7,41.4355,0,0,0,770.7
758.79,52.1,4.2,1.0,18,2,1,1,0,0,-1.0,-0.0,0.5,0.866025,0,0,0,1,1,0,0,0,0,0,1,758.79,14.5641,1,0,0,758.79
427.91,33.7,3.6,1.0,0,3,1,1,0,0,0.0,1.0,0.5,0.866025,0,0,0,1,0,0,0,0,1,0,0,427.91,12.6976,0,1,0,427.91
325.15,21.4,4.2,1.0,6,3,1,1,0,0,1.0,0.0,0.5,0.866025,0,1,0,0,0,0,0,0,0,0,0,325.15,15.1939,0,0,0,325.15
565.41,8.3,4.7,1.0,12,3,1,1,0,0,0.0,-1.0,0.5,0.866025,0,0,0,1,0,0,0,1,0,0,0,565.41,68.1217,0,0,0,565.41
267.44,17.2,4.2,1.0,18,3,1,1,0,0,-1.0,-0.0,0.5,0.866025,0,1,0,0,0,0,0,0,0,0,0,267.44,15.5488,1,0,0,267.44
633.6,2.1,4.2,1.0,0,4,1,1,0,0,0.0,1.0,0.5,0.866025,1,0,0,0,0,0,0,0,0,0,0,633.6,301.7143,0,1,0,633.6
309.15,25.0,4.3,1.0,6,4,1,1,0,0,1.0,0.0,0.5,0.866025,0,0,1,0,0,0,1,0,0,0,0,309.15,12.366,0,0,0,309.15
391.6,28.4,4.3,1.0,12,4,1,1,0,0,0.0,-1.0,0.5,0.866025,0,0,1,0,0,1,0,0,0,0,0,391.6,13.7887,0,0,0,391.6
640.6,73.8,4.6,1.0,18,4,1,1,0,0,-1.0,-0.0,0.5,0.866025,0,0,1,0,0,0,0,0,0,0,0,640.6,8.6802,1,0,0,640.6
140.18,6.6,4.6,1.0,0,5,1,1,1,0,0.0,1.0,0.5,0.866025,0,0,0,1,0,0,0,0,1,0,0,140.18,21.2394,0,1,0,140.18
316.46,0.4,5.0,1.0,6,5,1,1,1,0,1.0,0.0,0.5,0.866025,1,0,0,0,0,1,0,0,0,0,1,316.46,791.15,0,0,0,316.46
530.67,17.4,4.4,1.0,12,5,1,1,1,0,0.0,-1.0,0.5,0.866025,0,0,0,1,0,1,0,0,0,0,0,530.67,30.4983,0,0,0,530.67
588.39,27.0,3.5,1.0,18,5,1,1,1,0,-1.0,-0.0,0.5,0.866025,0,0,0,1,0,1,0,0,0,0,0,588.39,21.7922,1,0,0,588.39
541.24,34.4,4.7,1.2,0,6,1,1,1,0,0.0,1.0,0.5,0.866025,1,0,0,0,0,0,1,0,0,0,0,649.49,15.7337,0,1,0,451.03333333333336
389.01,4.7,5.0,1.2,6,6,1,1,1,0,1.0,0.0,0.5,0.866025,1,0,0,0,0,1,0,0,0,0,0,466.81,82.7681,0,0,0,324.175
672.58,6.7,5.0,1.5,12,6,1,1,1,0,0.0,-1.0,0.5,0.866025,1,0,0,0,0,0,1,0,1,0,0,1008.87,100.3851,0,0,0,448.3866666666667
253.24,15.8,5.0,1.0,18,6,1,1,1,0,-1.0,-0.0,0.5,0.866025,1,0,0,0,1,0,0,0,0,0,0,253.24,16.0278,1,0,0,253.24
247.02,8.8,4.1,1.0,0,0,1,1,0,0,0.0,1.0,0.5,0.866025,0,0,1,0,0,0,0,1,0,0,0,247.02,28.0705,0,1,0,247.02
528.06,43.3,4.4,1.5,6,0,1,1,0,0,1.0,0.0,0.5,0.866025,0,0,0,0,0,0,1,0,0,0,0,792.09,12.1954,0,0,0,352.03999999999996
237.06,14.1,4.2,1.0,12,0,1,1,0,0,0.0,-1.0,0.5,0.866025,0,0,0,0,0,0,0,0,0,0,0,237.06,16.8128,0,0,0,237.06
965.0,35.4,4.1,1.2,18,0,1,1,0,0,-1.0,-0.0,0.5,0.866025,1,0,0,0,1,0,0,0,0,0,0,1158.0,27.2599,1,0,0,804.1666666666667
321.47,19.1,4.2,1.0,0,1,1,1,0,0,0.0,1.0,0.5,0.866025,0,0,0,0,0,0,0,0,0,0,0,321.47,16.8309,0,1,0,321.47
666.39,32.6,4.9,1.0,6,1,1,1,0,0,1.0,0.0,0.5,0.866025,0,0,0,0,1,0,0,0,0,0,0,666.39,20.4414,0,0,0,666.39
213.68,8.9,3.5,1.2,12,1,1,1,0,0,0.0,-1.0,0.5,0.866025,1,0,0,0,1,0,0,0,1,0,0,256.42,24.009,0,0,0,178.0666666666667
865.12,39.2,3.8,1.0,18,1,1,1,0,0,-1.0,-0.0,0.5,0.866025,0,0,0,0,1,0,0,0,0,0,0,865.12,22.0694,1,0,0,865.12
443.26,7.1,4.9,1.0,0,2,1,1,0,0,0.0,1.0,0.5,0.866025,0,0,0,1,1,0,0,0,1,0,0,443.26,62.431,0,1,0,443.26
316.69,17.4,5.0,1.0,6,2,1,1,0,0,1.0,0.0,0.5,0.866025,0,1,0,0,0,0,0,0,0,0,0,316.69,18.2006,0,0,0,316.69
374.77,5.3,4.0,1.0,12,2,1,1,0,0,0.0,-1.0,0.5,0.866025,0,1,0,0,0,0,0,0,0,0,0,374.77,70.7113,0,0,0,374.77
289.3,14.2,5.0,1.0,18,2,1,1,0,0,-1.0,-0.0,0.5,0.866025,1,0,0,0,0,1,0,0,0,0,0,289.3,20.3732,1,0,0,289.3
391.03,8.4,4.8,1.0,0,3,1,1,0,0,0.0,1.0,0.5,0.866025,0,0,1,0,0,0,0,1,0,0,0,391.03,46.5512,0,1,0,391.03
221.18,6.8,4.2,1.2,6,3,1,1,0,0,1.0,0.0,0.5,0.866025,1,0,0,0,0,1,0,0,0,0,0,265.42,32.5265,0,0,0,184.3166666666667
322.26,75.0,3.1,1.2,12,3,1,1,0,0,0.0,-1.0,0.5,0.866025,0,0,1,0,0,0,0,0,1,0,0,386.71,4.2968,0,0,0,268.55
660.09,3.8,3.5,1.0,18,3,1,1,0,0,-1.0,-0.0,0.5,0.866025,0,1,0,0,0,0,1,0,0,0,0,660.09,173.7079,1,0,0,660.09
489.91,34.1,4.0,2.0,0,4,1,1,0,0,0.0,1.0,0.5,0.866025,1,0,0,0,0,1,0,0,1,0,0,979.82,14.3669,0,1,1,244.955
250.33,91.2,4.7,1.0,6,4,1,1,0,0,1.0,0.0,0.5,0.866025,0,0,0,1,1,0,0,0,0,0,0,250.33,2.7448,0,0,0,250.33
398.14,0.4,4.7,1.0,12,4,1,1,0,0,0.0,-1.0,0.5,0.866025,0,0,0,0,0,0,0,0,1,0,0,398.14,995.35,0,0,0,398.14
775.04,26.4,4.1,1.5,18,4,1,1,0,0,-1.0,-0.0,0.5,0.866025,0,0,1,0,1,0,0,0,1,0,0,1162.56,29.3576,1,0,0,516.6933333333333
342.6,6.4,4.2,1.2,0,5,1,1,1,0,0.0,1.0,0.5,0.866025,0,0,0,0,0,0,1,0,0,0,1,411.12,53.5312,0,1,0,285.50000000000006
235.59,0.9,4.3,1.2,6,5,1,1,1,0,1.0,0.0,0.5,0.866025,0,0,0,0,0,1,0,0,0,0,0,282.71,261.7667,0,0,0,196.32500000000002
577.7,11.3,4.2,1.0,12,5,1,1,1,0,0.0,-1.0,0.5,0.866025,1,0,0,0,0,1,0,0,0,0,0,577.7,51.1239,0,0,0,577.7
105.87,60.2,4.4,1.0,18,5,1,1,1,0,-1.0,-0.0,0.5,0.866025,0,0,0,0,1,0,0,0,0,0,0,105.87,1.7586,1,0,0,105.87
379.26,0.3,4.3,1.5,0,6,1,1,1,0,0.0,1.0,0.5,0.866025,0,0,0,1,0,0,0,1,0,0,0,568.89,1264.2,0,1,0,252.84
808.4,19.5,3.5,1.0,6,6,1,1,1,0,1.0,0.0,0.5,0.866025,0,0,0,0,0,1,0,0,0,0,0,808.4,41.4564,0,0,0,808.4
392.22,15.3,4.2,1.2,12,6,1,1,1,0,0.0,-1.0,0.5,0.866025,1,0,0,0,0,0,0,0,1,0,0,470.66,25.6353,0,0,0,326.85
692.48,45.5,4.3,1.0,18,6,1,1,1,0,-1.0,-0.0,0.5,0.866025,0,0,0,1,0,0,0,0,0,0,0,692.48,15.2193,1,0,0,692.48
233.73,1.9,4.8,1.5,0,0,1,1,0,0,0.0,1.0,0.5,0.866025,0,1,0,0,0,0,0,0,0,0,0,350.6,123.0158,0,1,0,155.82
384.25,25.2,3.9,1.0,6,0,1,1,0,0,1.0,0.0,0.5,0.866025,0,0,0,0,0,0,0,0,0,0,0,384.25,15.248,0,0,0,384.25
365.36,25.1,4.4,1.0,12,0,1,1,0,0,0.0,-1.0,0.5,0.866025,1,0,0,0,0,0,0,0,0,0,1,365.36,14.5562,0,0,0,365.36
562.27,24.3,4.6,1.0,18,0,1,1,0,0,-1.0,-0.0,0.5,0.866025,0,1,0,0,0,0,0,0,1,0,0,562.27,23.1387,1,0,0,562.27
455.77,62.8,4.2,1.2,0,1,1,1,0,0,0.0,1.0,0.5,0.866025,0,1,0,0,0,0,1,0,0,0,1,546.92,7.2575,0,1,0,379.80833333333334
861.46,38.1,3.4,1.2,6,1,1,1,0,0,1.0,0.0,0.5,0.866025,0,0,1,0,0,1,0,0,0,0,0,1033.75,22.6105,0,0,0,717.8833333333334
332.45,0.9,4.8,1.0,12,1,1,1,0,0,0.0,-1.0,0.5,0.866025,0,0,0,1,0,0,1,0,1,0,0,332.45,369.3889,0,0,0,332.45
452.96,14.0,4.7,1.2,18,1,1,1,0,0,-1.0,-0.0,0.5,0.866025,0,0,0,0,0,1,0,0,1,0,0,543.55,32.3543,1,0,0,377.46666666666664
372.61,11.2,4.4,1.0,0,2,2,1,0,0,0.0,1.0,0.866025,0.5,1,0,0,0,0,0,0,0,0,0,0,372.61,33.2688,0,1,0,372.61
436.19,8.2,4.3,1.0,6,2,2,1,0,0,1.0,0.0,0.866025,0.5,0,0,1,0,0,1,0,1,0,0,0,436.19,53.1939,0,0,0,436.19
416.13,13.2,3.4,1.0,12,2,2,1,0,0,0.0,-1.0,0.866025,0.5,0,0,0,1,0,1,0,0,0,0,1,416.13,31.525,0,0,0,416.13
265.98,10.7,4.7,1.0,18,2,2,1,0,0,-1.0,-0.0,0.866025,0.5,0,0,1,0,0,0,0,1,0,0,0,265.98,24.8579,1,0,0,265.98
642.24,12.5,5.0,1.0,0,3,2,1,0,0,0.0,1.0,0.866025,0.5,0,0,0,1,0,1,0,0,1,0,0,642.24,51.3792,0,1,0,642.24
303.81,85.3,3.7,1.0,6,3,2,1,0,0,1.0,0.0,0.866025,0.5,0,0,0,1,0,0,0,0,0,0,0,303.81,3.5617,0,0,0,303.81
292.15,2.0,5.0,1.2,12,3,2,1,0,0,0.0,-1.0,0.866025,0.5,0,0,0,0,0,1,0,0,0,0,0,350.58,146.075,0,0,0,243.45833333333331
171.91,56.2,4.9,1.2,18,3,2,1,0,0,-1.0,-0.0,0.866025,0.5,0,0,0,1,0,1,0,0,0,0,1,206.29,3.0589,1,0,0,143.25833333333333
327.35,14.4,3.7,1.2,0,4,2,1,0,0,0.0,1.0,0.866025,0.5,0,0,1,0,0,0,0,0,0,0,0,392.82,22.7326,0,1,0,272.7916666666667
301.65,21.5,4.1,1.0,6,4,2,1,0,0,1.0,0.0,0.866025,0.5,0,0,0,1,0,0,0,0,1,0,0,301.65,14.0302,0,0,0,301.65
52.62,39.0,3.6,2.0,12,4,2,1,0,0,0.0,-1.0,0.866025,0.5,0,0,0,0,1,0,0,0,1,0,0,105.24,1.3492,0,0,1,26.31
120.18,9.8,4.3,1.2,18,4,2,1,0,0,-1.0,-0.0,0.866025,0.5,0,0,0,0,0,1,0,0,1,0,0,144.22,12.2633,1,0,0,100.15
390.16,12.4,4.5,1.0,0,5,2,1,1,0,0.0,1.0,0.866025,0.5,0,0,1,0,0,0,0,0,0,0,1,390.16,31.4645,0,1,0,390.16
842.57,11.6,3.6,1.5,6,5,2,1,1,0,1.0,0.0,0.866025,0.5,0,1,0,0,0,0,1,0,0,0,0,1263.86,72.6353,0,0,0,561.7133333333334
191.29,10.3,4.5,1.0,12,5,2,1,1,0,0.0,-1.0,0.866025,0.5,0,1,0,0,0,0,0,0,0,0,0,191.29,18.5718,0,0,0,191.29
432.11,57.1,4.6,1.0,18,5,2,1,1,0,-1.0,-0.0,0.866025,0.5,0,0,0,1,0,1,0,0,0,0,0,432.11,7.5676,1,0,0,432.11
385.31,38.8,4.6,1.0,0,6,2,1,1,1,0.0,1.0,0.866025,0.5,1,0,0,0,0,0,1,0,0,0,0,385.31,9.9307,0,1,0,385.31
600.26,2.5,4.5,1.0,6,6,2,1,1,1,1.0,0.0,0.866025,0.5,0,0,0,1,0,0,0,0,0,0,0,600.26,240.104,0,0,0,600.26
622.24,2.5,3.7,1.5,12,6,2,1,1,1,0.0,-1.0,0.866025,0.5,0,0,1,0,0,0,0,0,0,0,0,933.36,248.896,0,0,0,414.82666666666665
1144.14,12.3,4.2,1.0,18,6,2,1,1,1,-1.0,-0.0,0.866025,0.5,0,0,1,0,0,0,0,1,0,0,0,1144.14,93.0195,1,0,0,1144.14
499.0,2.3,4.5,1.0,0,0,2,1,0,0,0.0,1.0,0.866025,0.5,0,0,1,0,0,0,0,0,0,0,1,499.0,216.9565,0,1,0,499.0
280.2,21.2,5.0,2.0,6,0,2,1,0,0,1.0,0.0,0.866025,0.5,0,0,1,0,0,0,0,0,0,0,0,560.4,13.217,0,0,1,140.1
322.42,3.4,4.3,2.0,12,0,2,1,0,0,0.0,-1.0,0.866025,0.5,0,0,1,0,0,1,0,0,0,0,0,644.84,94.8294,0,0,1,161.21
340.34,16.3,4.5,1.2,18,0,2,1,0,0,-1.0,-0.0,0.866025,0.5,0,0,0,0,0,0,0,0,0,0,1,408.41,20.8798,1,0,0,283.6166666666667
308.41,0.2,3.8,1.0,0,1,2,1,0,0,0.0,1.0,0.866025,0.5,0,1,0,0,0,1,0,0,0,0,0,308.41,1542.05,0,1,0,308.41
944.32,8.4,3.7,1.0,6,1,2,1,0,0,1.0,0.0,0.866025,0.5,0,0,1,0,0,0,1,0,0,1,0,944.32,112.419,0,0,0,944.32
607.55,24.9,3.7,1.2,12,1,2,1,0,0,0.0,-1.0,0.866025,0.5,1,0,0,0,1,0,0,0,0,0,0,729.06,24.3996,0,0,0,506.29166666666663
161.52,14.6,4.1,1.0,18,1,2,1,0,0,-1.0,-0.0,0.866025,0.5,1,0,0,0,0,1,0,0,1,0,0,161.52,11.063,1,0,0,161.52
559.84,84.2,5.0,1.0,0,2,2,1,0,0,0.0,1.0,0.866025,0.5,1,0,0,0,0,0,0,0,0,0,0,559.84,6.6489,0,1,0,559.84
239.36,45.6,4.1,1.0,6,2,2,1,0,0,1.0,0.0,0.866025,0.5,1,0,0,0,0,1,0,0,0,1,0,239.36,5.2491,0,0,0,239.36
619.16,9.8,4.5,1.0,12,2,2,1,0,0,0.0,-1.0,0.866025,0.5,0,0,0,0,0,1,0,0,0,0,0,619.16,63.1796,0,0,0,619.16
746.15,1.0,4.6,1.0,18,2,2,1,0,0,-1.0,-0.0,0.866025,0.5,1,0,0,0,0,1,0,0,0,0,0,746.15,746.15,1,0,0,746.15
388.96,41.1,3.8,1.0,0,3,2,1,0,0,0.0,1.0,0.866025,0.5,0,0,1,0,0,0,0,0,0,0,0,388.96,9.4637,0,1,0,388.96
320.39,53.3,4.3,1.0,6,3,2,1,0,0,1.0,0.0,0.866025,0.5,0,0,0,1,1,0,0,0,0,0,0,320.39,6.0111,0,0,0,320.39
871.96,37.8,4.6,1.0,12,3,2,1,0,0,0.0,-1.0,0.866025,0.5,1,0,0,0,0,1,0,0,1,0,0,871.96,23.0677,0,0,0,871.96
298.05,3.0,4.5,1.0,18,3,2,1,0,0,-1.0,-0.0,0.866025,0.5,0,0,0,0,0,0,0,0,1,0,0,298.05,99.35,1,0,0,298.05
281.24,135.8,3.3,1.0,0,4,2,1,0,0,0.0,1.0,0.866025,0.5,0,0,0,0,0,0,0,0,1,0,0,281.24,2.071,0,1,0,281.24
255.81,6.6,4.6,1.2,6,4,2,1,0,0,1.0,0.0,0.866025,0.5,1,0,0,0,0,1,0,0,1,0,0,306.97,38.7591,0,0,0,213.175
421.27,28.3,4.0,1.5,12,4,2,1,0,0,0.0,-1.0,0.866025,0.5,0,0,0,1,1,0,0,0,0,0,1,631.9,14.8859,0,0,0,280.84666666666664
498.26,52.5,4.0,1.0,18,4,2,1,0,0,-1.0,-0.0,0.866025,0.5,1,0,0,0,1,0,0,1,0,0,0,498.26,9.4907,1,0,0,498.26
696.79,5.9,4.5,1.0,0,5,2,1,1,0,0.0,1.0,0.866025,0.5,0,0,0,0,1,0,0,0,1,0,0,696.79,118.1,0,1,0,696.79
572.52,52.6,5.0,1.0,6,5,2,1,1,0,1.0,0.0,0.866025,0.5,0,1,0,0,0,0,0,0,0,0,0,572.52,10.8844,0,0,0,572.52
567.94,8.1,4.2,1.0,12,5,2,1,1,0,0.0,-1.0,0.866025,0.5,0,0,1,0,0,1,0,0,0,0,0,567.94,70.116,0,0,0,567.94
801.98,82.4,4.9,1.0,18,5,2,1,1,0,-1.0,-0.0,0.866025,0.5,0,0,0,0,0,1,0,0,0,0,0,801.98,9.7328,1,0,0,801.98
249.02,7.3,3.6,1.0,0,6,2,1,1,0,0.0,1.0,0.866025,0.5,1,0,0,0,0,0,0,0,1,0,0,249.02,34.1123,0,1,0,249.02
184.46,67.5,4.4,1.2,6,6,2,1,1,0,1.0,0.0,0.866025,0.5,0,0,1,0,0,0,0,0,0,0,0,221.35,2.7327,0,0,0,153.71666666666667
586.45,1.2,4.0,1.2,12,6,2,1,1,0,0.0,-1.0,0.866025,0.5,1,0,0,0,1,0,0,0,0,0,0,703.74,488.7083,0,0,0,488.70833333333337
411.09,27.2,4.4,1.0,18,6,2,1,1,0,-1.0,-0.0,0.866025,0.5,1,0,0,0,0,0,0,1,0,0,0,411.09,15.1136,1,0,0,411.09
698.03,16.7,4.2,1.0,0,0,2,1,0,0,0.0,1.0,0.866025,0.5,0,1,0,0,0,1,0,1,0,0,0,698.03,41.7982,0,1,0,698.03
431.16,14.3,3.6,1.2,6,0,2,1,0,0,1.0,0.0,0.866025,0.5,0,0,1,0,0,0,0,0,0,0,1,517.39,30.151,0,0,0,359.3
314.49,5.6,3.9,1.0,12,0,2,1,0,0,0.0,-1.0,0.866025,0.5,0,0,1,0,0,0,0,0,0,0,0,314.49,56.1589,0,0,0,314.49
590.68,26.9,3.5,1.2,18,0,2,1,0,0,-1.0,-0.0,0.866025,0.5,0,1,0,0,0,0,0,0,1,0,0,708.82,21.9584,1,0,0,492.2333333333333
458.94,4.7,3.6,1.0,0,1,2,1,0,0,0.0,1.0,0.866025,0.5,0,0,0,0,0,0,1,0,0,0,0,458.94,97.6468,0,1,0,458.94
431.35,17.7,4.5,1.2,6,1,2,1,0,0,1.0,0.0,0.866025,0.5,1,0,0,0,1,0,0,0,0,0,0,517.62,24.3701,0,0,0,359.45833333333337
1248.6,6.4,4.2,1.5,12,1,2,1,0,0,0.0,-1.0,0.866025,0.5,0,0,0,1,0,0,1,0,0,0,0,1872.9,195.0937,0,0,0,832.4
772.07,68.5,4.4,2.0,18,1,2,1,0,0,-1.0,-0.0,0.866025,0.5,1,0,0,0,0,1,0,0,0,0,0,1544.14,11.2711,1,0,1,386.035
627.87,0.6,5.0,1.0,0,2,2,1,0,0,0.0,1.0,0.866025,0.5,1,0,0,0,0,0,0,0,0,0,0,627.87,1046.45,0,1,0,627.87
466.19,4.9,4.2,1.0,6,2,2,1,0,0,1.0,0.0,0.866025,0.5,0,0,0,0,0,1,0,1,0,0,0,466.19,95.1408,0,0,0,466.19
446.05,6.1,4.6,1.0,12,2,2,1,0,0,0.0,-1.0,0.866025,0.5,1,0,0,0,0,1,0,0,0,0,0,446.05,73.123,0,0,0,446.05
373.87,11.8,4.3,2.0,18,2,2,1,0,0,-1.0,-0.0,0.866025,0.5,0,1,0,0,1,0,0,0,1,0,0,747.74,31.6839,1,0,1,186.935
490.19,5.8,5.0,1.0,0,3,2,1,0,0,0.0,1.0,0.866025,0.5,0,1,0,0,0,0,0,0,0,0,0,490.19,84.5155,0,1,0,490.19
337.03,14.9,2.8,1.0,6,3,2,1,0,0,1.0,0.0,0.866025,0.5,0,0,1,0,0,1,0,0,0,0,0,337.03,22.6195,0,0,0,337.03
219.44,45.3,3.9,1.0,12,3,2,1,0,0,0.0,-1.0,0.866025,0.5,0,0,0,1,0,0,0,0,0,0,0,219.44,4.8442,0,0,0,219.44
428.64,27.4,4.6,1.0,18,3,2,1,0,0,-1.0,-0.0,0.866025,0.5,1,0,0,0,0,0,0,0,0,0,0,428.64,15.6438,1,0,0,428.64
510.3,19.1,3.9,1.0,0,4,2,1,0,0,0.0,1.0,0.866025,0.5,1,0,0,0,1,0,0,0,1,0,0,510.3,26.7173,0,1,0,510.3
698.83,2.1,4.6,1.0,6,4,2,1,0,0,1.0,0.0,0.866025,0.5,0,0,0,0,0,1,0,0,0,0,0,698.83,332.7762,0,0,0,698.83
282.14,26.1,4.3,1.0,12,4,2,1,0,0,0.0,-1.0,0.866025,0.5,0,1,0,0,0,0,0,0,0,0,0,282.14,10.81,0,0,0,282.14
447.86,4.0,4.7,1.0,18,4,2,1,0,0,-1.0,-0.0,0.866025,0.5,0,0,0,1,0,0,0,0,0,0,0,447.86,111.965,1,0,0,447.86
570.32,34.0,3.7,2.0,0,5,2,1,1,0,0.0,1.0,0.866025,0.5,0,0,1,0,0,1,0,0,0,0,0,1140.64,16.7741,0,1,1,285.16
564.04,6.3,4.4,1.2,6,5,2,1,1,0,1.0,0.0,0.866025,0.5,0,1,0,0,1,0,0,0,0,0,1,676.85,89.5302,0,0,0,470.0333333333333
921.19,11.9,4.5,1.5,12,5,2,1,1,0,0.0,-1.0,0.866025,0.5,0,0,1,0,1,0,0,0,0,0,0,1381.78,77.4109,0,0,0,614.1266666666667
377.69,9.5,4.4,1.0,18,5,2,1,1,0,-1.0,-0.0,0.866025,0.5,0,0,0,0,0,0,1,0,1,0,0,377.69,39.7568,1,0,0,377.69
269.12,43.1,4.4,1.2,0,6,2,1,1,0,0.0,1.0,0.866025,0.5,0,0,0,0,1,0,0,0,1,0,0,322.94,6.2441,0,1,0,224.26666666666668
462.86,3.0,4.9,1.0,6,6,2,1,1,0,1.0,0.0,0.866025,0.5,1,0,0,0,0,0,0,0,0,0,1,462.86,154.2867,0,0,0,462.86
387.99,18.3,3.5,1.0,12,6,2,1,1,0,0.0,-1.0,0.866025,0.5,0,0,0,1,0,1,0,1,0,0,0,387.99,21.2016,0,0,0,387.99
352.97,3.4,4.4,1.0,18,6,2,1,1,0,-1.0,-0.0,0.866025,0.5,0,0,1,0,0,1,0,0,1,0,0,352.97,103.8147,1,0,0,352.97
328.21,26.8,3.7,1.0,0,0,2,1,0,0,0.0,1.0,0.866025,0.5,0,1,0,0,0,0,0,0,1,0,0,328.21,12.2466,0,1,0,328.21
511.32,51.8,4.7,1.0,6,0,2,1,0,0,1.0,0.0,0.866025,0.5,0,0,0,0,1,0,0,1,0,0,0,511.32,9.871,0,0,0,511.32
304.13,12.5,3.9,2.0,12,0,2,1,0,0,0.0,-1.0,0.866025,0.5,1,0,0,0,0,0,0,0,0,0,0,608.26,24.3304,0,0,1,152.065
627.6,14.7,3.1,1.0,18,0,2,1,0,0,-1.0,-0.0,0.866025,0.5,1,0,0,0,0,0,1,0,0,0,0,627.6,42.6939,1,0,0,627.6
613.17,57.7,4.7,1.0,0,1,2,1,0,0,0.0,1.0,0.866025,0.5,0,0,1,0,0,1,0,0,0,0,0,613.17,10.6269,0,1,0,613.17
534.32,16.2,4.2,1.0,6,1,2,1,0,0,1.0,0.0,0.866025,0.5,0,0,0,0,0,1,0,1,0,0,0,534.32,32.9827,0,0,0,534.32
248.77,14.7,4.5,1.0,12,1,2,1,0,0,0.0,-1.0,0.866025,0.5,0,0,0,1,0,1,0,1,0,0,0,248.77,16.9231,0,0,0,248.77
499.87,19.0,5.0,1.0,18,1,2,1,0,0,-1.0,-0.0,0.866025,0.5,0,0,0,0,1,0,0,0,0,0,0,499.87,26.3089,1,0,0,499.87
721.46,25.7,4.5,1.0,0,2,2,1,0,0,0.0,1.0,0.866025,0.5,0,0,1,0,0,1,0,0,1,0,0,721.46,28.0724,0,1,0,721.46
649.63,2.5,4.4,1.2,6,2,2,1,0,0,1.0,0.0,0.866025,0.5,0,0,1,0,0,1,0,0,0,0,0,779.56,259.852,0,0,0,541.3583333333333
605.64,37.9,4.3,1.0,12,2,2,1,0,0,0.0,-1.0,0.866025,0.5,0,0,0,0,0,0,0,0,0,0,0,605.64,15.9799,0,0,0,605.64
444.47,12.6,3.7,1.0,18,2,2,1,0,0,-1.0,-0.0,0.866025,0.5,0,0,1,0,0,1,0,0,0,0,1,444.47,35.2754,1,0,0,444.47
434.46,1.7,4.2,1.2,0,3,2,1,0,0,0.0,1.0,0.866025,0.5,0,0,0,0,0,0,0,0,0,0,0,521.35,255.5647,0,1,0,362.05
778.17,33.9,5.0,1.5,6,3,2,1,0,0,1.0,0.0,0.866025,0.5,0,1,0,0,1,0,0,0,0,0,0,1167.25,22.9549,0,0,0,518.78
507.29,10.4,4.1,1.5,12,3,2,1,0,0,0.0,-1.0,0.866025,0.5,0,0,0,0,0,1,0,0,1,0,0,760.94,48.7779,0,0,0,338.1933333333333
510.45,2.3,4.2,1.2,18,3,2,1,0,0,-1.0,-0.0,0.866025,0.5,0,0,0,0,0,1,0,0,1,0,0,612.54,221.9348,1,0,0,425.375
1425.3,22.1,4.9,1.0,0,4,2,1,0,0,0.0,1.0,0.866025,0.5,0,0,1,0,0,0,0,0,0,0,0,1425.3,64.4932,0,1,0,1425.3
373.45,46.7,3.5,1.0,6,4,2,1,0,0,1.0,0.0,0.866025,0.5,0,0,1,0,0,0,0,0,1,0,0,373.45,7.9968,0,0,0,373.45
113.26,48.1,4.6,1.2,12,4,2,1,0,0,0.0,-1.0,0.866025,0.5,1,0,0,0,1,0,0,0,0,0,0,135.91,2.3547,0,0,0,94.38333333333334
402.03,69.6,3.5,1.5,18,4,2,1,0,0,-1.0,-0.0,0.866025,0.5,1,0,0,0,0,0,0,0,0,0,0,603.04,5.7763,1,0,0,268.02
414.18,44.5,4.5,1.0,0,5,2,1,1,0,0.0,1.0,0.866025,0.5,0,1,0,0,0,0,0,0,0,0,0,414.18,9.3074,0,1,0,414.18
503.56,0.0,4.3,1.0,6,5,2,1,1,0,1.0,0.0,0.866025,0.5,1,0,0,0,0,0,0,0,1,0,0,503.56,0.0,0,0,0,503.56
561.44,10.5,4.6,1.2,12,5,2,1,1,0,0.0,-1.0,0.866025,0.5,0,0,0,0,0,0,1,0,0,0,0,673.73,53.4705,0,0,0,467.86666666666673
126.88,37.5,3.8,1.0,18,5,2,1,1,0,-1.0,-0.0,0.866025,0.5,0,0,1,0,1,0,0,0,0,0,1,126.88,3.3835,1,0,0,126.88
567.09,10.0,4.0,1.0,0,6,2,1,1,0,0.0,1.0,0.866025,0.5,1,0,0,0,0,0,0,1,0,0,0,567.09,56.709,0,1,0,567.09
426.94,20.2,4.6,1.0,6,6,2,1,1,0,1.0,0.0,0.866025,0.5,1,0,0,0,0,0,0,0,0,0,1,426.94,21.1356,0,0,0,426.94
382.34,20.5,4.0,1.2,12,6,2,1,1,0,0.0,-1.0,0.866025,0.5,0,1,0,0,0,0,0,0,0,0,0,458.81,18.6507,0,0,0,318.6166666666667
165.73,10.0,4.7,2.0,18,6,2,1,1,0,-1.0,-0.0,0.866025,0.5,0,1,0,0,1,0,0,0,0,0,1,331.46,16.573,1,0,1,82.865
856.21,51.7,4.4,1.0,0,0,2,1,0,0,0.0,1.0,0.866025,0.5,0,0,0,0,0,1,0,0,0,0,0,856.21,16.5611,0,1,0,856.21
350.49,15.4,4.1,1.0,6,0,2,1,0,0,1.0,0.0,0.866025,0.5,0,0,1,0,0,0,0,0,0,0,0,350.49,22.7591,0,0,0,350.49
609.59,13.8,4.1,1.0,12,0,2,1,0,0,0.0,-1.0,0.866025,0.5,0,1,0,0,0,0,0,0,0,0,0,609.59,44.1732,0,0,0,609.59
279.91,131.9,4.3,1.0,18,0,2,1,0,0,-1.0,-0.0,0.866025,0.5,1,0,0,0,0,0,0,0,0,0,0,279.91,2.1221,1,0,0,279.91
514.47,15.0,4.2,1.0,0,1,2,1,0,0,0.0,1.0,0.866025,0.5,0,0,1,0,0,1,0,0,1,0,0,514.47,34.298,0,1,0,514.47
385.49,4.3,4.7,1.0,6,1,2,1,0,0,1.0,0.0,0.866025,0.5,0,0,1,0,1,0,0,0,0,0,0,385.49,89.6488,0,0,0,385.49
600.54,15.8,4.1,1.0,12,1,2,1,0,0,0.0,-1.0,0.866025,0.5,1,0,0,0,0,0,0,0,0,0,0,600.54,38.0089,0,0,0,600.54
378.85,37.0,4.0,1.2,18,1,2,1,0,0,-1.0,-0.0,0.866025,0.5,0,1,0,0,0,0,0,0,1,0,0,454.62,10.2392,1,0,0,315.70833333333337
272.88,33.0,4.8,1.2,0,2,3,1,0,0,0.0,1.0,1.0,0.0,1,0,0,0,0,0,0,0,0,0,0,327.46,8.2691,0,1,0,227.4
436.77,34.2,4.1,1.0,6,2,3,1,0,0,1.0,0.0,1.0,0.0,0,0,1,0,0,0,1,0,1,0,0,436.77,12.7711,0,0,0,436.77
425.76,27.1,4.0,1.0,12,2,3,1,0,0,0.0,-1.0,1.0,0.0,0,0,0,1,0,0,0,0,0,0,0,425.76,15.7107,0,0,0,425.76
497.79,6.5,3.1,2.0,18,2,3,1,0,0,-1.0,-0.0,1.0,0.0,0,0,0,1,1,0,0,1,0,0,0,995.58,76.5831,1,0,1,248.895
688.15,43.6,3.8,1.0,0,3,3,1,0,0,0.0,1.0,1.0,0.0,0,0,0,0,0,1,0,1,0,0,0,688.15,15.7833,0,1,0,688.15
240.05,49.3,3.9,1.2,6,3,3,1,0,0,1.0,0.0,1.0,0.0,1,0,0,0,0,0,0,0,0,0,0,288.06,4.8692,0,0,0,200.04166666666669
671.34,4.7,4.0,1.0,12,3,3,1,0,0,0.0,-1.0,1.0,0.0,1,0,0,0,0,0,0,0,0,0,0,671.34,142.8383,0,0,0,671.34
219.82,3.1,3.9,1.2,18,3,3,1,0,0,-1.0,-0.0,1.0,0.0,0,0,0,0,0,0,0,0,0,0,0,263.78,70.9097,1,0,0,183.18333333333334
589.37,81.7,4.8,1.2,0,4,3,1,0,0,0.0,1.0,1.0,0.0,0,0,0,0,0,1,0,1,0,0,0,707.24,7.2138,0,1,0,491.1416666666667
598.32,44.6,3.9,1.2,6,4,3,1,0,0,1.0,0.0,1.0,0.0,0,0,0,0,1,0,0,0,0,0,0,717.98,13.4152,0,0,0,498.6000000000001
340.89,49.2,3.9,1.5,12,4,3,1,0,0,0.0,-1.0,1.0,0.0,0,0,1,0,0,1,0,0,0,0,0,511.34,6.9287,0,0,0,227.26
287.66,47.8,4.4,2.0,18,4,3,1,0,0,-1.0,-0.0,1.0,0.0,1,0,0,0,0,1,0,0,0,0,0,575.32,6.018,1,0,1,143.83
279.5,17.2,3.7,1.0,0,5,3,1,1,0,0.0,1.0,1.0,0.0,0,0,1,0,0,0,0,0,0,0,0,279.5,16.25,0,1,0,279.5
457.62,22.9,5.0,1.0,6,5,3,1,1,0,1.0,0.0,1.0,0.0,0,0,0,0,0,0,1,0,0,0,0,457.62,19.9834,0,0,0,457.62
617.09,17.3,4.7,1.0,12,5,3,1,1,0,0.0,-1.0,1.0,0.0,1,0,0,0,1,0,0,1,0,0,0,617.09,35.6699,0,0,0,617.09
408.25,1.2,3.7,1.2,18,5,3,1,1,0,-1.0,-0.0,1.0,0.0,0,0,1,0,0,0,0,0,0,0,0,489.9,340.2083,1,0,0,340.20833333333337
105.28,30.1,4.8,1.2,0,6,3,1,1,0,0.0,1.0,1.0,0.0,0,0,1,0,0,0,1,0,0,0,0,126.34,3.4977,0,1,0,87.73333333333333
329.21,15.5,4.9,1.0,6,6,3,1,1,0,1.0,0.0,1.0,0.0,0,0,0,0,0,1,0,1,0,0,0,329.21,21.2394,0,0,0,329.21
323.11,23.0,3.7,1.0,12,6,3,1,1,0,0.0,-1.0,1.0,0.0,1,0,0,0,0,1,0,1,0,0,0,323.11,14.0483,0,0,0,323.11
559.6,15.4,3.7,1.2,18,6,3,1,1,0,-1.0,-0.0,1.0,0.0,0,0,0,0,1,0,0,0,0,0,0,671.52,36.3377,1,0,0,466.33333333333337
573.65,14.9,4.0,1.0,0,0,3,1,0,0,0.0,1.0,1.0,0.0,1,0,0,0,1,0,0,0,0,0,0,573.65,38.5,0,1,0,573.65
475.1,4.1,3.6,1.0,6,0,3,1,0,0,1.0,0.0,1.0,0.0,0,0,0,1,0,1,0,0,0,0,0,475.1,115.878,0,0,0,475.1
671.94,7.2,3.9,1.2,12,0,3,1,0,0,0.0,-1.0,1.0,0.0,0,1,0,0,0,0,0,0,0,0,1,806.33,93.325,0,0,0,559.95
696.01,3.8,4.1,1.0,18,0,3,1,0,0,-1.0,-0.0,1.0,0.0,0,1,0,0,0,0,0,0,0,0,0,696.01,183.1605,1,0,0,696.01
339.48,4.8,4.6,1.0,0,1,3,1,0,0,0.0,1.0,1.0,0.0,0,1,0,0,0,0,1,0,0,0,1,339.48,70.725,0,1,0,339.48
276.16,79.4,4.3,1.0,6,1,3,1,0,0,1.0,0.0,1.0,0.0,0,0,0,0,0,0,0,0,1,0,0,276.16,3.4781,0,0,0,276.16
422.8,3.7,4.2,1.0,12,1,3,1,0,0,0.0,-1.0,1.0,0.0,0,0,0,1,0,0,0,0,0,0,0,422.8,114.2703,0,0,0,422.8
474.63,6.9,4.1,1.0,18,1,3,1,0,0,-1.0,-0.0,1.0,0.0,1,0,0,0,0,1,0,0,0,0,0,474.63,68.787,1,0,0,474.63
330.6,19.6,3.6,1.0,0,2,3,1,0,0,0.0,1.0,1.0,0.0,0,0,1,0,0,1,0,0,0,0,0,330.6,16.8673,0,1,0,330.6
1593.3,20.7,4.6,1.0,6,2,3,1,0,0,1.0,0.0,1.0,0.0,1,0,0,0,0,1,0,0,0,0,0,1593.3,76.971,0,0,0,1593.3
832.37,3.7,4.6,1.0,12,2,3,1,0,0,0.0,-1.0,1.0,0.0,0,0,1,0,0,0,1,0,0,1,0,832.37,224.9649,0,0,0,832.37
314.56,34.7,4.0,1.0,18,2,3,1,0,0,-1.0,-0.0,1.0,0.0,1,0,0,0,0,0,0,0,1,0,0,314.56,9.0651,1,0,0,314.56
245.63,33.8,3.7,1.0,0,3,3,1,0,0,0.0,1.0,1.0,0.0,0,0,0,1,0,0,0,0,0,0,1,245.63,7.2672,0,1,0,245.63
301.27,6.0,5.0,2.0,6,3,3,1,0,0,1.0,0.0,1.0,0.0,0,0,1,0,0,0,0,0,1,0,0,602.54,50.2117,0,0,1,150.635
701.96,7.5,4.3,1.0,12,3,3,1,0,0,0.0,-1.0,1.0,0.0,0,0,0,0,1,0,0,0,1,0,0,701.96,93.5947,0,0,0,701.96
710.14,61.2,4.5,1.5,18,3,3,1,0,0,-1.0,-0.0,1.0,0.0,1,0,0,0,0,1,0,0,0,0,0,1065.21,11.6036,1,0,0,473.4266666666667
837.23,38.4,4.5,1.5,0,4,3,1,0,0,0.0,1.0,1.0,0.0,1,0,0,0,0,0,0,0,0,0,0,1255.84,21.8029,0,1,0,558.1533333333333
271.76,26.3,3.7,1.0,6,4,3,1,0,0,1.0,0.0,1.0,0.0,0,0,1,0,1,0,0,0,0,0,0,271.76,10.3331,0,0,0,271.76
558.52,1.9,5.0,1.2,12,4,3,1,0,0,0.0,-1.0,1.0,0.0,0,0,0,0,1,0,0,0,1,0,0,670.22,293.9579,0,0,0,465.43333333333334
285.42,11.9,4.1,1.0,18,4,3,1,0,0,-1.0,-0.0,1.0,0.0,0,0,0,0,1,0,0,0,0,0,1,285.42,23.9849,1,0,0,285.42
923.14,18.0,4.7,1.2,0,5,3,1,1,0,0.0,1.0,1.0,0.0,0,0,0,1,0,0,1,0,1,0,0,1107.77,51.2856,0,1,0,769.2833333333333
276.84,4.6,5.0,1.0,6,5,3,1,1,0,1.0,0.0,1.0,0.0,0,0,0,0,0,0,0,0,0,0,0,276.84,60.1826,0,0,0,276.84
215.09,13.1,4.3,1.5,12,5,3,1,1,0,0.0,-1.0,1.0,0.0,0,0,0,0,1,0,0,0,0,0,0,322.64,16.4191,0,0,0,143.39333333333335
237.97,20.2,3.7,1.0,18,5,3,1,1,0,-1.0,-0.0,1.0,0.0,0,0,0,0,0,1,0,0,1,0,0,237.97,11.7807,1,0,0,237.97
437.74,8.7,3.1,1.2,0,6,3,1,1,0,0.0,1.0,1.0,0.0,0,1,0,0,1,0,0,0,0,0,0,525.29,50.3149,0,1,0,364.78333333333336
612.87,33.4,4.3,1.0,6,6,3,1,1,0,1.0,0.0,1.0,0.0,0,0,0,1,1,0,0,1,0,0,0,612.87,18.3494,0,0,0,612.87
593.83,40.4,4.4,1.5,12,6,3,1,1,0,0.0,-1.0,1.0,0.0,1,0,0,0,1,0,0,1,0,0,0,890.75,14.6988,0,0,0,395.8866666666667
243.63,8.6,4.0,1.0,18,6,3,1,1,0,-1.0,-0.0,1.0,0.0,0,0,1,0,0,1,0,0,1,0,0,243.63,28.3291,1,0,0,243.63
359.68,40.1,4.4,1.2,0,0,3,1,0,0,0.0,1.0,1.0,0.0,1,0,0,0,0,0,0,0,0,0,0,431.62,8.9696,0,1,0,299.73333333333335
335.48,2.4,4.5,1.0,6,0,3,1,0,0,1.0,0.0,1.0,0.0,0,0,0,1,0,1,0,0,0,0,0,335.48,139.7833,0,0,0,335.48
224.61,40.0,4.8,1.0,12,0,3,1,0,0,0.0,-1.0,1.0,0.0,0,0,1,0,0,0,1,0,0,0,0,224.61,5.6153,0,0,0,224.61
331.33,3.6,4.2,1.2,18,0,3,1,0,0,-1.0,-0.0,1.0,0.0,0,0,0,1,0,0,1,0,0,0,0,397.6,92.0361,1,0,0,276.10833333333335
820.18,1.9,4.3,2.0,0,1,3,1,0,0,0.0,1.0,1.0,0.0,0,0,0,0,0,0,0,0,0,0,0,1640.36,431.6737,0,1,1,410.09
207.67,22.6,4.2,1.0,6,1,3,1,0,0,1.0,0.0,1.0,0.0,0,0,1,0,0,0,0,0,1,0,0,207.67,9.1889,0,0,0,207.67
490.38,14.0,4.3,1.5,12,1,3,1,0,0,0.0,-1.0,1.0,0.0,0,0,0,0,0,0,0,0,1,0,0,735.57,35.0271,0,0,0,326.92
829.21,52.5,4.0,1.2,18,1,3,1,0,0,-1.0,-0.0,1.0,0.0,1,0,0,0,1,0,0,0,0,0,0,995.05,15.7945,1,0,0,691.0083333333334
808.91,9.9,4.0,1.5,0,2,3,1,0,0,0.0,1.0,1.0,0.0,1,0,0,0,1,0,0,0,0,0,0,1213.36,81.7081,0,1,0,539.2733333333333
943.71,7.4,4.1,1.0,6,2,3,1,0,0,1.0,0.0,1.0,0.0,0,0,1,0,0,0,0,0,0,0,0,943.71,127.5284,0,0,0,943.71
513.93,15.3,4.4,1.0,12,2,3,1,0,0,0.0,-1.0,1.0,0.0,0,0,1,0,0,1,0,0,0,0,0,513.93,33.5902,0,0,0,513.93
551.02,13.4,3.9,1.5,18,2,3,1,0,0,-1.0,-0.0,1.0,0.0,0,0,0,1,1,0,0,1,0,0,0,826.53,41.1209,1,0,0,367.34666666666664
334.58,9.3,4.1,1.0,0,3,3,1,0,0,0.0,1.0,1.0,0.0,0,0,0,1,1,0,0,0,0,0,0,334.58,35.9763,0,1,0,334.58
205.08,26.0,5.0,1.0,6,3,3,1,0,0,1.0,0.0,1.0,0.0,0,0,0,0,0,1,0,0,0,0,0,205.08,7.8877,0,0,0,205.08
407.9,31.4,4.7,1.0,12,3,3,1,0,0,0.0,-1.0,1.0,0.0,0,0,1,0,0,1,0,0,0,0,0,407.9,12.9904,0,0,0,407.9
743.12,42.2,3.8,1.0,18,3,3,1,0,0,-1.0,-0.0,1.0,0.0,1,0,0,0,0,1,0,1,0,0,0,743.12,17.6095,1,0,0,743.12
104.13,79.3,4.7,1.2,0,4,3,1,0,0,0.0,1.0,1.0,0.0,0,0,0,1,0,0,0,0,1,0,0,124.96,1.3131,0,1,0,86.775
342.58,6.8,4.6,1.2,6,4,3,1,0,0,1.0,0.0,1.0,0.0,0,0,0,1,0,1,0,0,0,0,0,411.1,50.3794,0,0,0,285.48333333333335
577.05,27.7,4.2,1.0,12,4,3,1,0,0,0.0,-1.0,1.0,0.0,1,0,0,0,0,1,0,0,0,0,0,577.05,20.8321,0,0,0,577.05
440.72,11.0,3.9,1.0,18,4,3,1,0,0,-1.0,-0.0,1.0,0.0,0,0,0,1,1,0,0,0,1,0,0,440.72,40.0655,1,0,0,440.72
787.46,24.9,3.9,1.0,0,5,3,1,1,0,0.0,1.0,1.0,0.0,0,0,0,0,0,1,0,0,0,0,1,787.46,31.6249,0,1,0,787.46
706.63,14.2,4.4,1.0,6,5,3,1,1,0,1.0,0.0,1.0,0.0,0,0,1,0,1,0,0,0,0,0,0,706.63,49.7627,0,0,0,706.63
190.33,111.7,3.9,1.0,12,5,3,1,1,0,0.0,-1.0,1.0,0.0,1,0,0,0,0,0,0,1,0,0,0,190.33,1.7039,0,0,0,190.33
459.31,28.7,4.8,1.5,18,5,3,1,1,0,-1.0,-0.0,1.0,0.0,0,0,1,0,0,1,0,0,0,0,1,688.96,16.0038,1,0,0,306.20666666666665
292.99,67.0,5.0,1.2,0,6,3,1,1,0,0.0,1.0,1.0,0.0,0,0,0,1,0,0,0,0,0,0,1,351.59,4.373,0,1,0,244.15833333333336
290.96,39.6,4.3,1.0,6,6,3,1,1,0,1.0,0.0,1.0,0.0,0,0,0,1,0,0,0,0,1,0,0,290.96,7.3475,0,0,0,290.96
199.06,51.3,4.9,1.5,12,6,3,1,1,0,0.0,-1.0,1.0,0.0,1,0,0,0,1,0,0,0,1,0,0,298.59,3.8803,0,0,0,132.70666666666668
497.54,37.1,4.1,1.0,18,6,3,1,1,0,-1.0,-0.0,1.0,0.0,0,0,0,0,0,0,1,0,0,0,0,497.54,13.4108,1,0,0,497.54
795.33,13.5,3.9,1.2,0,0,3,1,0,0,0.0,1.0,1.0,0.0,0,1,0,0,0,0,0,0,1,0,0,954.4,58.9133,0,1,0,662.7750000000001
519.46,6.4,4.9,1.0,6,0,3,1,0,0,1.0,0.0,1.0,0.0,1,0,0,0,0,1,0,0,0,0,0,519.46,81.1656,0,0,0,519.46
191.75,10.2,5.0,1.2,12,0,3,1,0,0,0.0,-1.0,1.0,0.0,0,1,0,0,1,0,0,0,1,0,0,230.1,18.799,0,0,0,159.79166666666669
428.27,0.4,5.0,1.0,18,0,3,1,0,0,-1.0,-0.0,1.0,0.0,0,1,0,0,0,0,0,0,0,0,0,428.27,1070.675,1,0,0,428.27
566.02,16.3,4.5,1.0,0,1,3,1,0,0,0.0,1.0,1.0,0.0,0,0,0,0,0,1,0,0,1,0,0,566.02,34.7252,0,1,0,566.02
412.26,15.5,4.7,1.0,6,1,3,1,0,0,1.0,0.0,1.0,0.0,0,1,0,0,1,0,0,1,0,0,0,412.26,26.5974,0,0,0,412.26
514.9,16.4,4.5,1.0,12,1,3,1,0,0,0.0,-1.0,1.0,0.0,0,1,0,0,0,1,0,0,0,0,0,514.9,31.3963,0,0,0,514.9
305.88,80.3,4.3,1.0,18,1,3,1,0,0,-1.0,-0.0,1.0,0.0,0,0,0,0,0,0,0,1,0,0,0,305.88,3.8092,1,0,0,305.88
388.03,53.3,4.5,1.0,0,2,3,1,0,0,0.0,1.0,1.0,0.0,0,1,0,0,0,0,0,0,0,0,0,388.03,7.2801,0,1,0,388.03
375.75,3.9,4.7,1.0,6,2,3,1,0,0,1.0,0.0,1.0,0.0,0,1,0,0,1,0,0,1,0,0,0,375.75,96.3462,0,0,0,375.75
865.35,10.1,3.7,1.2,12,2,3,1,0,0,0.0,-1.0,1.0,0.0,0,1,0,0,0,1,0,0,0,0,0,1038.42,85.6782,0,0,0,721.125
246.57,12.1,4.2,1.0,18,2,3,1,0,0,-1.0,-0.0,1.0,0.0,1,0,0,0,0,0,0,0,0,0,0,246.57,20.3777,1,0,0,246.57
113.67,9.8,4.7,1.2,0,3,3,1,0,1,0.0,1.0,1.0,0.0,1,0,0,0,1,0,0,0,0,0,1,136.4,11.599,0,1,0,94.72500000000001
838.83,35.2,4.7,1.0,6,3,3,1,0,1,1.0,0.0,1.0,0.0,1,0,0,0,0,0,0,0,0,0,0,838.83,23.8304,0,0,0,838.83
467.15,16.3,4.7,2.0,12,3,3,1,0,1,0.0,-1.0,1.0,0.0,0,0,0,0,1,0,0,1,0,0,0,934.3,28.6595,0,0,1,233.575
218.14,18.7,4.4,2.0,18,3,3,1,0,1,-1.0,-0.0,1.0,0.0,0,0,0,1,0,0,0,0,0,0,0,436.28,11.6652,1,0,1,109.07
676.93,42.2,4.0,1.0,0,4,3,1,0,0,0.0,1.0,1.0,0.0,0,1,0,0,0,0,1,0,0,0,0,676.93,16.041,0,1,0,676.93
582.97,36.1,4.3,1.2,6,4,3,1,0,0,1.0,0.0,1.0,0.0,0,1,0,0,0,0,0,0,0,0,0,699.56,16.1488,0,0,0,485.8083333333334
933.07,3.1,4.3,1.0,12,4,3,1,0,0,0.0,-1.0,1.0,0.0,0,0,0,0,0,0,0,0,1,0,0,933.07,300.9903,0,0,0,933.07
485.76,27.5,4.4,2.0,18,4,3,1,0,0,-1.0,-0.0,1.0,0.0,0,1,0,0,0,0,0,0,0,0,0,971.52,17.664,1,0,1,242.88
1250.32,12.6,3.8,1.0,0,5,3,1,1,0,0.0,1.0,1.0,0.0,1,0,0,0,0,0,0,0,0,0,0,1250.32,99.2317,0,1,0,1250.32
414.14,7.7,4.2,1.0,6,5,3,1,1,0,1.0,0.0,1.0,0.0,0,0,0,1,1,0,0,0,0,0,0,414.14,53.7844,0,0,0,414.14
583.51,1.1,4.3,1.0,12,5,3,1,1,0,0.0,-1.0,1.0,0.0,0,0,1,0,0,0,1,0,0,0,0,583.51,530.4636,0,0,0,583.51
624.55,14.7,3.2,1.0,18,5,3,1,1,0,-1.0,-0.0,1.0,0.0,0,1,0,0,0,0,0,0,0,0,1,624.55,42.4864,1,0,0,624.55
1612.91,9.7,4.7,1.0,0,6,3,1,1,0,0.0,1.0,1.0,0.0,1,0,0,0,0,1,0,0,0,0,1,1612.91,166.2794,0,1,0,1612.91
349.63,6.4,4.4,1.2,6,6,3,1,1,0,1.0,0.0,1.0,0.0,0,0,1,0,1,0,0,0,0,0,0,419.56,54.6297,0,0,0,291.35833333333335
343.82,26.1,4.4,1.0,12,6,3,1,1,0,0.0,-1.0,1.0,0.0,0,0,0,1,1,0,0,0,1,0,0,343.82,13.1732,0,0,0,343.82
630.79,32.3,4.0,1.0,18,6,3,1,1,0,-1.0,-0.0,1.0,0.0,0,0,1,0,0,1,0,0,0,0,0,630.79,19.5291,1,0,0,630.79
207.35,6.2,4.6,1.0,0,0,3,1,0,0,0.0,1.0,1.0,0.0,1,0,0,0,0,0,0,0,1,0,0,207.35,33.4435,0,1,0,207.35
291.93,1.1,3.9,1.0,6,0,3,1,0,0,1.0,0.0,1.0,0.0,0,0,1,0,0,1,0,1,0,0,0,291.93,265.3909,0,0,0,291.93
408.27,41.6,4.0,1.0,12,0,3,1,0,0,0.0,-1.0,1.0,0.0,0,0,0,0,0,1,0,0,0,0,1,408.27,9.8142,0,0,0,408.27
918.93,0.2,4.6,1.5,18,0,3,1,0,0,-1.0,-0.0,1.0,0.0,0,0,1,0,0,0,0,0,0,0,0,1378.4,4594.65,1,0,0,612.62
631.0,60.9,4.5,1.0,0,1,3,1,0,0,0.0,1.0,1.0,0.0,0,1,0,0,0,1,0,0,1,0,0,631.0,10.3612,0,1,0,631.0
457.84,21.7,3.7,1.0,6,1,3,1,0,0,1.0,0.0,1.0,0.0,0,1,0,0,0,0,0,0,0,0,0,457.84,21.0986,0,0,0,457.84
332.57,8.5,5.0,1.0,12,1,3,1,0,0,0.0,-1.0,1.0,0.0,0,0,0,0,1,0,0,0,0,0,1,332.57,39.1259,0,0,0,332.57
1095.84,6.2,3.9,1.0,18,1,3,1,0,0,-1.0,-0.0,1.0,0.0,1,0,0,0,0,0,0,0,0,0,0,1095.84,176.7484,1,0,0,1095.84
426.83,0.2,4.2,1.2,0,2,3,1,0,0,0.0,1.0,1.0,0.0,0,1,0,0,0,1,0,0,1,0,0,512.2,2134.15,0,1,0,355.69166666666666
291.78,5.9,5.0,1.0,6,2,3,1,0,0,1.0,0.0,1.0,0.0,0,0,0,1,0,1,0,0,1,0,0,291.78,49.4542,0,0,0,291.78
1198.04,3.3,3.3,1.0,12,2,3,1,0,0,0.0,-1.0,1.0,0.0,0,1,0,0,0,1,0,0,1,0,0,1198.04,363.0424,0,0,0,1198.04
212.92,20.8,3.4,1.0,18,2,3,1,0,0,-1.0,-0.0,1.0,0.0,0,1,0,0,0,0,0,0,0,0,0,212.92,10.2365,1,0,0,212.92
807.3,4.0,4.5,1.0,0,3,3,1,0,0,0.0,1.0,1.0,0.0,1,0,0,0,0,1,0,0,0,0,1,807.3,201.825,0,1,0,807.3
443.34,16.5,3.1,1.0,6,3,3,1,0,0,1.0,0.0,1.0,0.0,0,0,1,0,0,1,0,0,0,0,0,443.34,26.8691,0,0,0,443.34
630.25,19.6,3.3,1.0,12,3,3,1,0,0,0.0,-1.0,1.0,0.0,0,1,0,0,0,1,0,0,1,0,0,630.25,32.1556,0,0,0,630.25
575.68,7.8,4.9,1.2,18,3,3,1,0,0,-1.0,-0.0,1.0,0.0,0,0,0,0,0,1,0,0,0,0,0,690.82,73.8051,1,0,0,479.7333333333333
625.81,0.8,4.1,1.0,0,4,3,1,0,0,0.0,1.0,1.0,0.0,0,0,1,0,0,1,0,0,0,0,0,625.81,782.2625,0,1,0,625.81
1251.36,0.8,5.0,1.0,6,4,3,1,0,0,1.0,0.0,1.0,0.0,0,0,0,1,1,0,0,0,0,0,0,1251.36,1564.2,0,0,0,1251.36
1157.3,0.6,3.8,1.0,12,4,3,1,0,0,0.0,-1.0,1.0,0.0,1,0,0,0,0,0,0,0,0,0,0,1157.3,1928.8333,0,0,0,1157.3
300.32,29.6,4.1,1.0,18,4,3,1,0,0,-1.0,-0.0,1.0,0.0,0,0,0,1,1,0,0,0,0,0,0,300.32,10.1459,1,0,0,300.32
564.94,8.4,4.6,1.0,0,5,4,2,1,0,0.0,1.0,0.866025,-0.5,0,0,1,0,0,1,0,0,0,0,0,564.94,67.2548,0,1,0,564.94
154.45,35.0,4.5,1.5,6,5,4,2,1,0,1.0,0.0,0.866025,-0.5,0,0,1,0,0,0,0,0,0,0,0,231.68,4.4129,0,0,0,102.96666666666665
659.02,12.4,4.2,1.5,12,5,4,2,1,0,0.0,-1.0,0.866025,-0.5,0,0,1,0,0,0,0,0,1,0,0,988.53,53.1468,0,0,0,439.34666666666664
734.86,13.3,4.0,1.0,18,5,4,2,1,0,-1.0,-0.0,0.866025,-0.5,0,0,0,1,0,0,0,1,0,0,0,734.86,55.2526,1,0,0,734.86
114.74,15.8,4.4,1.0,0,6,4,2,1,0,0.0,1.0,0.866025,-0.5,0,0,1,0,1,0,0,0,0,0,0,114.74,7.262,0,1,0,114.74
434.96,27.5,5.0,1.0,6,6,4,2,1,0,1.0,0.0,0.866025,-0.5,0,0,0,1,1,0,0,0,0,0,0,434.96,15.8167,0,0,0,434.96
629.69,7.0,4.7,1.0,12,6,4,2,1,0,0.0,-1.0,0.866025,-0.5,0,0,1,0,1,0,0,0,0,0,0,629.69,89.9557,0,0,0,629.69
525.72,2.9,4.0,1.2,18,6,4,2,1,0,-1.0,-0.0,0.866025,-0.5,0,0,0,0,0,1,0,0,0,0,0,630.86,181.2828,1,0,0,438.1
215.47,17.9,3.8,1.2,0,0,4,2,0,0,0.0,1.0,0.866025,-0.5,0,0,1,0,0,1,0,0,1,0,0,258.56,12.0374,0,1,0,179.55833333333334
229.33,8.7,4.0,1.5,6,0,4,2,0,0,1.0,0.0,0.866025,-0.5,0,0,0,1,0,0,0,0,1,0,0,344.0,26.3598,0,0,0,152.88666666666668
408.93,12.9,3.7,1.0,12,0,4,2,0,0,0.0,-1.0,0.866025,-0.5,0,1,0,0,0,0,0,0,0,0,0,408.93,31.7,0,0,0,408.93
349.61,22.9,4.4,1.0,18,0,4,2,0,0,-1.0,-0.0,0.866025,-0.5,0,0,1,0,0,1,0,0,0,0,0,349.61,15.2668,1,0,0,349.61
367.37,15.0,4.7,1.5,0,1,4,2,0,0,0.0,1.0,0.866025,-0.5,0,1,0,0,0,0,0,0,0,0,0,551.06,24.4913,0,1,0,244.91333333333333
198.19,21.3,4.3,1.2,6,1,4,2,0,0,1.0,0.0,0.866025,-0.5,0,0,0,0,0,0,0,1,0,0,0,237.83,9.3047,0,0,0,165.15833333333333
447.25,17.3,5.0,1.5,12,1,4,2,0,0,0.0,-1.0,0.866025,-0.5,1,0,0,0,0,1,0,0,0,0,1,670.88,25.8526,0,0,0,298.1666666666667
922.41,29.6,5.0,1.0,18,1,4,2,0,0,-1.0,-0.0,0.866025,-0.5,0,0,0,0,1,0,0,0,0,0,0,922.41,31.1625,1,0,0,922.41
220.9,26.9,4.5,1.0,0,2,4,2,0,0,0.0,1.0,0.866025,-0.5,0,0,1,0,0,0,1,0,0,0,0,220.9,8.2119,0,1,0,220.9
391.43,16.8,4.7,1.0,6,2,4,2,0,0,1.0,0.0,0.866025,-0.5,0,1,0,0,0,0,1,1,0,0,0,391.43,23.2994,0,0,0,391.43
595.44,25.0,3.8,1.0,12,2,4,2,0,0,0.0,-1.0,0.866025,-0.5,0,1,0,0,0,1,0,0,0,0,1,595.44,23.8176,0,0,0,595.44
170.64,45.5,4.1,1.0,18,2,4,2,0,0,-1.0,-0.0,0.866025,-0.5,0,0,0,1,0,1,0,0,0,0,0,170.64,3.7503,1,0,0,170.64
449.56,12.5,4.9,1.2,0,3,4,2,0,0,0.0,1.0,0.866025,-0.5,0,1,0,0,0,1,0,0,0,0,0,539.47,35.9648,0,1,0,374.6333333333333
723.94,11.7,4.0,1.0,6,3,4,2,0,0,1.0,0.0,0.866025,-0.5,0,0,0,1,1,0,0,0,0,0,0,723.94,61.8752,0,0,0,723.94
248.9,31.8,5.0,1.0,12,3,4,2,0,0,0.0,-1.0,0.866025,-0.5,1,0,0,0,0,0,0,0,1,0,0,248.9,7.827,0,0,0,248.9
471.98,19.2,4.9,1.2,18,3,4,2,0,0,-1.0,-0.0,0.866025,-0.5,0,0,1,0,0,1,0,0,0,0,0,566.38,24.5823,1,0,0,393.3166666666667
698.35,1.6,4.7,1.0,0,4,4,2,0,0,0.0,1.0,0.866025,-0.5,0,0,0,1,1,0,0,0,0,0,0,698.35,436.4688,0,1,0,698.35
1219.49,49.0,3.7,1.5,6,4,4,2,0,0,1.0,0.0,0.866025,-0.5,1,0,0,0,0,0,0,0,1,0,0,1829.24,24.8876,0,0,0,812.9933333333333
459.71,0.7,4.1,1.0,12,4,4,2,0,0,0.0,-1.0,0.866025,-0.5,0,1,0,0,0,1,0,0,0,0,0,459.71,656.7286,0,0,0,459.71
295.56,30.4,4.6,1.0,18,4,4,2,0,0,-1.0,-0.0,0.866025,-0.5,0,1,0,0,0,1,0,0,0,1,0,295.56,9.7224,1,0,0,295.56
140.22,31.3,3.8,2.0,0,5,4,2,1,0,0.0,1.0,0.866025,-0.5,1,0,0,0,0,0,0,0,0,0,0,280.44,4.4799,0,1,1,70.11
296.93,67.3,4.2,1.5,6,5,4,2,1,0,1.0,0.0,0.866025,-0.5,0,1,0,0,0,0,0,0,0,1,0,445.4,4.412,0,0,0,197.95333333333335
191.39,1.2,4.7,1.0,12,5,4,2,1,0,0.0,-1.0,0.866025,-0.5,1,0,0,0,0,0,0,0,1,0,0,191.39,159.4917,0,0,0,191.39
959.22,20.0,4.0,1.2,18,5,4,2,1,0,-1.0,-0.0,0.866025,-0.5,0,0,0,1,0,0,0,0,0,0,0,1151.06,47.961,1,0,0,799.35
677.57,12.3,3.9,1.0,0,6,4,2,1,0,0.0,1.0,0.866025,-0.5,0,0,0,1,0,0,0,0,0,0,1,677.57,55.087,0,1,0,677.57
229.3,8.8,3.4,1.0,6,6,4,2,1,0,1.0,0.0,0.866025,-0.5,1,0,0,0,1,0,0,0,0,0,0,229.3,26.0568,0,0,0,229.3
286.26,2.1,4.1,1.0,12,6,4,2,1,0,0.0,-1.0,0.866025,-0.5,0,0,0,1,0,0,0,0,0,0,0,286.26,136.3143,0,0,0,286.26
455.83,18.2,4.7,1.0,18,6,4,2,1,0,-1.0,-0.0,0.866025,-0.5,0,0,0,1,0,1,0,0,1,0,0,455.83,25.0456,1,0,0,455.83
721.25,14.3,3.9,1.5,0,0,4,2,0,0,0.0,1.0,0.866025,-0.5,0,0,0,1,0,0,0,0,0,0,0,1081.88,50.4371,0,1,0,480.8333333333333
565.64,2.4,4.3,1.2,6,0,4,2,0,0,1.0,0.0,0.866025,-0.5,0,0,0,0,0,0,1,0,0,0,1,678.77,235.6833,0,0,0,471.3666666666667
538.52,20.9,4.2,2.0,12,0,4,2,0,0,0.0,-1.0,0.866025,-0.5,0,0,1,0,0,0,0,0,0,0,0,1077.04,25.7665,0,0,1,269.26
487.98,29.5,4.0,1.2,18,0,4,2,0,0,-1.0,-0.0,0.866025,-0.5,0,1,0,0,0,1,0,0,0,0,0,585.58,16.5417,1,0,0,406.65000000000003
236.52,32.1,4.7,1.0,0,1,4,2,0,0,0.0,1.0,0.866025,-0.5,0,0,0,0,1,0,0,0,0,0,0,236.52,7.3682,0,1,0,236.52
458.9,51.9,5.0,1.2,6,1,4,2,0,0,1.0,0.0,0.866025,-0.5,0,0,0,1,1,0,0,0,0,0,0,550.68,8.842,0,0,0,382.4166666666667
430.9,11.6,4.8,2.0,12,1,4,2,0,0,0.0,-1.0,0.866025,-0.5,1,0,0,0,0,0,0,1,0,0,0,861.8,37.1466,0,0,1,215.45
189.78,67.3,4.0,1.2,18,1,4,2,0,0,-1.0,-0.0,0.866025,-0.5,0,0,0,1,1,0,0,1,0,0,0,227.74,2.8199,1,0,0,158.15
947.39,44.1,5.0,1.2,0,2,4,2,0,0,0.0,1.0,0.866025,-0.5,0,0,1,0,0,1,0,0,0,0,0,1136.87,21.4828,0,1,0,789.4916666666667
317.98,7.7,4.8,2.0,6,2,4,2,0,0,1.0,0.0,0.866025,-0.5,0,0,0,1,0,1,0,0,0,0,0,635.96,41.2961,0,0,1,158.99
192.9,3.8,4.1,1.0,12,2,4,2,0,0,0.0,-1.0,0.866025,-0.5,1,0,0,0,0,0,0,1,0,0,0,192.9,50.7632,0,0,0,192.9
347.2,12.6,3.9,1.2,18,2,4,2,0,0,-1.0,-0.0,0.866025,-0.5,0,0,1,0,0,0,0,0,0,0,1,416.64,27.5556,1,0,0,289.3333333333333
383.42,11.3,4.9,1.5,0,3,4,2,0,0,0.0,1.0,0.866025,-0.5,0,0,0,1,1,0,0,0,0,0,0,575.13,33.931,0,1,0,255.61333333333334
424.19,18.9,4.4,2.0,6,3,4,2,0,0,1.0,0.0,0.866025,-0.5,0,0,1,0,0,1,0,0,0,0,0,848.38,22.4439,0,0,1,212.095
380.05,19.3,3.9,1.0,12,3,4,2,0,0,0.0,-1.0,0.866025,-0.5,0,1,0,0,0,1,0,0,0,0,0,380.05,19.6917,0,0,0,380.05
436.73,30.5,4.2,1.0,18,3,4,2,0,0,-1.0,-0.0,0.866025,-0.5,0,1,0,0,1,0,0,1,0,0,0,436.73,14.319,1,0,0,436.73
475.28,15.7,4.1,1.2,0,4,4,2,0,0,0.0,1.0,0.866025,-0.5,0,0,0,1,1,0,0,0,0,0,0,570.34,30.2726,0,1,0,396.06666666666666
462.86,2.4,3.9,1.0,6,4,4,2,0,0,1.0,0.0,0.866025,-0.5,0,0,1,0,0,0,0,0,0,0,0,462.86,192.8583,0,0,0,462.86
536.53,43.0,4.8,1.2,12,4,4,2,0,0,0.0,-1.0,0.866025,-0.5,1,0,0,0,0,1,0,0,1,0,0,643.84,12.4774,0,0,0,447.10833333333335
552.67,8.2,4.7,1.0,18,4,4,2,0,0,-1.0,-0.0,0.866025,-0.5,0,0,0,1,0,0,0,0,0,0,0,552.67,67.3988,1,0,0,552.67
559.64,78.1,4.7,1.0,0,5,4,2,1,0,0.0,1.0,0.866025,-0.5,0,1,0,0,1,0,0,0,0,0,0,559.64,7.1657,0,1,0,559.64
629.65,2.8,4.7,1.0,6,5,4,2,1,0,1.0,0.0,0.866025,-0.5,0,1,0,0,0,1,0,0,0,0,0,629.65,224.875,0,0,0,629.65
299.31,69.9,3.8,1.0,12,5,4,2,1,0,0.0,-1.0,0.866025,-0.5,0,0,0,1,0,0,1,0,0,0,0,299.31,4.282,0,0,0,299.31
305.27,2.1,4.0,1.0,18,5,4,2,1,0,-1.0,-0.0,0.866025,-0.5,0,0,1,0,0,0,0,0,0,0,0,305.27,145.3667,1,0,0,305.27
722.89,5.8,5.0,1.0,0,6,4,2,1,0,0.0,1.0,0.866025,-0.5,0,1,0,0,0,0,0,0,0,0,0,722.89,124.6362,0,1,0,722.89
352.86,1.0,4.4,1.0,6,6,4,2,1,0,1.0,0.0,0.866025,-0.5,0,0,1,0,0,0,0,0,0,0,0,352.86,352.86,0,0,0,352.86
412.05,26.9,3.6,1.0,12,6,4,2,1,0,0.0,-1.0,0.866025,-0.5,0,1,0,0,0,0,0,0,1,0,0,412.05,15.3178,0,0,0,412.05
393.19,41.8,4.4,1.0,18,6,4,2,1,0,-1.0,-0.0,0.866025,-0.5,0,1,0,0,0,0,0,1,0,0,0,393.19,9.4065,1,0,0,393.19
1197.48,12.5,4.6,1.0,0,0,4,2,0,0,0.0,1.0,0.866025,-0.5,0,0,0,0,0,0,1,0,1,0,0,1197.48,95.7984,0,1,0,1197.48
271.79,58.0,4.6,1.0,6,0,4,2,0,0,1.0,0.0,0.866025,-0.5,0,1,0,0,0,0,0,0,0,0,0,271.79,4.686,0,0,0,271.79
268.95,19.6,3.8,1.2,12,0,4,2,0,0,0.0,-1.0,0.866025,-0.5,1,0,0,0,0,0,0,0,0,0,0,322.74,13.7219,0,0,0,224.125
437.51,21.9,5.0,1.0,18,0,4,2,0,0,-1.0,-0.0,0.866025,-0.5,0,0,0,1,1,0,0,0,0,0,0,437.51,19.9776,1,0,0,437.51
399.03,41.1,3.5,1.0,0,1,4,2,0,0,0.0,1.0,0.866025,-0.5,0,0,0,1,0,1,0,0,0,0,0,399.03,9.7088,0,1,0,399.03
228.05,7.7,4.4,1.2,6,1,4,2,0,0,1.0,0.0,0.866025,-0.5,0,0,1,0,1,0,0,0,0,0,0,273.66,29.6169,0,0,0,190.04166666666669
419.21,9.6,5.0,1.0,12,1,4,2,0,0,0.0,-1.0,0.866025,-0.5,0,1,0,0,0,0,0,0,1,0,0,419.21,43.6677,0,0,0,419.21
443.69,52.0,4.6,2.0,18,1,4,2,0,0,-1.0,-0.0,0.866025,-0.5,1,0,0,0,0,1,0,0,0,0,0,887.38,8.5325,1,0,1,221.845
334.14,50.9,4.7,1.2,0,2,4,2,0,0,0.0,1.0,0.866025,-0.5,0,0,1,0,0,0,0,0,0,0,0,400.97,6.5646,0,1,0,278.45
406.29,82.5,3.8,1.0,6,2,4,2,0,0,1.0,0.0,0.866025,-0.5,0,0,0,0,0,0,0,0,0,0,0,406.29,4.9247,0,0,0,406.29
286.39,51.1,4.5,1.0,12,2,4,2,0,0,0.0,-1.0,0.866025,-0.5,0,0,1,0,0,0,1,0,1,0,0,286.39,5.6045,0,0,0,286.39
228.36,3.0,4.3,1.0,18,2,4,2,0,0,-1.0,-0.0,0.866025,-0.5,0,0,1,0,0,0,0,0,0,0,0,228.36,76.12,1,0,0,228.36
351.44,38.2,3.7,1.0,0,3,4,2,0,0,0.0,1.0,0.866025,-0.5,0,1,0,0,0,1,0,0,1,0,0,351.44,9.2,0,1,0,351.44
248.65,11.6,4.7,1.0,6,3,4,2,0,0,1.0,0.0,0.866025,-0.5,0,0,0,0,0,1,0,0,0,0,0,248.65,21.4353,0,0,0,248.65
203.57,103.2,3.9,1.0,12,3,4,2,0,0,0.0,-1.0,0.866025,-0.5,0,0,1,0,0,0,0,1,0,0,0,203.57,1.9726,0,0,0,203.57
136.79,14.1,3.9,1.2,18,3,4,2,0,0,-1.0,-0.0,0.866025,-0.5,1,0,0,0,1,0,0,1,0,0,0,164.15,9.7014,1,0,0,113.99166666666666
492.18,17.8,4.5,1.0,0,4,4,2,0,0,0.0,1.0,0.866025,-0.5,1,0,0,0,0,0,0,0,0,0,0,492.18,27.6506,0,1,0,492.18
345.21,16.6,4.2,1.0,6,4,4,2,0,0,1.0,0.0,0.866025,-0.5,0,0,0,1,0,1,0,0,0,0,0,345.21,20.7958,0,0,0,345.21
724.99,8.5,4.4,1.2,12,4,4,2,0,0,0.0,-1.0,0.866025,-0.5,0,0,0,0,0,0,1,0,0,0,0,869.99,85.2929,0,0,0,604.1583333333334
126.31,1.7,4.2,1.0,18,4,4,2,0,0,-1.0,-0.0,0.866025,-0.5,0,0,0,0,0,1,0,0,0,0,0,126.31,74.3,1,0,0,126.31
360.55,49.7,5.0,1.0,0,5,4,2,1,0,0.0,1.0,0.866025,-0.5,0,0,0,1,0,0,1,0,1,0,0,360.55,7.2545,0,1,0,360.55
490.98,35.7,3.8,1.0,6,5,4,2,1,0,1.0,0.0,0.866025,-0.5,0,0,1,0,0,0,0,1,0,0,0,490.98,13.7529,0,0,0,490.98
309.55,3.3,4.1,1.0,12,5,4,2,1,0,0.0,-1.0,0.866025,-0.5,0,0,0,0,0,1,0,0,1,0,0,309.55,93.803,0,0,0,309.55
430.58,33.0,4.5,2.0,18,5,4,2,1,0,-1.0,-0.0,0.866025,-0.5,1,0,0,0,0,0,0,1,0,0,0,861.16,13.0479,1,0,1,215.29
137.47,21.6,3.8,1.0,0,6,4,2,1,0,0.0,1.0,0.866025,-0.5,1,0,0,0,1,0,0,0,0,0,0,137.47,6.3644,0,1,0,137.47
348.67,11.6,3.8,1.0,6,6,4,2,1,0,1.0,0.0,0.866025,-0.5,0,1,0,0,0,0,1,0,0,0,0,348.67,30.0578,0,0,0,348.67
272.75,6.4,4.4,1.0,12,6,4,2,1,0,0.0,-1.0,0.866025,-0.5,0,0,0,0,0,0,0,0,1,0,0,272.75,42.6172,0,0,0,272.75
688.82,43.2,4.7,1.0,18,6,4,2,1,0,-1.0,-0.0,0.866025,-0.5,0,0,1,0,0,1,0,0,0,0,0,688.82,15.9449,1,0,0,688.82
475.24,26.5,4.8,1.0,0,0,4,2,0,0,0.0,1.0,0.866025,-0.5,0,0,0,1,0,0,0,0,1,0,0,475.24,17.9336,0,1,0,475.24
641.93,17.5,4.3,1.5,6,0,4,2,0,0,1.0,0.0,0.866025,-0.5,0,0,0,1,0,1,0,0,0,0,0,962.9,36.6817,0,0,0,427.9533333333333
763.94,20.7,4.0,1.5,12,0,4,2,0,0,0.0,-1.0,0.866025,-0.5,0,0,1,0,0,1,0,0,0,0,0,1145.91,36.9053,0,0,0,509.29333333333335
333.68,2.1,4.4,1.0,18,0,4,2,0,0,-1.0,-0.0,0.866025,-0.5,0,1,0,0,0,0,1,0,0,0,1,333.68,158.8952,1,0,0,333.68
465.09,14.1,4.3,1.0,0,1,4,2,0,0,0.0,1.0,0.866025,-0.5,0,0,0,1,0,1,0,0,0,0,0,465.09,32.9851,0,1,0,465.09
235.79,4.7,4.4,1.2,6,1,4,2,0,0,1.0,0.0,0.866025,-0.5,0,0,0,0,0,0,0,0,0,0,1,282.95,50.1681,0,0,0,196.49166666666667
528.12,5.1,4.9,1.0,12,1,4,2,0,0,0.0,-1.0,0.866025,-0.5,0,1,0,0,0,0,0,0,0,0,1,528.12,103.5529,0,0,0,528.12
566.35,23.8,3.8,1.0,18,1,4,2,0,0,-1.0,-0.0,0.866025,-0.5,0,0,0,0,0,0,0,0,0,1,0,566.35,23.7962,1,0,0,566.35
510.3,53.3,4.0,1.0,0,2,4,2,0,0,0.0,1.0,0.866025,-0.5,1,0,0,0,0,0,0,0,1,0,0,510.3,9.5741,0,1,0,510.3
333.48,11.4,4.8,1.0,6,2,4,2,0,0,1.0,0.0,0.866025,-0.5,0,1,0,0,0,0,0,0,1,0,0,333.48,29.2526,0,0,0,333.48
990.72,5.1,3.6,1.0,12,2,4,2,0,0,0.0,-1.0,0.866025,-0.5,0,0,0,1,1,0,0,1,0,0,0,990.72,194.2588,0,0,0,990.72
443.1,23.0,4.0,1.2,18,2,4,2,0,0,-1.0,-0.0,0.866025,-0.5,0,1,0,0,0,1,0,0,0,0,0,531.72,19.2652,1,0,0,369.25000000000006
1518.01,45.1,3.9,1.2,0,3,4,2,0,0,0.0,1.0,0.866025,-0.5,0,1,0,0,0,1,0,0,0,0,0,1821.61,33.6588,0,1,0,1265.0083333333334
236.58,30.4,3.5,1.0,6,3,4,2,0,0,1.0,0.0,0.866025,-0.5,0,1,0,0,0,0,0,0,1,0,0,236.58,7.7822,0,0,0,236.58
592.83,44.7,4.2,1.0,12,3,4,2,0,0,0.0,-1.0,0.866025,-0.5,0,1,0,0,1,0,0,0,0,0,0,592.83,13.2624,0,0,0,592.83
698.86,16.9,4.7,1.5,18,3,4,2,0,0,-1.0,-0.0,0.866025,-0.5,0,0,0,0,1,0,0,0,0,0,0,1048.29,41.3527,1,0,0,465.9066666666667
239.22,30.7,4.4,1.0,0,4,4,2,0,0,0.0,1.0,0.866025,-0.5,1,0,0,0,0,0,0,0,0,0,0,239.22,7.7922,0,1,0,239.22
383.56,3.3,4.7,1.5,6,4,4,2,0,0,1.0,0.0,0.866025,-0.5,0,0,1,0,1,0,0,0,1,0,0,575.34,116.2303,0,0,0,255.70666666666668
190.62,9.4,4.9,1.0,12,4,4,2,0,0,0.0,-1.0,0.866025,-0.5,0,1,0,0,0,1,0,1,0,0,0,190.62,20.2787,0,0,0,190.62
778.22,10.9,4.3,1.0,18,4,4,2,0,0,-1.0,-0.0,0.866025,-0.5,0,0,0,1,0,0,0,0,0,0,0,778.22,71.3963,1,0,0,778.22
416.98,15.8,5.0,1.0,0,5,4,2,1,0,0.0,1.0,0.866025,-0.5,0,1,0,0,0,1,0,0,0,0,1,416.98,26.3911,0,1,0,416.98
273.42,58.2,4.1,1.5,6,5,4,2,1,0,1.0,0.0,0.866025,-0.5,0,0,0,1,0,1,0,0,1,0,0,410.13,4.6979,0,0,0,182.28
703.29,45.6,4.2,1.0,12,5,4,2,1,0,0.0,-1.0,0.866025,-0.5,0,0,0,0,0,0,0,1,0,0,0,703.29,15.423,0,0,0,703.29
436.95,3.2,3.9,1.0,18,5,4,2,1,0,-1.0,-0.0,0.866025,-0.5,0,0,0,1,0,0,1,0,1,0,0,436.95,136.5469,1,0,0,436.95
656.41,4.2,4.6,1.0,0,6,4,2,1,0,0.0,1.0,0.866025,-0.5,0,0,1,0,1,0,0,0,1,0,0,656.41,156.2881,0,1,0,656.41
544.77,9.7,4.2,1.5,6,6,4,2,1,0,1.0,0.0,0.866025,-0.5,1,0,0,0,0,1,0,0,0,0,0,817.16,56.1619,0,0,0,363.18
253.3,7.6,4.3,2.0,12,6,4,2,1,0,0.0,-1.0,0.866025,-0.5,0,0,0,1,0,1,0,1,0,0,0,506.6,33.3289,0,0,1,126.65
327.49,21.0,4.2,2.0,18,6,4,2,1,0,-1.0,-0.0,0.866025,-0.5,0,0,0,1,0,1,0,0,0,0,0,654.98,15.5948,1,0,1,163.745
277.59,51.3,4.2,2.0,0,0,5,2,0,1,0.0,1.0,0.5,-0.866025,1,0,0,0,0,1,0,1,0,0,0,555.18,5.4111,0,1,1,138.795
227.51,72.1,4.4,1.0,6,0,5,2,0,1,1.0,0.0,0.5,-0.866025,0,0,1,0,0,1,0,0,0,0,1,227.51,3.1555,0,0,0,227.51
162.03,23.3,4.1,1.0,12,0,5,2,0,1,0.0,-1.0,0.5,-0.866025,0,1,0,0,0,0,0,0,0,0,0,162.03,6.9541,0,0,0,162.03
1087.6,40.1,4.1,1.0,18,0,5,2,0,1,-1.0,-0.0,0.5,-0.866025,0,0,0,1,0,1,0,0,0,0,0,1087.6,27.1222,1,0,0,1087.6
505.61,16.4,4.8,1.0,0,1,5,2,0,0,0.0,1.0,0.5,-0.866025,1,0,0,0,1,0,0,0,1,0,0,505.61,30.8299,0,1,0,505.61
543.07,5.1,4.2,1.5,6,1,5,2,0,0,1.0,0.0,0.5,-0.866025,0,0,0,0,0,1,0,0,0,0,0,814.6,106.4843,0,0,0,362.0466666666667
741.68,16.4,4.5,1.5,12,1,5,2,0,0,0.0,-1.0,0.5,-0.866025,1,0,0,0,0,0,0,1,0,0,0,1112.52,45.2244,0,0,0,494.4533333333333
325.73,17.8,3.9,1.0,18,1,5,2,0,0,-1.0,-0.0,0.5,-0.866025,0,0,0,0,1,0,0,0,0,0,0,325.73,18.2994,1,0,0,325.73
198.89,29.8,4.1,1.2,0,2,5,2,0,0,0.0,1.0,0.5,-0.866025,0,0,1,0,0,0,0,0,0,0,0,238.67,6.6742,0,1,0,165.74166666666667
628.25,5.5,3.7,1.5,6,2,5,2,0,0,1.0,0.0,0.5,-0.866025,0,1,0,0,0,0,0,0,0,0,1,942.38,114.2273,0,0,0,418.8333333333333
217.89,10.1,5.0,1.0,12,2,5,2,0,0,0.0,-1.0,0.5,-0.866025,1,0,0,0,0,0,0,0,1,0,0,217.89,21.5733,0,0,0,217.89
620.93,10.0,5.0,1.0,18,2,5,2,0,0,-1.0,-0.0,0.5,-0.866025,0,0,0,1,0,0,0,1,0,0,0,620.93,62.093,1,0,0,620.93
181.22,70.5,4.6,1.0,0,3,5,2,0,0,0.0,1.0,0.5,-0.866025,0,0,1,0,1,0,0,0,0,0,0,181.22,2.5705,0,1,0,181.22
208.95,12.9,5.0,1.0,6,3,5,2,0,0,1.0,0.0,0.5,-0.866025,1,0,0,0,0,1,0,0,1,0,0,208.95,16.1977,0,0,0,208.95
308.52,31.0,4.7,1.0,12,3,5,2,0,0,0.0,-1.0,0.5,-0.866025,0,0,0,1,0,0,0,0,1,0,0,308.52,9.9523,0,0,0,308.52
609.48,30.6,4.2,1.0,18,3,5,2,0,0,-1.0,-0.0,0.5,-0.866025,1,0,0,0,1,0,0,0,1,0,0,609.48,19.9176,1,0,0,609.48
926.63,6.8,4.5,1.0,0,4,5,2,0,0,0.0,1.0,0.5,-0.866025,0,0,0,0,1,0,0,0,1,0,0,926.63,136.2691,0,1,0,926.63
542.63,18.7,5.0,2.0,6,4,5,2,0,0,1.0,0.0,0.5,-0.866025,1,0,0,0,1,0,0,0,1,0,0,1085.26,29.0176,0,0,1,271.315
315.08,49.4,3.9,1.0,12,4,5,2,0,0,0.0,-1.0,0.5,-0.866025,1,0,0,0,0,0,0,0,0,0,0,315.08,6.3781,0,0,0,315.08
684.1,14.2,3.7,1.0,18,4,5,2,0,0,-1.0,-0.0,0.5,-0.866025,1,0,0,0,0,1,0,0,0,0,0,684.1,48.1761,1,0,0,684.1
177.98,63.9,4.5,2.0,0,5,5,2,1,0,0.0,1.0,0.5,-0.866025,0,0,1,0,0,0,1,0,1,0,0,355.96,2.7853,0,1,1,88.99
260.94,5.3,4.0,1.0,6,5,5,2,1,0,1.0,0.0,0.5,-0.866025,1,0,0,0,1,0,0,0,0,0,0,260.94,49.234,0,0,0,260.94
458.54,1.7,3.2,1.0,12,5,5,2,1,0,0.0,-1.0,0.5,-0.866025,0,0,0,1,0,0,0,0,1,0,0,458.54,269.7294,0,0,0,458.54
638.41,48.9,3.7,1.5,18,5,5,2,1,0,-1.0,-0.0,0.5,-0.866025,0,0,0,0,0,0,0,0,0,0,0,957.62,13.0554,1,0,0,425.6066666666666
393.77,41.4,4.1,1.0,0,6,5,2,1,0,0.0,1.0,0.5,-0.866025,0,0,0,0,0,1,0,0,1,0,0,393.77,9.5114,0,1,0,393.77
371.99,107.9,4.3,1.2,6,6,5,2,1,0,1.0,0.0,0.5,-0.866025,1,0,0,0,0,0,1,0,1,0,0,446.39,3.4475,0,0,0,309.9916666666667
383.49,25.0,4.3,1.0,12,6,5,2,1,0,0.0,-1.0,0.5,-0.866025,0,0,1,0,0,1,0,0,0,0,0,383.49,15.3396,0,0,0,383.49
738.43,60.7,5.0,1.0,18,6,5,2,1,0,-1.0,-0.0,0.5,-0.866025,0,0,1,0,0,1,0,0,0,0,0,738.43,12.1652,1,0,0,738.43
287.63,38.6,4.2,1.0,0,0,5,2,0,0,0.0,1.0,0.5,-0.866025,0,0,0,1,0,0,0,0,0,0,0,287.63,7.4516,0,1,0,287.63
251.24,40.9,4.4,1.0,6,0,5,2,0,0,1.0,0.0,0.5,-0.866025,1,0,0,0,0,1,0,0,1,0,0,251.24,6.1428,0,0,0,251.24
380.33,18.5,3.5,1.2,12,0,5,2,0,0,0.0,-1.0,0.5,-0.866025,0,0,0,0,1,0,0,1,0,0,0,456.4,20.5584,0,0,0,316.94166666666666
788.73,10.6,4.3,1.2,18,0,5,2,0,0,-1.0,-0.0,0.5,-0.866025,0,0,1,0,0,0,0,0,0,0,0,946.48,74.4085,1,0,0,657.2750000000001
305.7,60.0,4.5,2.0,0,1,5,2,0,0,0.0,1.0,0.5,-0.866025,1,0,0,0,1,0,0,0,1,0,0,611.4,5.095,0,1,1,152.85
382.86,12.4,4.3,1.2,6,1,5,2,0,0,1.0,0.0,0.5,-0.866025,0,0,1,0,0,0,1,0,0,0,0,459.43,30.8758,0,0,0,319.05
176.24,17.0,3.8,1.0,12,1,5,2,0,0,0.0,-1.0,0.5,-0.866025,0,0,1,0,0,0,0,0,0,0,0,176.24,10.3671,0,0,0,176.24
391.24,13.0,4.5,1.5,18,1,5,2,0,0,-1.0,-0.0,0.5,-0.866025,0,0,0,0,0,1,0,0,0,0,1,586.86,30.0954,1,0,0,260.82666666666665
493.33,18.3,4.0,1.2,0,2,5,2,0,0,0.0,1.0,0.5,-0.866025,0,1,0,0,0,0,0,0,0,0,0,592.0,26.9579,0,1,0,411.10833333333335
218.08,14.0,4.2,1.2,6,2,5,2,0,0,1.0,0.0,0.5,-0.866025,0,0,0,1,1,0,0,0,0,0,0,261.7,15.5771,0,0,0,181.73333333333335
739.11,1.1,4.6,1.5,12,2,5,2,0,0,0.0,-1.0,0.5,-0.866025,0,0,0,1,0,1,0,0,0,0,0,1108.66,671.9182,0,0,0,492.74
490.11,47.0,5.0,1.0,18,2,5,2,0,0,-1.0,-0.0,0.5,-0.866025,0,0,0,0,0,1,0,0,0,0,0,490.11,10.4279,1,0,0,490.11
331.43,12.9,4.2,1.0,0,3,5,2,0,0,0.0,1.0,0.5,-0.866025,0,0,1,0,1,0,0,0,0,0,0,331.43,25.6922,0,1,0,331.43
491.97,19.6,5.0,1.2,6,3,5,2,0,0,1.0,0.0,0.5,-0.866025,1,0,0,0,0,0,0,0,0,0,0,590.36,25.1005,0,0,0,409.975
558.58,3.3,3.3,1.0,12,3,5,2,0,0,0.0,-1.0,0.5,-0.866025,0,0,1,0,0,0,1,0,1,0,0,558.58,169.2667,0,0,0,558.58
148.29,0.1,4.4,1.0,18,3,5,2,0,0,-1.0,-0.0,0.5,-0.866025,0,0,0,0,0,1,0,0,0,0,0,148.29,1482.9,1,0,0,148.29
501.53,6.2,4.1,1.2,0,4,5,2,0,0,0.0,1.0,0.5,-0.866025,0,0,0,1,0,0,0,0,0,0,0,601.84,80.8919,0,1,0,417.94166666666666
775.11,26.8,4.0,1.0,6,4,5,2,0,0,1.0,0.0,0.5,-0.866025,0,0,1,0,0,1,0,0,0,0,0,775.11,28.922,0,0,0,775.11
285.42,2.3,4.6,1.0,12,4,5,2,0,0,0.0,-1.0,0.5,-0.866025,0,0,0,1,1,0,0,0,0,0,0,285.42,124.0957,0,0,0,285.42
335.21,52.7,4.2,1.0,18,4,5,2,0,0,-1.0,-0.0,0.5,-0.866025,1,0,0,0,0,0,0,0,1,0,0,335.21,6.3607,1,0,0,335.21
364.95,5.3,3.3,1.2,0,5,5,2,1,0,0.0,1.0,0.5,-0.866025,0,0,0,1,1,0,0,0,0,0,1,437.94,68.8585,0,1,0,304.125
641.95,5.0,3.5,1.0,6,5,5,2,1,0,1.0,0.0,0.5,-0.866025,0,0,0,1,0,0,1,0,0,0,0,641.95,128.39,0,0,0,641.95
239.55,4.4,4.7,1.2,12,5,5,2,1,0,0.0,-1.0,0.5,-0.866025,0,1,0,0,0,0,0,1,0,0,0,287.46,54.4432,0,0,0,199.62500000000003
545.81,0.3,3.5,1.0,18,5,5,2,1,0,-1.0,-0.0,0.5,-0.866025,0,1,0,0,0,0,1,0,1,0,0,545.81,1819.3667,1,0,0,545.81
368.55,32.5,4.7,1.0,0,6,5,2,1,0,0.0,1.0,0.5,-0.866025,0,1,0,0,0,0,0,0,1,0,0,368.55,11.34,0,1,0,368.55
947.96,45.8,4.4,1.0,6,6,5,2,1,0,1.0,0.0,0.5,-0.866025,0,0,0,1,0,0,0,0,0,0,0,947.96,20.6978,0,0,0,947.96
379.83,21.0,4.2,1.2,12,6,5,2,1,0,0.0,-1.0,0.5,-0.866025,0,0,0,0,0,0,0,0,0,0,0,455.8,18.0871,0,0,0,316.525
103.26,4.6,4.3,1.0,18,6,5,2,1,0,-1.0,-0.0,0.5,-0.866025,0,0,0,1,1,0,0,0,0,0,0,103.26,22.4478,1,0,0,103.26
596.64,7.4,4.6,2.0,0,0,5,2,0,0,0.0,1.0,0.5,-0.866025,0,0,0,0,0,1,0,0,1,0,0,1193.28,80.627,0,1,1,298.32
532.03,14.2,3.7,2.0,6,0,5,2,0,0,1.0,0.0,0.5,-0.866025,0,0,0,0,0,0,0,0,0,0,0,1064.06,37.4669,0,0,1,266.015
479.64,67.9,4.3,1.5,12,0,5,2,0,0,0.0,-1.0,0.5,-0.866025,0,1,0,0,0,1,0,0,0,0,1,719.46,7.0639,0,0,0,319.76
764.74,6.3,3.7,2.0,18,0,5,2,0,0,-1.0,-0.0,0.5,-0.866025,0,0,1,0,0,1,0,0,0,0,0,1529.48,121.3873,1,0,1,382.37
161.44,28.9,4.4,1.0,0,1,5,2,0,0,0.0,1.0,0.5,-0.866025,1,0,0,0,0,0,0,0,0,0,0,161.44,5.5862,0,1,0,161.44
263.1,12.7,4.6,1.0,6,1,5,2,0,0,1.0,0.0,0.5,-0.866025,0,1,0,0,1,0,0,0,1,0,0,263.1,20.7165,0,0,0,263.1
429.46,7.8,4.4,1.2,12,1,5,2,0,0,0.0,-1.0,0.5,-0.866025,0,1,0,0,1,0,0,0,0,0,0,515.35,55.059,0,0,0,357.8833333333333
466.74,13.4,4.6,1.2,18,1,5,2,0,0,-1.0,-0.0,0.5,-0.866025,0,0,1,0,0,1,0,0,0,0,0,560.09,34.8313,1,0,0,388.95000000000005
397.72,1.6,3.9,1.5,0,2,5,2,0,0,0.0,1.0,0.5,-0.866025,1,0,0,0,0,0,1,0,1,0,0,596.58,248.575,0,1,0,265.1466666666667
177.81,35.3,4.3,1.2,6,2,5,2,0,0,1.0,0.0,0.5,-0.866025,0,0,0,1,0,1,0,0,0,0,1,213.37,5.0371,0,0,0,148.175
336.95,6.1,4.2,2.0,12,2,5,2,0,0,0.0,-1.0,0.5,-0.866025,0,0,0,1,0,0,1,0,1,0,0,673.9,55.2377,0,0,1,168.475
915.41,28.4,4.1,1.0,18,2,5,2,0,0,-1.0,-0.0,0.5,-0.866025,0,1,0,0,0,1,0,0,1,0,0,915.41,32.2327,1,0,0,915.41
233.12,1.6,3.9,1.5,0,3,5,2,0,0,0.0,1.0,0.5,-0.866025,1,0,0,0,0,1,0,0,1,0,0,349.68,145.7,0,1,0,155.41333333333333
424.59,68.3,4.1,1.2,6,3,5,2,0,0,1.0,0.0,0.5,-0.866025,0,1,0,0,0,0,0,0,0,0,1,509.51,6.2165,0,0,0,353.825
546.82,4.7,3.7,1.2,12,3,5,2,0,0,0.0,-1.0,0.5,-0.866025,0,0,0,0,1,0,0,0,0,0,0,656.18,116.3447,0,0,0,455.6833333333334
632.79,47.2,3.5,1.0,18,3,5,2,0,0,-1.0,-0.0,0.5,-0.866025,0,1,0,0,0,1,0,0,0,0,0,632.79,13.4066,1,0,0,632.79
595.22,36.5,3.9,1.2,0,4,5,2,0,0,0.0,1.0,0.5,-0.866025,0,1,0,0,0,0,0,0,0,0,0,714.26,16.3074,0,1,0,496.0166666666667
324.0,75.6,4.6,1.5,6,4,5,2,0,0,1.0,0.0,0.5,-0.866025,0,0,0,1,0,0,0,0,0,0,0,486.0,4.2857,0,0,0,216.0
262.47,14.3,4.4,1.0,12,4,5,2,0,0,0.0,-1.0,0.5,-0.866025,0,0,0,1,0,1,0,0,1,0,0,262.47,18.3545,0,0,0,262.47
951.67,28.6,3.7,1.2,18,4,5,2,0,0,-1.0,-0.0,0.5,-0.866025,0,0,0,1,0,1,0,0,1,0,0,1142.0,33.2752,1,0,0,793.0583333333333
663.31,10.2,4.1,1.0,0,5,5,2,1,0,0.0,1.0,0.5,-0.866025,0,0,0,0,1,0,0,0,1,0,0,663.31,65.0304,0,1,0,663.31
445.35,4.5,4.6,2.0,6,5,5,2,1,0,1.0,0.0,0.5,-0.866025,0,0,0,1,1,0,0,0,0,0,0,890.7,98.9667,0,0,1,222.675
829.17,12.9,4.1,1.0,12,5,5,2,1,0,0.0,-1.0,0.5,-0.866025,1,0,0,0,0,0,0,0,1,0,0,829.17,64.2767,0,0,0,829.17
175.93,4.0,3.6,1.0,18,5,5,2,1,0,-1.0,-0.0,0.5,-0.866025,0,0,1,0,1,0,0,0,0,0,0,175.93,43.9825,1,0,0,175.93
199.59,88.4,5.0,1.0,0,6,5,2,1,0,0.0,1.0,0.5,-0.866025,1,0,0,0,0,0,0,0,1,0,0,199.59,2.2578,0,1,0,199.59
105.3,2.2,4.2,1.2,6,6,5,2,1,0,1.0,0.0,0.5,-0.866025,1,0,0,0,1,0,0,0,1,0,0,126.36,47.8636,0,0,0,87.75
464.06,19.6,3.7,1.0,12,6,5,2,1,0,0.0,-1.0,0.5,-0.866025,0,0,0,1,1,0,0,0,0,0,0,464.06,23.6765,0,0,0,464.06
475.22,21.7,4.4,1.2,18,6,5,2,1,0,-1.0,-0.0,0.5,-0.866025,0,0,1,0,0,1,0,0,0,0,0,570.26,21.8995,1,0,0,396.0166666666667
188.89,17.0,4.3,2.0,0,0,5,2,0,0,0.0,1.0,0.5,-0.866025,0,0,1,0,1,0,0,0,0,0,0,377.78,11.1112,0,1,1,94.445
651.56,23.9,3.5,1.5,6,0,5,2,0,0,1.0,0.0,0.5,-0.866025,0,0,1,0,0,0,0,1,0,0,0,977.34,27.2619,0,0,0,434.3733333333333
132.64,2.7,4.3,1.0,12,0,5,2,0,0,0.0,-1.0,0.5,-0.866025,0,0,0,0,0,1,0,0,0,0,1,132.64,49.1259,0,0,0,132.64
515.53,17.8,4.8,2.0,18,0,5,2,0,0,-1.0,-0.0,0.5,-0.866025,0,0,0,1,1,0,0,0,1,0,0,1031.06,28.9624,1,0,1,257.765
574.56,7.4,4.2,1.2,0,1,5,2,0,0,0.0,1.0,0.5,-0.866025,0,0,1,0,0,1,0,0,0,0,0,689.47,77.6432,0,1,0,478.79999999999995
461.27,62.0,3.3,1.0,6,1,5,2,0,0,1.0,0.0,0.5,-0.866025,0,0,0,0,0,0,0,0,0,0,0,461.27,7.4398,0,0,0,461.27
173.57,31.6,4.5,1.0,12,1,5,2,0,0,0.0,-1.0,0.5,-0.866025,0,1,0,0,0,1,0,0,1,0,0,173.57,5.4927,0,0,0,173.57
760.77,79.1,4.6,1.0,18,1,5,2,0,0,-1.0,-0.0,0.5,-0.866025,0,1,0,0,1,0,0,0,1,0,0,760.77,9.6178,1,0,0,760.77
329.76,0.8,4.0,1.5,0,2,5,2,0,0,0.0,1.0,0.5,-0.866025,0,0,0,0,0,0,0,0,0,0,0,494.64,412.2,0,1,0,219.84
330.32,7.4,4.0,1.0,6,2,5,2,0,0,1.0,0.0,0.5,-0.866025,0,0,0,0,0,0,0,0,0,0,0,330.32,44.6378,0,0,0,330.32
296.29,4.8,5.0,1.0,12,2,5,2,0,0,0.0,-1.0,0.5,-0.866025,0,0,0,1,1,0,0,0,1,0,0,296.29,61.7271,0,0,0,296.29
605.36,0.2,4.0,1.2,18,2,5,2,0,0,-1.0,-0.0,0.5,-0.866025,0,0,0,1,1,0,0,0,0,0,0,726.43,3026.8,1,0,0,504.4666666666667
321.53,6.1,3.7,1.0,0,3,5,2,0,0,0.0,1.0,0.5,-0.866025,0,1,0,0,0,0,0,0,0,0,0,321.53,52.7098,0,1,0,321.53
220.87,25.0,4.3,1.2,6,3,5,2,0,0,1.0,0.0,0.5,-0.866025,0,0,1,0,0,0,0,0,0,0,0,265.04,8.8348,0,0,0,184.05833333333334
688.91,5.8,4.6,1.2,12,3,5,2,0,0,0.0,-1.0,0.5,-0.866025,0,1,0,0,0,0,0,0,0,0,0,826.69,118.7776,0,0,0,574.0916666666667
419.4,15.6,4.6,1.0,18,3,5,2,0,0,-1.0,-0.0,0.5,-0.866025,0,0,1,0,0,0,0,1,0,0,0,419.4,26.8846,1,0,0,419.4
700.73,48.1,3.1,1.5,0,4,5,2,0,0,0.0,1.0,0.5,-0.866025,0,0,1,0,0,1,0,0,0,0,1,1051.1,14.5682,0,1,0,467.15333333333336
435.4,26.0,4.0,1.0,6,4,5,2,0,0,1.0,0.0,0.5,-0.866025,0,0,0,1,1,0,0,0,1,0,0,435.4,16.7462,0,0,0,435.4
285.52,11.0,4.9,1.0,12,4,5,2,0,0,0.0,-1.0,0.5,-0.866025,1,0,0,0,0,1,0,0,0,0,0,285.52,25.9564,0,0,0,285.52
145.29,10.3,4.5,1.2,18,4,5,2,0,0,-1.0,-0.0,0.5,-0.866025,1,0,0,0,0,1,0,0,0,0,0,174.35,14.1058,1,0,0,121.075
465.06,13.4,3.7,1.0,0,5,5,2,1,0,0.0,1.0,0.5,-0.866025,0,0,0,0,0,0,0,0,0,0,0,465.06,34.706,0,1,0,465.06
365.36,4.3,4.9,2.0,6,5,5,2,1,0,1.0,0.0,0.5,-0.866025,0,0,0,1,1,0,0,0,0,0,0,730.72,84.9674,0,0,1,182.68
617.76,22.1,4.8,1.0,12,5,5,2,1,0,0.0,-1.0,0.5,-0.866025,0,0,1,0,0,1,0,0,1,0,0,617.76,27.9529,0,0,0,617.76
313.64,10.0,4.2,1.0,18,5,5,2,1,0,-1.0,-0.0,0.5,-0.866025,1,0,0,0,0,0,1,0,0,0,0,313.64,31.364,1,0,0,313.64
523.31,42.1,4.7,2.0,0,6,5,2,1,0,0.0,1.0,0.5,-0.866025,0,0,1,0,0,1,0,0,0,0,0,1046.62,12.4302,0,1,1,261.655
426.35,31.1,5.0,1.0,6,6,5,2,1,0,1.0,0.0,0.5,-0.866025,1,0,0,0,0,0,0,0,0,0,0,426.35,13.709,0,0,0,426.35
272.06,20.7,3.8,1.2,12,6,5,2,1,0,0.0,-1.0,0.5,-0.866025,1,0,0,0,0,1,0,0,0,0,0,326.47,13.143,0,0,0,226.71666666666667
327.03,10.0,4.6,1.0,18,6,5,2,1,0,-1.0,-0.0,0.5,-0.866025,1,0,0,0,0,0,0,0,0,0,0,327.03,32.703,1,0,0,327.03
197.01,5.2,5.0,1.5,0,0,5,2,0,0,0.0,1.0,0.5,-0.866025,0,0,0,1,0,1,0,0,0,0,0,295.52,37.8865,0,1,0,131.34
984.18,32.9,4.6,1.0,6,0,5,2,0,0,1.0,0.0,0.5,-0.866025,0,1,0,0,0,0,0,0,0,0,1,984.18,29.9143,0,0,0,984.18
517.69,14.7,3.9,1.0,12,0,5,2,0,0,0.0,-1.0,0.5,-0.866025,0,0,1,0,0,0,0,0,0,0,0,517.69,35.217,0,0,0,517.69
189.42,5.6,4.4,1.0,18,0,5,2,0,0,-1.0,-0.0,0.5,-0.866025,0,0,0,1,1,0,0,0,0,0,0,189.42,33.825,1,0,0,189.42
959.41,4.8,5.0,1.0,0,1,5,2,0,0,0.0,1.0,0.5,-0.866025,0,0,0,1,0,0,0,1,0,0,0,959.41,199.8771,0,1,0,959.41
231.33,4.0,3.8,1.2,6,1,5,2,0,0,1.0,0.0,0.5,-0.866025,0,0,0,1,1,0,0,0,0,0,1,277.6,57.8325,0,0,0,192.775
310.78,33.0,4.3,1.0,12,1,5,2,0,0,0.0,-1.0,0.5,-0.866025,0,0,0,1,0,0,0,0,1,0,0,310.78,9.4176,0,0,0,310.78
379.26,5.7,4.2,1.0,18,1,5,2,0,0,-1.0,-0.0,0.5,-0.866025,0,0,0,1,0,1,0,1,0,0,0,379.26,66.5368,1,0,0,379.26
431.65,16.5,4.0,1.0,0,2,5,2,0,0,0.0,1.0,0.5,-0.866025,0,0,0,0,0,1,0,0,0,0,0,431.65,26.1606,0,1,0,431.65
609.65,13.2,4.4,1.2,6,2,5,2,0,0,1.0,0.0,0.5,-0.866025,0,0,1,0,0,1,0,0,0,0,0,731.58,46.1856,0,0,0,508.0416666666667
125.08,19.1,4.2,1.5,12,2,5,2,0,0,0.0,-1.0,0.5,-0.866025,0,0,0,1,0,0,0,0,0,0,0,187.62,6.5487,0,0,0,83.38666666666667
435.14,46.1,4.6,1.0,18,2,5,2,0,0,-1.0,-0.0,0.5,-0.866025,0,0,1,0,0,0,0,0,1,0,0,435.14,9.439,1,0,0,435.14
369.12,44.5,4.9,1.0,0,3,6,2,0,0,0.0,1.0,0.0,-1.0,0,0,0,0,0,0,0,0,1,0,0,369.12,8.2948,0,1,0,369.12
469.29,13.2,3.7,1.0,6,3,6,2,0,0,1.0,0.0,0.0,-1.0,0,0,0,0,0,0,0,0,0,0,0,469.29,35.5523,0,0,0,469.29
359.66,0.3,4.3,1.2,12,3,6,2,0,0,0.0,-1.0,0.0,-1.0,0,0,1,0,0,1,0,0,0,0,0,431.59,1198.8667,0,0,0,299.7166666666667
334.78,12.2,4.3,1.0,18,3,6,2,0,0,-1.0,-0.0,0.0,-1.0,1,0,0,0,0,0,1,0,1,0,0,334.78,27.441,1,0,0,334.78
402.11,20.5,4.4,1.0,0,4,6,2,0,0,0.0,1.0,0.0,-1.0,0,1,0,0,1,0,0,0,0,0,0,402.11,19.6151,0,1,0,402.11
933.43,18.0,4.3,1.2,6,4,6,2,0,0,1.0,0.0,0.0,-1.0,1,0,0,0,1,0,0,0,0,1,0,1120.12,51.8572,0,0,0,777.8583333333333
338.22,23.2,3.8,1.5,12,4,6,2,0,0,0.0,-1.0,0.0,-1.0,1,0,0,0,1,0,0,0,1,0,0,507.33,14.5784,0,0,0,225.48000000000002
743.92,3.7,5.0,1.0,18,4,6,2,0,0,-1.0,-0.0,0.0,-1.0,1,0,0,0,0,1,0,0,1,0,0,743.92,201.0595,1,0,0,743.92
459.3,22.9,5.0,1.2,0,5,6,2,1,0,0.0,1.0,0.0,-1.0,0,0,0,1,0,0,0,0,1,0,0,551.16,20.0568,0,1,0,382.75
448.51,4.4,4.6,1.0,6,5,6,2,1,0,1.0,0.0,0.0,-1.0,0,0,0,0,0,0,1,0,0,1,0,448.51,101.9341,0,0,0,448.51
471.55,30.5,4.6,2.0,12,5,6,2,1,0,0.0,-1.0,0.0,-1.0,1,0,0,0,0,1,0,0,0,0,0,943.1,15.4607,0,0,1,235.775
545.95,9.1,4.4,1.0,18,5,6,2,1,0,-1.0,-0.0,0.0,-1.0,0,0,0,0,0,1,0,0,1,0,0,545.95,59.9945,1,0,0,545.95
352.15,27.2,4.8,1.0,0,6,6,2,1,0,0.0,1.0,0.0,-1.0,0,0,1,0,0,0,0,0,1,0,0,352.15,12.9467,0,1,0,352.15
718.97,1.1,3.1,1.5,6,6,6,2,1,0,1.0,0.0,0.0,-1.0,0,1,0,0,0,1,0,0,0,0,0,1078.46,653.6091,0,0,0,479.31333333333333
546.62,11.5,4.3,1.0,12,6,6,2,1,0,0.0,-1.0,0.0,-1.0,0,0,1,0,0,1,0,0,0,0,0,546.62,47.5322,0,0,0,546.62
207.15,26.9,4.0,1.0,18,6,6,2,1,0,-1.0,-0.0,0.0,-1.0,0,0,1,0,1,0,0,0,0,0,0,207.15,7.7007,1,0,0,207.15
103.86,5.7,4.4,1.0,0,0,6,2,0,0,0.0,1.0,0.0,-1.0,0,0,0,1,0,1,0,0,0,0,0,103.86,18.2211,0,1,0,103.86
919.36,34.9,4.8,1.5,6,0,6,2,0,0,1.0,0.0,0.0,-1.0,0,1,0,0,0,0,0,0,1,0,0,1379.04,26.3427,0,0,0,612.9066666666666
479.11,21.9,4.3,1.0,12,0,6,2,0,0,0.0,-1.0,0.0,-1.0,0,0,1,0,0,0,1,1,0,0,0,479.11,21.8772,0,0,0,479.11
192.71,19.5,4.1,1.5,18,0,6,2,0,0,-1.0,-0.0,0.0,-1.0,0,0,1,0,0,0,0,0,0,0,0,289.06,9.8826,1,0,0,128.47333333333333
337.97,9.6,3.6,1.0,0,1,6,2,0,0,0.0,1.0,0.0,-1.0,0,1,0,0,0,1,0,0,0,0,0,337.97,35.2052,0,1,0,337.97
663.15,14.5,4.2,1.0,6,1,6,2,0,0,1.0,0.0,0.0,-1.0,0,1,0,0,0,0,0,0,0,0,1,663.15,45.7345,0,0,0,663.15
389.85,20.0,4.6,1.0,12,1,6,2,0,0,0.0,-1.0,0.0,-1.0,0,0,1,0,1,0,0,0,0,0,0,389.85,19.4925,0,0,0,389.85
408.22,14.1,3.9,1.0,18,1,6,2,0,0,-1.0,-0.0,0.0,-1.0,0,1,0,0,0,0,1,0,0,0,0,408.22,28.9518,1,0,0,408.22
603.37,26.4,3.3,1.2,0,2,6,2,0,0,0.0,1.0,0.0,-1.0,0,0,1,0,0,0,0,0,1,0,0,724.04,22.8549,0,1,0,502.80833333333334
502.18,12.5,5.0,1.2,6,2,6,2,0,0,1.0,0.0,0.0,-1.0,0,0,1,0,1,0,0,0,0,1,0,602.62,40.1744,0,0,0,418.48333333333335
566.43,5.0,4.5,1.0,12,2,6,2,0,0,0.0,-1.0,0.0,-1.0,0,0,0,1,0,0,0,0,0,1,0,566.43,113.286,0,0,0,566.43
600.24,5.3,4.2,1.0,18,2,6,2,0,0,-1.0,-0.0,0.0,-1.0,1,0,0,0,0,0,1,0,0,0,0,600.24,113.2528,1,0,0,600.24
289.89,0.1,5.0,1.2,0,3,6,2,0,0,0.0,1.0,0.0,-1.0,0,0,1,0,1,0,0,0,0,0,0,347.87,2898.9,0,1,0,241.575
304.82,7.9,4.4,1.5,6,3,6,2,0,0,1.0,0.0,0.0,-1.0,0,0,0,0,1,0,0,0,1,0,0,457.23,38.5848,0,0,0,203.21333333333334
271.1,30.4,5.0,1.2,12,3,6,2,0,0,0.0,-1.0,0.0,-1.0,1,0,0,0,0,0,0,0,0,0,0,325.32,8.9178,0,0,0,225.91666666666669
313.89,34.8,4.9,1.5,18,3,6,2,0,0,-1.0,-0.0,0.0,-1.0,1,0,0,0,0,0,1,0,0,0,0,470.84,9.0198,1,0,0,209.26
400.08,5.0,3.7,1.0,0,4,6,2,0,0,0.0,1.0,0.0,-1.0,1,0,0,0,1,0,0,0,1,0,0,400.08,80.016,0,1,0,400.08
415.2,70.3,4.5,1.5,6,4,6,2,0,0,1.0,0.0,0.0,-1.0,0,0,0,1,0,0,0,1,0,0,0,622.8,5.9061,0,0,0,276.8
816.79,15.4,5.0,1.0,12,4,6,2,0,0,0.0,-1.0,0.0,-1.0,0,0,1,0,1,0,0,0,0,0,0,816.79,53.0383,0,0,0,816.79
490.16,54.8,3.8,1.0,18,4,6,2,0,0,-1.0,-0.0,0.0,-1.0,0,0,0,1,0,0,0,0,0,0,0,490.16,8.9445,1,0,0,490.16
404.16,27.0,3.8,1.5,0,5,6,2,1,0,0.0,1.0,0.0,-1.0,0,0,1,0,1,0,0,0,1,0,0,606.24,14.9689,0,1,0,269.44
239.28,28.2,3.9,2.0,6,5,6,2,1,0,1.0,0.0,0.0,-1.0,0,0,0,1,0,0,0,0,0,0,0,478.56,8.4851,0,0,1,119.64
363.63,2.0,4.7,1.2,12,5,6,2,1,0,0.0,-1.0,0.0,-1.0,0,0,0,1,1,0,0,0,0,0,0,436.36,181.815,0,0,0,303.02500000000003
953.47,5.5,4.4,1.0,18,5,6,2,1,0,-1.0,-0.0,0.0,-1.0,0,0,0,0,0,1,0,0,1,0,0,953.47,173.3582,1,0,0,953.47
946.07,0.2,3.3,1.0,0,6,6,2,1,0,0.0,1.0,0.0,-1.0,0,0,0,1,0,0,0,1,0,0,0,946.07,4730.35,0,1,0,946.07
361.3,27.7,4.5,1.0,6,6,6,2,1,0,1.0,0.0,0.0,-1.0,0,1,0,0,0,0,0,1,0,0,0,361.3,13.0433,0,0,0,361.3
156.87,9.3,4.2,1.5,12,6,6,2,1,0,0.0,-1.0,0.0,-1.0,0,0,0,0,0,0,0,0,1,0,0,235.3,16.8677,0,0,0,104.58
336.36,34.0,4.2,1.0,18,6,6,2,1,0,-1.0,-0.0,0.0,-1.0,0,0,0,1,0,1,0,0,1,0,0,336.36,9.8929,1,0,0,336.36
821.15,9.1,3.9,1.5,0,0,6,2,0,0,0.0,1.0,0.0,-1.0,1,0,0,0,0,0,0,0,0,0,0,1231.72,90.2363,0,1,0,547.4333333333333
401.51,37.6,4.5,1.0,6,0,6,2,0,0,1.0,0.0,0.0,-1.0,0,1,0,0,0,1,0,0,1,0,0,401.51,10.6785,0,0,0,401.51
603.68,3.1,4.8,1.5,12,0,6,2,0,0,0.0,-1.0,0.0,-1.0,0,1,0,0,0,0,0,0,0,0,0,905.52,194.7355,0,0,0,402.4533333333333
425.55,4.2,4.0,2.0,18,0,6,2,0,0,-1.0,-0.0,0.0,-1.0,0,1,0,0,0,0,0,0,0,0,0,851.1,101.3214,1,0,1,212.775
183.72,9.2,3.5,1.0,0,1,6,2,0,0,0.0,1.0,0.0,-1.0,0,0,0,0,1,0,0,0,1,0,0,183.72,19.9696,0,1,0,183.72
433.32,11.6,4.1,1.0,6,1,6,2,0,0,1.0,0.0,0.0,-1.0,0,0,0,1,0,0,0,0,1,0,0,433.32,37.3552,0,0,0,433.32
643.22,9.4,4.7,1.5,12,1,6,2,0,0,0.0,-1.0,0.0,-1.0,0,0,0,1,0,0,1,0,0,0,0,964.83,68.4277,0,0,0,428.81333333333333
311.53,31.7,4.1,1.0,18,1,6,2,0,0,-1.0,-0.0,0.0,-1.0,1,0,0,0,1,0,0,0,0,0,1,311.53,9.8274,1,0,0,311.53
634.93,2.2,3.6,1.2,0,2,6,2,0,0,0.0,1.0,0.0,-1.0,1,0,0,0,0,1,0,0,0,0,0,761.92,288.6045,0,1,0,529.1083333333333
447.28,9.5,4.7,1.2,6,2,6,2,0,0,1.0,0.0,0.0,-1.0,0,1,0,0,0,1,0,0,0,0,0,536.74,47.0821,0,0,0,372.73333333333335
618.38,39.9,5.0,1.0,12,2,6,2,0,0,0.0,-1.0,0.0,-1.0,1,0,0,0,1,0,0,0,0,0,0,618.38,15.4982,0,0,0,618.38
505.79,1.5,4.3,1.5,18,2,6,2,0,0,-1.0,-0.0,0.0,-1.0,0,0,0,0,0,0,0,0,1,0,0,758.68,337.1933,1,0,0,337.1933333333333
248.18,62.8,3.5,1.0,0,3,6,2,0,0,0.0,1.0,0.0,-1.0,0,0,0,1,0,0,0,0,1,0,0,248.18,3.9519,0,1,0,248.18
365.58,94.4,4.1,2.0,6,3,6,2,0,0,1.0,0.0,0.0,-1.0,0,1,0,0,0,0,0,0,0,0,0,731.16,3.8727,0,0,1,182.79
359.43,2.0,4.4,1.0,12,3,6,2,0,0,0.0,-1.0,0.0,-1.0,1,0,0,0,1,0,0,0,1,0,0,359.43,179.715,0,0,0,359.43
303.64,7.6,3.9,1.2,18,3,6,2,0,0,-1.0,-0.0,0.0,-1.0,0,0,0,0,0,0,0,0,0,0,0,364.37,39.9526,1,0,0,253.03333333333333
485.95,10.2,4.6,1.0,0,4,6,2,0,0,0.0,1.0,0.0,-1.0,0,0,0,0,0,1,0,0,1,0,0,485.95,47.6422,0,1,0,485.95
1037.02,33.0,3.8,1.0,6,4,6,2,0,0,1.0,0.0,0.0,-1.0,1,0,0,0,0,0,1,0,0,0,0,1037.02,31.4248,0,0,0,1037.02
719.43,19.9,4.3,1.0,12,4,6,2,0,0,0.0,-1.0,0.0,-1.0,0,0,0,1,1,0,0,0,0,0,0,719.43,36.1523,0,0,0,719.43
766.49,22.7,4.2,1.2,18,4,6,2,0,0,-1.0,-0.0,0.0,-1.0,1,0,0,0,0,1,0,0,0,0,1,919.79,33.7661,1,0,0,638.7416666666667
293.73,31.2,4.6,1.0,0,5,6,2,1,0,0.0,1.0,0.0,-1.0,0,1,0,0,0,0,0,0,0,0,0,293.73,9.4144,0,1,0,293.73
772.71,2.8,4.3,1.5,6,5,6,2,1,0,1.0,0.0,0.0,-1.0,1,0,0,0,1,0,0,0,0,0,0,1159.06,275.9679,0,0,0,515.14
897.33,39.4,4.2,1.0,12,5,6,2,1,0,0.0,-1.0,0.0,-1.0,0,0,0,0,0,1,0,0,1,0,0,897.33,22.7749,0,0,0,897.33
288.51,26.9,3.9,1.2,18,5,6,2,1,0,-1.0,-0.0,0.0,-1.0,1,0,0,0,0,0,0,0,0,0,1,346.21,10.7253,1,0,0,240.425
533.91,18.9,4.3,1.2,0,6,6,2,1,0,0.0,1.0,0.0,-1.0,0,0,0,1,0,0,0,0,0,0,0,640.69,28.2492,0,1,0,444.925
540.95,48.5,4.2,1.0,6,6,6,2,1,0,1.0,0.0,0.0,-1.0,0,0,1,0,0,0,1,0,0,0,0,540.95,11.1536,0,0,0,540.95
379.44,26.5,3.9,1.0,12,6,6,2,1,0,0.0,-1.0,0.0,-1.0,1,0,0,0,0,1,0,0,0,0,0,379.44,14.3185,0,0,0,379.44
466.57,5.0,4.4,1.0,18,6,6,2,1,0,-1.0,-0.0,0.0,-1.0,0,0,0,1,1,0,0,0,0,0,0,466.57,93.314,1,0,0,466.57
554.12,12.4,4.5,1.0,0,0,6,2,0,0,0.0,1.0,0.0,-1.0,0,0,0,1,1,0,0,0,0,0,0,554.12,44.6871,0,1,0,554.12
392.66,15.0,4.1,1.0,6,0,6,2,0,0,1.0,0.0,0.0,-1.0,0,0,0,0,0,1,0,0,1,0,0,392.66,26.1773,0,0,0,392.66
702.74,1.2,4.8,1.2,12,0,6,2,0,0,0.0,-1.0,0.0,-1.0,0,0,0,1,0,1,0,0,0,0,1,843.29,585.6167,0,0,0,585.6166666666667
207.81,68.0,4.4,1.0,18,0,6,2,0,0,-1.0,-0.0,0.0,-1.0,0,0,0,1,0,1,0,0,0,0,0,207.81,3.056,1,0,0,207.81
358.62,3.0,3.7,1.2,0,1,6,2,0,0,0.0,1.0,0.0,-1.0,0,0,0,1,0,0,0,0,0,0,0,430.34,119.54,0,1,0,298.85
609.61,26.3,5.0,2.0,6,1,6,2,0,0,1.0,0.0,0.0,-1.0,0,0,0,1,0,1,0,0,0,0,0,1219.22,23.1791,0,0,1,304.805
983.53,15.5,4.3,1.0,12,1,6,2,0,0,0.0,-1.0,0.0,-1.0,0,1,0,0,1,0,0,0,0,0,0,983.53,63.4535,0,0,0,983.53
724.4,0.6,4.8,1.2,18,1,6,2,0,0,-1.0,-0.0,0.0,-1.0,0,1,0,0,0,1,0,1,0,0,0,869.28,1207.3333,1,0,0,603.6666666666666
461.76,56.9,4.5,1.0,0,2,6,2,0,0,0.0,1.0,0.0,-1.0,0,0,0,0,1,0,0,0,0,0,0,461.76,8.1153,0,1,0,461.76
402.43,42.0,3.1,1.5,6,2,6,2,0,0,1.0,0.0,0.0,-1.0,1,0,0,0,0,1,0,0,0,0,0,603.64,9.5817,0,0,0,268.2866666666667
369.26,16.3,4.8,1.0,12,2,6,2,0,0,0.0,-1.0,0.0,-1.0,0,0,0,1,0,1,0,0,1,0,0,369.26,22.654,0,0,0,369.26
370.41,5.7,4.3,1.2,18,2,6,2,0,0,-1.0,-0.0,0.0,-1.0,1,0,0,0,0,1,0,0,0,0,0,444.49,64.9842,1,0,0,308.675
144.7,2.9,4.5,2.0,0,3,6,2,0,0,0.0,1.0,0.0,-1.0,1,0,0,0,0,1,0,0,1,0,0,289.4,49.8966,0,1,1,72.35
963.79,9.9,4.6,1.0,6,3,6,2,0,0,1.0,0.0,0.0,-1.0,0,0,0,0,1,0,0,0,0,0,0,963.79,97.3525,0,0,0,963.79
417.97,6.5,5.0,1.2,12,3,6,2,0,0,0.0,-1.0,0.0,-1.0,0,0,0,1,0,0,0,1,0,0,0,501.56,64.3031,0,0,0,348.3083333333334
278.74,15.5,4.0,1.0,18,3,6,2,0,0,-1.0,-0.0,0.0,-1.0,0,0,0,1,0,1,0,0,0,0,1,278.74,17.9832,1,0,0,278.74
529.78,74.7,4.0,1.0,0,4,6,2,0,0,0.0,1.0,0.0,-1.0,0,0,1,0,0,0,0,0,1,0,0,529.78,7.0921,0,1,0,529.78
290.84,18.8,3.9,1.2,6,4,6,2,0,0,1.0,0.0,0.0,-1.0,1,0,0,0,0,0,0,0,0,0,1,349.01,15.4702,0,0,0,242.36666666666665
670.14,48.5,3.8,1.0,12,4,6,2,0,0,0.0,-1.0,0.0,-1.0,1,0,0,0,0,1,0,0,0,0,0,670.14,13.8173,0,0,0,670.14
283.56,23.2,3.8,1.2,18,4,6,2,0,0,-1.0,-0.0,0.0,-1.0,0,1,0,0,0,1,0,0,0,0,0,340.27,12.2224,1,0,0,236.3
623.28,14.2,3.4,1.0,0,5,6,2,1,0,0.0,1.0,0.0,-1.0,0,0,1,0,0,0,1,0,1,0,0,623.28,43.893,0,1,0,623.28
366.46,42.4,4.5,1.5,6,5,6,2,1,0,1.0,0.0,0.0,-1.0,0,1,0,0,0,1,0,0,1,0,0,549.69,8.6429,0,0,0,244.30666666666664
495.39,14.0,5.0,1.0,12,5,6,2,1,0,0.0,-1.0,0.0,-1.0,0,1,0,0,1,0,0,0,0,0,0,495.39,35.385,0,0,0,495.39
646.57,44.7,5.0,1.0,18,5,6,2,1,0,-1.0,-0.0,0.0,-1.0,0,1,0,0,0,1,0,0,0,0,0,646.57,14.4647,1,0,0,646.57
323.54,7.6,3.9,1.0,0,6,6,2,1,0,0.0,1.0,0.0,-1.0,0,0,0,0,0,1,0,0,0,0,0,323.54,42.5711,0,1,0,323.54
638.91,3.0,4.2,1.0,6,6,6,2,1,0,1.0,0.0,0.0,-1.0,0,0,0,0,0,0,0,0,0,0,0,638.91,212.97,0,0,0,638.91
148.73,42.5,4.9,1.0,12,6,6,2,1,0,0.0,-1.0,0.0,-1.0,0,1,0,0,0,0,0,0,0,0,0,148.73,3.4995,0,0,0,148.73
863.57,19.5,4.5,1.0,18,6,6,2,1,0,-1.0,-0.0,0.0,-1.0,0,0,1,0,0,0,0,0,1,0,0,863.57,44.2856,1,0,0,863.57
692.84,48.4,4.4,1.0,0,0,6,2,0,0,0.0,1.0,0.0,-1.0,1,0,0,0,0,1,0,0,0,0,0,692.84,14.3149,0,1,0,692.84
410.6,61.1,4.2,1.0,6,0,6,2,0,0,1.0,0.0,0.0,-1.0,0,0,1,0,0,0,0,0,0,0,0,410.6,6.7201,0,0,0,410.6
753.5,1.2,4.3,1.0,12,0,6,2,0,0,0.0,-1.0,0.0,-1.0,0,0,0,1,0,0,0,0,1,0,0,753.5,627.9167,0,0,0,753.5
715.36,15.3,3.8,1.0,18,0,6,2,0,0,-1.0,-0.0,0.0,-1.0,0,0,0,0,0,0,0,0,1,0,0,715.36,46.7556,1,0,0,715.36
429.89,10.3,4.5,1.0,0,1,6,2,0,0,0.0,1.0,0.0,-1.0,1,0,0,0,0,0,1,1,0,0,0,429.89,41.7369,0,1,0,429.89
427.53,21.6,4.5,2.0,6,1,6,2,0,0,1.0,0.0,0.0,-1.0,1,0,0,0,0,0,0,0,1,0,0,855.06,19.7931,0,0,1,213.765
260.26,34.7,4.3,1.0,12,1,6,2,0,0,0.0,-1.0,0.0,-1.0,0,0,0,1,0,1,0,0,0,0,0,260.26,7.5003,0,0,0,260.26
441.69,7.2,4.7,1.0,18,1,6,2,0,0,-1.0,-0.0,0.0,-1.0,0,0,0,1,0,0,0,1,0,0,0,441.69,61.3458,1,0,0,441.69
180.2,17.9,4.3,1.0,0,2,6,2,0,0,0.0,1.0,0.0,-1.0,0,1,0,0,0,1,0,0,0,0,0,180.2,10.067,0,1,0,180.2
619.49,27.1,4.0,1.5,6,2,6,2,0,0,1.0,0.0,0.0,-1.0,0,0,0,0,0,0,0,0,0,0,0,929.24,22.8594,0,0,0,412.99333333333334
626.05,3.2,4.3,1.0,12,2,6,2,0,0,0.0,-1.0,0.0,-1.0,0,0,0,0,0,0,0,0,1,0,0,626.05,195.6406,0,0,0,626.05
150.15,37.0,3.5,1.2,18,2,6,2,0,0,-1.0,-0.0,0.0,-1.0,0,0,1,0,0,1,0,0,0,0,1,180.18,4.0581,1,0,0,125.12500000000001
823.18,20.5,4.6,1.0,0,3,6,2,0,0,0.0,1.0,0.0,-1.0,0,1,0,0,0,0,0,0,0,0,0,823.18,40.1551,0,1,0,823.18
308.51,65.7,4.7,1.0,6,3,6,2,0,0,1.0,0.0,0.0,-1.0,0,1,0,0,0,0,0,0,0,0,0,308.51,4.6957,0,0,0,308.51
1460.35,9.1,4.0,1.5,12,3,6,2,0,0,0.0,-1.0,0.0,-1.0,0,1,0,0,0,0,0,0,0,0,0,2190.52,160.478,0,0,0,973.5666666666666
482.58,2.5,3.9,1.0,18,3,6,2,0,0,-1.0,-0.0,0.0,-1.0,0,1,0,0,0,0,0,0,0,0,0,482.58,193.032,1,0,0,482.58
827.12,15.5,4.0,1.0,0,4,6,2,0,0,0.0,1.0,0.0,-1.0,0,0,0,0,0,0,0,0,0,0,0,827.12,53.3626,0,1,0,827.12
255.63,2.0,4.3,1.5,6,4,6,2,0,0,1.0,0.0,0.0,-1.0,0,0,0,0,0,0,0,0,1,0,0,383.44,127.815,0,0,0,170.42
366.04,76.8,4.4,1.2,12,4,6,2,0,0,0.0,-1.0,0.0,-1.0,0,1,0,0,1,0,0,0,0,0,0,439.25,4.7661,0,0,0,305.03333333333336
322.67,0.9,5.0,1.5,18,4,6,2,0,0,-1.0,-0.0,0.0,-1.0,0,0,1,0,0,1,0,0,0,0,1,484.0,358.5222,1,0,0,215.11333333333334
178.24,30.8,5.0,1.2,0,5,7,3,1,0,0.0,1.0,-0.5,-0.866025,1,0,0,0,0,1,0,0,1,0,0,213.89,5.787,0,1,0,148.53333333333336
208.2,16.4,4.7,1.2,6,5,7,3,1,0,1.0,0.0,-0.5,-0.866025,1,0,0,0,0,0,0,0,1,0,0,249.84,12.6951,0,0,0,173.5
402.46,10.1,4.3,1.5,12,5,7,3,1,0,0.0,-1.0,-0.5,-0.866025,0,0,1,0,0,0,1,1,0,0,0,603.69,39.8475,0,0,0,268.3066666666667
520.69,1.5,3.8,1.0,18,5,7,3,1,0,-1.0,-0.0,-0.5,-0.866025,0,1,0,0,0,0,0,0,0,0,0,520.69,347.1267,1,0,0,520.69
240.58,21.4,5.0,1.2,0,6,7,3,1,0,0.0,1.0,-0.5,-0.866025,0,0,0,0,0,0,0,0,0,0,0,288.7,11.2421,0,1,0,200.48333333333335
354.36,19.4,4.2,1.2,6,6,7,3,1,0,1.0,0.0,-0.5,-0.866025,1,0,0,0,0,1,0,0,1,0,0,425.23,18.266,0,0,0,295.3
290.02,7.3,4.4,1.0,12,6,7,3,1,0,0.0,-1.0,-0.5,-0.866025,0,0,0,1,0,0,0,1,0,0,0,290.02,39.7288,0,0,0,290.02
416.32,53.0,4.6,1.0,18,6,7,3,1,0,-1.0,-0.0,-0.5,-0.866025,0,0,0,1,0,0,0,0,1,0,0,416.32,7.8551,1,0,0,416.32
596.36,8.0,4.3,1.0,0,0,7,3,0,0,0.0,1.0,-0.5,-0.866025,0,0,1,0,0,1,0,0,0,0,0,596.36,74.545,0,1,0,596.36
453.55,13.1,4.9,1.2,6,0,7,3,0,0,1.0,0.0,-0.5,-0.866025,0,1,0,0,1,0,0,0,0,0,1,544.26,34.6221,0,0,0,377.95833333333337
315.32,17.3,4.5,1.0,12,0,7,3,0,0,0.0,-1.0,-0.5,-0.866025,1,0,0,0,0,1,0,0,0,0,0,315.32,18.2266,0,0,0,315.32
703.81,2.3,4.8,2.0,18,0,7,3,0,0,-1.0,-0.0,-0.5,-0.866025,0,1,0,0,1,0,0,1,0,0,0,1407.62,306.0043,1,0,1,351.905
512.29,59.2,4.5,1.0,0,1,7,3,0,0,0.0,1.0,-0.5,-0.866025,1,0,0,0,0,0,1,0,0,0,1,512.29,8.6535,0,1,0,512.29
460.3,10.3,4.3,1.2,6,1,7,3,0,0,1.0,0.0,-0.5,-0.866025,0,0,1,0,0,0,0,0,0,0,0,552.36,44.6893,0,0,0,383.58333333333337
242.27,1.9,4.3,1.0,12,1,7,3,0,0,0.0,-1.0,-0.5,-0.866025,0,0,1,0,0,0,0,0,1,0,0,242.27,127.5105,0,0,0,242.27
667.68,10.8,4.3,1.2,18,1,7,3,0,0,-1.0,-0.0,-0.5,-0.866025,0,0,0,1,0,0,0,0,0,0,0,801.22,61.8222,1,0,0,556.4
537.95,20.2,3.7,1.2,0,2,7,3,0,0,0.0,1.0,-0.5,-0.866025,0,1,0,0,0,1,0,0,0,0,0,645.54,26.6312,0,1,0,448.29166666666674
551.85,15.9,3.8,1.2,6,2,7,3,0,0,1.0,0.0,-0.5,-0.866025,0,0,0,1,0,1,0,0,0,0,0,662.22,34.7075,0,0,0,459.87500000000006
382.55,26.1,4.7,1.5,12,2,7,3,0,0,0.0,-1.0,-0.5,-0.866025,0,1,0,0,0,0,1,0,1,0,0,573.83,14.6571,0,0,0,255.03333333333333
347.64,1.3,3.7,1.5,18,2,7,3,0,0,-1.0,-0.0,-0.5,-0.866025,0,0,0,1,1,0,0,0,0,0,1,521.46,267.4154,1,0,0,231.76
966.21,7.4,4.1,1.0,0,3,7,3,0,0,0.0,1.0,-0.5,-0.866025,0,0,0,0,0,1,0,0,1,0,0,966.21,130.5689,0,1,0,966.21
344.88,37.6,3.8,1.0,6,3,7,3,0,0,1.0,0.0,-0.5,-0.866025,0,0,0,0,0,0,0,0,0,0,0,344.88,9.1723,0,0,0,344.88
215.73,1.8,4.1,1.2,12,3,7,3,0,0,0.0,-1.0,-0.5,-0.866025,0,0,0,0,1,0,0,1,0,0,0,258.88,119.85,0,0,0,179.775
471.96,42.6,4.3,1.0,18,3,7,3,0,0,-1.0,-0.0,-0.5,-0.866025,0,0,0,0,0,0,1,0,0,0,1,471.96,11.0789,1,0,0,471.96
428.05,2.1,4.1,1.0,0,4,7,3,0,0,0.0,1.0,-0.5,-0.866025,1,0,0,0,1,0,0,0,0,0,0,428.05,203.8333,0,1,0,428.05
719.36,39.6,3.6,1.0,6,4,7,3,0,0,1.0,0.0,-0.5,-0.866025,0,0,0,0,0,0,0,0,0,0,1,719.36,18.1657,0,0,0,719.36
397.67,9.8,4.2,1.0,12,4,7,3,0,0,0.0,-1.0,-0.5,-0.866025,0,0,1,0,0,1,0,0,0,0,0,397.67,40.5786,0,0,0,397.67
587.0,20.8,4.3,1.0,18,4,7,3,0,0,-1.0,-0.0,-0.5,-0.866025,0,0,1,0,0,0,0,1,0,0,0,587.0,28.2212,1,0,0,587.0
850.75,3.7,4.0,1.5,0,5,7,3,1,0,0.0,1.0,-0.5,-0.866025,1,0,0,0,0,0,0,0,0,0,0,1276.12,229.9324,0,1,0,567.1666666666666
522.42,1.5,4.7,1.0,6,5,7,3,1,0,1.0,0.0,-0.5,-0.866025,0,0,0,0,0,0,0,0,0,0,0,522.42,348.28,0,0,0,522.42
249.06,5.4,4.8,1.0,12,5,7,3,1,0,0.0,-1.0,-0.5,-0.866025,0,0,0,0,0,1,0,0,0,0,0,249.06,46.1222,0,0,0,249.06
145.83,3.0,3.6,1.0,18,5,7,3,1,0,-1.0,-0.0,-0.5,-0.866025,0,0,0,0,0,1,0,0,1,0,0,145.83,48.61,1,0,0,145.83
529.77,8.2,5.0,1.5,0,6,7,3,1,0,0.0,1.0,-0.5,-0.866025,0,0,0,1,0,0,0,0,0,0,0,794.66,64.6061,0,1,0,353.18
357.56,15.9,4.0,2.0,6,6,7,3,1,0,1.0,0.0,-0.5,-0.866025,0,1,0,0,0,0,0,0,0,0,0,715.12,22.4881,0,0,1,178.78
488.14,19.5,4.0,1.2,12,6,7,3,1,0,0.0,-1.0,-0.5,-0.866025,0,0,0,1,0,1,0,0,1,0,0,585.77,25.0328,0,0,0,406.78333333333336
429.68,34.3,3.9,1.0,18,6,7,3,1,0,-1.0,-0.0,-0.5,-0.866025,0,1,0,0,0,0,0,0,0,0,1,429.68,12.5271,1,0,0,429.68
213.12,23.5,4.3,2.0,0,0,7,3,0,0,0.0,1.0,-0.5,-0.866025,0,0,0,0,0,0,0,0,0,0,0,426.24,9.0689,0,1,1,106.56
396.53,20.6,5.0,1.2,6,0,7,3,0,0,1.0,0.0,-0.5,-0.866025,0,0,0,0,0,1,0,0,0,0,0,475.84,19.249,0,0,0,330.44166666666666
241.33,11.7,3.5,1.5,12,0,7,3,0,0,0.0,-1.0,-0.5,-0.866025,0,0,0,1,1,0,0,0,0,0,0,362.0,20.6265,0,0,0,160.88666666666668
331.26,14.1,3.3,1.2,18,0,7,3,0,0,-1.0,-0.0,-0.5,-0.866025,0,0,0,1,0,0,0,0,0,0,0,397.51,23.4936,1,0,0,276.05
666.61,11.8,4.4,1.0,0,1,7,3,0,0,0.0,1.0,-0.5,-0.866025,0,1,0,0,0,0,0,1,0,0,0,666.61,56.4924,0,1,0,666.61
446.8,40.6,4.6,1.0,6,1,7,3,0,0,1.0,0.0,-0.5,-0.866025,0,0,1,0,0,0,0,1,0,0,0,446.8,11.0049,0,0,0,446.8
569.71,5.8,4.3,1.0,12,1,7,3,0,0,0.0,-1.0,-0.5,-0.866025,0,1,0,0,0,0,1,0,0,1,0,569.71,98.2259,0,0,0,569.71
465.1,0.1,4.6,1.0,18,1,7,3,0,0,-1.0,-0.0,-0.5,-0.866025,0,0,0,1,0,1,0,0,0,0,0,465.1,4651.0,1,0,0,465.1
370.73,23.2,3.7,1.2,0,2,7,3,0,0,0.0,1.0,-0.5,-0.866025,0,0,0,1,0,1,0,0,1,0,0,444.88,15.9797,0,1,0,308.9416666666667
488.82,5.0,3.8,1.5,6,2,7,3,0,0,1.0,0.0,-0.5,-0.866025,1,0,0,0,0,0,0,0,1,0,0,733.23,97.764,0,0,0,325.88
162.46,48.6,4.4,1.2,12,2,7,3,0,0,0.0,-1.0,-0.5,-0.866025,0,0,0,1,0,1,0,1,0,0,0,194.95,3.3428,0,0,0,135.38333333333335
620.55,43.1,5.0,1.0,18,2,7,3,0,0,-1.0,-0.0,-0.5,-0.866025,1,0,0,0,0,0,0,0,1,0,0,620.55,14.3979,1,0,0,620.55
274.49,1.8,4.6,1.0,0,3,7,3,0,0,0.0,1.0,-0.5,-0.866025,0,0,1,0,0,1,0,0,1,0,0,274.49,152.4944,0,1,0,274.49
552.27,2.5,4.6,1.0,6,3,7,3,0,0,1.0,0.0,-0.5,-0.866025,0,1,0,0,0,0,1,0,1,0,0,552.27,220.908,0,0,0,552.27
363.17,15.0,3.8,1.0,12,3,7,3,0,0,0.0,-1.0,-0.5,-0.866025,0,1,0,0,0,1,0,0,0,0,0,363.17,24.2113,0,0,0,363.17
213.2,20.7,4.5,1.0,18,3,7,3,0,0,-1.0,-0.0,-0.5,-0.866025,1,0,0,0,1,0,0,0,0,0,1,213.2,10.2995,1,0,0,213.2
300.71,7.1,3.7,1.2,0,4,7,3,0,0,0.0,1.0,-0.5,-0.866025,0,1,0,0,1,0,0,0,0,0,0,360.85,42.3535,0,1,0,250.59166666666667
553.67,27.8,5.0,1.0,6,4,7,3,0,0,1.0,0.0,-0.5,-0.866025,0,0,0,1,0,0,0,0,1,0,0,553.67,19.9162,0,0,0,553.67
1119.68,19.9,3.8,2.0,12,4,7,3,0,0,0.0,-1.0,-0.5,-0.866025,0,0,0,0,0,0,1,0,0,0,0,2239.36,56.2653,0,0,1,559.84
415.87,8.6,3.9,1.0,18,4,7,3,0,0,-1.0,-0.0,-0.5,-0.866025,1,0,0,0,0,0,0,0,1,0,0,415.87,48.357,1,0,0,415.87
1054.19,0.6,3.6,1.5,0,5,7,3,1,0,0.0,1.0,-0.5,-0.866025,0,1,0,0,0,1,0,0,1,0,0,1581.28,1756.9833,0,1,0,702.7933333333334
162.2,30.5,4.3,1.0,6,5,7,3,1,0,1.0,0.0,-0.5,-0.866025,1,0,0,0,0,0,0,0,0,0,0,162.2,5.318,0,0,0,162.2
377.74,5.3,4.3,1.0,12,5,7,3,1,0,0.0,-1.0,-0.5,-0.866025,1,0,0,0,0,0,0,0,0,0,0,377.74,71.2717,0,0,0,377.74
416.05,39.6,5.0,1.2,18,5,7,3,1,0,-1.0,-0.0,-0.5,-0.866025,0,0,0,0,0,1,0,0,1,0,0,499.26,10.5063,1,0,0,346.70833333333337
567.93,12.0,4.7,1.2,0,6,7,3,1,0,0.0,1.0,-0.5,-0.866025,0,0,0,1,0,0,0,0,1,0,0,681.52,47.3275,0,1,0,473.275
307.02,18.9,3.9,1.0,6,6,7,3,1,0,1.0,0.0,-0.5,-0.866025,1,0,0,0,0,1,0,0,0,0,0,307.02,16.2444,0,0,0,307.02
511.39,45.4,4.7,1.0,12,6,7,3,1,0,0.0,-1.0,-0.5,-0.866025,0,1,0,0,0,1,0,0,0,0,0,511.39,11.2641,0,0,0,511.39
387.5,43.8,3.7,1.0,18,6,7,3,1,0,-1.0,-0.0,-0.5,-0.866025,0,0,1,0,0,0,0,0,1,0,0,387.5,8.847,1,0,0,387.5
769.71,10.2,3.9,1.2,0,0,7,3,0,0,0.0,1.0,-0.5,-0.866025,1,0,0,0,0,0,0,0,0,0,0,923.65,75.4618,0,1,0,641.4250000000001
472.18,5.2,4.4,1.5,6,0,7,3,0,0,1.0,0.0,-0.5,-0.866025,1,0,0,0,0,1,0,0,0,0,0,708.27,90.8038,0,0,0,314.7866666666667
1399.2,32.8,3.7,1.0,12,0,7,3,0,0,0.0,-1.0,-0.5,-0.866025,0,0,0,0,0,0,0,0,0,0,0,1399.2,42.6585,0,0,0,1399.2
389.1,12.5,4.8,1.0,18,0,7,3,0,0,-1.0,-0.0,-0.5,-0.866025,0,0,0,1,1,0,0,0,0,0,0,389.1,31.128,1,0,0,389.1
745.3,4.7,5.0,1.5,0,1,7,3,0,0,0.0,1.0,-0.5,-0.866025,0,0,1,0,0,1,0,0,0,0,0,1117.95,158.5745,0,1,0,496.8666666666666
861.46,51.7,4.2,1.0,6,1,7,3,0,0,1.0,0.0,-0.5,-0.866025,0,1,0,0,1,0,0,0,0,0,0,861.46,16.6627,0,0,0,861.46
84.11,4.9,4.0,1.2,12,1,7,3,0,0,0.0,-1.0,-0.5,-0.866025,0,0,1,0,0,1,0,0,0,0,0,100.93,17.1653,0,0,0,70.09166666666667
616.68,0.6,4.2,1.0,18,1,7,3,0,0,-1.0,-0.0,-0.5,-0.866025,0,1,0,0,0,1,0,0,0,0,0,616.68,1027.8,1,0,0,616.68
210.76,0.5,4.0,1.0,0,2,7,3,0,0,0.0,1.0,-0.5,-0.866025,0,0,0,1,0,1,0,0,0,0,0,210.76,421.52,0,1,0,210.76
381.82,21.4,4.4,1.0,6,2,7,3,0,0,1.0,0.0,-0.5,-0.866025,0,1,0,0,0,0,0,0,0,0,0,381.82,17.8421,0,0,0,381.82
230.33,23.8,3.6,1.0,12,2,7,3,0,0,0.0,-1.0,-0.5,-0.866025,0,0,0,0,0,0,0,0,0,0,0,230.33,9.6777,0,0,0,230.33
776.31,8.2,4.5,1.0,18,2,7,3,0,0,-1.0,-0.0,-0.5,-0.866025,0,0,0,0,1,0,0,1,0,0,0,776.31,94.672,1,0,0,776.31
316.6,8.5,5.0,1.2,0,3,7,3,0,0,0.0,1.0,-0.5,-0.866025,0,0,0,0,0,1,0,0,0,0,0,379.92,37.2471,0,1,0,263.83333333333337
156.49,9.1,3.3,1.2,6,3,7,3,0,0,1.0,0.0,-0.5,-0.866025,0,0,0,0,1,0,0,0,0,0,0,187.79,17.1967,0,0,0,130.40833333333336
477.94,25.1,3.7,1.2,12,3,7,3,0,0,0.0,-1.0,-0.5,-0.866025,0,0,1,0,1,0,0,0,0,0,0,573.53,19.0414,0,0,0,398.28333333333336
833.08,1.3,4.1,1.2,18,3,7,3,0,0,-1.0,-0.0,-0.5,-0.866025,0,0,0,1,1,0,0,0,0,0,0,999.7,640.8308,1,0,0,694.2333333333333
232.07,58.2,4.6,1.0,0,4,7,3,0,0,0.0,1.0,-0.5,-0.866025,0,1,0,0,0,0,1,0,1,0,0,232.07,3.9875,0,1,0,232.07
656.76,5.5,4.7,1.0,6,4,7,3,0,0,1.0,0.0,-0.5,-0.866025,0,1,0,0,0,1,0,0,1,0,0,656.76,119.4109,0,0,0,656.76
131.41,176.6,4.7,1.5,12,4,7,3,0,0,0.0,-1.0,-0.5,-0.866025,0,0,0,0,0,0,0,1,0,0,0,197.12,0.7441,0,0,0,87.60666666666667
862.35,4.1,3.5,1.0,18,4,7,3,0,0,-1.0,-0.0,-0.5,-0.866025,0,0,0,0,0,1,0,0,1,0,0,862.35,210.3293,1,0,0,862.35
527.58,32.5,4.0,1.0,0,5,7,3,1,0,0.0,1.0,-0.5,-0.866025,1,0,0,0,0,0,0,0,0,0,1,527.58,16.2332,0,1,0,527.58
218.35,5.6,3.8,1.0,6,5,7,3,1,0,1.0,0.0,-0.5,-0.866025,0,0,0,1,0,1,0,0,0,0,0,218.35,38.9911,0,0,0,218.35
627.34,1.9,4.3,1.0,12,5,7,3,1,0,0.0,-1.0,-0.5,-0.866025,0,0,1,0,1,0,0,0,0,0,0,627.34,330.1789,0,0,0,627.34
326.24,45.7,4.3,1.0,18,5,7,3,1,0,-1.0,-0.0,-0.5,-0.866025,0,1,0,0,0,1,0,0,0,0,0,326.24,7.1387,1,0,0,326.24
260.41,43.1,3.6,1.5,0,6,7,3,1,0,0.0,1.0,-0.5,-0.866025,1,0,0,0,0,0,0,0,0,0,0,390.62,6.042,0,1,0,173.60666666666668
322.45,11.4,4.1,1.5,6,6,7,3,1,0,1.0,0.0,-0.5,-0.866025,1,0,0,0,0,0,0,0,0,0,0,483.67,28.2851,0,0,0,214.96666666666667
596.23,26.7,4.6,1.5,12,6,7,3,1,0,0.0,-1.0,-0.5,-0.866025,0,1,0,0,0,1,0,0,1,0,0,894.34,22.3307,0,0,0,397.4866666666667
251.27,17.9,4.0,2.0,18,6,7,3,1,0,-1.0,-0.0,-0.5,-0.866025,0,0,1,0,0,0,0,0,0,0,0,502.54,14.0374,1,0,1,125.635
101.32,42.2,4.2,1.5,0,0,7,3,0,0,0.0,1.0,-0.5,-0.866025,1,0,0,0,1,0,0,0,0,0,1,151.98,2.4009,0,1,0,67.54666666666667
331.37,8.3,5.0,1.0,6,0,7,3,0,0,1.0,0.0,-0.5,-0.866025,1,0,0,0,0,0,0,1,0,0,0,331.37,39.9241,0,0,0,331.37
792.02,16.3,5.0,1.0,12,0,7,3,0,0,0.0,-1.0,-0.5,-0.866025,0,0,0,1,0,0,0,0,0,0,0,792.02,48.5902,0,0,0,792.02
786.8,14.6,3.2,1.2,18,0,7,3,0,0,-1.0,-0.0,-0.5,-0.866025,0,0,1,0,0,0,0,0,0,0,0,944.16,53.8904,1,0,0,655.6666666666666
322.2,9.6,4.4,1.0,0,1,7,3,0,0,0.0,1.0,-0.5,-0.866025,1,0,0,0,0,1,0,0,0,0,0,322.2,33.5625,0,1,0,322.2
316.06,48.9,5.0,1.0,6,1,7,3,0,0,1.0,0.0,-0.5,-0.866025,0,0,1,0,0,1,0,0,0,0,0,316.06,6.4634,0,0,0,316.06
305.62,4.0,4.5,1.0,12,1,7,3,0,0,0.0,-1.0,-0.5,-0.866025,0,1,0,0,0,0,0,0,0,0,0,305.62,76.405,0,0,0,305.62
298.36,3.6,4.3,1.0,18,1,7,3,0,0,-1.0,-0.0,-0.5,-0.866025,0,0,0,0,0,0,0,0,0,0,0,298.36,82.8778,1,0,0,298.36
309.52,18.9,5.0,1.0,0,2,7,3,0,0,0.0,1.0,-0.5,-0.866025,1,0,0,0,0,1,0,0,0,0,0,309.52,16.3767,0,1,0,309.52
489.63,23.6,4.4,1.0,6,2,7,3,0,0,1.0,0.0,-0.5,-0.866025,0,0,0,1,0,0,0,0,0,0,0,489.63,20.747,0,0,0,489.63
801.46,4.8,4.7,1.0,12,2,7,3,0,0,0.0,-1.0,-0.5,-0.866025,0,1,0,0,0,1,0,0,0,0,1,801.46,166.9708,0,0,0,801.46
251.03,10.9,4.2,1.5,18,2,7,3,0,0,-1.0,-0.0,-0.5,-0.866025,0,0,1,0,0,1,0,0,1,0,0,376.54,23.0303,1,0,0,167.35333333333332
277.63,64.4,4.4,1.0,0,3,7,3,0,0,0.0,1.0,-0.5,-0.866025,0,1,0,0,0,0,0,0,0,0,1,277.63,4.311,0,1,0,277.63
518.03,6.2,4.3,1.5,6,3,7,3,0,0,1.0,0.0,-0.5,-0.866025,1,0,0,0,0,0,0,0,0,0,0,777.04,83.5532,0,0,0,345.3533333333333
613.27,24.3,4.7,1.0,12,3,7,3,0,0,0.0,-1.0,-0.5,-0.866025,0,0,1,0,0,0,1,0,0,0,0,613.27,25.2374,0,0,0,613.27
180.17,29.6,4.1,1.0,18,3,7,3,0,0,-1.0,-0.0,-0.5,-0.866025,0,0,0,0,0,1,0,0,1,0,0,180.17,6.0868,1,0,0,180.17
946.97,13.1,4.1,1.0,0,4,7,3,0,0,0.0,1.0,-0.5,-0.866025,0,1,0,0,0,1,0,0,0,0,0,946.97,72.2878,0,1,0,946.97
364.22,61.0,3.3,1.0,6,4,7,3,0,0,1.0,0.0,-0.5,-0.866025,1,0,0,0,0,0,0,0,0,0,0,364.22,5.9708,0,0,0,364.22
190.46,29.4,4.1,1.2,12,4,7,3,0,0,0.0,-1.0,-0.5,-0.866025,0,0,0,1,0,1,0,0,1,0,0,228.55,6.4782,0,0,0,158.71666666666667
174.96,13.5,4.8,1.2,18,4,7,3,0,0,-1.0,-0.0,-0.5,-0.866025,0,0,1,0,0,0,0,0,1,0,0,209.95,12.96,1,0,0,145.8
168.72,18.5,4.5,1.2,0,5,7,3,1,0,0.0,1.0,-0.5,-0.866025,0,1,0,0,0,1,0,0,0,0,0,202.46,9.12,0,1,0,140.6
738.24,26.0,3.8,2.0,6,5,7,3,1,0,1.0,0.0,-0.5,-0.866025,0,1,0,0,0,0,1,0,0,0,0,1476.48,28.3938,0,0,1,369.12
448.68,19.7,3.3,1.0,12,5,7,3,1,0,0.0,-1.0,-0.5,-0.866025,0,0,0,0,0,0,0,0,0,0,0,448.68,22.7756,0,0,0,448.68
741.58,46.4,4.2,1.0,18,5,7,3,1,0,-1.0,-0.0,-0.5,-0.866025,0,0,0,0,0,0,0,0,0,0,0,741.58,15.9823,1,0,0,741.58
406.0,9.7,4.8,1.0,0,6,7,3,1,0,0.0,1.0,-0.5,-0.866025,0,0,0,1,0,0,0,0,0,0,0,406.0,41.8557,0,1,0,406.0
731.32,7.8,4.1,1.0,6,6,7,3,1,0,1.0,0.0,-0.5,-0.866025,0,0,0,1,0,0,0,0,0,0,0,731.32,93.759,0,0,0,731.32
400.76,5.3,3.6,1.0,12,6,7,3,1,0,0.0,-1.0,-0.5,-0.866025,1,0,0,0,0,0,0,0,0,0,0,400.76,75.6151,0,0,0,400.76
53.45,0.8,4.0,1.0,18,6,7,3,1,0,-1.0,-0.0,-0.5,-0.866025,1,0,0,0,0,0,0,0,0,0,1,53.45,66.8125,1,0,0,53.45
566.74,1.0,4.5,1.0,0,0,7,3,0,0,0.0,1.0,-0.5,-0.866025,0,0,0,1,1,0,0,0,1,0,0,566.74,566.74,0,1,0,566.74
420.38,44.9,4.9,1.0,6,0,7,3,0,0,1.0,0.0,-0.5,-0.866025,0,0,0,1,0,1,0,0,1,0,0,420.38,9.3626,0,0,0,420.38
388.2,25.0,4.2,1.0,12,0,7,3,0,0,0.0,-1.0,-0.5,-0.866025,0,0,1,0,0,0,0,0,0,0,0,388.2,15.528,0,0,0,388.2
264.96,23.8,4.8,1.2,18,0,7,3,0,0,-1.0,-0.0,-0.5,-0.866025,0,0,0,0,0,0,1,0,0,0,0,317.95,11.1328,1,0,0,220.79999999999998
605.73,21.0,4.8,1.2,0,1,8,3,0,0,0.0,1.0,-0.866025,-0.5,1,0,0,0,0,0,0,0,0,0,0,726.88,28.8443,0,1,0,504.77500000000003
232.69,41.6,3.7,1.2,6,1,8,3,0,0,1.0,0.0,-0.866025,-0.5,0,0,0,0,0,0,1,0,0,0,0,279.23,5.5935,0,0,0,193.90833333333333
605.22,14.4,4.9,1.2,12,1,8,3,0,0,0.0,-1.0,-0.866025,-0.5,0,0,0,0,0,0,0,0,0,0,0,726.26,42.0292,0,0,0,504.35
459.11,45.0,4.4,1.0,18,1,8,3,0,0,-1.0,-0.0,-0.866025,-0.5,0,0,0,1,1,0,0,0,1,0,0,459.11,10.2024,1,0,0,459.11
613.29,9.8,3.7,1.0,0,2,8,3,0,0,0.0,1.0,-0.866025,-0.5,0,0,1,0,0,1,0,0,1,0,0,613.29,62.5806,0,1,0,613.29
479.42,57.5,5.0,1.0,6,2,8,3,0,0,1.0,0.0,-0.866025,-0.5,0,1,0,0,1,0,0,0,0,0,0,479.42,8.3377,0,0,0,479.42
770.98,26.4,4.2,1.5,12,2,8,3,0,0,0.0,-1.0,-0.866025,-0.5,0,0,1,0,0,0,1,0,0,0,0,1156.47,29.2038,0,0,0,513.9866666666667
539.32,6.5,3.3,1.2,18,2,8,3,0,0,-1.0,-0.0,-0.866025,-0.5,0,0,1,0,0,0,0,0,0,0,1,647.18,82.9723,1,0,0,449.4333333333334
464.07,18.3,3.9,1.0,0,3,8,3,0,0,0.0,1.0,-0.866025,-0.5,0,0,0,0,0,0,1,0,0,0,0,464.07,25.359,0,1,0,464.07
93.7,16.8,3.8,1.0,6,3,8,3,0,0,1.0,0.0,-0.866025,-0.5,0,0,1,0,0,0,0,0,0,0,0,93.7,5.5774,0,0,0,93.7
786.46,3.3,4.0,2.0,12,3,8,3,0,0,0.0,-1.0,-0.866025,-0.5,1,0,0,0,0,0,0,0,0,0,0,1572.92,238.3212,0,0,1,393.23
167.57,19.7,4.1,1.0,18,3,8,3,0,0,-1.0,-0.0,-0.866025,-0.5,0,0,0,0,0,0,0,0,1,0,0,167.57,8.5061,1,0,0,167.57
200.93,8.3,4.2,1.5,0,4,8,3,0,0,0.0,1.0,-0.866025,-0.5,1,0,0,0,0,1,0,0,0,0,1,301.4,24.2084,0,1,0,133.95333333333335
642.12,1.2,4.2,1.0,6,4,8,3,0,0,1.0,0.0,-0.866025,-0.5,0,1,0,0,0,0,0,0,0,0,0,642.12,535.1,0,0,0,642.12
440.26,65.3,4.3,1.0,12,4,8,3,0,0,0.0,-1.0,-0.866025,-0.5,0,0,0,0,0,1,0,1,0,0,0,440.26,6.7421,0,0,0,440.26
171.98,22.6,4.6,1.2,18,4,8,3,0,0,-1.0,-0.0,-0.866025,-0.5,0,1,0,0,0,1,0,1,0,0,0,206.38,7.6097,1,0,0,143.31666666666666
315.82,46.1,3.9,1.2,0,5,8,3,1,0,0.0,1.0,-0.866025,-0.5,0,0,0,0,1,0,0,0,0,0,0,378.98,6.8508,0,1,0,263.18333333333334
765.96,24.8,4.9,1.2,6,5,8,3,1,0,1.0,0.0,-0.866025,-0.5,0,0,0,1,1,0,0,0,0,0,0,919.15,30.8855,0,0,0,638.3000000000001
472.14,9.7,3.7,1.0,12,5,8,3,1,0,0.0,-1.0,-0.866025,-0.5,0,0,1,0,0,1,0,0,0,0,0,472.14,48.6742,0,0,0,472.14
445.86,15.8,4.6,1.0,18,5,8,3,1,0,-1.0,-0.0,-0.866025,-0.5,0,0,0,1,0,0,0,0,0,0,1,445.86,28.219,1,0,0,445.86
295.03,24.8,5.0,1.2,0,6,8,3,1,0,0.0,1.0,-0.866025,-0.5,0,1,0,0,0,0,0,0,0,0,0,354.04,11.8964,0,1,0,245.85833333333332
653.48,71.0,4.3,1.0,6,6,8,3,1,0,1.0,0.0,-0.866025,-0.5,0,0,1,0,0,0,0,0,1,0,0,653.48,9.2039,0,0,0,653.48
412.31,6.4,4.4,1.0,12,6,8,3,1,0,0.0,-1.0,-0.866025,-0.5,0,0,0,0,0,0,0,0,0,0,0,412.31,64.4234,0,0,0,412.31
593.49,45.7,3.8,1.5,18,6,8,3,1,0,-1.0,-0.0,-0.866025,-0.5,0,0,1,0,0,0,0,0,1,0,0,890.24,12.9867,1,0,0,395.66
278.46,56.7,4.0,1.0,0,0,8,3,0,0,0.0,1.0,-0.866025,-0.5,1,0,0,0,0,0,0,0,0,0,0,278.46,4.9111,0,1,0,278.46
1122.71,24.4,5.0,1.0,6,0,8,3,0,0,1.0,0.0,-0.866025,-0.5,0,0,1,0,0,0,1,0,1,0,0,1122.71,46.0127,0,0,0,1122.71
835.17,58.9,4.7,1.2,12,0,8,3,0,0,0.0,-1.0,-0.866025,-0.5,1,0,0,0,0,1,0,1,0,0,0,1002.2,14.1795,0,0,0,695.975
469.57,11.2,4.5,2.0,18,0,8,3,0,0,-1.0,-0.0,-0.866025,-0.5,0,0,1,0,0,0,0,1,0,0,0,939.14,41.9259,1,0,1,234.785
522.31,67.3,3.3,1.0,0,1,8,3,0,0,0.0,1.0,-0.866025,-0.5,1,0,0,0,0,1,0,1,0,0,0,522.31,7.7609,0,1,0,522.31
317.46,26.7,3.9,1.0,6,1,8,3,0,0,1.0,0.0,-0.866025,-0.5,0,1,0,0,0,0,0,0,0,0,0,317.46,11.8899,0,0,0,317.46
617.16,0.9,4.3,1.5,12,1,8,3,0,0,0.0,-1.0,-0.866025,-0.5,0,0,0,1,0,1,0,0,1,0,0,925.74,685.7333,0,0,0,411.44
107.47,52.2,4.5,1.5,18,1,8,3,0,0,-1.0,-0.0,-0.866025,-0.5,0,0,0,0,0,1,0,0,0,0,0,161.2,2.0588,1,0,0,71.64666666666666
939.73,14.6,4.6,1.2,0,2,8,3,0,0,0.0,1.0,-0.866025,-0.5,0,0,1,0,0,1,0,0,0,0,0,1127.68,64.3651,0,1,0,783.1083333333333
599.27,13.6,4.4,1.0,6,2,8,3,0,0,1.0,0.0,-0.866025,-0.5,0,0,0,1,0,1,0,0,0,0,0,599.27,44.064,0,0,0,599.27
248.14,18.4,4.0,1.0,12,2,8,3,0,0,0.0,-1.0,-0.866025,-0.5,0,0,0,0,0,0,1,0,0,0,0,248.14,13.4859,0,0,0,248.14
928.32,3.6,4.5,1.2,18,2,8,3,0,0,-1.0,-0.0,-0.866025,-0.5,0,0,0,0,1,0,0,0,0,0,0,1113.98,257.8667,1,0,0,773.6
1074.53,13.9,3.5,1.5,0,3,8,3,0,0,0.0,1.0,-0.866025,-0.5,1,0,0,0,0,1,0,0,0,0,1,1611.8,77.3043,0,1,0,716.3533333333334
536.6,39.1,4.3,1.5,6,3,8,3,0,0,1.0,0.0,-0.866025,-0.5,0,1,0,0,0,1,0,0,0,0,0,804.9,13.7238,0,0,0,357.73333333333335
281.08,0.3,3.9,1.0,12,3,8,3,0,0,0.0,-1.0,-0.866025,-0.5,0,1,0,0,0,1,0,0,1,0,0,281.08,936.9333,0,0,0,281.08
449.47,7.0,4.4,1.0,18,3,8,3,0,0,-1.0,-0.0,-0.866025,-0.5,0,0,0,1,0,0,0,0,0,0,0,449.47,64.21,1,0,0,449.47
575.5,0.1,3.5,1.0,0,4,8,3,0,0,0.0,1.0,-0.866025,-0.5,0,1,0,0,0,0,0,0,0,0,0,575.5,5755.0,0,1,0,575.5
514.22,11.8,4.4,2.0,6,4,8,3,0,0,1.0,0.0,-0.866025,-0.5,0,0,1,0,0,0,0,0,0,0,0,1028.44,43.578,0,0,1,257.11
248.16,28.7,3.8,1.2,12,4,8,3,0,0,0.0,-1.0,-0.866025,-0.5,0,1,0,0,0,1,0,0,0,0,1,297.79,8.6467,0,0,0,206.8
570.3,35.3,3.9,1.0,18,4,8,3,0,0,-1.0,-0.0,-0.866025,-0.5,0,0,0,1,0,1,0,1,0,0,0,570.3,16.1558,1,0,0,570.3
761.56,63.9,4.9,1.0,0,5,8,3,1,0,0.0,1.0,-0.866025,-0.5,0,1,0,0,0,0,0,0,0,0,1,761.56,11.918,0,1,0,761.56
215.36,20.6,4.3,1.0,6,5,8,3,1,0,1.0,0.0,-0.866025,-0.5,0,0,1,0,0,0,1,0,0,0,1,215.36,10.4544,0,0,0,215.36
230.44,6.5,3.8,1.0,12,5,8,3,1,0,0.0,-1.0,-0.866025,-0.5,1,0,0,0,0,0,1,0,0,0,0,230.44,35.4523,0,0,0,230.44
310.36,56.7,4.4,1.5,18,5,8,3,1,0,-1.0,-0.0,-0.866025,-0.5,0,0,0,1,1,0,0,0,0,0,0,465.54,5.4737,1,0,0,206.90666666666667
392.6,32.8,3.6,1.2,0,6,8,3,1,0,0.0,1.0,-0.866025,-0.5,1,0,0,0,0,1,0,0,1,0,0,471.12,11.9695,0,1,0,327.1666666666667
661.76,18.8,4.5,1.0,6,6,8,3,1,0,1.0,0.0,-0.866025,-0.5,1,0,0,0,1,0,0,0,0,0,0,661.76,35.2,0,0,0,661.76
757.4,26.2,4.9,1.0,12,6,8,3,1,0,0.0,-1.0,-0.866025,-0.5,1,0,0,0,0,0,0,0,0,0,0,757.4,28.9084,0,0,0,757.4
274.32,56.8,4.6,1.5,18,6,8,3,1,0,-1.0,-0.0,-0.866025,-0.5,0,0,0,0,1,0,0,0,0,0,0,411.48,4.8296,1,0,0,182.88
487.48,27.4,5.0,1.0,0,0,8,3,0,1,0.0,1.0,-0.866025,-0.5,0,0,0,0,0,0,0,0,1,0,0,487.48,17.7912,0,1,0,487.48
742.35,10.1,3.3,1.0,6,0,8,3,0,1,1.0,0.0,-0.866025,-0.5,1,0,0,0,1,0,0,0,1,0,0,742.35,73.5,0,0,0,742.35
1154.44,27.5,4.4,2.0,12,0,8,3,0,1,0.0,-1.0,-0.866025,-0.5,0,0,0,1,0,0,0,0,0,0,0,2308.88,41.9796,0,0,1,577.22
486.18,0.9,3.6,1.5,18,0,8,3,0,1,-1.0,-0.0,-0.866025,-0.5,0,0,1,0,1,0,0,0,0,0,0,729.27,540.2,1,0,0,324.12
499.84,10.7,4.2,1.5,0,1,8,3,0,0,0.0,1.0,-0.866025,-0.5,0,0,1,0,0,0,1,0,1,0,0,749.76,46.714,0,1,0,333.22666666666663
538.26,11.5,4.3,1.0,6,1,8,3,0,0,1.0,0.0,-0.866025,-0.5,0,1,0,0,0,0,0,0,1,0,0,538.26,46.8052,0,0,0,538.26
370.95,4.0,5.0,1.0,12,1,8,3,0,0,0.0,-1.0,-0.866025,-0.5,0,0,0,1,0,1,0,0,0,0,0,370.95,92.7375,0,0,0,370.95
467.34,0.5,4.3,1.0,18,1,8,3,0,0,-1.0,-0.0,-0.866025,-0.5,0,0,0,0,0,0,1,0,1,0,0,467.34,934.68,1,0,0,467.34
125.26,3.1,4.3,1.0,0,2,8,3,0,0,0.0,1.0,-0.866025,-0.5,1,0,0,0,0,1,0,0,0,0,0,125.26,40.4065,0,1,0,125.26
318.41,23.4,4.8,1.2,6,2,8,3,0,0,1.0,0.0,-0.866025,-0.5,0,1,0,0,1,0,0,0,0,0,0,382.09,13.6073,0,0,0,265.3416666666667
565.86,35.7,4.3,1.0,12,2,8,3,0,0,0.0,-1.0,-0.866025,-0.5,0,0,1,0,0,1,0,0,1,0,0,565.86,15.8504,0,0,0,565.86
265.42,97.7,5.0,1.2,18,2,8,3,0,0,-1.0,-0.0,-0.866025,-0.5,0,0,0,0,0,0,0,0,1,0,0,318.5,2.7167,1,0,0,221.18333333333337
669.45,9.4,4.6,1.0,0,3,8,3,0,0,0.0,1.0,-0.866025,-0.5,0,0,0,0,0,0,0,0,0,0,0,669.45,71.2181,0,1,0,669.45
154.14,20.1,4.7,1.0,6,3,8,3,0,0,1.0,0.0,-0.866025,-0.5,1,0,0,0,0,0,0,0,1,0,0,154.14,7.6687,0,0,0,154.14
656.67,60.9,3.4,2.0,12,3,8,3,0,0,0.0,-1.0,-0.866025,-0.5,0,0,1,0,1,0,0,0,1,0,0,1313.34,10.7828,0,0,1,328.335
655.79,4.0,5.0,1.0,18,3,8,3,0,0,-1.0,-0.0,-0.866025,-0.5,0,0,0,1,0,0,0,0,1,0,0,655.79,163.9475,1,0,0,655.79
1164.72,27.8,4.0,1.0,0,4,8,3,0,0,0.0,1.0,-0.866025,-0.5,0,0,0,0,0,1,0,0,1,0,0,1164.72,41.8964,0,1,0,1164.72
363.14,30.9,4.3,1.0,6,4,8,3,0,0,1.0,0.0,-0.866025,-0.5,1,0,0,0,0,1,0,0,1,0,0,363.14,11.7521,0,0,0,363.14
440.45,2.1,4.0,1.0,12,4,8,3,0,0,0.0,-1.0,-0.866025,-0.5,0,0,0,1,0,1,0,0,0,0,0,440.45,209.7381,0,0,0,440.45
894.58,43.5,3.8,1.0,18,4,8,3,0,0,-1.0,-0.0,-0.866025,-0.5,0,0,1,0,1,0,0,0,0,0,0,894.58,20.5651,1,0,0,894.58
838.38,36.9,3.7,1.0,0,5,8,3,1,0,0.0,1.0,-0.866025,-0.5,0,0,0,0,0,0,1,0,0,0,0,838.38,22.7203,0,1,0,838.38
718.47,0.7,4.4,1.2,6,5,8,3,1,0,1.0,0.0,-0.866025,-0.5,0,0,0,1,0,1,0,0,0,0,0,862.16,1026.3857,0,0,0,598.725
523.15,2.1,3.3,1.5,12,5,8,3,1,0,0.0,-1.0,-0.866025,-0.5,0,0,0,1,1,0,0,0,1,0,0,784.72,249.119,0,0,0,348.76666666666665
882.61,1.1,4.2,1.0,18,5,8,3,1,0,-1.0,-0.0,-0.866025,-0.5,0,0,0,1,1,0,0,0,0,0,0,882.61,802.3727,1,0,0,882.61
1369.1,9.0,4.8,1.0,0,6,8,3,1,0,0.0,1.0,-0.866025,-0.5,0,0,0,0,0,1,0,0,0,0,0,1369.1,152.1222,0,1,0,1369.1
592.24,15.7,4.6,1.2,6,6,8,3,1,0,1.0,0.0,-0.866025,-0.5,0,0,0,0,0,0,1,0,0,0,0,710.69,37.7223,0,0,0,493.53333333333336
451.43,16.7,4.5,1.0,12,6,8,3,1,0,0.0,-1.0,-0.866025,-0.5,0,1,0,0,0,0,0,0,0,0,0,451.43,27.0317,0,0,0,451.43
627.76,6.9,3.9,1.2,18,6,8,3,1,0,-1.0,-0.0,-0.866025,-0.5,0,0,1,0,0,0,0,0,0,0,0,753.31,90.9797,1,0,0,523.1333333333333
482.69,53.4,3.5,1.2,0,0,8,3,0,0,0.0,1.0,-0.866025,-0.5,1,0,0,0,1,0,0,0,1,0,0,579.23,9.0391,0,1,0,402.2416666666667
380.22,10.1,4.8,1.0,6,0,8,3,0,0,1.0,0.0,-0.866025,-0.5,0,0,0,1,0,1,0,0,0,0,0,380.22,37.6455,0,0,0,380.22
670.86,1.0,4.1,1.5,12,0,8,3,0,0,0.0,-1.0,-0.866025,-0.5,0,1,0,0,1,0,0,0,1,0,0,1006.29,670.86,0,0,0,447.24
335.33,7.9,4.3,1.5,18,0,8,3,0,0,-1.0,-0.0,-0.866025,-0.5,1,0,0,0,1,0,0,0,0,0,1,503.0,42.4468,1,0,0,223.5533333333333
586.19,16.7,4.2,1.5,0,1,8,3,0,0,0.0,1.0,-0.866025,-0.5,0,1,0,0,0,0,0,0,0,0,0,879.29,35.1012,0,1,0,390.79333333333335
176.42,11.5,4.6,1.0,6,1,8,3,0,0,1.0,0.0,-0.866025,-0.5,0,0,0,0,1,0,0,0,0,0,0,176.42,15.3409,0,0,0,176.42
960.46,7.0,5.0,1.0,12,1,8,3,0,0,0.0,-1.0,-0.866025,-0.5,0,0,0,1,0,1,0,0,0,0,0,960.46,137.2086,0,0,0,960.46
285.58,3.1,5.0,1.5,18,1,8,3,0,0,-1.0,-0.0,-0.866025,-0.5,1,0,0,0,0,1,0,0,1,0,0,428.37,92.1226,1,0,0,190.38666666666666
198.79,37.6,3.1,1.0,0,2,8,3,0,0,0.0,1.0,-0.866025,-0.5,1,0,0,0,0,1,0,0,1,0,0,198.79,5.287,0,1,0,198.79
824.15,122.3,4.1,1.5,6,2,8,3,0,0,1.0,0.0,-0.866025,-0.5,1,0,0,0,0,0,1,0,0,0,0,1236.22,6.7388,0,0,0,549.4333333333333
900.4,8.8,3.6,1.0,12,2,8,3,0,0,0.0,-1.0,-0.866025,-0.5,1,0,0,0,0,0,0,0,0,1,0,900.4,102.3182,0,0,0,900.4
517.76,10.6,4.8,1.0,18,2,8,3,0,0,-1.0,-0.0,-0.866025,-0.5,1,0,0,0,0,1,0,1,0,0,0,517.76,48.8453,1,0,0,517.76
418.5,21.2,4.3,1.2,0,3,8,3,0,0,0.0,1.0,-0.866025,-0.5,0,1,0,0,0,1,0,0,0,0,0,502.2,19.7406,0,1,0,348.75
367.82,27.9,4.6,1.2,6,3,8,3,0,0,1.0,0.0,-0.866025,-0.5,0,0,0,1,1,0,0,0,0,0,0,441.38,13.1835,0,0,0,306.51666666666665
503.56,10.9,4.1,1.2,12,3,8,3,0,0,0.0,-1.0,-0.866025,-0.5,0,0,0,0,0,1,0,1,0,0,0,604.27,46.1982,0,0,0,419.6333333333333
430.8,51.8,3.8,2.0,18,3,8,3,0,0,-1.0,-0.0,-0.866025,-0.5,0,0,0,0,0,0,0,0,1,0,0,861.6,8.3166,1,0,1,215.4
403.66,18.1,3.9,1.0,0,4,8,3,0,0,0.0,1.0,-0.866025,-0.5,0,0,0,0,0,0,0,1,0,0,0,403.66,22.3017,0,1,0,403.66
268.64,13.2,3.5,1.0,6,4,8,3,0,0,1.0,0.0,-0.866025,-0.5,0,0,0,0,0,0,0,0,1,0,0,268.64,20.3515,0,0,0,268.64
226.1,22.9,3.7,1.5,12,4,8,3,0,0,0.0,-1.0,-0.866025,-0.5,0,1,0,0,1,0,0,1,0,0,0,339.15,9.8734,0,0,0,150.73333333333332
460.41,67.2,3.6,1.0,18,4,8,3,0,0,-1.0,-0.0,-0.866025,-0.5,0,0,1,0,0,0,0,0,0,0,0,460.41,6.8513,1,0,0,460.41
495.75,34.8,3.8,1.2,0,5,8,3,1,0,0.0,1.0,-0.866025,-0.5,0,0,0,1,0,0,0,0,1,0,0,594.9,14.2457,0,1,0,413.125
294.77,0.9,3.8,1.0,6,5,8,3,1,0,1.0,0.0,-0.866025,-0.5,1,0,0,0,0,0,1,0,0,0,1,294.77,327.5222,0,0,0,294.77
318.27,8.9,4.5,1.0,12,5,8,3,1,0,0.0,-1.0,-0.866025,-0.5,0,0,1,0,0,0,0,0,1,0,0,318.27,35.7607,0,0,0,318.27
495.15,14.0,4.5,1.0,18,5,8,3,1,0,-1.0,-0.0,-0.866025,-0.5,0,0,0,0,0,0,1,0,0,0,0,495.15,35.3679,1,0,0,495.15
264.66,8.3,4.5,1.0,0,6,8,3,1,0,0.0,1.0,-0.866025,-0.5,0,0,1,0,0,1,0,0,0,0,0,264.66,31.8867,0,1,0,264.66
732.2,26.5,4.9,1.5,6,6,8,3,1,0,1.0,0.0,-0.866025,-0.5,0,0,0,1,1,0,0,0,0,0,0,1098.3,27.6302,0,0,0,488.1333333333334
574.52,38.5,4.3,1.2,12,6,8,3,1,0,0.0,-1.0,-0.866025,-0.5,1,0,0,0,0,0,0,0,0,0,0,689.42,14.9226,0,0,0,478.76666666666665
293.24,28.9,3.9,1.2,18,6,8,3,1,0,-1.0,-0.0,-0.866025,-0.5,1,0,0,0,0,0,0,0,0,0,0,351.89,10.1467,1,0,0,244.36666666666667
559.93,99.9,5.0,1.0,0,0,8,3,0,0,0.0,1.0,-0.866025,-0.5,0,0,0,1,1,0,0,0,1,0,0,559.93,5.6049,0,1,0,559.93
268.34,7.0,4.8,1.0,6,0,8,3,0,0,1.0,0.0,-0.866025,-0.5,0,0,0,1,1,0,0,0,1,0,0,268.34,38.3343,0,0,0,268.34
657.3,45.7,4.4,1.0,12,0,8,3,0,0,0.0,-1.0,-0.866025,-0.5,0,0,0,0,1,0,0,0,0,0,0,657.3,14.3829,0,0,0,657.3
274.34,32.0,4.3,1.0,18,0,8,3,0,0,-1.0,-0.0,-0.866025,-0.5,1,0,0,0,0,0,0,0,1,0,0,274.34,8.5731,1,0,0,274.34
414.22,9.9,4.4,1.0,0,1,8,3,0,0,0.0,1.0,-0.866025,-0.5,0,0,1,0,1,0,0,0,0,0,0,414.22,41.8404,0,1,0,414.22
474.83,29.1,4.2,1.0,6,1,8,3,0,0,1.0,0.0,-0.866025,-0.5,0,1,0,0,1,0,0,0,0,0,0,474.83,16.3172,0,0,0,474.83
893.64,2.4,4.4,1.0,12,1,8,3,0,0,0.0,-1.0,-0.866025,-0.5,0,1,0,0,0,1,0,0,0,0,0,893.64,372.35,0,0,0,893.64
284.33,34.3,4.5,1.0,18,1,8,3,0,0,-1.0,-0.0,-0.866025,-0.5,0,0,0,1,1,0,0,0,0,0,0,284.33,8.2895,1,0,0,284.33
277.84,16.7,3.9,1.0,0,2,8,3,0,0,0.0,1.0,-0.866025,-0.5,0,0,0,0,1,0,0,0,0,0,0,277.84,16.6371,0,1,0,277.84
183.19,7.6,3.5,1.0,6,2,8,3,0,0,1.0,0.0,-0.866025,-0.5,0,1,0,0,0,1,0,0,0,0,0,183.19,24.1039,0,0,0,183.19
1024.18,23.5,3.3,1.0,12,2,8,3,0,0,0.0,-1.0,-0.866025,-0.5,1,0,0,0,0,0,0,0,0,0,0,1024.18,43.5821,0,0,0,1024.18
448.05,22.6,4.7,1.0,18,2,8,3,0,0,-1.0,-0.0,-0.866025,-0.5,0,0,0,1,0,1,0,1,0,0,0,448.05,19.8252,1,0,0,448.05
740.96,5.2,3.5,2.0,0,3,8,3,0,0,0.0,1.0,-0.866025,-0.5,0,0,1,0,0,0,0,0,0,0,0,1481.92,142.4923,0,1,1,370.48
321.37,0.7,4.5,1.0,6,3,8,3,0,0,1.0,0.0,-0.866025,-0.5,0,0,0,1,0,1,0,0,1,0,0,321.37,459.1,0,0,0,321.37
337.84,12.5,3.7,1.5,12,3,8,3,0,0,0.0,-1.0,-0.866025,-0.5,0,0,1,0,0,1,0,0,1,0,0,506.76,27.0272,0,0,0,225.22666666666666
429.53,18.5,3.7,1.0,18,3,8,3,0,0,-1.0,-0.0,-0.866025,-0.5,0,0,0,1,0,0,0,0,1,0,0,429.53,23.2178,1,0,0,429.53
436.2,46.0,3.9,1.5,0,4,9,3,0,0,0.0,1.0,-1.0,-0.0,0,0,0,1,0,0,0,0,0,0,1,654.3,9.4826,0,1,0,290.8
616.43,58.0,4.4,1.0,6,4,9,3,0,0,1.0,0.0,-1.0,-0.0,0,0,0,1,0,0,0,0,0,0,0,616.43,10.6281,0,0,0,616.43
454.79,16.6,3.7,1.2,12,4,9,3,0,0,0.0,-1.0,-1.0,-0.0,0,0,1,0,1,0,0,0,0,0,0,545.75,27.397,0,0,0,378.9916666666667
359.98,30.8,4.0,1.0,18,4,9,3,0,0,-1.0,-0.0,-1.0,-0.0,0,0,1,0,0,0,1,1,0,0,0,359.98,11.6877,1,0,0,359.98
1033.73,12.7,4.3,1.2,0,5,9,3,1,0,0.0,1.0,-1.0,-0.0,0,0,0,1,0,0,0,0,0,0,0,1240.48,81.3961,0,1,0,861.4416666666667
266.57,30.2,3.7,1.0,6,5,9,3,1,0,1.0,0.0,-1.0,-0.0,0,1,0,0,0,0,1,0,1,0,0,266.57,8.8268,0,0,0,266.57
285.2,5.0,5.0,1.0,12,5,9,3,1,0,0.0,-1.0,-1.0,-0.0,0,0,0,0,0,1,0,0,1,0,0,285.2,57.04,0,0,0,285.2
268.72,10.2,3.4,1.2,18,5,9,3,1,0,-1.0,-0.0,-1.0,-0.0,0,0,0,0,0,0,0,0,1,0,0,322.46,26.3451,1,0,0,223.93333333333337
628.38,22.1,4.2,1.0,0,6,9,3,1,0,0.0,1.0,-1.0,-0.0,0,0,0,0,0,0,0,0,0,0,1,628.38,28.4335,0,1,0,628.38
551.31,0.4,4.9,2.0,6,6,9,3,1,0,1.0,0.0,-1.0,-0.0,0,0,1,0,0,1,0,0,0,0,1,1102.62,1378.275,0,0,1,275.655
404.57,28.2,3.6,1.0,12,6,9,3,1,0,0.0,-1.0,-1.0,-0.0,0,0,1,0,1,0,0,0,1,0,0,404.57,14.3465,0,0,0,404.57
260.97,39.7,4.2,1.0,18,6,9,3,1,0,-1.0,-0.0,-1.0,-0.0,0,1,0,0,1,0,0,0,0,0,0,260.97,6.5736,1,0,0,260.97
473.79,11.2,4.4,1.2,0,0,9,3,0,0,0.0,1.0,-1.0,-0.0,0,0,0,0,0,0,0,1,0,0,0,568.55,42.3027,0,1,0,394.82500000000005
672.18,13.1,3.9,1.0,6,0,9,3,0,0,1.0,0.0,-1.0,-0.0,0,0,0,0,0,0,0,0,0,0,0,672.18,51.3115,0,0,0,672.18
911.86,41.9,4.3,1.0,12,0,9,3,0,0,0.0,-1.0,-1.0,-0.0,0,0,0,1,0,1,0,0,0,0,0,911.86,21.7628,0,0,0,911.86
313.87,32.9,4.6,1.2,18,0,9,3,0,0,-1.0,-0.0,-1.0,-0.0,0,0,1,0,0,0,0,1,0,0,0,376.64,9.5401,1,0,0,261.55833333333334
403.82,7.5,4.1,1.2,0,1,9,3,0,0,0.0,1.0,-1.0,-0.0,0,0,0,0,0,0,0,0,0,0,0,484.58,53.8427,0,1,0,336.51666666666665
548.62,8.6,4.7,2.0,6,1,9,3,0,0,1.0,0.0,-1.0,-0.0,0,1,0,0,0,0,0,0,0,0,0,1097.24,63.793,0,0,1,274.31
358.03,25.0,4.5,1.0,12,1,9,3,0,0,0.0,-1.0,-1.0,-0.0,0,1,0,0,1,0,0,0,0,0,0,358.03,14.3212,0,0,0,358.03
200.98,18.2,4.0,1.0,18,1,9,3,0,0,-1.0,-0.0,-1.0,-0.0,0,0,0,0,0,0,1,1,0,0,0,200.98,11.0429,1,0,0,200.98
404.9,3.9,4.9,1.0,0,2,9,3,0,1,0.0,1.0,-1.0,-0.0,0,0,1,0,0,1,0,0,0,0,0,404.9,103.8205,0,1,0,404.9
216.39,8.2,3.9,1.0,6,2,9,3,0,1,1.0,0.0,-1.0,-0.0,0,1,0,0,0,0,1,0,1,0,0,216.39,26.389,0,0,0,216.39
700.81,50.7,4.7,1.2,12,2,9,3,0,1,0.0,-1.0,-1.0,-0.0,0,0,0,1,0,0,0,0,0,0,0,840.97,13.8227,0,0,0,584.0083333333333
373.48,25.6,3.9,1.0,18,2,9,3,0,1,-1.0,-0.0,-1.0,-0.0,0,1,0,0,0,1,0,0,1,0,0,373.48,14.5891,1,0,0,373.48
426.11,93.9,4.1,1.0,0,3,9,3,0,0,0.0,1.0,-1.0,-0.0,1,0,0,0,0,0,0,0,1,0,0,426.11,4.5379,0,1,0,426.11
289.39,32.0,4.2,1.0,6,3,9,3,0,0,1.0,0.0,-1.0,-0.0,1,0,0,0,0,1,0,0,0,0,0,289.39,9.0434,0,0,0,289.39
434.72,62.6,4.5,1.2,12,3,9,3,0,0,0.0,-1.0,-1.0,-0.0,0,0,1,0,0,0,1,0,0,0,0,521.66,6.9444,0,0,0,362.2666666666667
804.04,5.4,3.1,1.5,18,3,9,3,0,0,-1.0,-0.0,-1.0,-0.0,0,0,0,0,0,1,0,0,0,0,0,1206.06,148.8963,1,0,0,536.0266666666666
738.72,32.5,4.5,1.2,0,4,9,3,0,0,0.0,1.0,-1.0,-0.0,0,0,1,0,0,0,0,0,0,0,1,886.46,22.7298,0,1,0,615.6
236.12,0.4,4.2,1.0,6,4,9,3,0,0,1.0,0.0,-1.0,-0.0,0,0,1,0,0,1,0,0,1,0,0,236.12,590.3,0,0,0,236.12
64.69,24.4,4.4,1.2,12,4,9,3,0,0,0.0,-1.0,-1.0,-0.0,0,0,1,0,0,0,0,0,0,0,1,77.63,2.6512,0,0,0,53.90833333333333
406.54,13.9,4.6,1.2,18,4,9,3,0,0,-1.0,-0.0,-1.0,-0.0,0,0,1,0,1,0,0,0,0,0,0,487.85,29.2475,1,0,0,338.78333333333336
374.85,9.4,4.5,1.0,0,5,9,3,1,0,0.0,1.0,-1.0,-0.0,0,0,0,1,0,1,0,0,1,0,0,374.85,39.8777,0,1,0,374.85
362.71,43.6,3.3,1.0,6,5,9,3,1,0,1.0,0.0,-1.0,-0.0,0,0,0,1,0,1,0,0,1,0,0,362.71,8.319,0,0,0,362.71
324.91,42.4,3.8,1.0,12,5,9,3,1,0,0.0,-1.0,-1.0,-0.0,0,1,0,0,0,1,0,0,1,0,0,324.91,7.663,0,0,0,324.91
232.98,0.5,4.5,1.0,18,5,9,3,1,0,-1.0,-0.0,-1.0,-0.0,1,0,0,0,0,1,0,0,0,0,1,232.98,465.96,1,0,0,232.98
1204.7,20.7,4.4,1.5,0,6,9,3,1,0,0.0,1.0,-1.0,-0.0,0,0,1,0,0,0,0,0,0,0,0,1807.05,58.1981,0,1,0,803.1333333333333
1023.72,10.1,3.9,1.0,6,6,9,3,1,0,1.0,0.0,-1.0,-0.0,0,1,0,0,0,1,0,0,0,0,0,1023.72,101.3584,0,0,0,1023.72
354.44,11.8,4.7,1.0,12,6,9,3,1,0,0.0,-1.0,-1.0,-0.0,1,0,0,0,0,0,0,0,1,0,0,354.44,30.0373,0,0,0,354.44
470.36,39.2,4.2,1.5,18,6,9,3,1,0,-1.0,-0.0,-1.0,-0.0,0,0,0,0,1,0,0,0,1,0,0,705.54,11.999,1,0,0,313.5733333333333
707.0,8.2,4.7,1.5,0,0,9,3,0,0,0.0,1.0,-1.0,-0.0,0,0,0,1,1,0,0,0,1,0,0,1060.5,86.2195,0,1,0,471.3333333333333
469.57,63.0,4.9,1.2,6,0,9,3,0,0,1.0,0.0,-1.0,-0.0,1,0,0,0,1,0,0,0,0,0,0,563.48,7.4535,0,0,0,391.30833333333334
339.33,4.4,4.4,1.0,12,0,9,3,0,0,0.0,-1.0,-1.0,-0.0,0,0,0,0,0,1,0,0,0,0,0,339.33,77.1205,0,0,0,339.33
203.15,23.9,4.6,1.0,18,0,9,3,0,0,-1.0,-0.0,-1.0,-0.0,1,0,0,0,0,1,0,0,0,0,0,203.15,8.5,1,0,0,203.15
442.81,24.5,4.0,1.0,0,1,9,3,0,0,0.0,1.0,-1.0,-0.0,0,0,0,1,0,0,0,0,0,0,0,442.81,18.0739,0,1,0,442.81
218.33,6.4,4.7,1.0,6,1,9,3,0,0,1.0,0.0,-1.0,-0.0,0,0,0,1,1,0,0,0,1,0,0,218.33,34.1141,0,0,0,218.33
777.11,8.6,4.4,1.0,12,1,9,3,0,0,0.0,-1.0,-1.0,-0.0,0,1,0,0,0,0,0,0,1,0,0,777.11,90.3616,0,0,0,777.11
432.62,39.6,4.2,1.0,18,1,9,3,0,0,-1.0,-0.0,-1.0,-0.0,0,0,1,0,0,1,0,0,0,0,0,432.62,10.9247,1,0,0,432.62
570.84,31.6,3.7,1.0,0,2,9,3,0,0,0.0,1.0,-1.0,-0.0,1,0,0,0,0,0,0,0,0,0,0,570.84,18.0646,0,1,0,570.84
368.89,8.8,4.1,1.0,6,2,9,3,0,0,1.0,0.0,-1.0,-0.0,1,0,0,0,0,0,0,0,0,0,0,368.89,41.9193,0,0,0,368.89
659.4,16.8,3.7,1.0,12,2,9,3,0,0,0.0,-1.0,-1.0,-0.0,0,0,0,0,0,1,0,0,0,0,0,659.4,39.25,0,0,0,659.4
310.23,1.4,4.7,1.2,18,2,9,3,0,0,-1.0,-0.0,-1.0,-0.0,0,0,0,1,0,0,0,0,1,0,0,372.28,221.5929,1,0,0,258.52500000000003
510.36,5.2,4.9,1.2,0,3,9,3,0,0,0.0,1.0,-1.0,-0.0,1,0,0,0,1,0,0,0,0,0,1,612.43,98.1462,0,1,0,425.3
361.63,14.6,4.8,1.0,6,3,9,3,0,0,1.0,0.0,-1.0,-0.0,0,0,0,1,0,0,0,0,0,0,0,361.63,24.7692,0,0,0,361.63
390.98,2.0,5.0,1.0,12,3,9,3,0,0,0.0,-1.0,-1.0,-0.0,1,0,0,0,0,0,0,0,1,0,0,390.98,195.49,0,0,0,390.98
702.45,40.8,4.1,1.0,18,3,9,3,0,0,-1.0,-0.0,-1.0,-0.0,0,1,0,0,0,1,0,1,0,0,0,702.45,17.2169,1,0,0,702.45
288.15,27.8,4.6,1.0,0,4,9,3,0,0,0.0,1.0,-1.0,-0.0,0,0,1,0,0,0,0,1,0,0,0,288.15,10.3651,0,1,0,288.15
528.13,63.3,3.7,1.0,6,4,9,3,0,0,1.0,0.0,-1.0,-0.0,1,0,0,0,0,0,0,0,0,0,0,528.13,8.3433,0,0,0,528.13
822.72,26.0,4.2,1.5,12,4,9,3,0,0,0.0,-1.0,-1.0,-0.0,0,0,0,1,1,0,0,0,0,0,1,1234.08,31.6431,0,0,0,548.48
689.83,62.0,3.6,2.0,18,4,9,3,0,0,-1.0,-0.0,-1.0,-0.0,0,1,0,0,0,0,0,0,0,0,0,1379.66,11.1263,1,0,1,344.915
315.13,17.8,4.6,1.2,0,5,9,3,1,0,0.0,1.0,-1.0,-0.0,1,0,0,0,1,0,0,0,0,0,0,378.16,17.7039,0,1,0,262.60833333333335
564.58,20.2,4.1,1.5,6,5,9,3,1,0,1.0,0.0,-1.0,-0.0,0,0,0,0,0,0,0,0,0,0,0,846.87,27.9495,0,0,0,376.3866666666667
154.22,83.0,3.3,1.2,12,5,9,3,1,0,0.0,-1.0,-1.0,-0.0,0,0,1,0,0,0,0,0,0,0,0,185.06,1.8581,0,0,0,128.51666666666668
714.2,22.6,4.0,1.0,18,5,9,3,1,0,-1.0,-0.0,-1.0,-0.0,1,0,0,0,1,0,0,0,0,0,0,714.2,31.6018,1,0,0,714.2
1367.08,0.7,5.0,2.0,0,6,9,3,1,0,0.0,1.0,-1.0,-0.0,0,1,0,0,0,0,0,0,0,0,0,2734.16,1952.9714,0,1,1,683.54
513.07,28.3,4.5,1.0,6,6,9,3,1,0,1.0,0.0,-1.0,-0.0,0,0,0,0,0,0,0,0,0,0,0,513.07,18.1297,0,0,0,513.07
842.83,51.9,4.7,1.2,12,6,9,3,1,0,0.0,-1.0,-1.0,-0.0,0,1,0,0,0,0,0,1,0,0,0,1011.4,16.2395,0,0,0,702.3583333333333
197.63,34.9,4.4,1.0,18,6,9,3,1,0,-1.0,-0.0,-1.0,-0.0,0,1,0,0,0,0,0,1,0,0,0,197.63,5.6628,1,0,0,197.63
247.36,19.3,4.2,1.0,0,0,9,3,0,0,0.0,1.0,-1.0,-0.0,0,0,0,0,1,0,0,0,0,0,0,247.36,12.8166,0,1,0,247.36
368.17,24.5,4.3,1.2,6,0,9,3,0,0,1.0,0.0,-1.0,-0.0,0,1,0,0,0,0,0,1,0,0,0,441.8,15.0273,0,0,0,306.80833333333334
404.72,101.7,4.4,1.0,12,0,9,3,0,0,0.0,-1.0,-1.0,-0.0,0,0,0,0,1,0,0,1,0,0,0,404.72,3.9795,0,0,0,404.72
514.71,2.1,3.8,1.0,18,0,9,3,0,0,-1.0,-0.0,-1.0,-0.0,1,0,0,0,1,0,0,0,1,0,0,514.71,245.1,1,0,0,514.71
315.96,24.2,4.7,1.0,0,1,9,3,0,0,0.0,1.0,-1.0,-0.0,0,0,0,0,0,1,0,0,0,0,0,315.96,13.0562,0,1,0,315.96
472.88,7.3,4.9,1.0,6,1,9,3,0,0,1.0,0.0,-1.0,-0.0,0,0,0,0,0,0,1,0,1,0,0,472.88,64.7781,0,0,0,472.88
701.76,22.5,4.2,2.0,12,1,9,3,0,0,0.0,-1.0,-1.0,-0.0,0,0,1,0,0,0,0,0,0,0,1,1403.52,31.1893,0,0,1,350.88
563.55,20.6,4.0,1.2,18,1,9,3,0,0,-1.0,-0.0,-1.0,-0.0,0,0,0,0,0,0,1,0,1,0,0,676.26,27.3568,1,0,0,469.625
361.88,3.7,3.9,1.0,0,2,9,3,0,0,0.0,1.0,-1.0,-0.0,0,0,0,0,0,0,0,0,0,0,0,361.88,97.8054,0,1,0,361.88
633.42,5.1,5.0,1.0,6,2,9,3,0,0,1.0,0.0,-1.0,-0.0,1,0,0,0,0,1,0,0,0,0,0,633.42,124.2,0,0,0,633.42
353.68,21.4,4.1,1.5,12,2,9,3,0,0,0.0,-1.0,-1.0,-0.0,0,0,1,0,0,1,0,0,1,0,0,530.52,16.5271,0,0,0,235.78666666666666
459.71,3.0,4.6,1.0,18,2,9,3,0,0,-1.0,-0.0,-1.0,-0.0,0,0,0,1,0,0,0,0,0,0,0,459.71,153.2367,1,0,0,459.71
684.04,6.8,4.2,1.0,0,3,9,3,0,0,0.0,1.0,-1.0,-0.0,1,0,0,0,0,1,0,0,0,0,0,684.04,100.5941,0,1,0,684.04
399.16,39.7,4.2,1.0,6,3,9,3,0,0,1.0,0.0,-1.0,-0.0,1,0,0,0,1,0,0,0,0,0,0,399.16,10.0544,0,0,0,399.16
216.53,8.7,3.9,1.5,12,3,9,3,0,0,0.0,-1.0,-1.0,-0.0,0,0,0,1,0,0,0,1,0,0,0,324.8,24.8885,0,0,0,144.35333333333332
453.17,14.7,3.8,1.0,18,3,9,3,0,0,-1.0,-0.0,-1.0,-0.0,0,0,0,0,0,0,0,1,0,0,0,453.17,30.8279,1,0,0,453.17
687.02,62.3,4.7,1.0,0,4,9,3,0,0,0.0,1.0,-1.0,-0.0,0,1,0,0,1,0,0,0,0,0,0,687.02,11.0276,0,1,0,687.02
718.11,5.7,3.8,1.0,6,4,9,3,0,0,1.0,0.0,-1.0,-0.0,0,0,1,0,0,1,0,0,0,0,1,718.11,125.9842,0,0,0,718.11
241.65,10.9,4.5,1.0,12,4,9,3,0,0,0.0,-1.0,-1.0,-0.0,0,1,0,0,0,0,1,0,0,0,0,241.65,22.1697,0,0,0,241.65
620.9,20.5,4.3,1.0,18,4,9,3,0,0,-1.0,-0.0,-1.0,-0.0,0,0,0,1,1,0,0,0,1,0,0,620.9,30.2878,1,0,0,620.9
386.82,31.0,4.7,1.0,0,5,9,3,1,0,0.0,1.0,-1.0,-0.0,1,0,0,0,0,0,1,0,1,0,0,386.82,12.4781,0,1,0,386.82
870.42,51.0,4.0,1.0,6,5,9,3,1,0,1.0,0.0,-1.0,-0.0,1,0,0,0,1,0,0,1,0,0,0,870.42,17.0671,0,0,0,870.42
219.16,54.4,4.8,1.0,12,5,9,3,1,0,0.0,-1.0,-1.0,-0.0,0,0,1,0,0,0,0,0,0,0,1,219.16,4.0287,0,0,0,219.16
615.11,33.0,4.2,1.0,18,5,9,3,1,0,-1.0,-0.0,-1.0,-0.0,1,0,0,0,0,0,0,0,0,0,0,615.11,18.6397,1,0,0,615.11
365.03,5.7,5.0,1.5,0,6,9,3,1,0,0.0,1.0,-1.0,-0.0,1,0,0,0,1,0,0,1,0,0,0,547.54,64.0404,0,1,0,243.35333333333332
318.65,0.6,3.5,1.5,6,6,9,3,1,0,1.0,0.0,-1.0,-0.0,0,0,1,0,0,1,0,0,0,0,0,477.98,531.0833,0,0,0,212.4333333333333
699.14,10.7,5.0,1.0,12,6,9,3,1,0,0.0,-1.0,-1.0,-0.0,0,0,1,0,0,0,0,0,1,0,0,699.14,65.3402,0,0,0,699.14
753.32,3.4,4.2,1.0,18,6,9,3,1,0,-1.0,-0.0,-1.0,-0.0,0,0,0,1,0,0,0,0,1,0,0,753.32,221.5647,1,0,0,753.32
127.08,27.3,4.4,1.0,0,0,9,3,0,0,0.0,1.0,-1.0,-0.0,1,0,0,0,0,0,1,0,1,0,0,127.08,4.6549,0,1,0,127.08
705.3,23.8,4.0,1.2,6,0,9,3,0,0,1.0,0.0,-1.0,-0.0,1,0,0,0,0,1,0,0,0,0,0,846.36,29.6345,0,0,0,587.75
424.46,1.0,3.5,1.2,12,0,9,3,0,0,0.0,-1.0,-1.0,-0.0,0,0,0,1,0,1,0,1,0,0,0,509.35,424.46,0,0,0,353.71666666666664
446.65,39.9,4.0,1.0,18,0,9,3,0,0,-1.0,-0.0,-1.0,-0.0,0,0,0,0,0,1,0,0,0,0,0,446.65,11.1942,1,0,0,446.65
212.21,6.3,4.1,1.2,0,1,9,3,0,0,0.0,1.0,-1.0,-0.0,0,0,0,0,0,0,0,0,0,0,0,254.65,33.6841,0,1,0,176.84166666666667
594.97,12.5,4.4,1.2,6,1,9,3,0,0,1.0,0.0,-1.0,-0.0,0,0,0,0,0,0,0,0,1,0,0,713.96,47.5976,0,0,0,495.8083333333334
1219.5,24.3,4.9,2.0,12,1,9,3,0,0,0.0,-1.0,-1.0,-0.0,0,0,0,1,0,0,0,0,0,0,0,2439.0,50.1852,0,0,1,609.75
329.31,12.3,4.4,1.0,18,1,9,3,0,0,-1.0,-0.0,-1.0,-0.0,1,0,0,0,0,0,0,1,0,0,0,329.31,26.7732,1,0,0,329.31
788.62,12.8,4.4,1.0,0,2,9,3,0,0,0.0,1.0,-1.0,-0.0,0,0,0,1,1,0,0,0,0,0,0,788.62,61.6109,0,1,0,788.62
438.24,1.5,4.5,1.0,6,2,9,3,0,0,1.0,0.0,-1.0,-0.0,0,0,0,1,0,1,0,0,0,0,0,438.24,292.16,0,0,0,438.24
336.44,11.3,3.4,1.5,12,2,9,3,0,0,0.0,-1.0,-1.0,-0.0,0,0,0,0,1,0,0,1,0,0,0,504.66,29.7735,0,0,0,224.29333333333332
188.67,31.8,3.5,1.2,18,2,9,3,0,0,-1.0,-0.0,-1.0,-0.0,0,1,0,0,1,0,0,0,0,0,0,226.4,5.933,1,0,0,157.225
843.64,54.3,3.6,1.0,0,3,9,3,0,0,0.0,1.0,-1.0,-0.0,1,0,0,0,0,0,0,0,0,0,0,843.64,15.5366,0,1,0,843.64
466.03,11.7,4.1,1.0,6,3,9,3,0,0,1.0,0.0,-1.0,-0.0,0,0,0,0,0,1,0,0,1,0,0,466.03,39.8316,0,0,0,466.03
345.8,12.1,3.4,1.0,12,3,9,3,0,0,0.0,-1.0,-1.0,-0.0,0,1,0,0,0,1,0,0,0,0,0,345.8,28.5785,0,0,0,345.8
376.97,26.7,4.0,1.0,18,3,9,3,0,0,-1.0,-0.0,-1.0,-0.0,0,1,0,0,1,0,0,0,1,0,0,376.97,14.1187,1,0,0,376.97
618.62,62.9,3.6,1.0,0,4,9,3,0,0,0.0,1.0,-1.0,-0.0,0,0,1,0,0,0,0,0,0,0,0,618.62,9.835,0,1,0,618.62
345.5,6.8,4.5,1.0,6,4,9,3,0,0,1.0,0.0,-1.0,-0.0,1,0,0,0,0,1,0,1,0,0,0,345.5,50.8088,0,0,0,345.5
259.7,12.8,4.5,1.0,12,4,9,3,0,0,0.0,-1.0,-1.0,-0.0,0,1,0,0,0,1,0,0,0,1,0,259.7,20.2891,0,0,0,259.7
414.39,35.0,4.1,1.2,18,4,9,3,0,0,-1.0,-0.0,-1.0,-0.0,0,0,0,0,0,0,0,0,1,0,0,497.27,11.8397,1,0,0,345.325
407.81,20.7,3.4,1.0,0,5,9,3,1,0,0.0,1.0,-1.0,-0.0,0,0,1,0,0,0,0,0,0,0,0,407.81,19.701,0,1,0,407.81
403.15,2.6,4.2,1.0,6,5,9,3,1,0,1.0,0.0,-1.0,-0.0,1,0,0,0,0,1,0,1,0,0,0,403.15,155.0577,0,0,0,403.15
347.95,21.7,4.5,1.0,12,5,9,3,1,0,0.0,-1.0,-1.0,-0.0,0,0,0,1,1,0,0,0,1,0,0,347.95,16.0346,0,0,0,347.95
802.02,4.5,4.7,1.5,18,5,9,3,1,0,-1.0,-0.0,-1.0,-0.0,0,0,0,0,0,0,0,0,1,0,0,1203.03,178.2267,1,0,0,534.68
1437.78,15.7,5.0,1.0,0,6,10,4,1,0,0.0,1.0,-0.866025,0.5,0,1,0,0,0,1,0,0,0,0,0,1437.78,91.5783,0,1,0,1437.78
241.99,16.6,4.9,1.5,6,6,10,4,1,0,1.0,0.0,-0.866025,0.5,0,1,0,0,0,0,0,1,0,0,0,362.98,14.5777,0,0,0,161.32666666666668
114.49,46.0,4.4,1.0,12,6,10,4,1,0,0.0,-1.0,-0.866025,0.5,0,0,0,0,1,0,0,0,1,0,0,114.49,2.4889,0,0,0,114.49
388.12,13.7,4.2,2.0,18,6,10,4,1,0,-1.0,-0.0,-0.866025,0.5,0,1,0,0,0,0,0,0,0,0,0,776.24,28.3299,1,0,1,194.06
123.64,7.2,3.9,1.5,0,0,10,4,0,0,0.0,1.0,-0.866025,0.5,0,0,1,0,1,0,0,0,0,0,0,185.46,17.1722,0,1,0,82.42666666666666
177.6,5.8,5.0,1.0,6,0,10,4,0,0,1.0,0.0,-0.866025,0.5,1,0,0,0,0,0,0,1,0,0,0,177.6,30.6207,0,0,0,177.6
332.41,45.6,4.4,2.0,12,0,10,4,0,0,0.0,-1.0,-0.866025,0.5,0,0,1,0,0,0,0,0,0,0,0,664.82,7.2897,0,0,1,166.205
616.4,4.1,4.6,1.0,18,0,10,4,0,0,-1.0,-0.0,-0.866025,0.5,0,1,0,0,0,0,0,0,0,0,1,616.4,150.3415,1,0,0,616.4
385.79,12.2,4.0,1.0,0,1,10,4,0,0,0.0,1.0,-0.866025,0.5,0,0,0,1,0,0,0,0,1,0,0,385.79,31.6221,0,1,0,385.79
94.74,4.6,3.7,1.0,6,1,10,4,0,0,1.0,0.0,-0.866025,0.5,1,0,0,0,0,1,0,0,1,0,0,94.74,20.5957,0,0,0,94.74
383.14,32.7,4.1,1.0,12,1,10,4,0,0,0.0,-1.0,-0.866025,0.5,1,0,0,0,0,0,0,0,0,0,0,383.14,11.7168,0,0,0,383.14
398.23,14.1,4.1,1.2,18,1,10,4,0,0,-1.0,-0.0,-0.866025,0.5,0,0,0,0,1,0,0,0,0,0,0,477.88,28.2433,1,0,0,331.85833333333335
401.72,9.5,4.4,1.2,0,2,10,4,0,0,0.0,1.0,-0.866025,0.5,0,0,0,0,0,0,0,0,0,0,1,482.06,42.2863,0,1,0,334.7666666666667
743.76,9.9,3.9,1.0,6,2,10,4,0,0,1.0,0.0,-0.866025,0.5,0,0,0,1,0,0,0,0,0,0,0,743.76,75.1273,0,0,0,743.76
682.91,42.1,4.3,1.0,12,2,10,4,0,0,0.0,-1.0,-0.866025,0.5,1,0,0,0,0,0,0,0,1,0,0,682.91,16.2211,0,0,0,682.91
456.81,17.8,4.9,1.0,18,2,10,4,0,0,-1.0,-0.0,-0.866025,0.5,0,0,0,1,0,0,0,0,0,0,0,456.81,25.6635,1,0,0,456.81
1102.46,27.8,3.5,1.2,0,3,10,4,0,0,0.0,1.0,-0.866025,0.5,0,0,0,0,0,0,0,0,0,0,0,1322.95,39.6568,0,1,0,918.7166666666667
331.92,50.0,3.2,1.0,6,3,10,4,0,0,1.0,0.0,-0.866025,0.5,0,0,0,0,0,1,0,0,0,0,0,331.92,6.6384,0,0,0,331.92
411.56,51.0,4.9,1.5,12,3,10,4,0,0,0.0,-1.0,-0.866025,0.5,1,0,0,0,0,1,0,0,0,0,0,617.34,8.0698,0,0,0,274.37333333333333
434.42,8.8,3.6,1.0,18,3,10,4,0,0,-1.0,-0.0,-0.866025,0.5,0,0,1,0,0,1,0,0,0,0,1,434.42,49.3659,1,0,0,434.42
187.43,67.0,4.1,1.0,0,4,10,4,0,0,0.0,1.0,-0.866025,0.5,0,1,0,0,0,1,0,0,0,0,0,187.43,2.7975,0,1,0,187.43
439.13,0.6,4.6,1.5,6,4,10,4,0,0,1.0,0.0,-0.866025,0.5,0,0,0,0,0,1,0,0,0,0,0,658.7,731.8833,0,0,0,292.75333333333333
166.42,10.4,4.3,1.0,12,4,10,4,0,0,0.0,-1.0,-0.866025,0.5,0,0,0,0,0,0,0,0,0,1,0,166.42,16.0019,0,0,0,166.42
304.26,49.8,4.3,1.0,18,4,10,4,0,0,-1.0,-0.0,-0.866025,0.5,0,0,1,0,0,1,0,0,0,0,0,304.26,6.1096,1,0,0,304.26
467.4,7.1,4.3,1.0,0,5,10,4,1,0,0.0,1.0,-0.866025,0.5,0,0,1,0,0,0,1,0,0,0,0,467.4,65.831,0,1,0,467.4
205.77,7.0,5.0,1.0,6,5,10,4,1,0,1.0,0.0,-0.866025,0.5,0,0,0,1,0,1,0,1,0,0,0,205.77,29.3957,0,0,0,205.77
520.3,7.9,5.0,2.0,12,5,10,4,1,0,0.0,-1.0,-0.866025,0.5,0,0,0,1,0,1,0,0,0,0,0,1040.6,65.8608,0,0,1,260.15
278.21,20.8,4.0,1.0,18,5,10,4,1,0,-1.0,-0.0,-0.866025,0.5,0,1,0,0,0,0,0,0,0,0,0,278.21,13.3755,1,0,0,278.21
361.21,12.7,4.8,1.0,0,6,10,4,1,0,0.0,1.0,-0.866025,0.5,0,1,0,0,1,0,0,0,0,0,0,361.21,28.4417,0,1,0,361.21
566.34,28.5,4.6,1.0,6,6,10,4,1,0,1.0,0.0,-0.866025,0.5,1,0,0,0,1,0,0,0,0,0,1,566.34,19.8716,0,0,0,566.34
421.37,49.6,4.3,1.0,12,6,10,4,1,0,0.0,-1.0,-0.866025,0.5,0,0,0,1,0,1,0,0,0,0,0,421.37,8.4954,0,0,0,421.37
514.24,24.7,3.8,1.2,18,6,10,4,1,0,-1.0,-0.0,-0.866025,0.5,0,0,0,0,0,0,1,0,0,0,0,617.09,20.8194,1,0,0,428.53333333333336
548.91,5.0,4.5,2.0,0,0,10,4,0,0,0.0,1.0,-0.866025,0.5,0,0,0,1,0,0,0,0,1,0,0,1097.82,109.782,0,1,1,274.455
417.79,59.4,4.1,1.5,6,0,10,4,0,0,1.0,0.0,-0.866025,0.5,0,0,0,0,0,0,0,0,1,0,0,626.69,7.0335,0,0,0,278.5266666666667
529.2,6.8,4.1,1.0,12,0,10,4,0,0,0.0,-1.0,-0.866025,0.5,0,0,1,0,1,0,0,0,0,0,0,529.2,77.8235,0,0,0,529.2
301.48,3.6,3.9,1.0,18,0,10,4,0,0,-1.0,-0.0,-0.866025,0.5,0,0,0,1,1,0,0,0,0,0,0,301.48,83.7444,1,0,0,301.48
562.86,2.1,4.8,1.0,0,1,10,4,0,0,0.0,1.0,-0.866025,0.5,0,0,1,0,0,0,0,0,1,0,0,562.86,268.0286,0,1,0,562.86
389.43,18.2,3.9,1.2,6,1,10,4,0,0,1.0,0.0,-0.866025,0.5,0,1,0,0,0,0,0,0,0,0,0,467.32,21.3973,0,0,0,324.52500000000003
812.31,2.7,3.9,1.0,12,1,10,4,0,0,0.0,-1.0,-0.866025,0.5,0,1,0,0,0,0,0,1,0,0,0,812.31,300.8556,0,0,0,812.31
472.4,3.3,4.7,1.0,18,1,10,4,0,0,-1.0,-0.0,-0.866025,0.5,1,0,0,0,0,0,0,0,1,0,0,472.4,143.1515,1,0,0,472.4
325.22,7.8,4.2,1.5,0,2,10,4,0,0,0.0,1.0,-0.866025,0.5,0,0,0,1,1,0,0,0,0,0,0,487.83,41.6949,0,1,0,216.81333333333336
567.82,7.3,4.2,1.0,6,2,10,4,0,0,1.0,0.0,-0.866025,0.5,0,0,1,0,0,1,0,0,0,0,0,567.82,77.7836,0,0,0,567.82
829.8,20.4,4.8,1.0,12,2,10,4,0,0,0.0,-1.0,-0.866025,0.5,0,0,0,0,0,0,0,0,0,0,0,829.8,40.6765,0,0,0,829.8
341.26,37.3,5.0,1.0,18,2,10,4,0,0,-1.0,-0.0,-0.866025,0.5,0,1,0,0,0,0,0,0,1,0,0,341.26,9.1491,1,0,0,341.26
310.77,31.5,3.2,1.0,0,3,10,4,0,0,0.0,1.0,-0.866025,0.5,0,1,0,0,0,0,0,0,0,0,0,310.77,9.8657,0,1,0,310.77
70.93,6.7,4.2,1.0,6,3,10,4,0,0,1.0,0.0,-0.866025,0.5,0,0,0,0,0,0,0,0,0,0,0,70.93,10.5866,0,0,0,70.93
471.8,6.2,3.6,1.0,12,3,10,4,0,0,0.0,-1.0,-0.866025,0.5,0,0,1,0,0,1,0,0,1,0,0,471.8,76.0968,0,0,0,471.8
369.21,74.3,4.1,1.0,18,3,10,4,0,0,-1.0,-0.0,-0.866025,0.5,0,0,1,0,0,0,1,0,0,0,1,369.21,4.9692,1,0,0,369.21
566.63,0.2,4.3,1.0,0,4,10,4,0,0,0.0,1.0,-0.866025,0.5,0,0,0,1,1,0,0,0,0,0,0,566.63,2833.15,0,1,0,566.63
572.77,46.6,4.1,1.2,6,4,10,4,0,0,1.0,0.0,-0.866025,0.5,0,0,0,1,0,0,0,0,0,0,1,687.32,12.2912,0,0,0,477.30833333333334
192.53,4.9,3.8,1.0,12,4,10,4,0,0,0.0,-1.0,-0.866025,0.5,1,0,0,0,1,0,0,0,0,0,0,192.53,39.2918,0,0,0,192.53
681.43,64.7,3.8,1.2,18,4,10,4,0,0,-1.0,-0.0,-0.866025,0.5,0,1,0,0,1,0,0,0,0,0,0,817.72,10.5321,1,0,0,567.8583333333333
286.41,9.2,4.7,1.0,0,5,10,4,1,0,0.0,1.0,-0.866025,0.5,0,0,0,1,1,0,0,0,0,0,0,286.41,31.1315,0,1,0,286.41
342.29,12.8,5.0,1.0,6,5,10,4,1,0,1.0,0.0,-0.866025,0.5,0,0,1,0,0,1,0,0,0,0,0,342.29,26.7414,0,0,0,342.29
98.81,27.0,3.3,2.0,12,5,10,4,1,0,0.0,-1.0,-0.866025,0.5,0,0,0,0,0,0,0,0,0,0,0,197.62,3.6596,0,0,1,49.405
521.8,19.5,4.1,1.0,18,5,10,4,1,0,-1.0,-0.0,-0.866025,0.5,0,0,1,0,0,0,0,0,0,0,0,521.8,26.759,1,0,0,521.8
232.79,8.4,4.7,1.0,0,6,10,4,1,0,0.0,1.0,-0.866025,0.5,0,1,0,0,0,0,0,0,0,0,1,232.79,27.7131,0,1,0,232.79
312.52,17.8,4.3,1.5,6,6,10,4,1,0,1.0,0.0,-0.866025,0.5,0,0,1,0,0,0,0,1,0,0,0,468.78,17.5573,0,0,0,208.34666666666666
220.45,28.9,3.7,1.0,12,6,10,4,1,0,0.0,-1.0,-0.866025,0.5,1,0,0,0,0,0,0,0,1,0,0,220.45,7.628,0,0,0,220.45
710.83,1.0,4.1,1.0,18,6,10,4,1,0,-1.0,-0.0,-0.866025,0.5,0,1,0,0,0,1,0,0,0,0,0,710.83,710.83,1,0,0,710.83
358.18,0.2,4.5,1.0,0,0,10,4,0,0,0.0,1.0,-0.866025,0.5,0,0,0,0,1,0,0,0,0,0,0,358.18,1790.9,0,1,0,358.18
208.01,13.5,4.1,1.2,6,0,10,4,0,0,1.0,0.0,-0.866025,0.5,1,0,0,0,0,1,0,0,0,0,0,249.61,15.4081,0,0,0,173.34166666666667
216.74,3.1,4.3,1.5,12,0,10,4,0,0,0.0,-1.0,-0.866025,0.5,0,1,0,0,0,0,0,0,1,0,0,325.11,69.9161,0,0,0,144.49333333333334
653.34,24.0,4.3,1.0,18,0,10,4,0,0,-1.0,-0.0,-0.866025,0.5,0,0,0,0,0,0,1,0,0,0,1,653.34,27.2225,1,0,0,653.34
272.21,5.3,4.0,1.0,0,1,10,4,0,0,0.0,1.0,-0.866025,0.5,1,0,0,0,0,0,1,0,0,0,0,272.21,51.3604,0,1,0,272.21
338.09,12.5,4.7,1.0,6,1,10,4,0,0,1.0,0.0,-0.866025,0.5,1,0,0,0,1,0,0,0,0,0,0,338.09,27.0472,0,0,0,338.09
448.69,4.8,4.1,1.0,12,1,10,4,0,0,0.0,-1.0,-0.866025,0.5,0,1,0,0,0,0,1,0,0,0,0,448.69,93.4771,0,0,0,448.69
371.58,17.5,3.8,1.0,18,1,10,4,0,0,-1.0,-0.0,-0.866025,0.5,0,0,0,1,0,1,0,0,0,0,0,371.58,21.2331,1,0,0,371.58
139.26,2.7,5.0,1.0,0,2,10,4,0,0,0.0,1.0,-0.866025,0.5,1,0,0,0,0,0,1,0,0,0,0,139.26,51.5778,0,1,0,139.26
597.26,0.5,4.3,1.0,6,2,10,4,0,0,1.0,0.0,-0.866025,0.5,1,0,0,0,0,0,0,0,1,0,0,597.26,1194.52,0,0,0,597.26
386.27,1.2,3.0,1.0,12,2,10,4,0,0,0.0,-1.0,-0.866025,0.5,0,0,0,0,0,0,0,0,1,0,0,386.27,321.8917,0,0,0,386.27
511.26,67.9,4.9,2.0,18,2,10,4,0,0,-1.0,-0.0,-0.866025,0.5,0,0,1,0,0,0,0,0,0,0,0,1022.52,7.5296,1,0,1,255.63
619.28,3.4,4.9,1.0,0,3,10,4,0,0,0.0,1.0,-0.866025,0.5,0,1,0,0,0,0,0,0,0,0,0,619.28,182.1412,0,1,0,619.28
119.18,27.1,4.5,1.0,6,3,10,4,0,0,1.0,0.0,-0.866025,0.5,0,1,0,0,0,0,0,0,0,0,1,119.18,4.3978,0,0,0,119.18
622.15,1.5,4.6,1.0,12,3,10,4,0,0,0.0,-1.0,-0.866025,0.5,0,0,0,1,0,1,0,0,0,0,0,622.15,414.7667,0,0,0,622.15
1299.98,2.5,5.0,2.0,18,3,10,4,0,0,-1.0,-0.0,-0.866025,0.5,0,0,0,1,1,0,0,0,0,0,0,2599.96,519.992,1,0,1,649.99
539.06,15.6,3.8,1.2,0,4,10,4,0,0,0.0,1.0,-0.866025,0.5,0,1,0,0,0,1,0,0,0,0,0,646.87,34.5551,0,1,0,449.21666666666664
818.69,13.8,4.4,1.2,6,4,10,4,0,0,1.0,0.0,-0.866025,0.5,0,0,0,1,0,0,0,0,0,0,0,982.43,59.3254,0,0,0,682.2416666666668
698.88,66.6,5.0,1.0,12,4,10,4,0,0,0.0,-1.0,-0.866025,0.5,0,0,0,0,1,0,0,0,0,0,0,698.88,10.4937,0,0,0,698.88
610.76,63.7,5.0,1.5,18,4,10,4,0,0,-1.0,-0.0,-0.866025,0.5,0,1,0,0,0,1,0,1,0,0,0,916.14,9.5881,1,0,0,407.17333333333335
711.24,33.3,4.1,1.0,0,5,10,4,1,0,0.0,1.0,-0.866025,0.5,0,0,0,1,0,0,0,0,0,0,0,711.24,21.3586,0,1,0,711.24
771.28,20.3,5.0,1.0,6,5,10,4,1,0,1.0,0.0,-0.866025,0.5,0,1,0,0,0,1,0,0,0,0,0,771.28,37.9941,0,0,0,771.28
786.54,13.4,4.7,1.0,12,5,10,4,1,0,0.0,-1.0,-0.866025,0.5,0,0,1,0,0,0,0,0,1,0,0,786.54,58.697,0,0,0,786.54
216.39,9.7,5.0,1.5,18,5,10,4,1,0,-1.0,-0.0,-0.866025,0.5,1,0,0,0,0,0,0,0,0,0,0,324.58,22.3082,1,0,0,144.26
733.01,64.7,4.7,1.2,0,6,10,4,1,0,0.0,1.0,-0.866025,0.5,0,1,0,0,0,0,1,1,0,0,0,879.61,11.3294,0,1,0,610.8416666666667
383.33,20.3,4.5,1.5,6,6,10,4,1,0,1.0,0.0,-0.866025,0.5,1,0,0,0,0,0,0,1,0,0,0,575.0,18.8833,0,0,0,255.5533333333333
800.61,19.0,5.0,2.0,12,6,10,4,1,0,0.0,-1.0,-0.866025,0.5,0,0,0,1,0,1,0,0,0,0,0,1601.22,42.1374,0,0,1,400.305
562.85,5.8,4.0,1.0,18,6,10,4,1,0,-1.0,-0.0,-0.866025,0.5,1,0,0,0,1,0,0,0,1,0,0,562.85,97.0431,1,0,0,562.85
214.53,1.1,5.0,1.0,0,0,10,4,0,0,0.0,1.0,-0.866025,0.5,0,1,0,0,1,0,0,0,0,0,0,214.53,195.0273,0,1,0,214.53
855.25,63.9,5.0,1.0,6,0,10,4,0,0,1.0,0.0,-0.866025,0.5,0,0,1,0,0,0,0,0,0,0,1,855.25,13.3842,0,0,0,855.25
287.18,8.3,5.0,1.5,12,0,10,4,0,0,0.0,-1.0,-0.866025,0.5,0,0,0,1,0,0,0,0,0,0,0,430.77,34.6,0,0,0,191.45333333333335
373.36,12.9,4.3,1.0,18,0,10,4,0,0,-1.0,-0.0,-0.866025,0.5,0,1,0,0,0,0,0,0,0,0,1,373.36,28.9426,1,0,0,373.36
954.68,2.7,4.4,1.5,0,1,10,4,0,0,0.0,1.0,-0.866025,0.5,0,0,0,1,0,1,0,0,1,0,0,1432.02,353.5852,0,1,0,636.4533333333333
474.0,39.9,3.7,1.0,6,1,10,4,0,0,1.0,0.0,-0.866025,0.5,0,0,0,0,0,1,0,0,0,0,0,474.0,11.8797,0,0,0,474.0
364.75,0.6,4.1,1.0,12,1,10,4,0,0,0.0,-1.0,-0.866025,0.5,1,0,0,0,0,0,0,0,0,0,0,364.75,607.9167,0,0,0,364.75
423.01,39.5,4.6,1.0,18,1,10,4,0,0,-1.0,-0.0,-0.866025,0.5,0,0,0,0,0,0,1,0,0,0,1,423.01,10.7091,1,0,0,423.01
360.62,3.3,3.6,1.0,0,2,10,4,0,0,0.0,1.0,-0.866025,0.5,0,1,0,0,0,1,0,1,0,0,0,360.62,109.2788,0,1,0,360.62
652.72,47.9,4.2,1.5,6,2,10,4,0,0,1.0,0.0,-0.866025,0.5,0,0,1,0,0,0,0,0,0,0,0,979.08,13.6267,0,0,0,435.1466666666667
366.55,28.8,5.0,1.0,12,2,10,4,0,0,0.0,-1.0,-0.866025,0.5,0,0,0,1,0,1,0,0,1,0,0,366.55,12.7274,0,0,0,366.55
430.57,4.0,4.2,1.0,18,2,10,4,0,0,-1.0,-0.0,-0.866025,0.5,1,0,0,0,0,1,0,0,0,0,0,430.57,107.6425,1,0,0,430.57
586.88,18.4,4.8,1.0,0,3,10,4,0,0,0.0,1.0,-0.866025,0.5,0,0,0,1,0,0,0,0,0,0,0,586.88,31.8957,0,1,0,586.88
554.4,8.2,4.6,1.0,6,3,10,4,0,0,1.0,0.0,-0.866025,0.5,0,1,0,0,0,0,0,0,0,0,0,554.4,67.6098,0,0,0,554.4
300.5,4.3,4.1,1.0,12,3,10,4,0,0,0.0,-1.0,-0.866025,0.5,0,0,0,1,1,0,0,0,0,0,0,300.5,69.8837,0,0,0,300.5
656.69,43.1,4.2,1.0,18,3,10,4,0,0,-1.0,-0.0,-0.866025,0.5,1,0,0,0,0,1,0,1,0,0,0,656.69,15.2364,1,0,0,656.69
331.65,11.4,4.4,1.5,0,4,10,4,0,0,0.0,1.0,-0.866025,0.5,0,1,0,0,0,1,0,0,0,0,0,497.48,29.0921,0,1,0,221.1
244.27,11.2,3.3,1.0,6,4,10,4,0,0,1.0,0.0,-0.866025,0.5,0,0,0,1,0,1,0,1,0,0,0,244.27,21.8098,0,0,0,244.27
147.83,4.1,4.8,1.0,12,4,10,4,0,0,0.0,-1.0,-0.866025,0.5,0,0,1,0,0,0,0,0,0,0,0,147.83,36.0561,0,0,0,147.83
400.46,10.6,4.2,1.0,18,4,10,4,0,0,-1.0,-0.0,-0.866025,0.5,0,1,0,0,0,0,0,0,0,0,0,400.46,37.7792,1,0,0,400.46
167.71,45.2,4.8,1.0,0,5,10,4,1,0,0.0,1.0,-0.866025,0.5,0,1,0,0,0,1,0,0,0,0,0,167.71,3.7104,0,1,0,167.71
277.55,9.9,4.3,1.0,6,5,10,4,1,0,1.0,0.0,-0.866025,0.5,0,0,1,0,0,0,0,0,0,0,0,277.55,28.0354,0,0,0,277.55
436.28,66.6,4.2,1.0,12,5,10,4,1,0,0.0,-1.0,-0.866025,0.5,0,0,0,0,0,0,0,0,0,0,0,436.28,6.5508,0,0,0,436.28
762.94,64.3,4.4,1.0,18,5,10,4,1,0,-1.0,-0.0,-0.866025,0.5,1,0,0,0,1,0,0,0,0,0,0,762.94,11.8653,1,0,0,762.94
378.64,3.4,4.4,1.2,0,6,10,4,1,0,0.0,1.0,-0.866025,0.5,0,0,0,0,0,0,1,0,1,0,0,454.37,111.3647,0,1,0,315.53333333333336
189.96,4.3,5.0,1.0,6,6,10,4,1,0,1.0,0.0,-0.866025,0.5,0,0,0,1,1,0,0,0,0,0,0,189.96,44.1767,0,0,0,189.96
415.62,43.7,4.3,1.2,12,6,10,4,1,0,0.0,-1.0,-0.866025,0.5,0,0,1,0,1,0,0,0,0,0,0,498.74,9.5108,0,0,0,346.35
748.2,11.0,4.4,2.0,18,6,10,4,1,0,-1.0,-0.0,-0.866025,0.5,0,0,0,0,0,0,0,0,0,0,0,1496.4,68.0182,1,0,1,374.1
374.01,0.1,3.7,1.0,0,0,10,4,0,0,0.0,1.0,-0.866025,0.5,0,1,0,0,0,0,1,1,0,0,0,374.01,3740.1,0,1,0,374.01
827.45,7.0,4.3,1.0,6,0,10,4,0,0,1.0,0.0,-0.866025,0.5,0,0,0,1,0,0,0,0,0,0,1,827.45,118.2071,0,0,0,827.45
435.0,20.0,5.0,1.0,12,0,10,4,0,0,0.0,-1.0,-0.866025,0.5,0,0,0,1,0,0,1,0,0,0,0,435.0,21.75,0,0,0,435.0
623.34,35.3,4.5,1.0,18,0,10,4,0,0,-1.0,-0.0,-0.866025,0.5,0,0,0,0,0,0,1,0,0,0,0,623.34,17.6584,1,0,0,623.34
492.11,3.1,3.8,1.5,0,1,10,4,0,0,0.0,1.0,-0.866025,0.5,0,0,0,0,1,0,0,0,0,0,0,738.16,158.7452,0,1,0,328.0733333333333
807.57,2.6,3.8,1.2,6,1,10,4,0,0,1.0,0.0,-0.866025,0.5,0,0,1,0,0,0,1,0,0,0,1,969.08,310.6038,0,0,0,672.975
1138.97,56.1,3.9,1.0,12,1,10,4,0,0,0.0,-1.0,-0.866025,0.5,1,0,0,0,0,1,0,0,0,0,0,1138.97,20.3025,0,0,0,1138.97
340.64,30.6,4.8,1.0,18,1,10,4,0,0,-1.0,-0.0,-0.866025,0.5,0,0,0,0,0,0,0,0,0,0,0,340.64,11.132,1,0,0,340.64
477.5,19.6,4.3,1.0,0,2,11,4,0,0,0.0,1.0,-0.5,0.866025,0,0,0,0,0,1,0,0,0,0,0,477.5,24.3622,0,1,0,477.5
762.67,32.3,2.6,1.0,6,2,11,4,0,0,1.0,0.0,-0.5,0.866025,0,1,0,0,0,1,0,0,0,0,0,762.67,23.6121,0,0,0,762.67
500.92,12.3,4.3,1.2,12,2,11,4,0,0,0.0,-1.0,-0.5,0.866025,0,0,0,1,0,0,0,0,0,0,0,601.1,40.7252,0,0,0,417.43333333333334
143.21,31.3,4.4,1.0,18,2,11,4,0,0,-1.0,-0.0,-0.5,0.866025,1,0,0,0,0,1,0,0,1,0,0,143.21,4.5754,1,0,0,143.21
377.1,10.2,3.8,1.0,0,3,11,4,0,0,0.0,1.0,-0.5,0.866025,0,1,0,0,0,0,1,0,0,0,0,377.1,36.9706,0,1,0,377.1
498.74,6.2,4.1,1.2,6,3,11,4,0,0,1.0,0.0,-0.5,0.866025,0,0,1,0,0,0,0,0,1,0,0,598.49,80.4419,0,0,0,415.6166666666667
917.37,28.7,5.0,1.0,12,3,11,4,0,0,0.0,-1.0,-0.5,0.866025,0,0,1,0,1,0,0,0,0,0,0,917.37,31.9641,0,0,0,917.37
464.22,12.0,4.5,1.0,18,3,11,4,0,0,-1.0,-0.0,-0.5,0.866025,0,0,0,0,0,0,1,0,0,0,0,464.22,38.685,1,0,0,464.22
267.18,87.6,4.1,1.0,0,4,11,4,0,0,0.0,1.0,-0.5,0.866025,0,0,0,0,0,0,1,0,0,0,1,267.18,3.05,0,1,0,267.18
504.8,9.5,4.2,1.0,6,4,11,4,0,0,1.0,0.0,-0.5,0.866025,0,0,1,0,0,0,1,0,0,0,0,504.8,53.1368,0,0,0,504.8
871.51,56.0,4.3,1.2,12,4,11,4,0,0,0.0,-1.0,-0.5,0.866025,0,0,0,0,0,1,0,1,0,0,0,1045.81,15.5627,0,0,0,726.2583333333333
311.94,59.5,4.4,1.5,18,4,11,4,0,0,-1.0,-0.0,-0.5,0.866025,1,0,0,0,0,0,1,0,0,0,0,467.91,5.2427,1,0,0,207.96
334.0,6.1,3.6,1.0,0,5,11,4,1,0,0.0,1.0,-0.5,0.866025,0,0,0,0,1,0,0,0,0,0,0,334.0,54.7541,0,1,0,334.0
314.59,35.2,4.0,2.0,6,5,11,4,1,0,1.0,0.0,-0.5,0.866025,0,0,0,1,0,0,0,0,0,0,1,629.18,8.9372,0,0,1,157.295
205.23,12.5,4.8,1.0,12,5,11,4,1,0,0.0,-1.0,-0.5,0.866025,0,0,0,0,0,1,0,0,0,0,0,205.23,16.4184,0,0,0,205.23
453.57,54.9,4.3,1.2,18,5,11,4,1,0,-1.0,-0.0,-0.5,0.866025,0,1,0,0,1,0,0,1,0,0,0,544.28,8.2617,1,0,0,377.975
426.43,13.2,3.9,1.5,0,6,11,4,1,0,0.0,1.0,-0.5,0.866025,1,0,0,0,0,0,0,0,0,0,0,639.64,32.3053,0,1,0,284.2866666666667
153.38,30.0,3.9,1.0,6,6,11,4,1,0,1.0,0.0,-0.5,0.866025,0,1,0,0,0,1,0,1,0,0,0,153.38,5.1127,0,0,0,153.38
278.93,13.8,4.7,1.5,12,6,11,4,1,0,0.0,-1.0,-0.5,0.866025,0,1,0,0,0,1,0,0,0,0,0,418.4,20.2123,0,0,0,185.95333333333335
484.58,5.7,4.0,1.0,18,6,11,4,1,0,-1.0,-0.0,-0.5,0.866025,0,0,0,1,0,0,0,0,0,0,0,484.58,85.014,1,0,0,484.58
615.98,4.9,4.6,1.0,0,0,11,4,0,0,0.0,1.0,-0.5,0.866025,1,0,0,0,0,1,0,0,1,0,0,615.98,125.7102,0,1,0,615.98
700.29,12.2,4.0,1.2,6,0,11,4,0,0,1.0,0.0,-0.5,0.866025,1,0,0,0,1,0,0,0,0,0,1,840.35,57.4008,0,0,0,583.575
640.96,31.0,3.7,1.5,12,0,11,4,0,0,0.0,-1.0,-0.5,0.866025,1,0,0,0,0,1,0,0,0,0,1,961.44,20.6761,0,0,0,427.3066666666667
439.61,20.4,4.4,1.5,18,0,11,4,0,0,-1.0,-0.0,-0.5,0.866025,1,0,0,0,0,0,0,1,0,0,0,659.42,21.5495,1,0,0,293.0733333333333
185.29,25.7,4.3,1.2,0,1,11,4,0,0,0.0,1.0,-0.5,0.866025,1,0,0,0,0,0,0,1,0,0,0,222.35,7.2097,0,1,0,154.40833333333333
390.24,7.3,4.6,1.0,6,1,11,4,0,0,1.0,0.0,-0.5,0.866025,0,0,0,1,0,0,0,0,0,0,0,390.24,53.4575,0,0,0,390.24
88.53,14.4,4.7,1.0,12,1,11,4,0,0,0.0,-1.0,-0.5,0.866025,0,0,0,0,0,0,1,0,0,0,0,88.53,6.1479,0,0,0,88.53
485.77,1.0,4.1,2.0,18,1,11,4,0,0,-1.0,-0.0,-0.5,0.866025,0,1,0,0,0,0,0,0,0,0,0,971.54,485.77,1,0,1,242.885
306.09,37.4,4.5,1.0,0,2,11,4,0,0,0.0,1.0,-0.5,0.866025,1,0,0,0,0,1,0,0,0,0,0,306.09,8.1842,0,1,0,306.09
117.1,101.1,4.1,1.2,6,2,11,4,0,0,1.0,0.0,-0.5,0.866025,0,0,0,0,0,0,0,0,0,0,0,140.52,1.1583,0,0,0,97.58333333333333
531.53,11.5,4.6,1.0,12,2,11,4,0,0,0.0,-1.0,-0.5,0.866025,0,0,0,0,0,0,0,0,0,0,0,531.53,46.22,0,0,0,531.53
866.32,0.2,4.4,1.2,18,2,11,4,0,0,-1.0,-0.0,-0.5,0.866025,0,1,0,0,1,0,0,0,0,0,0,1039.58,4331.6,1,0,0,721.9333333333334
169.08,4.1,4.0,1.0,0,3,11,4,0,1,0.0,1.0,-0.5,0.866025,0,0,0,1,1,0,0,0,1,0,0,169.08,41.239,0,1,0,169.08
553.64,23.3,3.9,2.0,6,3,11,4,0,1,1.0,0.0,-0.5,0.866025,0,0,1,0,0,0,0,0,0,0,0,1107.28,23.7614,0,0,1,276.82
355.66,20.8,4.4,1.0,12,3,11,4,0,1,0.0,-1.0,-0.5,0.866025,0,0,1,0,0,1,0,0,0,0,0,355.66,17.099,0,0,0,355.66
287.03,34.1,4.9,2.0,18,3,11,4,0,1,-1.0,-0.0,-0.5,0.866025,0,0,0,0,0,0,0,0,0,0,0,574.06,8.4173,1,0,1,143.515
287.39,6.4,4.8,1.0,0,4,11,4,0,0,0.0,1.0,-0.5,0.866025,0,1,0,0,0,1,0,0,1,0,0,287.39,44.9047,0,1,0,287.39
355.61,31.7,4.3,1.0,6,4,11,4,0,0,1.0,0.0,-0.5,0.866025,0,0,1,0,0,1,0,0,1,0,0,355.61,11.218,0,0,0,355.61
354.91,25.6,3.9,1.2,12,4,11,4,0,0,0.0,-1.0,-0.5,0.866025,0,0,0,0,0,0,0,0,1,0,0,425.89,13.8637,0,0,0,295.7583333333334
430.54,8.6,4.0,1.2,18,4,11,4,0,0,-1.0,-0.0,-0.5,0.866025,0,0,0,1,0,0,0,0,0,0,0,516.65,50.0628,1,0,0,358.78333333333336
271.58,17.3,4.0,1.5,0,5,11,4,1,0,0.0,1.0,-0.5,0.866025,0,0,1,0,0,0,0,0,0,0,0,407.37,15.6983,0,1,0,181.0533333333333
303.4,3.5,3.4,1.0,6,5,11,4,1,0,1.0,0.0,-0.5,0.866025,0,0,0,0,0,0,1,0,0,0,0,303.4,86.6857,0,0,0,303.4
579.67,13.3,4.7,1.0,12,5,11,4,1,0,0.0,-1.0,-0.5,0.866025,0,0,0,0,0,0,1,0,0,0,0,579.67,43.5842,0,0,0,579.67
257.97,46.9,4.1,1.0,18,5,11,4,1,0,-1.0,-0.0,-0.5,0.866025,1,0,0,0,0,0,0,0,0,0,0,257.97,5.5004,1,0,0,257.97
501.8,12.0,4.5,1.0,0,6,11,4,1,0,0.0,1.0,-0.5,0.866025,0,0,0,1,1,0,0,0,0,0,0,501.8,41.8167,0,1,0,501.8
365.5,40.3,4.1,2.0,6,6,11,4,1,0,1.0,0.0,-0.5,0.866025,1,0,0,0,0,0,0,0,0,0,0,731.0,9.0695,0,0,1,182.75
326.26,19.6,4.3,1.0,12,6,11,4,1,0,0.0,-1.0,-0.5,0.866025,0,1,0,0,0,0,0,0,0,0,1,326.26,16.6459,0,0,0,326.26
1003.4,4.7,4.0,1.0,18,6,11,4,1,0,-1.0,-0.0,-0.5,0.866025,1,0,0,0,1,0,0,0,0,0,1,1003.4,213.4894,1,0,0,1003.4
208.04,19.1,4.3,1.0,0,0,11,4,0,0,0.0,1.0,-0.5,0.866025,1,0,0,0,0,0,1,0,0,0,0,208.04,10.8921,0,1,0,208.04
895.79,15.5,3.9,1.0,6,0,11,4,0,0,1.0,0.0,-0.5,0.866025,0,0,1,0,0,0,1,0,0,0,0,895.79,57.7929,0,0,0,895.79
660.55,11.2,4.3,1.0,12,0,11,4,0,0,0.0,-1.0,-0.5,0.866025,0,0,0,0,0,1,0,0,0,0,0,660.55,58.9777,0,0,0,660.55
310.49,2.8,5.0,1.0,18,0,11,4,0,0,-1.0,-0.0,-0.5,0.866025,0,0,0,1,0,0,0,0,0,0,0,310.49,110.8893,1,0,0,310.49
669.96,11.9,4.6,1.0,0,1,11,4,0,0,0.0,1.0,-0.5,0.866025,1,0,0,0,1,0,0,0,0,0,1,669.96,56.2992,0,1,0,669.96
65.02,1.7,4.4,1.0,6,1,11,4,0,0,1.0,0.0,-0.5,0.866025,0,0,0,1,0,0,0,0,0,0,0,65.02,38.2471,0,0,0,65.02
294.43,2.3,3.6,2.0,12,1,11,4,0,0,0.0,-1.0,-0.5,0.866025,1,0,0,0,0,1,0,0,1,0,0,588.86,128.013,0,0,1,147.215
259.99,11.8,4.6,1.0,18,1,11,4,0,0,-1.0,-0.0,-0.5,0.866025,0,1,0,0,0,0,0,0,0,0,0,259.99,22.0331,1,0,0,259.99
534.72,8.0,4.6,1.0,0,2,11,4,0,0,0.0,1.0,-0.5,0.866025,1,0,0,0,0,1,0,0,0,0,1,534.72,66.84,0,1,0,534.72
622.01,57.1,4.4,2.0,6,2,11,4,0,0,1.0,0.0,-0.5,0.866025,0,0,1,0,0,0,0,0,0,0,0,1244.02,10.8933,0,0,1,311.005
530.36,10.4,4.4,1.2,12,2,11,4,0,0,0.0,-1.0,-0.5,0.866025,0,0,0,0,0,0,0,0,1,0,0,636.43,50.9962,0,0,0,441.9666666666667
469.18,31.2,4.2,2.0,18,2,11,4,0,0,-1.0,-0.0,-0.5,0.866025,0,1,0,0,0,0,1,0,0,0,0,938.36,15.0378,1,0,1,234.59
692.04,16.6,4.6,2.0,0,3,11,4,0,0,0.0,1.0,-0.5,0.866025,1,0,0,0,0,0,0,0,1,0,0,1384.08,41.6892,0,1,1,346.02
643.76,26.8,5.0,1.0,6,3,11,4,0,0,1.0,0.0,-0.5,0.866025,0,0,0,1,0,1,0,0,0,0,0,643.76,24.0209,0,0,0,643.76
306.37,6.6,4.5,1.2,12,3,11,4,0,0,0.0,-1.0,-0.5,0.866025,0,1,0,0,0,0,0,0,0,0,0,367.64,46.4197,0,0,0,255.30833333333334
325.37,62.6,3.8,1.0,18,3,11,4,0,0,-1.0,-0.0,-0.5,0.866025,0,1,0,0,0,0,0,0,0,0,1,325.37,5.1976,1,0,0,325.37
625.64,16.6,3.9,1.0,0,4,11,4,0,0,0.0,1.0,-0.5,0.866025,1,0,0,0,0,0,0,0,0,0,1,625.64,37.6892,0,1,0,625.64
428.36,39.2,4.7,1.5,6,4,11,4,0,0,1.0,0.0,-0.5,0.866025,0,1,0,0,0,0,0,1,0,0,0,642.54,10.9276,0,0,0,285.5733333333333
443.72,10.0,3.8,1.0,12,4,11,4,0,0,0.0,-1.0,-0.5,0.866025,0,0,0,1,1,0,0,0,1,0,0,443.72,44.372,0,0,0,443.72
473.76,2.3,4.4,1.2,18,4,11,4,0,0,-1.0,-0.0,-0.5,0.866025,0,1,0,0,0,0,0,1,0,0,0,568.51,205.9826,1,0,0,394.8
147.34,24.6,4.1,1.2,0,5,11,4,1,0,0.0,1.0,-0.5,0.866025,0,0,0,1,0,0,1,0,0,0,0,176.81,5.9894,0,1,0,122.78333333333335
298.82,0.2,3.8,1.0,6,5,11,4,1,0,1.0,0.0,-0.5,0.866025,1,0,0,0,0,1,0,0,0,0,0,298.82,1494.1,0,0,0,298.82
557.92,14.2,4.7,1.5,12,5,11,4,1,0,0.0,-1.0,-0.5,0.866025,0,0,0,0,0,1,0,0,0,0,0,836.88,39.2901,0,0,0,371.94666666666666
297.44,4.7,4.7,1.0,18,5,11,4,1,0,-1.0,-0.0,-0.5,0.866025,0,1,0,0,0,1,0,0,1,0,0,297.44,63.2851,1,0,0,297.44
387.59,21.7,3.6,1.0,0,6,11,4,1,0,0.0,1.0,-0.5,0.866025,0,0,0,0,0,1,0,0,0,0,0,387.59,17.8613,0,1,0,387.59
556.12,85.4,4.5,1.5,6,6,11,4,1,0,1.0,0.0,-0.5,0.866025,0,0,0,1,1,0,0,0,0,0,0,834.18,6.5119,0,0,0,370.74666666666667
711.17,13.7,4.5,1.0,12,6,11,4,1,0,0.0,-1.0,-0.5,0.866025,0,1,0,0,0,0,0,0,1,0,0,711.17,51.9102,0,0,0,711.17
753.21,37.4,4.7,1.2,18,6,11,4,1,0,-1.0,-0.0,-0.5,0.866025,0,0,1,0,0,0,0,1,0,0,0,903.85,20.1393,1,0,0,627.6750000000001
774.36,15.6,4.4,1.0,0,0,11,4,0,0,0.0,1.0,-0.5,0.866025,0,0,0,0,1,0,0,0,0,0,0,774.36,49.6385,0,1,0,774.36
407.11,15.1,5.0,1.0,6,0,11,4,0,0,1.0,0.0,-0.5,0.866025,0,1,0,0,0,0,1,0,0,0,0,407.11,26.9609,0,0,0,407.11
385.15,58.6,4.2,1.5,12,0,11,4,0,0,0.0,-1.0,-0.5,0.866025,0,0,0,0,1,0,0,0,0,0,0,577.72,6.5725,0,0,0,256.76666666666665
223.21,48.6,4.2,1.0,18,0,11,4,0,0,-1.0,-0.0,-0.5,0.866025,0,1,0,0,0,1,0,0,0,0,0,223.21,4.5928,1,0,0,223.21
868.78,33.9,3.8,1.0,0,1,11,4,0,0,0.0,1.0,-0.5,0.866025,1,0,0,0,1,0,0,0,0,0,0,868.78,25.6277,0,1,0,868.78
376.58,7.7,3.8,1.0,6,1,11,4,0,0,1.0,0.0,-0.5,0.866025,0,0,0,0,0,1,0,0,1,0,0,376.58,48.9065,0,0,0,376.58
858.72,17.3,3.8,1.5,12,1,11,4,0,0,0.0,-1.0,-0.5,0.866025,0,0,1,0,0,1,0,0,1,0,0,1288.08,49.637,0,0,0,572.48
508.73,5.6,4.4,1.0,18,1,11,4,0,0,-1.0,-0.0,-0.5,0.866025,0,0,1,0,0,0,0,0,1,0,0,508.73,90.8446,1,0,0,508.73
727.54,12.9,4.2,1.5,0,2,11,4,0,0,0.0,1.0,-0.5,0.866025,0,0,0,1,0,1,0,0,0,0,0,1091.31,56.3984,0,1,0,485.02666666666664
421.63,14.6,4.5,1.0,6,2,11,4,0,0,1.0,0.0,-0.5,0.866025,0,1,0,0,0,0,0,1,0,0,0,421.63,28.8788,0,0,0,421.63
583.92,39.2,3.7,1.2,12,2,11,4,0,0,0.0,-1.0,-0.5,0.866025,0,0,0,0,0,0,0,0,0,0,0,700.7,14.8959,0,0,0,486.59999999999997
739.82,49.8,3.9,2.0,18,2,11,4,0,0,-1.0,-0.0,-0.5,0.866025,0,0,0,1,1,0,0,0,0,0,0,1479.64,14.8558,1,0,1,369.91
334.98,11.8,3.9,1.0,0,3,11,4,0,0,0.0,1.0,-0.5,0.866025,0,0,0,0,0,0,0,1,0,0,0,334.98,28.3881,0,1,0,334.98
776.4,0.4,5.0,1.0,6,3,11,4,0,0,1.0,0.0,-0.5,0.866025,0,1,0,0,0,0,0,0,0,0,0,776.4,1941.0,0,0,0,776.4
240.93,43.5,4.2,1.2,12,3,11,4,0,0,0.0,-1.0,-0.5,0.866025,0,0,1,0,0,0,0,0,0,0,0,289.12,5.5386,0,0,0,200.775
990.39,4.2,4.3,1.2,18,3,11,4,0,0,-1.0,-0.0,-0.5,0.866025,1,0,0,0,0,0,1,1,0,0,0,1188.47,235.8071,1,0,0,825.325
474.72,21.4,4.3,1.0,0,4,11,4,0,0,0.0,1.0,-0.5,0.866025,0,0,1,0,0,1,0,0,0,0,0,474.72,22.1832,0,1,0,474.72
301.43,0.6,5.0,1.2,6,4,11,4,0,0,1.0,0.0,-0.5,0.866025,0,0,0,1,0,1,0,0,1,0,0,361.72,502.3833,0,0,0,251.1916666666667
654.11,11.2,3.5,1.2,12,4,11,4,0,0,0.0,-1.0,-0.5,0.866025,1,0,0,0,1,0,0,0,0,0,0,784.93,58.4027,0,0,0,545.0916666666667
520.76,93.8,4.3,1.5,18,4,11,4,0,0,-1.0,-0.0,-0.5,0.866025,0,0,0,1,1,0,0,0,1,0,0,781.14,5.5518,1,0,0,347.17333333333335
152.36,2.3,3.5,1.2,0,5,11,4,1,0,0.0,1.0,-0.5,0.866025,0,1,0,0,0,0,0,0,0,0,0,182.83,66.2435,0,1,0,126.96666666666668
355.71,12.1,3.1,1.0,6,5,11,4,1,0,1.0,0.0,-0.5,0.866025,1,0,0,0,0,1,0,0,0,0,0,355.71,29.3975,0,0,0,355.71
247.69,8.1,3.9,2.0,12,5,11,4,1,0,0.0,-1.0,-0.5,0.866025,0,0,0,1,1,0,0,0,1,0,0,495.38,30.579,0,0,1,123.845
260.29,51.8,4.5,1.0,18,5,11,4,1,0,-1.0,-0.0,-0.5,0.866025,0,1,0,0,0,1,0,0,0,0,0,260.29,5.0249,1,0,0,260.29
255.08,44.8,3.9,1.0,0,6,11,4,1,0,0.0,1.0,-0.5,0.866025,0,0,1,0,0,0,0,0,0,0,0,255.08,5.6938,0,1,0,255.08
570.14,6.0,4.5,1.0,6,6,11,4,1,0,1.0,0.0,-0.5,0.866025,0,1,0,0,1,0,0,0,0,0,0,570.14,95.0233,0,0,0,570.14
679.12,1.9,4.4,1.0,12,6,11,4,1,0,0.0,-1.0,-0.5,0.866025,0,0,0,0,0,1,0,0,0,0,0,679.12,357.4316,0,0,0,679.12
286.36,21.7,4.2,1.0,18,6,11,4,1,0,-1.0,-0.0,-0.5,0.866025,0,1,0,0,0,0,0,0,0,0,0,286.36,13.1963,1,0,0,286.36
127.66,9.0,4.9,1.0,0,0,11,4,0,0,0.0,1.0,-0.5,0.866025,0,1,0,0,0,1,0,0,0,0,0,127.66,14.1844,0,1,0,127.66
88.02,24.5,4.0,1.0,6,0,11,4,0,0,1.0,0.0,-0.5,0.866025,0,0,0,0,0,0,0,0,0,0,1,88.02,3.5927,0,0,0,88.02
1105.18,0.7,4.5,1.2,12,0,11,4,0,0,0.0,-1.0,-0.5,0.866025,0,0,0,1,0,0,0,0,0,0,0,1326.22,1578.8286,0,0,0,920.9833333333335
477.34,3.1,3.4,1.0,18,0,11,4,0,0,-1.0,-0.0,-0.5,0.866025,0,0,0,1,1,0,0,0,0,0,0,477.34,153.9806,1,0,0,477.34
656.52,25.5,4.3,1.0,0,1,11,4,0,0,0.0,1.0,-0.5,0.866025,0,1,0,0,0,0,0,0,0,0,0,656.52,25.7459,0,1,0,656.52
396.59,5.3,4.2,1.0,6,1,11,4,0,0,1.0,0.0,-0.5,0.866025,0,0,0,0,0,1,0,0,0,0,0,396.59,74.8283,0,0,0,396.59
110.16,42.9,3.7,1.0,12,1,11,4,0,0,0.0,-1.0,-0.5,0.866025,0,0,0,0,0,1,0,0,0,0,1,110.16,2.5678,0,0,0,110.16
542.05,1.3,4.5,1.0,18,1,11,4,0,0,-1.0,-0.0,-0.5,0.866025,0,0,1,0,0,0,0,0,0,0,0,542.05,416.9615,1,0,0,542.05
938.69,5.3,3.9,1.0,0,2,11,4,0,0,0.0,1.0,-0.5,0.866025,0,0,0,1,0,0,1,0,0,0,1,938.69,177.1113,0,1,0,938.69
310.68,144.0,5.0,2.0,6,2,11,4,0,0,1.0,0.0,-0.5,0.866025,1,0,0,0,0,0,0,0,0,0,0,621.36,2.1575,0,0,1,155.34
101.83,12.5,3.1,1.5,12,2,11,4,0,0,0.0,-1.0,-0.5,0.866025,0,0,0,1,0,0,0,0,1,0,0,152.74,8.1464,0,0,0,67.88666666666667
222.46,26.7,4.4,1.5,18,2,11,4,0,0,-1.0,-0.0,-0.5,0.866025,0,0,0,1,0,0,0,0,0,0,0,333.69,8.3318,1,0,0,148.30666666666667
672.37,4.4,4.3,1.0,0,3,11,4,0,0,0.0,1.0,-0.5,0.866025,0,0,1,0,0,0,0,1,0,0,0,672.37,152.8114,0,1,0,672.37
518.74,20.7,4.2,1.0,6,3,11,4,0,0,1.0,0.0,-0.5,0.866025,1,0,0,0,0,0,0,0,1,0,0,518.74,25.0599,0,0,0,518.74
778.0,28.5,4.0,1.0,12,3,11,4,0,0,0.0,-1.0,-0.5,0.866025,0,0,1,0,1,0,0,0,0,0,0,778.0,27.2982,0,0,0,778.0
442.02,8.3,4.3,1.2,18,3,11,4,0,0,-1.0,-0.0,-0.5,0.866025,1,0,0,0,0,0,1,0,0,0,0,530.42,53.2554,1,0,0,368.35
616.76,38.8,4.8,1.0,0,4,12,4,0,0,0.0,1.0,-0.0,1.0,0,1,0,0,0,0,0,0,0,0,0,616.76,15.8959,0,1,0,616.76
350.14,20.3,3.5,1.0,6,4,12,4,0,0,1.0,0.0,-0.0,1.0,1,0,0,0,0,1,0,0,0,0,1,350.14,17.2483,0,0,0,350.14
232.71,10.8,3.9,1.0,12,4,12,4,0,0,0.0,-1.0,-0.0,1.0,0,0,1,0,1,0,0,0,0,0,0,232.71,21.5472,0,0,0,232.71
617.61,17.9,3.8,1.0,18,4,12,4,0,0,-1.0,-0.0,-0.0,1.0,0,0,0,1,1,0,0,0,0,0,0,617.61,34.5034,1,0,0,617.61
677.84,18.9,3.8,2.0,0,5,12,4,1,0,0.0,1.0,-0.0,1.0,1,0,0,0,0,1,0,0,1,0,0,1355.68,35.8646,0,1,1,338.92
314.69,4.0,4.5,1.2,6,5,12,4,1,0,1.0,0.0,-0.0,1.0,1,0,0,0,0,0,0,0,0,0,0,377.63,78.6725,0,0,0,262.2416666666667
896.89,11.3,4.6,1.5,12,5,12,4,1,0,0.0,-1.0,-0.0,1.0,0,0,0,0,0,0,0,0,0,0,1,1345.34,79.3708,0,0,0,597.9266666666666
909.23,9.3,4.8,1.0,18,5,12,4,1,0,-1.0,-0.0,-0.0,1.0,0,0,0,1,1,0,0,0,1,0,0,909.23,97.7667,1,0,0,909.23
255.98,11.3,4.6,1.5,0,6,12,4,1,0,0.0,1.0,-0.0,1.0,0,1,0,0,1,0,0,0,1,0,0,383.97,22.6531,0,1,0,170.65333333333334
262.78,31.5,4.6,1.2,6,6,12,4,1,0,1.0,0.0,-0.0,1.0,0,0,1,0,0,0,0,1,0,0,0,315.34,8.3422,0,0,0,218.98333333333332
269.83,14.5,3.6,2.0,12,6,12,4,1,0,0.0,-1.0,-0.0,1.0,0,1,0,0,0,0,0,0,0,0,0,539.66,18.609,0,0,1,134.915
411.56,62.0,5.0,1.0,18,6,12,4,1,0,-1.0,-0.0,-0.0,1.0,0,0,0,1,0,0,1,0,0,0,0,411.56,6.6381,1,0,0,411.56
359.21,7.6,4.2,1.0,0,0,12,4,0,0,0.0,1.0,-0.0,1.0,1,0,0,0,1,0,0,0,0,0,0,359.21,47.2645,0,1,0,359.21
203.12,11.8,4.8,1.2,6,0,12,4,0,0,1.0,0.0,-0.0,1.0,1,0,0,0,0,0,1,0,0,0,0,243.74,17.2136,0,0,0,169.26666666666668
274.27,34.0,3.6,1.0,12,0,12,4,0,0,0.0,-1.0,-0.0,1.0,0,0,0,1,1,0,0,0,1,0,0,274.27,8.0668,0,0,0,274.27
111.73,17.4,4.2,1.5,18,0,12,4,0,0,-1.0,-0.0,-0.0,1.0,1,0,0,0,0,0,0,0,0,0,1,167.6,6.4213,1,0,0,74.48666666666666
125.36,17.4,4.8,2.0,0,1,12,4,0,0,0.0,1.0,-0.0,1.0,1,0,0,0,0,1,0,0,0,0,0,250.72,7.2046,0,1,1,62.68
179.87,1.2,4.3,1.0,6,1,12,4,0,0,1.0,0.0,-0.0,1.0,1,0,0,0,0,1,0,0,0,0,0,179.87,149.8917,0,0,0,179.87
1074.81,11.2,3.9,1.0,12,1,12,4,0,0,0.0,-1.0,-0.0,1.0,0,0,1,0,0,0,0,0,0,0,1,1074.81,95.9652,0,0,0,1074.81
1010.24,6.9,5.0,1.0,18,1,12,4,0,0,-1.0,-0.0,-0.0,1.0,0,0,1,0,0,1,0,0,0,0,0,1010.24,146.4116,1,0,0,1010.24
635.61,160.9,3.7,1.5,0,2,12,4,0,0,0.0,1.0,-0.0,1.0,0,0,0,0,1,0,0,0,0,0,0,953.42,3.9503,0,1,0,423.74
316.49,8.1,4.3,1.2,6,2,12,4,0,0,1.0,0.0,-0.0,1.0,0,1,0,0,0,0,0,0,0,0,0,379.79,39.0728,0,0,0,263.7416666666667
178.05,47.5,4.6,1.0,12,2,12,4,0,0,0.0,-1.0,-0.0,1.0,0,0,0,1,1,0,0,0,0,0,1,178.05,3.7484,0,0,0,178.05
437.18,24.8,5.0,1.0,18,2,12,4,0,0,-1.0,-0.0,-0.0,1.0,0,0,0,1,0,1,0,0,1,0,0,437.18,17.6282,1,0,0,437.18
549.66,9.2,4.1,1.0,0,3,12,4,0,0,0.0,1.0,-0.0,1.0,0,0,0,1,0,0,1,0,1,0,0,549.66,59.7457,0,1,0,549.66
289.06,17.3,4.2,1.2,6,3,12,4,0,0,1.0,0.0,-0.0,1.0,0,0,0,0,0,0,0,1,0,0,0,346.87,16.7087,0,0,0,240.88333333333335
534.78,40.4,4.1,1.0,12,3,12,4,0,0,0.0,-1.0,-0.0,1.0,0,0,1,0,0,0,0,0,0,1,0,534.78,13.2371,0,0,0,534.78
221.23,47.3,4.4,1.0,18,3,12,4,0,0,-1.0,-0.0,-0.0,1.0,0,0,0,0,0,1,0,0,0,0,0,221.23,4.6772,1,0,0,221.23
320.08,3.8,4.6,1.2,0,4,12,4,0,0,0.0,1.0,-0.0,1.0,0,0,0,1,0,0,0,1,0,0,0,384.1,84.2316,0,1,0,266.73333333333335
383.34,9.1,4.8,1.0,6,4,12,4,0,0,1.0,0.0,-0.0,1.0,0,1,0,0,1,0,0,0,0,0,0,383.34,42.1253,0,0,0,383.34
1025.18,9.0,4.7,1.0,12,4,12,4,0,0,0.0,-1.0,-0.0,1.0,1,0,0,0,1,0,0,0,1,0,0,1025.18,113.9089,0,0,0,1025.18
272.01,0.9,4.1,1.0,18,4,12,4,0,0,-1.0,-0.0,-0.0,1.0,0,0,1,0,0,0,0,0,0,0,1,272.01,302.2333,1,0,0,272.01
548.28,20.1,4.7,1.0,0,5,12,4,1,0,0.0,1.0,-0.0,1.0,0,0,1,0,0,1,0,0,1,0,0,548.28,27.2776,0,1,0,548.28
248.9,42.5,4.3,1.0,6,5,12,4,1,0,1.0,0.0,-0.0,1.0,0,0,0,0,0,1,0,0,1,0,0,248.9,5.8565,0,0,0,248.9
229.5,10.6,4.7,2.0,12,5,12,4,1,0,0.0,-1.0,-0.0,1.0,0,0,1,0,0,0,0,1,0,0,0,459.0,21.6509,0,0,1,114.75
288.34,29.6,4.7,1.5,18,5,12,4,1,0,-1.0,-0.0,-0.0,1.0,0,0,0,1,0,0,1,1,0,0,0,432.51,9.7412,1,0,0,192.22666666666666
445.15,21.7,5.0,1.5,0,6,12,4,1,0,0.0,1.0,-0.0,1.0,0,0,0,1,1,0,0,0,0,0,0,667.72,20.5138,0,1,0,296.76666666666665
955.15,10.4,4.1,2.0,6,6,12,4,1,0,1.0,0.0,-0.0,1.0,0,0,0,0,0,1,0,0,0,0,0,1910.3,91.8413,0,0,1,477.575
312.69,3.3,4.0,1.0,12,6,12,4,1,0,0.0,-1.0,-0.0,1.0,0,0,0,1,1,0,0,0,0,0,0,312.69,94.7545,0,0,0,312.69
680.44,27.2,4.5,1.0,18,6,12,4,1,0,-1.0,-0.0,-0.0,1.0,0,1,0,0,0,1,0,0,1,0,0,680.44,25.0162,1,0,0,680.44
1050.54,42.4,4.9,1.0,0,0,12,4,0,0,0.0,1.0,-0.0,1.0,0,0,0,0,0,0,1,0,0,0,0,1050.54,24.7769,0,1,0,1050.54
501.67,25.5,4.3,1.5,6,0,12,4,0,0,1.0,0.0,-0.0,1.0,0,1,0,0,0,1,0,0,1,0,0,752.5,19.6733,0,0,0,334.44666666666666
742.55,0.4,4.9,1.2,12,0,12,4,0,0,0.0,-1.0,-0.0,1.0,1,0,0,0,1,0,0,0,0,0,0,891.06,1856.375,0,0,0,618.7916666666666
279.57,5.4,4.6,1.0,18,0,12,4,0,0,-1.0,-0.0,-0.0,1.0,0,1,0,0,1,0,0,0,1,0,0,279.57,51.7722,1,0,0,279.57
540.85,1.6,4.2,1.0,0,1,12,4,0,0,0.0,1.0,-0.0,1.0,1,0,0,0,0,0,0,0,0,0,0,540.85,338.0312,0,1,0,540.85
611.64,18.6,4.6,1.0,6,1,12,4,0,0,1.0,0.0,-0.0,1.0,1,0,0,0,1,0,0,0,1,0,0,611.64,32.8839,0,0,0,611.64
197.35,31.1,4.1,1.0,12,1,12,4,0,0,0.0,-1.0,-0.0,1.0,0,1,0,0,0,0,0,0,0,0,0,197.35,6.3457,0,0,0,197.35
264.1,2.6,4.4,1.5,18,1,12,4,0,0,-1.0,-0.0,-0.0,1.0,0,0,0,0,0,0,0,0,0,0,0,396.15,101.5769,1,0,0,176.0666666666667
374.43,40.1,3.8,1.0,0,2,12,4,0,0,0.0,1.0,-0.0,1.0,0,0,0,1,0,0,0,0,0,0,0,374.43,9.3374,0,1,0,374.43
292.85,17.8,4.3,1.5,6,2,12,4,0,0,1.0,0.0,-0.0,1.0,0,0,0,1,0,0,1,0,1,0,0,439.28,16.4522,0,0,0,195.23333333333335
397.98,25.8,4.8,1.0,12,2,12,4,0,0,0.0,-1.0,-0.0,1.0,1,0,0,0,1,0,0,0,0,0,0,397.98,15.4256,0,0,0,397.98
180.49,78.2,4.7,1.2,18,2,12,4,0,0,-1.0,-0.0,-0.0,1.0,1,0,0,0,1,0,0,0,0,0,0,216.59,2.3081,1,0,0,150.40833333333336
998.96,1.9,4.6,2.0,0,3,12,4,0,0,0.0,1.0,-0.0,1.0,0,0,0,0,1,0,0,0,0,0,1,1997.92,525.7684,0,1,1,499.48
715.54,50.9,4.4,1.5,6,3,12,4,0,0,1.0,0.0,-0.0,1.0,0,0,1,0,0,1,0,0,1,0,0,1073.31,14.0578,0,0,0,477.02666666666664
1851.1,3.0,4.4,1.0,12,3,12,4,0,0,0.0,-1.0,-0.0,1.0,0,1,0,0,0,0,1,0,0,0,1,1851.1,617.0333,0,0,0,1851.1
211.52,11.0,3.7,1.0,18,3,12,4,0,0,-1.0,-0.0,-0.0,1.0,1,0,0,0,0,1,0,0,0,0,0,211.52,19.2291,1,0,0,211.52
551.67,41.9,4.2,1.0,0,4,12,4,0,0,0.0,1.0,-0.0,1.0,0,0,0,1,0,0,0,0,0,0,0,551.67,13.1663,0,1,0,551.67
294.39,52.1,4.4,1.0,6,4,12,4,0,0,1.0,0.0,-0.0,1.0,0,0,0,0,0,0,0,1,0,0,0,294.39,5.6505,0,0,0,294.39
228.72,15.5,3.7,1.2,12,4,12,4,0,0,0.0,-1.0,-0.0,1.0,0,1,0,0,1,0,0,0,0,0,0,274.46,14.7561,0,0,0,190.6
695.39,19.8,3.4,2.0,18,4,12,4,0,0,-1.0,-0.0,-0.0,1.0,0,0,0,0,1,0,0,0,1,0,0,1390.78,35.1207,1,0,1,347.695
452.76,27.1,4.9,1.0,0,5,12,4,1,0,0.0,1.0,-0.0,1.0,0,1,0,0,0,0,0,0,0,0,0,452.76,16.707,0,1,0,452.76
360.9,39.3,4.3,1.0,6,5,12,4,1,0,1.0,0.0,-0.0,1.0,0,1,0,0,0,0,0,0,0,0,0,360.9,9.1832,0,0,0,360.9
509.44,2.9,4.3,1.0,12,5,12,4,1,0,0.0,-1.0,-0.0,1.0,1,0,0,0,1,0,0,0,0,0,0,509.44,175.669,0,0,0,509.44
270.56,36.5,4.6,1.5,18,5,12,4,1,0,-1.0,-0.0,-0.0,1.0,0,0,0,0,0,0,0,0,0,0,0,405.84,7.4126,1,0,0,180.37333333333333
265.45,14.4,3.8,2.0,0,6,12,4,1,0,0.0,1.0,-0.0,1.0,0,0,0,0,1,0,0,0,0,0,0,530.9,18.434,0,1,1,132.725
300.35,13.2,4.1,1.0,6,6,12,4,1,0,1.0,0.0,-0.0,1.0,0,0,0,1,0,0,1,0,0,0,0,300.35,22.7538,0,0,0,300.35
765.12,12.1,5.0,1.0,12,6,12,4,1,0,0.0,-1.0,-0.0,1.0,0,0,0,1,0,1,0,0,0,0,1,765.12,63.2331,0,0,0,765.12
734.12,15.7,4.1,1.2,18,6,12,4,1,0,-1.0,-0.0,-0.0,1.0,1,0,0,0,0,0,0,0,0,0,0,880.94,46.7592,1,0,0,611.7666666666667
205.72,63.8,4.3,1.2,0,0,12,4,0,0,0.0,1.0,-0.0,1.0,1,0,0,0,1,0,0,0,1,0,0,246.86,3.2245,0,1,0,171.43333333333334
977.42,17.5,4.0,1.0,6,0,12,4,0,0,1.0,0.0,-0.0,1.0,0,0,1,0,1,0,0,1,0,0,0,977.42,55.8526,0,0,0,977.42
432.8,67.4,3.9,1.5,12,0,12,4,0,0,0.0,-1.0,-0.0,1.0,0,0,0,1,0,1,0,0,1,0,0,649.2,6.4214,0,0,0,288.53333333333336
547.01,4.4,4.9,2.0,18,0,12,4,0,0,-1.0,-0.0,-0.0,1.0,0,1,0,0,0,0,1,0,0,0,0,1094.02,124.3205,1,0,1,273.505
294.92,28.3,3.1,1.0,0,1,12,4,0,0,0.0,1.0,-0.0,1.0,0,0,0,0,0,0,0,0,1,0,0,294.92,10.4212,0,1,0,294.92
444.86,36.8,4.1,1.0,6,1,12,4,0,0,1.0,0.0,-0.0,1.0,1,0,0,0,0,1,0,0,1,0,0,444.86,12.0886,0,0,0,444.86
227.91,25.0,4.4,1.0,12,1,12,4,0,0,0.0,-1.0,-0.0,1.0,0,0,0,0,1,0,0,0,1,0,0,227.91,9.1164,0,0,0,227.91
283.6,20.5,5.0,1.0,18,1,12,4,0,0,-1.0,-0.0,-0.0,1.0,0,0,0,0,1,0,0,0,1,0,0,283.6,13.8341,1,0,0,283.6
666.6,18.3,3.7,1.0,0,2,12,4,0,0,0.0,1.0,-0.0,1.0,0,0,1,0,0,0,0,0,0,0,1,666.6,36.4262,0,1,0,666.6
674.45,43.4,3.6,1.0,6,2,12,4,0,0,1.0,0.0,-0.0,1.0,0,0,0,1,1,0,0,0,1,0,0,674.45,15.5403,0,0,0,674.45
559.93,37.9,3.9,1.0,12,2,12,4,0,0,0.0,-1.0,-0.0,1.0,1,0,0,0,0,1,0,0,0,0,0,559.93,14.7739,0,0,0,559.93
348.48,2.9,4.7,1.0,18,2,12,4,0,0,-1.0,-0.0,-0.0,1.0,0,0,0,0,0,0,0,0,1,0,0,348.48,120.1655,1,0,0,348.48
203.63,41.5,4.4,1.0,0,3,12,4,0,0,0.0,1.0,-0.0,1.0,1,0,0,0,0,0,0,0,0,0,0,203.63,4.9067,0,1,0,203.63
811.41,11.8,3.6,1.0,6,3,12,4,0,0,1.0,0.0,-0.0,1.0,0,1,0,0,1,0,0,1,0,0,0,811.41,68.7636,0,0,0,811.41
699.6,6.4,4.3,1.2,12,3,12,4,0,0,0.0,-1.0,-0.0,1.0,0,0,1,0,0,0,0,0,0,0,0,839.52,109.3125,0,0,0,583.0
138.32,44.8,5.0,1.2,18,3,12,4,0,0,-1.0,-0.0,-0.0,1.0,0,1,0,0,0,0,0,0,0,0,0,165.98,3.0875,1,0,0,115.26666666666667
680.32,12.4,4.4,1.0,0,4,12,4,0,0,0.0,1.0,-0.0,1.0,1,0,0,0,0,0,0,1,0,0,0,680.32,54.8645,0,1,0,680.32
360.78,36.3,4.4,1.0,6,4,12,4,0,0,1.0,0.0,-0.0,1.0,1,0,0,0,1,0,0,0,1,0,0,360.78,9.9388,0,0,0,360.78
621.98,6.7,4.4,1.5,12,4,12,4,0,0,0.0,-1.0,-0.0,1.0,0,0,0,1,0,1,0,0,0,0,0,932.97,92.8328,0,0,0,414.65333333333336
181.92,0.1,4.5,1.0,18,4,12,4,0,0,-1.0,-0.0,-0.0,1.0,0,0,0,0,1,0,0,0,0,0,0,181.92,1819.2,1,0,0,181.92
303.58,15.1,3.7,2.0,0,5,12,4,1,0,0.0,1.0,-0.0,1.0,0,0,0,0,0,0,0,1,0,0,0,607.16,20.1046,0,1,1,151.79
462.08,2.3,4.2,1.0,6,5,12,4,1,0,1.0,0.0,-0.0,1.0,0,1,0,0,0,1,0,0,0,0,0,462.08,200.9043,0,0,0,462.08
999.16,30.9,4.2,1.2,12,5,12,4,1,0,0.0,-1.0,-0.0,1.0,0,0,1,0,0,1,0,1,0,0,0,1198.99,32.3353,0,0,0,832.6333333333333
462.7,7.1,4.1,1.0,18,5,12,4,1,0,-1.0,-0.0,-0.0,1.0,0,0,0,0,1,0,0,0,0,0,0,462.7,65.169,1,0,0,462.7
749.7,12.9,4.6,1.2,0,6,12,4,1,0,0.0,1.0,-0.0,1.0,0,0,0,1,0,0,1,0,1,0,0,899.64,58.1163,0,1,0,624.7500000000001
495.52,2.0,4.0,1.5,6,6,12,4,1,0,1.0,0.0,-0.0,1.0,0,1,0,0,0,0,0,1,0,0,0,743.28,247.76,0,0,0,330.34666666666664
486.36,7.4,4.1,2.0,12,6,12,4,1,0,0.0,-1.0,-0.0,1.0,0,1,0,0,0,1,0,0,0,0,0,972.72,65.7243,0,0,1,243.18
575.42,33.5,3.7,2.0,18,6,12,4,1,0,-1.0,-0.0,-0.0,1.0,0,0,0,1,0,0,0,0,0,0,0,1150.84,17.1767,1,0,1,287.71
426.71,3.6,4.5,1.0,0,0,12,4,0,1,0.0,1.0,-0.0,1.0,0,0,1,0,0,1,0,0,0,0,0,426.71,118.5306,0,1,0,426.71
658.52,22.9,4.8,1.0,6,0,12,4,0,1,1.0,0.0,-0.0,1.0,0,0,0,1,0,0,0,0,1,0,0,658.52,28.7563,0,0,0,658.52
237.69,54.9,4.1,1.0,12,0,12,4,0,1,0.0,-1.0,-0.0,1.0,0,0,1,0,0,0,0,0,0,0,0,237.69,4.3295,0,0,0,237.69
428.26,25.1,4.7,1.0,18,0,12,4,0,1,-1.0,-0.0,-0.0,1.0,0,0,0,1,0,0,0,0,1,0,0,428.26,17.0622,1,0,0,428.26
1041.8,36.7,4.2,1.0,0,1,12,4,0,0,0.0,1.0,-0.0,1.0,0,0,0,1,0,1,0,0,0,0,0,1041.8,28.3869,0,1,0,1041.8
765.34,2.5,3.0,1.5,6,1,12,4,0,0,1.0,0.0,-0.0,1.0,1,0,0,0,0,0,0,0,0,0,0,1148.01,306.136,0,0,0,510.2266666666667
517.96,6.4,4.3,1.5,12,1,12,4,0,0,0.0,-1.0,-0.0,1.0,0,1,0,0,1,0,0,0,0,0,0,776.94,80.9312,0,0,0,345.3066666666667
712.81,49.5,4.2,1.0,18,1,12,4,0,0,-1.0,-0.0,-0.0,1.0,0,0,0,1,0,1,0,0,0,0,0,712.81,14.4002,1,0,0,712.81
904.71,27.6,4.4,1.0,0,2,12,4,0,0,0.0,1.0,-0.0,1.0,0,0,0,1,0,0,0,0,1,0,0,904.71,32.7793,0,1,0,904.71
126.65,22.4,4.4,1.0,6,2,12,4,0,0,1.0,0.0,-0.0,1.0,0,0,0,0,1,0,0,1,0,0,0,126.65,5.654,0,0,0,126.65
379.39,24.0,4.0,1.2,12,2,12,4,0,0,0.0,-1.0,-0.0,1.0,0,1,0,0,0,0,0,0,1,0,0,455.27,15.8079,0,0,0,316.15833333333336
303.0,11.8,5.0,1.0,18,2,12,4,0,0,-1.0,-0.0,-0.0,1.0,0,0,0,0,0,1,0,0,0,0,0,303.0,25.678,1,0,0,303.0
190.02,1.0,4.3,1.5,0,3,12,4,0,0,0.0,1.0,-0.0,1.0,0,1,0,0,0,1,0,0,0,0,1,285.03,190.02,0,1,0,126.68
1116.63,33.8,4.2,1.2,6,3,12,4,0,0,1.0,0.0,-0.0,1.0,0,0,0,0,0,0,0,0,1,0,0,1339.96,33.0364,0,0,0,930.5250000000001
589.44,25.0,4.7,1.2,12,3,12,4,0,0,0.0,-1.0,-0.0,1.0,0,0,0,1,0,0,0,0,0,0,1,707.33,23.5776,0,0,0,491.20000000000005
700.24,14.1,4.3,1.0,18,3,12,4,0,0,-1.0,-0.0,-0.0,1.0,0,0,0,1,0,0,0,0,0,0,0,700.24,49.6624,1,0,0,700.24
310.38,50.6,5.0,1.0,0,4,12,4,0,0,0.0,1.0,-0.0,1.0,1,0,0,0,0,0,1,0,0,0,0,310.38,6.134,0,1,0,310.38
375.04,9.0,4.3,2.0,6,4,12,4,0,0,1.0,0.0,-0.0,1.0,0,0,0,0,0,1,0,0,0,0,0,750.08,41.6711,0,0,1,187.52
438.83,7.7,4.5,1.2,12,4,12,4,0,0,0.0,-1.0,-0.0,1.0,0,0,1,0,0,1,0,0,1,0,0,526.6,56.9909,0,0,0,365.69166666666666
538.14,45.4,3.9,2.0,18,4,12,4,0,0,-1.0,-0.0,-0.0,1.0,1,0,0,0,0,1,0,0,0,0,0,1076.28,11.8533,1,0,1,269.07
646.21,35.1,4.7,1.0,0,5,12,4,1,0,0.0,1.0,-0.0,1.0,0,0,0,0,0,0,0,0,0,0,0,646.21,18.4105,0,1,0,646.21
144.89,15.9,4.5,1.2,6,5,12,4,1,0,1.0,0.0,-0.0,1.0,0,0,0,0,0,1,0,0,0,0,0,173.87,9.1126,0,0,0,120.74166666666666
625.52,3.1,4.1,1.0,12,5,12,4,1,0,0.0,-1.0,-0.0,1.0,1,0,0,0,1,0,0,0,1,0,0,625.52,201.7806,0,0,0,625.52
388.45,5.3,3.9,1.2,18,5,12,4,1,0,-1.0,-0.0,-0.0,1.0,0,0,0,1,0,0,0,0,1,0,0,466.14,73.2925,1,0,0,323.7083333333333
922.54,23.5,3.6,1.2,0,6,12,4,1,0,0.0,1.0,-0.0,1.0,0,0,0,0,0,0,0,0,0,0,0,1107.05,39.257,0,1,0,768.7833333333333
830.03,10.7,4.5,1.2,6,6,12,4,1,0,1.0,0.0,-0.0,1.0,0,0,0,1,0,0,0,0,0,0,0,996.04,77.5729,0,0,0,691.6916666666667
510.41,39.8,3.6,1.2,12,6,12,4,1,0,0.0,-1.0,-0.0,1.0,1,0,0,0,0,1,0,0,1,0,0,612.49,12.8244,0,0,0,425.3416666666667
447.44,65.9,5.0,1.0,18,6,12,4,1,0,-1.0,-0.0,-0.0,1.0,0,0,0,1,0,0,1,0,0,0,1,447.44,6.7897,1,0,0,447.44
372.73,36.0,3.7,2.0,0,0,1,1,0,0,0.0,1.0,0.5,0.866025,0,1,0,0,0,0,0,0,1,0,0,745.46,10.3536,0,1,1,186.365
539.73,10.4,4.2,2.0,6,0,1,1,0,0,1.0,0.0,0.5,0.866025,0,0,1,0,0,1,0,0,0,0,1,1079.46,51.8971,0,0,1,269.865
808.12,34.2,3.9,1.0,12,0,1,1,0,0,0.0,-1.0,0.5,0.866025,0,0,0,0,0,0,0,0,1,0,0,808.12,23.6292,0,0,0,808.12
452.81,9.5,4.3,2.0,18,0,1,1,0,0,-1.0,-0.0,0.5,0.866025,0,0,1,0,0,0,1,0,1,0,0,905.62,47.6642,1,0,1,226.405
324.06,4.0,4.3,1.0,0,1,1,1,0,0,0.0,1.0,0.5,0.866025,0,0,0,1,0,0,0,0,0,0,0,324.06,81.015,0,1,0,324.06
447.54,0.7,4.5,1.2,6,1,1,1,0,0,1.0,0.0,0.5,0.866025,0,0,0,0,0,1,0,0,1,0,0,537.05,639.3429,0,0,0,372.95000000000005
515.27,10.7,3.5,1.0,12,1,1,1,0,0,0.0,-1.0,0.5,0.866025,0,0,0,1,1,0,0,0,1,0,0,515.27,48.1561,0,0,0,515.27
228.48,51.5,3.9,2.0,18,1,1,1,0,0,-1.0,-0.0,0.5,0.866025,0,1,0,0,1,0,0,0,1,0,0,456.96,4.4365,1,0,1,114.24
195.09,6.0,4.8,1.0,0,2,1,1,0,0,0.0,1.0,0.5,0.866025,1,0,0,0,0,1,0,0,0,0,0,195.09,32.515,0,1,0,195.09
328.75,5.1,4.6,1.0,6,2,1,1,0,0,1.0,0.0,0.5,0.866025,0,0,0,0,0,0,0,0,0,0,0,328.75,64.4608,0,0,0,328.75
921.57,77.0,3.1,1.0,12,2,1,1,0,0,0.0,-1.0,0.5,0.866025,0,1,0,0,0,0,0,0,0,0,0,921.57,11.9684,0,0,0,921.57
785.42,0.6,4.5,1.0,18,2,1,1,0,0,-1.0,-0.0,0.5,0.866025,0,1,0,0,0,0,0,0,0,0,0,785.42,1309.0333,1,0,0,785.42
168.68,33.9,3.8,1.2,0,3,1,1,0,0,0.0,1.0,0.5,0.866025,0,0,0,0,0,0,0,0,0,0,0,202.42,4.9758,0,1,0,140.5666666666667
258.65,8.5,4.0,1.0,6,3,1,1,0,0,1.0,0.0,0.5,0.866025,0,0,0,1,0,1,0,1,0,0,0,258.65,30.4294,0,0,0,258.65
640.64,0.8,4.2,1.2,12,3,1,1,0,0,0.0,-1.0,0.5,0.866025,0,1,0,0,0,0,0,0,0,0,0,768.77,800.8,0,0,0,533.8666666666667
351.58,55.0,5.0,2.0,18,3,1,1,0,0,-1.0,-0.0,0.5,0.866025,0,0,1,0,0,0,0,0,0,0,0,703.16,6.3924,1,0,1,175.79
554.6,3.3,3.8,1.5,0,4,1,1,0,0,0.0,1.0,0.5,0.866025,0,1,0,0,0,1,0,0,0,0,0,831.9,168.0606,0,1,0,369.73333333333335
174.71,17.7,3.6,1.5,6,4,1,1,0,0,1.0,0.0,0.5,0.866025,0,0,0,1,0,0,1,0,1,0,0,262.06,9.8706,0,0,0,116.47333333333334
442.8,7.0,4.5,1.0,12,4,1,1,0,0,0.0,-1.0,0.5,0.866025,0,0,0,1,0,1,0,0,0,0,0,442.8,63.2571,0,0,0,442.8
419.0,1.5,4.3,1.0,18,4,1,1,0,0,-1.0,-0.0,0.5,0.866025,0,0,1,0,0,0,0,0,0,0,0,419.0,279.3333,1,0,0,419.0
701.95,1.1,4.9,1.0,0,5,1,1,1,0,0.0,1.0,0.5,0.866025,0,1,0,0,0,0,0,0,1,0,0,701.95,638.1364,0,1,0,701.95
538.2,2.7,4.1,1.0,6,5,1,1,1,0,1.0,0.0,0.5,0.866025,0,0,0,1,0,0,1,0,0,0,0,538.2,199.3333,0,0,0,538.2
473.68,1.6,4.9,2.0,12,5,1,1,1,0,0.0,-1.0,0.5,0.866025,0,0,0,0,0,0,0,0,0,0,1,947.36,296.05,0,0,1,236.84
150.62,31.4,4.3,1.0,18,5,1,1,1,0,-1.0,-0.0,0.5,0.866025,1,0,0,0,0,0,0,0,0,0,1,150.62,4.7968,1,0,0,150.62
1058.67,14.6,4.6,1.5,0,6,1,1,1,0,0.0,1.0,0.5,0.866025,1,0,0,0,0,1,0,0,0,0,0,1588.0,72.5116,0,1,0,705.7800000000001
617.48,9.2,5.0,1.0,6,6,1,1,1,0,1.0,0.0,0.5,0.866025,1,0,0,0,0,1,0,0,0,0,0,617.48,67.1174,0,0,0,617.48
295.96,11.9,4.2,1.5,12,6,1,1,1,0,0.0,-1.0,0.5,0.866025,0,1,0,0,0,1,0,0,1,0,0,443.94,24.8706,0,0,0,197.30666666666664
467.47,58.2,4.8,1.0,18,6,1,1,1,0,-1.0,-0.0,0.5,0.866025,0,0,1,0,0,0,0,0,0,0,0,467.47,8.0321,1,0,0,467.47
357.45,53.2,4.0,1.0,0,0,1,1,0,0,0.0,1.0,0.5,0.866025,0,0,0,1,0,0,0,0,0,0,0,357.45,6.719,0,1,0,357.45
394.39,27.7,4.4,1.2,6,0,1,1,0,0,1.0,0.0,0.5,0.866025,0,0,0,0,0,0,1,0,0,0,0,473.27,14.2379,0,0,0,328.65833333333336
779.31,47.5,3.6,1.0,12,0,1,1,0,0,0.0,-1.0,0.5,0.866025,0,0,0,0,0,0,0,0,0,0,1,779.31,16.4065,0,0,0,779.31
257.94,8.5,4.0,1.2,18,0,1,1,0,0,-1.0,-0.0,0.5,0.866025,0,1,0,0,0,1,0,0,0,0,0,309.53,30.3459,1,0,0,214.95000000000002
630.51,10.6,3.8,1.0,0,1,1,1,0,0,0.0,1.0,0.5,0.866025,1,0,0,0,1,0,0,0,1,0,0,630.51,59.4821,0,1,0,630.51
795.8,20.9,4.9,1.0,6,1,1,1,0,0,1.0,0.0,0.5,0.866025,0,1,0,0,0,1,0,0,1,0,0,795.8,38.0766,0,0,0,795.8
581.28,21.5,5.0,2.0,12,1,1,1,0,0,0.0,-1.0,0.5,0.866025,0,0,1,0,0,0,0,0,0,0,0,1162.56,27.0363,0,0,1,290.64
405.01,14.5,4.1,1.0,18,1,1,1,0,0,-1.0,-0.0,0.5,0.866025,0,0,1,0,0,0,0,0,0,0,0,405.01,27.9317,1,0,0,405.01
284.11,11.3,3.9,1.2,0,2,1,1,0,0,0.0,1.0,0.5,0.866025,0,0,0,1,0,1,0,0,0,1,0,340.93,25.1425,0,1,0,236.75833333333335
306.56,94.2,3.6,1.0,6,2,1,1,0,0,1.0,0.0,0.5,0.866025,0,0,0,1,1,0,0,0,0,0,0,306.56,3.2544,0,0,0,306.56
472.5,37.9,4.4,1.2,12,2,1,1,0,0,0.0,-1.0,0.5,0.866025,0,0,1,0,0,0,1,0,1,0,0,567.0,12.467,0,0,0,393.75
452.31,12.6,4.0,1.0,18,2,1,1,0,0,-1.0,-0.0,0.5,0.866025,0,0,1,0,0,0,0,0,0,0,0,452.31,35.8976,1,0,0,452.31
670.28,28.6,4.0,1.0,0,3,1,1,0,0,0.0,1.0,0.5,0.866025,0,0,1,0,0,0,0,0,0,0,0,670.28,23.4364,0,1,0,670.28
182.49,6.9,5.0,1.0,6,3,1,1,0,0,1.0,0.0,0.5,0.866025,0,1,0,0,0,0,1,0,0,0,0,182.49,26.4478,0,0,0,182.49
774.42,2.3,4.2,1.0,12,3,1,1,0,0,0.0,-1.0,0.5,0.866025,0,0,1,0,1,0,0,0,0,0,0,774.42,336.7043,0,0,0,774.42
1403.06,9.6,4.6,1.0,18,3,1,1,0,0,-1.0,-0.0,0.5,0.866025,0,0,0,0,1,0,0,0,0,0,0,1403.06,146.1521,1,0,0,1403.06
425.51,11.3,4.3,1.2,0,4,1,1,0,0,0.0,1.0,0.5,0.866025,1,0,0,0,0,0,0,1,0,0,0,510.61,37.6558,0,1,0,354.5916666666667
391.36,0.4,3.6,1.2,6,4,1,1,0,0,1.0,0.0,0.5,0.866025,0,0,1,0,0,1,0,0,0,0,0,469.63,978.4,0,0,0,326.1333333333334
411.37,37.1,3.4,1.0,12,4,1,1,0,0,0.0,-1.0,0.5,0.866025,1,0,0,0,1,0,0,0,0,0,0,411.37,11.0881,0,0,0,411.37
464.01,9.8,4.5,1.0,18,4,1,1,0,0,-1.0,-0.0,0.5,0.866025,0,1,0,0,0,1,0,0,0,0,0,464.01,47.348,1,0,0,464.01
375.06,19.1,5.0,1.0,0,5,1,1,1,0,0.0,1.0,0.5,0.866025,1,0,0,0,0,1,0,0,1,0,0,375.06,19.6366,0,1,0,375.06
128.33,1.7,4.5,1.0,6,5,1,1,1,0,1.0,0.0,0.5,0.866025,0,1,0,0,0,0,0,0,0,0,0,128.33,75.4882,0,0,0,128.33
406.56,4.2,4.6,1.0,12,5,1,1,1,0,0.0,-1.0,0.5,0.866025,0,0,0,0,0,1,0,0,1,0,0,406.56,96.8,0,0,0,406.56
251.16,48.5,3.8,1.0,18,5,1,1,1,0,-1.0,-0.0,0.5,0.866025,0,1,0,0,0,0,0,0,0,0,0,251.16,5.1786,1,0,0,251.16
478.61,20.6,4.8,2.0,0,6,1,1,1,0,0.0,1.0,0.5,0.866025,0,1,0,0,0,1,0,0,0,0,0,957.22,23.2335,0,1,1,239.305
816.29,66.0,4.8,1.2,6,6,1,1,1,0,1.0,0.0,0.5,0.866025,0,0,0,1,0,0,1,0,0,0,0,979.55,12.368,0,0,0,680.2416666666667
256.02,147.1,4.0,1.0,12,6,1,1,1,0,0.0,-1.0,0.5,0.866025,0,0,1,0,0,0,0,1,0,0,0,256.02,1.7404,0,0,0,256.02
978.31,10.2,4.6,1.0,18,6,1,1,1,0,-1.0,-0.0,0.5,0.866025,0,0,1,0,1,0,0,0,0,0,0,978.31,95.9127,1,0,0,978.31
361.31,7.8,3.4,1.2,0,0,1,1,0,0,0.0,1.0,0.5,0.866025,0,0,0,0,0,0,0,0,0,0,0,433.57,46.3218,0,1,0,301.0916666666667
273.75,43.0,4.7,1.0,6,0,1,1,0,0,1.0,0.0,0.5,0.866025,0,0,0,0,0,1,0,0,0,0,0,273.75,6.3663,0,0,0,273.75
617.56,144.7,4.0,1.2,12,0,1,1,0,0,0.0,-1.0,0.5,0.866025,0,0,1,0,0,0,1,1,0,0,0,741.07,4.2679,0,0,0,514.6333333333333
339.08,21.9,3.7,2.0,18,0,1,1,0,0,-1.0,-0.0,0.5,0.866025,0,0,0,1,0,0,0,0,0,0,0,678.16,15.4831,1,0,1,169.54
429.83,34.9,4.5,1.0,0,1,1,1,0,0,0.0,1.0,0.5,0.866025,0,0,1,0,0,0,0,0,0,0,0,429.83,12.316,0,1,0,429.83
445.32,33.5,3.4,1.0,6,1,1,1,0,0,1.0,0.0,0.5,0.866025,0,0,0,1,0,1,0,0,0,0,0,445.32,13.2931,0,0,0,445.32
599.78,9.7,4.5,1.2,12,1,1,1,0,0,0.0,-1.0,0.5,0.866025,0,0,0,0,0,0,0,0,0,0,0,719.74,61.833,0,0,0,499.81666666666666
423.14,18.8,3.7,2.0,18,1,1,1,0,0,-1.0,-0.0,0.5,0.866025,1,0,0,0,1,0,0,0,1,0,0,846.28,22.5074,1,0,1,211.57
398.94,39.4,3.6,1.0,0,2,1,1,0,0,0.0,1.0,0.5,0.866025,0,0,0,0,0,0,1,0,1,0,0,398.94,10.1254,0,1,0,398.94
356.25,25.6,4.3,1.2,6,2,1,1,0,0,1.0,0.0,0.5,0.866025,0,0,0,0,0,1,0,0,0,0,0,427.5,13.916,0,0,0,296.875
569.58,0.5,4.2,1.0,12,2,1,1,0,0,0.0,-1.0,0.5,0.866025,0,1,0,0,0,0,0,0,0,0,0,569.58,1139.16,0,0,0,569.58
329.49,9.0,4.3,1.0,18,2,1,1,0,0,-1.0,-0.0,0.5,0.866025,0,1,0,0,0,1,0,0,0,0,0,329.49,36.61,1,0,0,329.49
829.89,3.4,3.7,1.2,0,3,1,1,0,0,0.0,1.0,0.5,0.866025,0,1,0,0,1,0,0,0,0,0,0,995.87,244.0853,0,1,0,691.575
447.92,5.8,5.0,2.0,6,3,1,1,0,0,1.0,0.0,0.5,0.866025,0,1,0,0,0,0,0,0,0,0,0,895.84,77.2276,0,0,1,223.96
155.76,51.9,3.7,1.2,12,3,1,1,0,0,0.0,-1.0,0.5,0.866025,0,0,0,1,0,1,0,0,1,0,0,186.91,3.0012,0,0,0,129.8
515.08,0.8,4.8,1.2,18,3,1,1,0,0,-1.0,-0.0,0.5,0.866025,0,0,1,0,0,1,0,0,0,0,1,618.1,643.85,1,0,0,429.2333333333334
558.62,5.5,4.9,1.0,0,4,1,1,0,0,0.0,1.0,0.5,0.866025,1,0,0,0,0,1,0,0,0,0,1,558.62,101.5673,0,1,0,558.62
834.57,8.1,4.3,1.0,6,4,1,1,0,0,1.0,0.0,0.5,0.866025,0,0,0,0,0,0,0,1,0,0,0,834.57,103.0333,0,0,0,834.57
291.32,21.1,3.9,1.0,12,4,1,1,0,0,0.0,-1.0,0.5,0.866025,0,0,0,1,1,0,0,0,1,0,0,291.32,13.8066,0,0,0,291.32
267.73,16.8,3.5,1.0,18,4,1,1,0,0,-1.0,-0.0,0.5,0.866025,1,0,0,0,0,0,0,0,1,0,0,267.73,15.9363,1,0,0,267.73
609.88,5.4,4.3,1.2,0,5,1,1,1,0,0.0,1.0,0.5,0.866025,0,0,0,1,0,0,0,0,0,0,0,731.86,112.9407,0,1,0,508.23333333333335
766.57,3.9,5.0,1.0,6,5,1,1,1,0,1.0,0.0,0.5,0.866025,0,0,0,1,1,0,0,0,1,0,0,766.57,196.5564,0,0,0,766.57
284.86,5.9,4.2,1.2,12,5,1,1,1,0,0.0,-1.0,0.5,0.866025,0,0,0,0,1,0,0,0,0,0,0,341.83,48.2814,0,0,0,237.38333333333335
505.57,15.4,3.7,1.5,18,5,1,1,1,0,-1.0,-0.0,0.5,0.866025,0,0,1,0,0,0,0,0,0,0,0,758.36,32.8292,1,0,0,337.0466666666667
426.97,7.0,3.7,1.0,0,6,1,1,1,0,0.0,1.0,0.5,0.866025,0,1,0,0,0,0,0,0,1,0,0,426.97,60.9957,0,1,0,426.97
290.51,64.9,4.4,1.0,6,6,1,1,1,0,1.0,0.0,0.5,0.866025,0,0,1,0,0,0,0,0,0,0,0,290.51,4.4763,0,0,0,290.51
413.88,13.7,4.1,1.2,12,6,1,1,1,0,0.0,-1.0,0.5,0.866025,0,0,0,0,0,0,0,0,0,0,0,496.66,30.2102,0,0,0,344.90000000000003
739.44,1.3,4.3,2.0,18,6,1,1,1,0,-1.0,-0.0,0.5,0.866025,0,0,0,0,0,0,0,0,0,0,1,1478.88,568.8,1,0,1,369.72
448.92,28.7,4.7,1.2,0,0,1,1,0,0,0.0,1.0,0.5,0.866025,0,0,0,0,0,0,0,0,0,0,0,538.7,15.6418,0,1,0,374.1
402.42,8.8,4.5,1.0,6,0,1,1,0,0,1.0,0.0,0.5,0.866025,1,0,0,0,0,1,0,0,0,1,0,402.42,45.7295,0,0,0,402.42
593.79,23.3,5.0,1.0,12,0,1,1,0,0,0.0,-1.0,0.5,0.866025,0,0,1,0,1,0,0,0,0,0,1,593.79,25.4845,0,0,0,593.79
773.02,7.2,4.9,1.0,18,0,1,1,0,0,-1.0,-0.0,0.5,0.866025,0,0,1,0,0,1,0,0,1,0,0,773.02,107.3639,1,0,0,773.02
253.46,18.6,2.8,1.0,0,1,1,1,0,0,0.0,1.0,0.5,0.866025,0,0,0,1,0,1,0,0,0,0,0,253.46,13.6269,0,1,0,253.46
516.28,32.5,5.0,1.5,6,1,1,1,0,0,1.0,0.0,0.5,0.866025,0,0,0,1,0,0,0,0,0,0,0,774.42,15.8855,0,0,0,344.18666666666667
362.56,57.9,4.9,1.5,12,1,1,1,0,0,0.0,-1.0,0.5,0.866025,0,0,0,1,0,0,1,0,0,0,0,543.84,6.2618,0,0,0,241.70666666666668
449.96,6.7,3.9,1.0,18,1,1,1,0,0,-1.0,-0.0,0.5,0.866025,0,0,0,0,1,0,0,1,0,0,0,449.96,67.1582,1,0,0,449.96
617.45,9.0,4.1,1.0,0,2,1,1,0,0,0.0,1.0,0.5,0.866025,0,0,1,0,1,0,0,0,1,0,0,617.45,68.6056,0,1,0,617.45
378.09,13.7,4.5,1.0,6,2,1,1,0,0,1.0,0.0,0.5,0.866025,0,0,0,0,1,0,0,0,0,0,0,378.09,27.5978,0,0,0,378.09
421.45,57.6,3.8,1.5,12,2,1,1,0,0,0.0,-1.0,0.5,0.866025,1,0,0,0,0,0,1,0,0,0,0,632.17,7.3168,0,0,0,280.96666666666664
709.32,51.0,4.2,1.0,18,2,1,1,0,0,-1.0,-0.0,0.5,0.866025,0,0,0,1,0,1,0,0,0,0,0,709.32,13.9082,1,0,0,709.32
551.76,2.1,4.8,1.2,0,3,1,1,0,0,0.0,1.0,0.5,0.866025,0,0,0,0,0,0,0,0,0,0,1,662.11,262.7429,0,1,0,459.8
416.45,3.1,4.6,1.0,6,3,1,1,0,0,1.0,0.0,0.5,0.866025,0,0,0,0,0,1,0,0,0,0,0,416.45,134.3387,0,0,0,416.45
472.88,15.1,4.0,1.2,12,3,1,1,0,0,0.0,-1.0,0.5,0.866025,1,0,0,0,1,0,0,0,1,0,0,567.46,31.3166,0,0,0,394.06666666666666
455.11,2.5,4.8,1.0,18,3,1,1,0,0,-1.0,-0.0,0.5,0.866025,0,1,0,0,1,0,0,0,0,0,0,455.11,182.044,1,0,0,455.11
148.65,9.3,4.3,1.0,0,4,1,1,0,0,0.0,1.0,0.5,0.866025,0,0,1,0,0,1,0,0,1,0,0,148.65,15.9839,0,1,0,148.65
477.03,3.5,4.4,1.2,6,4,1,1,0,0,1.0,0.0,0.5,0.866025,0,1,0,0,0,0,0,0,0,0,1,572.44,136.2943,0,0,0,397.525
207.89,22.2,4.0,1.0,12,4,1,1,0,0,0.0,-1.0,0.5,0.866025,0,0,0,1,0,0,0,0,1,0,0,207.89,9.3644,0,0,0,207.89
762.23,65.7,4.3,1.0,18,4,1,1,0,0,-1.0,-0.0,0.5,0.866025,0,0,0,0,0,0,1,0,0,0,0,762.23,11.6017,1,0,0,762.23
205.03,125.9,3.9,1.0,0,5,1,1,1,0,0.0,1.0,0.5,0.866025,1,0,0,0,0,1,0,0,1,0,0,205.03,1.6285,0,1,0,205.03
352.95,10.3,3.3,1.0,6,5,1,1,1,0,1.0,0.0,0.5,0.866025,1,0,0,0,0,1,0,0,1,0,0,352.95,34.267,0,0,0,352.95
317.62,20.1,4.2,1.0,12,5,1,1,1,0,0.0,-1.0,0.5,0.866025,0,0,1,0,0,0,0,0,0,1,0,317.62,15.802,0,0,0,317.62
902.83,42.7,4.2,1.2,18,5,1,1,1,0,-1.0,-0.0,0.5,0.866025,0,1,0,0,0,0,0,1,0,0,0,1083.4,21.1436,1,0,0,752.3583333333333
746.44,2.7,4.4,1.5,0,6,1,1,1,0,0.0,1.0,0.5,0.866025,0,0,1,0,1,0,0,0,1,0,0,1119.66,276.4593,0,1,0,497.6266666666667
96.97,25.7,4.9,1.0,6,6,1,1,1,0,1.0,0.0,0.5,0.866025,0,0,0,0,0,1,0,1,0,0,0,96.97,3.7732,0,0,0,96.97
437.24,11.6,4.0,1.0,12,6,1,1,1,0,0.0,-1.0,0.5,0.866025,0,0,1,0,1,0,0,0,1,0,0,437.24,37.6931,0,0,0,437.24
229.44,5.1,4.1,1.0,18,6,1,1,1,0,-1.0,-0.0,0.5,0.866025,1,0,0,0,0,1,0,0,0,0,0,229.44,44.9882,1,0,0,229.44
477.96,11.3,4.7,1.0,0,0,1,1,0,0,0.0,1.0,0.5,0.866025,1,0,0,0,0,1,0,0,0,0,0,477.96,42.2973,0,1,0,477.96
610.39,1.7,3.9,1.0,6,0,1,1,0,0,1.0,0.0,0.5,0.866025,0,0,0,1,0,0,0,0,0,0,0,610.39,359.0529,0,0,0,610.39
498.76,26.2,4.4,1.2,12,0,1,1,0,0,0.0,-1.0,0.5,0.866025,0,0,0,1,1,0,0,0,0,0,1,598.51,19.0366,0,0,0,415.6333333333333
629.02,6.4,4.1,1.0,18,0,1,1,0,0,-1.0,-0.0,0.5,0.866025,0,0,0,0,0,1,0,0,1,0,0,629.02,98.2844,1,0,0,629.02
383.54,8.2,4.2,1.0,0,1,1,1,0,0,0.0,1.0,0.5,0.866025,0,1,0,0,0,1,0,0,1,0,0,383.54,46.7732,0,1,0,383.54
506.91,2.8,4.7,1.5,6,1,1,1,0,0,1.0,0.0,0.5,0.866025,0,0,1,0,0,1,0,0,0,0,0,760.36,181.0393,0,0,0,337.94
617.84,44.0,4.1,1.5,12,1,1,1,0,0,0.0,-1.0,0.5,0.866025,0,0,0,0,0,0,1,0,0,0,0,926.76,14.0418,0,0,0,411.8933333333334
345.74,15.0,4.7,2.0,18,1,1,1,0,0,-1.0,-0.0,0.5,0.866025,0,0,0,1,0,0,0,0,1,0,0,691.48,23.0493,1,0,1,172.87
271.52,18.7,3.3,1.2,0,2,1,1,0,0,0.0,1.0,0.5,0.866025,0,0,1,0,1,0,0,0,0,0,0,325.82,14.5198,0,1,0,226.26666666666665
308.14,18.5,3.6,1.5,6,2,1,1,0,0,1.0,0.0,0.5,0.866025,0,0,0,1,0,0,0,0,0,0,0,462.21,16.6562,0,0,0,205.42666666666665
413.51,11.6,3.1,1.0,12,2,1,1,0,0,0.0,-1.0,0.5,0.866025,0,0,1,0,0,1,0,0,1,0,0,413.51,35.6474,0,0,0,413.51
443.46,4.7,3.7,1.0,18,2,1,1,0,0,-1.0,-0.0,0.5,0.866025,0,1,0,0,0,0,0,0,0,0,0,443.46,94.3532,1,0,0,443.46
521.88,30.1,5.0,1.0,0,3,2,1,0,0,0.0,1.0,0.866025,0.5,0,0,0,0,0,0,0,0,0,0,0,521.88,17.3382,0,1,0,521.88
291.44,3.0,4.3,1.2,6,3,2,1,0,0,1.0,0.0,0.866025,0.5,0,0,1,0,0,1,0,0,0,0,0,349.73,97.1467,0,0,0,242.86666666666667
626.8,2.4,4.3,2.0,12,3,2,1,0,0,0.0,-1.0,0.866025,0.5,1,0,0,0,0,0,0,0,0,0,0,1253.6,261.1667,0,0,1,313.4
1004.6,27.2,4.7,1.0,18,3,2,1,0,0,-1.0,-0.0,0.866025,0.5,1,0,0,0,0,1,0,0,0,0,1,1004.6,36.9338,1,0,0,1004.6
318.91,5.2,4.8,1.2,0,4,2,1,0,0,0.0,1.0,0.866025,0.5,0,0,1,0,0,0,1,0,0,0,0,382.69,61.3288,0,1,0,265.7583333333334
1278.31,8.1,3.7,1.2,6,4,2,1,0,0,1.0,0.0,0.866025,0.5,0,0,1,0,0,0,0,0,0,0,0,1533.97,157.816,0,0,0,1065.2583333333334
1071.31,14.2,5.0,2.0,12,4,2,1,0,0,0.0,-1.0,0.866025,0.5,0,0,1,0,1,0,0,0,0,0,0,2142.62,75.4444,0,0,1,535.655
442.74,13.1,4.4,1.2,18,4,2,1,0,0,-1.0,-0.0,0.866025,0.5,1,0,0,0,0,1,0,0,1,0,0,531.29,33.7969,1,0,0,368.95000000000005
407.05,27.1,4.5,2.0,0,5,2,1,1,0,0.0,1.0,0.866025,0.5,1,0,0,0,0,1,0,0,0,0,0,814.1,15.0203,0,1,1,203.525
305.71,21.5,4.5,1.0,6,5,2,1,1,0,1.0,0.0,0.866025,0.5,0,0,1,0,0,0,0,0,1,0,0,305.71,14.2191,0,0,0,305.71
672.93,22.7,4.5,1.0,12,5,2,1,1,0,0.0,-1.0,0.866025,0.5,0,0,0,1,0,0,0,0,0,0,0,672.93,29.6445,0,0,0,672.93
458.27,27.5,4.0,1.0,18,5,2,1,1,0,-1.0,-0.0,0.866025,0.5,0,0,0,1,0,0,0,0,0,0,0,458.27,16.6644,1,0,0,458.27
483.4,7.6,5.0,1.0,0,6,2,1,1,0,0.0,1.0,0.866025,0.5,0,1,0,0,0,0,0,0,0,0,0,483.4,63.6053,0,1,0,483.4
274.79,8.6,4.2,1.0,6,6,2,1,1,0,1.0,0.0,0.866025,0.5,0,0,0,0,0,0,0,1,0,0,0,274.79,31.9523,0,0,0,274.79
682.42,12.7,4.8,1.2,12,6,2,1,1,0,0.0,-1.0,0.866025,0.5,0,0,0,1,0,1,0,1,0,0,0,818.9,53.7339,0,0,0,568.6833333333333
390.13,8.1,4.1,1.2,18,6,2,1,1,0,-1.0,-0.0,0.866025,0.5,1,0,0,0,1,0,0,0,0,0,0,468.16,48.1642,1,0,0,325.10833333333335
239.42,92.3,4.0,1.2,0,0,2,1,0,0,0.0,1.0,0.866025,0.5,0,0,0,1,1,0,0,0,0,0,0,287.3,2.5939,0,1,0,199.51666666666665
424.73,37.0,5.0,1.0,6,0,2,1,0,0,1.0,0.0,0.866025,0.5,0,1,0,0,0,1,0,0,0,0,1,424.73,11.4792,0,0,0,424.73
284.87,4.0,4.2,1.0,12,0,2,1,0,0,0.0,-1.0,0.866025,0.5,0,1,0,0,0,0,0,0,0,0,0,284.87,71.2175,0,0,0,284.87
835.17,0.1,4.3,1.0,18,0,2,1,0,0,-1.0,-0.0,0.866025,0.5,0,0,0,0,0,0,0,1,0,0,0,835.17,8351.7,1,0,0,835.17
1064.38,1.0,4.3,1.0,0,1,2,1,0,0,0.0,1.0,0.866025,0.5,0,0,0,1,0,0,0,0,0,0,0,1064.38,1064.38,0,1,0,1064.38
431.07,6.2,5.0,1.0,6,1,2,1,0,0,1.0,0.0,0.866025,0.5,1,0,0,0,0,0,0,0,0,0,1,431.07,69.5274,0,0,0,431.07
736.2,2.7,5.0,1.0,12,1,2,1,0,0,0.0,-1.0,0.866025,0.5,1,0,0,0,0,1,0,0,1,0,0,736.2,272.6667,0,0,0,736.2
727.18,16.8,4.9,1.0,18,1,2,1,0,0,-1.0,-0.0,0.866025,0.5,0,0,1,0,0,1,0,0,0,0,1,727.18,43.2845,1,0,0,727.18
50.42,42.9,5.0,1.2,0,2,2,1,0,0,0.0,1.0,0.866025,0.5,1,0,0,0,0,0,0,0,1,0,0,60.5,1.1753,0,1,0,42.01666666666667
308.4,29.4,3.8,1.0,6,2,2,1,0,0,1.0,0.0,0.866025,0.5,0,0,0,0,0,0,0,0,0,0,0,308.4,10.4898,0,0,0,308.4
468.69,5.3,4.6,2.0,12,2,2,1,0,0,0.0,-1.0,0.866025,0.5,0,0,0,0,1,0,0,0,0,0,1,937.38,88.4321,0,0,1,234.345
350.58,11.2,4.3,1.0,18,2,2,1,0,0,-1.0,-0.0,0.866025,0.5,1,0,0,0,1,0,0,0,0,0,0,350.58,31.3018,1,0,0,350.58
295.22,15.6,3.4,2.0,0,3,2,1,0,0,0.0,1.0,0.866025,0.5,1,0,0,0,0,0,0,0,0,0,0,590.44,18.9244,0,1,1,147.61
751.29,36.6,4.5,1.0,6,3,2,1,0,0,1.0,0.0,0.866025,0.5,0,0,1,0,0,0,1,0,1,0,0,751.29,20.527,0,0,0,751.29
343.18,40.2,4.1,1.0,12,3,2,1,0,0,0.0,-1.0,0.866025,0.5,1,0,0,0,0,0,1,0,1,0,0,343.18,8.5368,0,0,0,343.18
522.58,52.9,5.0,1.0,18,3,2,1,0,0,-1.0,-0.0,0.866025,0.5,0,0,1,0,0,0,0,0,0,0,1,522.58,9.8786,1,0,0,522.58
718.98,15.7,4.1,1.5,0,4,2,1,0,0,0.0,1.0,0.866025,0.5,0,0,1,0,0,0,0,0,0,0,0,1078.47,45.7949,0,1,0,479.32
859.46,26.1,4.1,1.0,6,4,2,1,0,0,1.0,0.0,0.866025,0.5,1,0,0,0,0,1,0,0,1,0,0,859.46,32.9295,0,0,0,859.46
240.11,2.6,5.0,1.0,12,4,2,1,0,0,0.0,-1.0,0.866025,0.5,0,1,0,0,0,0,1,0,1,0,0,240.11,92.35,0,0,0,240.11
252.26,18.3,4.3,1.5,18,4,2,1,0,0,-1.0,-0.0,0.866025,0.5,0,1,0,0,1,0,0,0,0,0,0,378.39,13.7847,1,0,0,168.17333333333332
493.49,6.3,4.9,1.0,0,5,2,1,1,0,0.0,1.0,0.866025,0.5,0,0,1,0,0,0,0,0,0,0,0,493.49,78.3317,0,1,0,493.49
127.16,12.4,4.5,1.0,6,5,2,1,1,0,1.0,0.0,0.866025,0.5,1,0,0,0,0,0,0,0,0,0,0,127.16,10.2548,0,0,0,127.16
259.32,22.1,4.5,1.0,12,5,2,1,1,0,0.0,-1.0,0.866025,0.5,0,1,0,0,0,1,0,0,0,0,0,259.32,11.7339,0,0,0,259.32
792.02,6.5,4.2,1.2,18,5,2,1,1,0,-1.0,-0.0,0.866025,0.5,1,0,0,0,0,1,0,0,0,0,1,950.42,121.8492,1,0,0,660.0166666666667
602.73,1.2,4.6,1.0,0,6,2,1,1,0,0.0,1.0,0.866025,0.5,1,0,0,0,0,0,0,0,1,0,0,602.73,502.275,0,1,0,602.73
413.51,0.2,4.2,1.0,6,6,2,1,1,0,1.0,0.0,0.866025,0.5,1,0,0,0,1,0,0,0,1,0,0,413.51,2067.55,0,0,0,413.51
558.32,0.5,3.9,1.0,12,6,2,1,1,0,0.0,-1.0,0.866025,0.5,0,0,0,1,0,1,0,0,0,0,1,558.32,1116.64,0,0,0,558.32
623.44,0.2,4.2,1.0,18,6,2,1,1,0,-1.0,-0.0,0.866025,0.5,1,0,0,0,1,0,0,0,0,0,0,623.44,3117.2,1,0,0,623.44
193.56,2.6,4.9,1.2,0,0,2,1,0,0,0.0,1.0,0.866025,0.5,0,0,0,1,1,0,0,1,0,0,0,232.27,74.4462,0,1,0,161.3
339.89,6.0,4.6,1.0,6,0,2,1,0,0,1.0,0.0,0.866025,0.5,0,0,1,0,1,0,0,0,0,0,0,339.89,56.6483,0,0,0,339.89
844.84,5.5,4.7,1.0,12,0,2,1,0,0,0.0,-1.0,0.866025,0.5,0,1,0,0,0,1,0,1,0,0,0,844.84,153.6073,0,0,0,844.84
497.93,95.2,4.3,1.0,18,0,2,1,0,0,-1.0,-0.0,0.866025,0.5,0,1,0,0,0,1,0,0,0,0,0,497.93,5.2304,1,0,0,497.93
512.96,8.0,3.3,1.0,0,1,2,1,0,0,0.0,1.0,0.866025,0.5,0,1,0,0,0,0,0,0,0,0,1,512.96,64.12,0,1,0,512.96
431.65,3.0,3.7,1.0,6,1,2,1,0,0,1.0,0.0,0.866025,0.5,0,1,0,0,0,1,0,0,0,0,0,431.65,143.8833,0,0,0,431.65
149.3,17.4,4.2,1.0,12,1,2,1,0,0,0.0,-1.0,0.866025,0.5,0,1,0,0,0,0,0,0,0,0,0,149.3,8.5805,0,0,0,149.3
316.1,42.9,3.7,1.0,18,1,2,1,0,0,-1.0,-0.0,0.866025,0.5,0,1,0,0,0,1,0,0,1,0,0,316.1,7.3683,1,0,0,316.1
541.61,24.9,4.0,2.0,0,2,2,1,0,0,0.0,1.0,0.866025,0.5,0,1,0,0,0,0,0,0,0,0,0,1083.22,21.7514,0,1,1,270.805
344.23,7.7,4.0,1.0,6,2,2,1,0,0,1.0,0.0,0.866025,0.5,0,0,1,0,0,0,0,0,1,0,0,344.23,44.7052,0,0,0,344.23
245.1,18.1,4.0,1.0,12,2,2,1,0,0,0.0,-1.0,0.866025,0.5,1,0,0,0,0,0,0,0,0,0,0,245.1,13.5414,0,0,0,245.1
263.83,27.6,5.0,1.0,18,2,2,1,0,0,-1.0,-0.0,0.866025,0.5,0,0,0,0,0,0,0,0,1,0,0,263.83,9.5591,1,0,0,263.83
853.4,28.7,4.3,1.0,0,3,2,1,0,0,0.0,1.0,0.866025,0.5,0,0,0,1,1,0,0,0,0,0,0,853.4,29.7352,0,1,0,853.4
334.27,24.2,4.8,1.5,6,3,2,1,0,0,1.0,0.0,0.866025,0.5,0,0,0,0,1,0,0,0,0,0,0,501.4,13.8128,0,0,0,222.84666666666666
770.27,45.0,4.4,1.0,12,3,2,1,0,0,0.0,-1.0,0.866025,0.5,0,0,0,0,0,1,0,0,0,0,0,770.27,17.1171,0,0,0,770.27
514.16,44.9,5.0,1.0,18,3,2,1,0,0,-1.0,-0.0,0.866025,0.5,1,0,0,0,0,0,0,0,0,0,0,514.16,11.4512,1,0,0,514.16
389.01,19.0,4.8,1.2,0,4,2,1,0,0,0.0,1.0,0.866025,0.5,1,0,0,0,0,0,0,0,0,0,0,466.81,20.4742,0,1,0,324.175
287.51,12.4,4.0,1.0,6,4,2,1,0,0,1.0,0.0,0.866025,0.5,1,0,0,0,0,0,0,0,0,0,0,287.51,23.1863,0,0,0,287.51
610.79,22.6,5.0,1.0,12,4,2,1,0,0,0.0,-1.0,0.866025,0.5,0,1,0,0,0,0,0,0,0,0,0,610.79,27.0261,0,0,0,610.79
724.21,37.5,4.1,1.0,18,4,2,1,0,0,-1.0,-0.0,0.866025,0.5,0,0,1,0,1,0,0,0,0,0,0,724.21,19.3123,1,0,0,724.21
640.0,0.1,4.4,1.0,0,5,2,1,1,0,0.0,1.0,0.866025,0.5,0,1,0,0,0,0,0,0,1,0,0,640.0,6400.0,0,1,0,640.0
205.73,106.2,4.5,1.2,6,5,2,1,1,0,1.0,0.0,0.866025,0.5,0,0,1,0,0,0,0,1,0,0,0,246.88,1.9372,0,0,0,171.44166666666666
333.77,4.4,4.5,1.0,12,5,2,1,1,0,0.0,-1.0,0.866025,0.5,0,0,1,0,0,0,0,0,0,0,0,333.77,75.8568,0,0,0,333.77
355.65,14.0,4.7,1.0,18,5,2,1,1,0,-1.0,-0.0,0.866025,0.5,0,0,0,0,0,0,0,0,1,0,0,355.65,25.4036,1,0,0,355.65
130.95,45.2,3.9,1.0,0,6,2,1,1,0,0.0,1.0,0.866025,0.5,0,0,0,0,0,1,0,0,1,0,0,130.95,2.8971,0,1,0,130.95
555.53,5.6,4.7,1.0,6,6,2,1,1,0,1.0,0.0,0.866025,0.5,0,0,1,0,0,1,0,0,0,0,0,555.53,99.2018,0,0,0,555.53
595.34,14.3,4.6,2.0,12,6,2,1,1,0,0.0,-1.0,0.866025,0.5,0,0,1,0,0,0,0,0,1,0,0,1190.68,41.6322,0,0,1,297.67
585.08,3.1,4.3,1.0,18,6,2,1,1,0,-1.0,-0.0,0.866025,0.5,0,1,0,0,0,0,0,0,0,0,0,585.08,188.7355,1,0,0,585.08
537.69,11.1,4.2,2.0,0,0,2,1,0,0,0.0,1.0,0.866025,0.5,0,1,0,0,0,0,0,0,0,0,0,1075.38,48.4405,0,1,1,268.845
371.99,4.3,3.9,1.0,6,0,2,1,0,0,1.0,0.0,0.866025,0.5,0,0,0,0,0,0,0,0,0,0,0,371.99,86.5093,0,0,0,371.99
281.27,9.9,4.5,1.2,12,0,2,1,0,0,0.0,-1.0,0.866025,0.5,1,0,0,0,0,0,0,0,1,0,0,337.52,28.4111,0,0,0,234.39166666666665
371.29,10.3,4.0,1.0,18,0,2,1,0,0,-1.0,-0.0,0.866025,0.5,0,0,1,0,0,0,1,0,1,0,0,371.29,36.0476,1,0,0,371.29
516.25,109.7,4.4,1.0,0,1,2,1,0,0,0.0,1.0,0.866025,0.5,0,1,0,0,0,1,0,0,0,0,0,516.25,4.706,0,1,0,516.25
805.49,115.8,4.2,1.5,6,1,2,1,0,0,1.0,0.0,0.866025,0.5,0,0,0,0,0,1,0,0,0,0,0,1208.24,6.9559,0,0,0,536.9933333333333
458.17,2.7,3.6,1.5,12,1,2,1,0,0,0.0,-1.0,0.866025,0.5,0,1,0,0,0,1,0,0,0,0,1,687.26,169.6926,0,0,0,305.44666666666666
450.2,28.5,3.8,1.0,18,1,2,1,0,0,-1.0,-0.0,0.866025,0.5,0,0,1,0,0,1,0,0,0,0,0,450.2,15.7965,1,0,0,450.2
138.61,1.2,4.5,1.0,0,2,2,1,0,0,0.0,1.0,0.866025,0.5,0,0,1,0,0,1,0,0,0,0,0,138.61,115.5083,0,1,0,138.61
533.57,0.7,4.0,1.0,6,2,2,1,0,0,1.0,0.0,0.866025,0.5,0,0,0,1,0,1,0,0,0,0,1,533.57,762.2429,0,0,0,533.57
834.27,2.4,4.0,1.5,12,2,2,1,0,0,0.0,-1.0,0.866025,0.5,1,0,0,0,1,0,0,0,1,0,0,1251.4,347.6125,0,0,0,556.18
415.23,74.1,3.9,1.0,18,2,2,1,0,0,-1.0,-0.0,0.866025,0.5,0,0,0,1,0,0,0,0,1,0,0,415.23,5.6036,1,0,0,415.23
399.04,62.2,3.9,1.2,0,3,2,1,0,0,0.0,1.0,0.866025,0.5,0,0,0,0,0,1,0,0,1,0,0,478.85,6.4154,0,1,0,332.53333333333336
359.23,4.7,5.0,1.2,6,3,2,1,0,0,1.0,0.0,0.866025,0.5,0,1,0,0,0,1,0,1,0,0,0,431.08,76.4319,0,0,0,299.35833333333335
621.09,3.9,3.7,1.2,12,3,2,1,0,0,0.0,-1.0,0.866025,0.5,0,0,0,0,1,0,0,0,0,0,0,745.31,159.2538,0,0,0,517.575
134.48,6.1,5.0,1.0,18,3,2,1,0,0,-1.0,-0.0,0.866025,0.5,0,0,1,0,0,1,0,0,0,0,0,134.48,22.0459,1,0,0,134.48
770.65,15.9,4.1,1.0,0,4,2,1,0,0,0.0,1.0,0.866025,0.5,0,0,0,1,0,1,0,0,0,0,0,770.65,48.4686,0,1,0,770.65
389.89,18.6,4.0,2.0,6,4,2,1,0,0,1.0,0.0,0.866025,0.5,0,0,0,1,0,0,0,0,0,0,1,779.78,20.9618,0,0,1,194.945
538.46,5.5,4.3,1.2,12,4,2,1,0,0,0.0,-1.0,0.866025,0.5,0,0,0,1,0,1,0,0,1,0,0,646.15,97.9018,0,0,0,448.7166666666667
645.27,31.1,4.3,1.2,18,4,2,1,0,0,-1.0,-0.0,0.866025,0.5,0,0,0,0,0,0,0,0,0,0,0,774.32,20.7482,1,0,0,537.725
262.01,8.1,4.2,1.0,0,5,2,1,1,0,0.0,1.0,0.866025,0.5,0,0,1,0,0,0,0,1,0,0,0,262.01,32.3469,0,1,0,262.01
435.44,56.2,4.4,1.2,6,5,2,1,1,0,1.0,0.0,0.866025,0.5,0,1,0,0,0,0,0,0,0,0,0,522.53,7.748,0,0,0,362.8666666666667
385.46,23.5,4.3,1.0,12,5,2,1,1,0,0.0,-1.0,0.866025,0.5,0,1,0,0,0,1,0,0,0,0,0,385.46,16.4026,0,0,0,385.46
227.45,12.6,4.2,1.0,18,5,2,1,1,0,-1.0,-0.0,0.866025,0.5,0,0,0,0,0,0,0,0,0,0,0,227.45,18.0516,1,0,0,227.45
721.39,34.3,4.8,1.2,0,6,2,1,1,0,0.0,1.0,0.866025,0.5,0,0,0,1,0,0,0,0,0,0,0,865.67,21.0318,0,1,0,601.1583333333333
369.15,37.5,3.6,1.0,6,6,2,1,1,0,1.0,0.0,0.866025,0.5,1,0,0,0,1,0,0,1,0,0,0,369.15,9.844,0,0,0,369.15
222.06,7.5,3.8,1.2,12,6,2,1,1,0,0.0,-1.0,0.866025,0.5,0,0,0,0,0,0,0,0,0,0,0,266.47,29.608,0,0,0,185.05
449.19,9.1,3.9,1.0,18,6,2,1,1,0,-1.0,-0.0,0.866025,0.5,0,0,0,0,0,1,0,1,0,0,0,449.19,49.3615,1,0,0,449.19
187.34,60.5,3.8,1.0,0,0,2,1,0,0,0.0,1.0,0.866025,0.5,0,0,1,0,0,1,0,0,1,0,0,187.34,3.0965,0,1,0,187.34
344.29,4.0,4.3,1.0,6,0,2,1,0,0,1.0,0.0,0.866025,0.5,0,1,0,0,0,0,0,0,0,0,0,344.29,86.0725,0,0,0,344.29
511.06,0.9,4.6,1.0,12,0,2,1,0,0,0.0,-1.0,0.866025,0.5,0,0,0,0,1,0,0,0,0,0,1,511.06,567.8444,0,0,0,511.06
175.76,13.3,3.3,1.0,18,0,2,1,0,0,-1.0,-0.0,0.866025,0.5,0,0,0,0,0,0,0,0,0,0,0,175.76,13.215,1,0,0,175.76
601.47,35.5,4.1,1.2,0,1,2,1,0,0,0.0,1.0,0.866025,0.5,0,0,0,1,0,1,0,0,0,0,0,721.76,16.9428,0,1,0,501.225
461.28,32.5,4.1,1.5,6,1,2,1,0,0,1.0,0.0,0.866025,0.5,0,0,0,1,0,1,0,0,0,0,0,691.92,14.1932,0,0,0,307.52
647.1,55.4,4.3,1.0,12,1,2,1,0,0,0.0,-1.0,0.866025,0.5,1,0,0,0,0,1,0,1,0,0,0,647.1,11.6805,0,0,0,647.1
643.55,16.8,3.7,1.0,18,1,2,1,0,0,-1.0,-0.0,0.866025,0.5,0,0,1,0,0,1,0,0,0,0,0,643.55,38.3065,1,0,0,643.55
337.91,2.3,4.1,1.2,0,2,2,1,0,0,0.0,1.0,0.866025,0.5,1,0,0,0,0,0,0,0,0,0,0,405.49,146.9174,0,1,0,281.5916666666667
342.92,19.5,3.8,1.2,6,2,2,1,0,0,1.0,0.0,0.866025,0.5,0,0,0,1,0,0,0,0,0,0,0,411.5,17.5856,0,0,0,285.7666666666667
558.51,33.2,4.1,1.2,12,2,2,1,0,0,0.0,-1.0,0.866025,0.5,0,1,0,0,1,0,0,0,0,0,0,670.21,16.8226,0,0,0,465.425
239.22,2.2,3.4,1.2,18,2,2,1,0,0,-1.0,-0.0,0.866025,0.5,0,0,0,1,0,1,0,0,1,0,0,287.06,108.7364,1,0,0,199.35
240.13,4.2,4.1,1.0,0,3,2,1,0,0,0.0,1.0,0.866025,0.5,0,0,1,0,1,0,0,0,0,0,0,240.13,57.1738,0,1,0,240.13
312.95,0.3,3.9,1.0,6,3,2,1,0,0,1.0,0.0,0.866025,0.5,0,0,0,1,1,0,0,0,0,0,0,312.95,1043.1667,0,0,0,312.95
197.25,19.8,4.2,1.0,12,3,2,1,0,0,0.0,-1.0,0.866025,0.5,0,0,1,0,1,0,0,0,0,0,0,197.25,9.9621,0,0,0,197.25
220.6,47.9,4.5,1.0,18,3,2,1,0,0,-1.0,-0.0,0.866025,0.5,0,0,1,0,0,1,0,0,0,0,0,220.6,4.6054,1,0,0,220.6
224.87,24.4,4.3,1.2,0,4,3,1,0,0,0.0,1.0,1.0,0.0,0,0,1,0,0,0,0,0,0,0,1,269.84,9.216,0,1,0,187.39166666666668
369.87,88.4,4.7,1.0,6,4,3,1,0,0,1.0,0.0,1.0,0.0,0,0,1,0,1,0,0,0,0,0,0,369.87,4.184,0,0,0,369.87
360.89,1.4,4.1,2.0,12,4,3,1,0,0,0.0,-1.0,1.0,0.0,0,0,1,0,0,1,0,0,0,0,1,721.78,257.7786,0,0,1,180.445
695.8,51.3,4.6,1.5,18,4,3,1,0,0,-1.0,-0.0,1.0,0.0,0,1,0,0,0,0,0,0,0,0,0,1043.7,13.5634,1,0,0,463.8666666666666
373.37,37.0,4.9,1.5,0,5,3,1,1,0,0.0,1.0,1.0,0.0,1,0,0,0,1,0,0,0,0,0,0,560.06,10.0911,0,1,0,248.91333333333333
418.45,8.3,4.4,1.5,6,5,3,1,1,0,1.0,0.0,1.0,0.0,0,0,0,0,1,0,0,1,0,0,0,627.67,50.4157,0,0,0,278.96666666666664
969.38,79.9,4.3,1.0,12,5,3,1,1,0,0.0,-1.0,1.0,0.0,1,0,0,0,0,1,0,0,0,0,0,969.38,12.1324,0,0,0,969.38
99.43,7.5,4.5,1.5,18,5,3,1,1,0,-1.0,-0.0,1.0,0.0,0,0,1,0,0,0,0,0,1,0,0,149.15,13.2573,1,0,0,66.28666666666668
486.44,48.4,4.5,1.0,0,6,3,1,1,0,0.0,1.0,1.0,0.0,0,1,0,0,0,0,0,0,0,0,1,486.44,10.0504,0,1,0,486.44
390.19,46.8,4.8,1.0,6,6,3,1,1,0,1.0,0.0,1.0,0.0,0,0,0,1,1,0,0,0,0,0,0,390.19,8.3374,0,0,0,390.19
511.46,31.2,4.7,1.2,12,6,3,1,1,0,0.0,-1.0,1.0,0.0,0,1,0,0,0,0,1,0,0,0,0,613.75,16.3929,0,0,0,426.21666666666664
323.68,18.2,4.7,1.0,18,6,3,1,1,0,-1.0,-0.0,1.0,0.0,0,0,1,0,0,0,0,0,1,0,0,323.68,17.7846,1,0,0,323.68
372.12,2.8,4.3,2.0,0,0,3,1,0,0,0.0,1.0,1.0,0.0,0,1,0,0,0,0,0,0,0,0,0,744.24,132.9,0,1,1,186.06
787.08,16.7,4.5,1.2,6,0,3,1,0,0,1.0,0.0,1.0,0.0,0,1,0,0,1,0,0,0,0,0,0,944.5,47.1305,0,0,0,655.9000000000001
554.68,9.7,4.5,1.2,12,0,3,1,0,0,0.0,-1.0,1.0,0.0,0,0,1,0,0,0,0,0,0,0,0,665.62,57.1835,0,0,0,462.2333333333333
382.01,34.6,3.7,1.0,18,0,3,1,0,0,-1.0,-0.0,1.0,0.0,0,1,0,0,0,1,0,0,0,0,0,382.01,11.0408,1,0,0,382.01
285.0,31.2,4.8,1.2,0,1,3,1,0,0,0.0,1.0,1.0,0.0,0,0,0,0,0,0,1,0,1,0,0,342.0,9.1346,0,1,0,237.5
238.73,53.1,3.5,1.0,6,1,3,1,0,0,1.0,0.0,1.0,0.0,0,0,0,0,0,0,0,0,0,0,0,238.73,4.4959,0,0,0,238.73
334.77,0.3,4.7,1.5,12,1,3,1,0,0,0.0,-1.0,1.0,0.0,0,1,0,0,0,1,0,0,0,0,0,502.16,1115.9,0,0,0,223.17999999999998
400.0,36.4,4.4,1.0,18,1,3,1,0,0,-1.0,-0.0,1.0,0.0,0,0,0,1,0,0,0,0,1,0,0,400.0,10.989,1,0,0,400.0
967.58,61.3,4.2,1.2,0,2,3,1,0,0,0.0,1.0,1.0,0.0,0,0,1,0,0,0,0,0,0,0,0,1161.1,15.7843,0,1,0,806.3166666666667
468.6,34.3,4.5,1.0,6,2,3,1,0,0,1.0,0.0,1.0,0.0,0,0,0,0,1,0,0,0,0,0,0,468.6,13.6618,0,0,0,468.6
303.78,3.1,4.5,1.0,12,2,3,1,0,0,0.0,-1.0,1.0,0.0,0,0,0,1,0,1,0,0,1,0,0,303.78,97.9935,0,0,0,303.78
99.74,1.9,3.6,1.0,18,2,3,1,0,0,-1.0,-0.0,1.0,0.0,0,1,0,0,0,0,1,0,0,0,0,99.74,52.4947,1,0,0,99.74
280.53,0.5,5.0,1.0,0,3,3,1,0,0,0.0,1.0,1.0,0.0,0,0,0,1,0,1,0,0,1,0,0,280.53,561.06,0,1,0,280.53
335.01,21.8,4.3,1.2,6,3,3,1,0,0,1.0,0.0,1.0,0.0,1,0,0,0,0,0,0,1,0,0,0,402.01,15.3674,0,0,0,279.175
491.82,21.9,5.0,1.0,12,3,3,1,0,0,0.0,-1.0,1.0,0.0,0,0,0,0,0,0,0,0,0,0,0,491.82,22.4575,0,0,0,491.82
341.61,95.4,4.7,1.0,18,3,3,1,0,0,-1.0,-0.0,1.0,0.0,0,1,0,0,0,0,0,0,0,0,0,341.61,3.5808,1,0,0,341.61
989.98,11.2,4.3,1.0,0,4,3,1,0,0,0.0,1.0,1.0,0.0,0,0,1,0,0,0,0,0,0,0,0,989.98,88.3911,0,1,0,989.98
385.58,8.9,4.0,1.0,6,4,3,1,0,0,1.0,0.0,1.0,0.0,0,1,0,0,0,0,0,0,0,0,0,385.58,43.3236,0,0,0,385.58
707.49,21.5,4.2,1.0,12,4,3,1,0,0,0.0,-1.0,1.0,0.0,0,0,1,0,0,0,0,1,0,0,0,707.49,32.9065,0,0,0,707.49
166.94,38.4,4.4,1.5,18,4,3,1,0,0,-1.0,-0.0,1.0,0.0,0,1,0,0,0,1,0,1,0,0,0,250.41,4.3474,1,0,0,111.29333333333334
423.41,60.7,5.0,1.0,0,5,3,1,1,0,0.0,1.0,1.0,0.0,0,0,0,1,1,0,0,0,0,0,0,423.41,6.9755,0,1,0,423.41
282.16,35.8,4.9,1.0,6,5,3,1,1,0,1.0,0.0,1.0,0.0,0,0,0,1,0,1,0,0,1,0,0,282.16,7.8816,0,0,0,282.16
717.16,12.2,4.3,1.0,12,5,3,1,1,0,0.0,-1.0,1.0,0.0,0,0,0,1,1,0,0,0,0,0,1,717.16,58.7836,0,0,0,717.16
353.67,22.2,5.0,1.0,18,5,3,1,1,0,-1.0,-0.0,1.0,0.0,1,0,0,0,0,0,0,0,0,0,1,353.67,15.9311,1,0,0,353.67
797.96,42.7,3.3,1.0,0,6,3,1,1,0,0.0,1.0,1.0,0.0,0,0,1,0,0,0,0,0,0,0,0,797.96,18.6876,0,1,0,797.96
597.45,14.8,4.5,1.0,6,6,3,1,1,0,1.0,0.0,1.0,0.0,0,0,0,1,0,1,0,0,0,0,0,597.45,40.3682,0,0,0,597.45
329.3,5.4,4.9,1.2,12,6,3,1,1,0,0.0,-1.0,1.0,0.0,1,0,0,0,0,1,0,0,0,0,0,395.16,60.9815,0,0,0,274.4166666666667
236.21,4.1,4.6,1.0,18,6,3,1,1,0,-1.0,-0.0,1.0,0.0,0,0,1,0,0,0,0,0,0,0,1,236.21,57.6122,1,0,0,236.21
291.61,0.0,3.6,1.0,0,0,3,1,0,0,0.0,1.0,1.0,0.0,0,1,0,0,1,0,0,0,0,0,0,291.61,0.0,0,1,0,291.61
372.35,27.9,5.0,1.0,6,0,3,1,0,0,1.0,0.0,1.0,0.0,1,0,0,0,1,0,0,0,1,0,0,372.35,13.3459,0,0,0,372.35
595.54,2.6,4.7,1.2,12,0,3,1,0,0,0.0,-1.0,1.0,0.0,0,0,0,0,0,1,0,0,0,0,0,714.65,229.0538,0,0,0,496.2833333333333
430.89,6.1,4.5,2.0,18,0,3,1,0,0,-1.0,-0.0,1.0,0.0,1,0,0,0,0,0,0,0,0,0,0,861.78,70.6377,1,0,1,215.445
649.1,7.8,4.3,1.0,0,1,3,1,0,0,0.0,1.0,1.0,0.0,1,0,0,0,1,0,0,0,0,0,0,649.1,83.2179,0,1,0,649.1
828.51,18.1,5.0,2.0,6,1,3,1,0,0,1.0,0.0,1.0,0.0,0,0,1,0,0,1,0,0,0,0,1,1657.02,45.774,0,0,1,414.255
442.73,11.2,4.5,1.0,12,1,3,1,0,0,0.0,-1.0,1.0,0.0,0,1,0,0,1,0,0,0,0,0,0,442.73,39.5295,0,0,0,442.73
250.92,24.7,4.2,1.0,18,1,3,1,0,0,-1.0,-0.0,1.0,0.0,0,0,0,0,1,0,0,0,1,0,0,250.92,10.1587,1,0,0,250.92
523.38,1.3,3.9,1.0,0,2,3,1,0,0,0.0,1.0,1.0,0.0,0,0,0,1,1,0,0,0,0,0,0,523.38,402.6,0,1,0,523.38
1043.95,2.9,4.7,1.0,6,2,3,1,0,0,1.0,0.0,1.0,0.0,0,0,0,1,0,1,0,0,0,0,0,1043.95,359.9828,0,0,0,1043.95
667.22,15.2,4.8,1.0,12,2,3,1,0,0,0.0,-1.0,1.0,0.0,1,0,0,0,0,0,0,0,0,0,0,667.22,43.8961,0,0,0,667.22
503.57,9.0,4.3,1.0,18,2,3,1,0,0,-1.0,-0.0,1.0,0.0,0,0,1,0,0,1,0,0,0,0,0,503.57,55.9522,1,0,0,503.57
269.17,7.7,4.0,1.0,0,3,3,1,0,0,0.0,1.0,1.0,0.0,0,0,1,0,0,1,0,0,0,0,0,269.17,34.9571,0,1,0,269.17
392.72,1.5,5.0,1.0,6,3,3,1,0,0,1.0,0.0,1.0,0.0,0,0,0,1,1,0,0,0,0,0,0,392.72,261.8133,0,0,0,392.72
173.42,49.7,3.9,1.0,12,3,3,1,0,0,0.0,-1.0,1.0,0.0,0,0,0,0,0,0,0,0,0,0,0,173.42,3.4893,0,0,0,173.42
228.28,25.9,5.0,1.0,18,3,3,1,0,0,-1.0,-0.0,1.0,0.0,0,1,0,0,0,0,0,0,0,0,0,228.28,8.8139,1,0,0,228.28
528.79,2.9,3.9,1.5,0,4,3,1,0,0,0.0,1.0,1.0,0.0,0,0,0,0,1,0,0,0,0,0,1,793.18,182.3414,0,1,0,352.52666666666664
151.18,1.5,3.7,1.0,6,4,3,1,0,0,1.0,0.0,1.0,0.0,0,1,0,0,1,0,0,0,0,0,1,151.18,100.7867,0,0,0,151.18
362.68,81.0,3.7,1.2,12,4,3,1,0,0,0.0,-1.0,1.0,0.0,0,0,0,1,0,0,1,0,0,0,0,435.22,4.4775,0,0,0,302.23333333333335
214.27,25.1,3.7,1.2,18,4,3,1,0,0,-1.0,-0.0,1.0,0.0,0,1,0,0,1,0,0,0,1,0,0,257.12,8.5367,1,0,0,178.55833333333334
234.7,11.9,4.2,1.0,0,5,3,1,1,0,0.0,1.0,1.0,0.0,0,0,1,0,0,1,0,0,0,0,1,234.7,19.7227,0,1,0,234.7
446.88,26.6,4.1,1.0,6,5,3,1,1,0,1.0,0.0,1.0,0.0,1,0,0,0,0,1,0,0,0,0,0,446.88,16.8,0,0,0,446.88
291.83,31.1,4.8,1.0,12,5,3,1,1,0,0.0,-1.0,1.0,0.0,1,0,0,0,1,0,0,1,0,0,0,291.83,9.3836,0,0,0,291.83
190.44,33.3,4.7,1.0,18,5,3,1,1,0,-1.0,-0.0,1.0,0.0,0,0,0,1,0,1,0,0,0,0,1,190.44,5.7189,1,0,0,190.44
323.1,14.3,4.2,1.0,0,6,3,1,1,0,0.0,1.0,1.0,0.0,0,0,1,0,0,1,0,0,0,0,0,323.1,22.5944,0,1,0,323.1
186.56,12.4,5.0,1.0,6,6,3,1,1,0,1.0,0.0,1.0,0.0,0,0,0,0,0,0,0,0,0,0,0,186.56,15.0452,0,0,0,186.56
773.74,0.2,4.2,1.0,12,6,3,1,1,0,0.0,-1.0,1.0,0.0,0,0,1,0,0,1,0,0,0,0,1,773.74,3868.7,0,0,0,773.74
611.82,57.4,4.2,1.5,18,6,3,1,1,0,-1.0,-0.0,1.0,0.0,1,0,0,0,1,0,0,0,0,0,0,917.73,10.6589,1,0,0,407.88000000000005
610.47,20.3,3.7,1.0,0,0,3,1,0,0,0.0,1.0,1.0,0.0,1,0,0,0,0,0,0,0,0,0,0,610.47,30.0724,0,1,0,610.47
276.71,5.0,4.3,1.2,6,0,3,1,0,0,1.0,0.0,1.0,0.0,0,0,1,0,0,0,0,0,0,0,0,332.05,55.342,0,0,0,230.59166666666667
537.51,55.5,4.4,1.0,12,0,3,1,0,0,0.0,-1.0,1.0,0.0,0,0,1,0,0,0,0,0,0,0,0,537.51,9.6849,0,0,0,537.51
480.17,54.2,3.7,1.5,18,0,3,1,0,0,-1.0,-0.0,1.0,0.0,1,0,0,0,0,0,0,0,1,0,0,720.26,8.8592,1,0,0,320.11333333333334
288.23,99.6,4.1,1.0,0,1,3,1,0,0,0.0,1.0,1.0,0.0,0,0,0,0,0,0,0,0,1,0,0,288.23,2.8939,0,1,0,288.23
416.98,45.6,4.5,1.0,6,1,3,1,0,0,1.0,0.0,1.0,0.0,0,0,0,1,0,1,0,0,0,0,1,416.98,9.1443,0,0,0,416.98
168.49,134.5,4.0,2.0,12,1,3,1,0,0,0.0,-1.0,1.0,0.0,0,0,0,1,0,0,1,0,0,0,0,336.98,1.2527,0,0,1,84.245
239.75,6.2,3.9,1.2,18,1,3,1,0,0,-1.0,-0.0,1.0,0.0,0,0,1,0,0,1,0,0,0,0,0,287.7,38.6694,1,0,0,199.79166666666669
411.05,40.6,4.7,1.0,0,2,3,1,0,0,0.0,1.0,1.0,0.0,0,0,0,1,0,0,0,0,0,0,0,411.05,10.1244,0,1,0,411.05
333.08,38.1,3.7,1.0,6,2,3,1,0,0,1.0,0.0,1.0,0.0,1,0,0,0,0,0,0,0,0,0,0,333.08,8.7423,0,0,0,333.08
514.04,5.8,3.8,1.2,12,2,3,1,0,0,0.0,-1.0,1.0,0.0,1,0,0,0,0,1,0,0,0,0,0,616.85,88.6276,0,0,0,428.3666666666667
292.45,2.3,4.4,1.5,18,2,3,1,0,0,-1.0,-0.0,1.0,0.0,0,0,1,0,0,0,0,0,0,0,1,438.67,127.1522,1,0,0,194.96666666666667
359.25,85.4,4.7,1.0,0,3,3,1,0,0,0.0,1.0,1.0,0.0,0,0,1,0,1,0,0,1,0,0,0,359.25,4.2067,0,1,0,359.25
428.87,7.7,4.5,1.0,6,3,3,1,0,0,1.0,0.0,1.0,0.0,0,0,1,0,0,1,0,0,0,0,0,428.87,55.6974,0,0,0,428.87
279.29,45.0,4.2,1.2,12,3,3,1,0,0,0.0,-1.0,1.0,0.0,0,0,0,0,1,0,0,0,1,0,0,335.15,6.2064,0,0,0,232.7416666666667
356.02,0.1,4.1,1.0,18,3,3,1,0,0,-1.0,-0.0,1.0,0.0,0,0,0,1,0,0,0,0,0,0,0,356.02,3560.2,1,0,0,356.02
478.48,0.5,4.8,1.2,0,4,3,1,0,0,0.0,1.0,1.0,0.0,0,0,1,0,0,1,0,0,0,0,0,574.18,956.96,0,1,0,398.73333333333335
880.69,13.8,4.7,1.0,6,4,3,1,0,0,1.0,0.0,1.0,0.0,0,1,0,0,0,0,0,0,1,0,0,880.69,63.8181,0,0,0,880.69
280.2,6.0,4.3,2.0,12,4,3,1,0,0,0.0,-1.0,1.0,0.0,0,1,0,0,0,0,1,0,0,0,0,560.4,46.7,0,0,1,140.1
333.93,25.8,4.2,1.2,18,4,3,1,0,0,-1.0,-0.0,1.0,0.0,1,0,0,0,0,1,0,0,0,0,1,400.72,12.943,1,0,0,278.27500000000003
663.96,18.3,4.3,1.2,0,5,3,1,1,0,0.0,1.0,1.0,0.0,0,0,0,1,0,0,0,0,1,0,0,796.75,36.282,0,1,0,553.3000000000001
744.82,1.8,3.9,1.0,6,5,3,1,1,0,1.0,0.0,1.0,0.0,0,0,1,0,0,0,0,0,0,0,0,744.82,413.7889,0,0,0,744.82
563.01,3.9,4.2,1.0,12,5,3,1,1,0,0.0,-1.0,1.0,0.0,0,1,0,0,0,0,0,0,1,0,0,563.01,144.3615,0,0,0,563.01
735.45,10.8,4.1,1.0,18,5,3,1,1,0,-1.0,-0.0,1.0,0.0,0,0,0,1,0,1,0,0,0,0,0,735.45,68.0972,1,0,0,735.45
271.59,4.5,4.2,1.2,0,6,3,1,1,0,0.0,1.0,1.0,0.0,1,0,0,0,0,0,0,0,0,0,0,325.91,60.3533,0,1,0,226.325
701.18,34.6,4.1,1.2,6,6,3,1,1,0,1.0,0.0,1.0,0.0,0,0,0,0,0,1,0,0,0,0,0,841.42,20.2653,0,0,0,584.3166666666666
622.5,11.8,4.6,1.0,12,6,3,1,1,0,0.0,-1.0,1.0,0.0,0,0,0,1,0,0,0,0,0,0,0,622.5,52.7542,0,0,0,622.5
232.91,2.2,4.7,1.2,18,6,3,1,1,0,-1.0,-0.0,1.0,0.0,0,0,0,1,0,1,0,0,1,0,0,279.49,105.8682,1,0,0,194.09166666666667
362.03,14.6,4.1,1.5,0,0,3,1,0,0,0.0,1.0,1.0,0.0,0,0,0,0,1,0,0,0,0,0,0,543.04,24.7966,0,1,0,241.35333333333332
115.31,2.1,3.9,1.0,6,0,3,1,0,0,1.0,0.0,1.0,0.0,0,0,0,1,1,0,0,0,1,0,0,115.31,54.9095,0,0,0,115.31
460.86,3.0,4.7,1.0,12,0,3,1,0,0,0.0,-1.0,1.0,0.0,1,0,0,0,1,0,0,0,1,0,0,460.86,153.62,0,0,0,460.86
694.92,6.0,4.4,1.2,18,0,3,1,0,0,-1.0,-0.0,1.0,0.0,1,0,0,0,0,0,0,0,0,0,0,833.9,115.82,1,0,0,579.1
324.85,43.2,4.1,1.0,0,1,3,1,0,0,0.0,1.0,1.0,0.0,0,0,0,0,0,0,0,1,0,0,0,324.85,7.5197,0,1,0,324.85
248.33,56.9,5.0,1.2,6,1,3,1,0,0,1.0,0.0,1.0,0.0,0,0,1,0,0,1,0,0,0,0,0,298.0,4.3643,0,0,0,206.9416666666667
238.76,38.5,4.0,1.0,12,1,3,1,0,0,0.0,-1.0,1.0,0.0,0,1,0,0,0,0,0,0,0,0,0,238.76,6.2016,0,0,0,238.76
425.59,8.9,3.3,2.0,18,1,3,1,0,0,-1.0,-0.0,1.0,0.0,0,0,1,0,0,1,0,0,0,0,0,851.18,47.8191,1,0,1,212.795
560.52,7.0,4.3,1.0,0,2,3,1,0,0,0.0,1.0,1.0,0.0,0,0,0,1,0,0,0,0,0,0,0,560.52,80.0743,0,1,0,560.52
889.82,17.5,5.0,1.0,6,2,3,1,0,0,1.0,0.0,1.0,0.0,0,1,0,0,0,0,0,0,0,0,0,889.82,50.8469,0,0,0,889.82
109.08,28.2,4.1,1.0,12,2,3,1,0,0,0.0,-1.0,1.0,0.0,0,0,0,0,0,0,0,0,1,0,0,109.08,3.8681,0,0,0,109.08
836.65,110.4,4.0,1.0,18,2,3,1,0,0,-1.0,-0.0,1.0,0.0,0,0,0,0,1,0,0,0,0,0,0,836.65,7.5784,1,0,0,836.65
473.45,3.1,4.3,1.0,0,3,3,1,0,0,0.0,1.0,1.0,0.0,0,1,0,0,0,0,0,0,0,0,0,473.45,152.7258,0,1,0,473.45
678.8,1.1,4.8,1.0,6,3,3,1,0,0,1.0,0.0,1.0,0.0,1,0,0,0,0,1,0,0,0,0,1,678.8,617.0909,0,0,0,678.8
604.59,26.1,4.3,2.0,12,3,3,1,0,0,0.0,-1.0,1.0,0.0,0,1,0,0,0,0,0,0,1,0,0,1209.18,23.1644,0,0,1,302.295
439.06,39.3,4.6,2.0,18,3,3,1,0,0,-1.0,-0.0,1.0,0.0,0,0,0,1,0,1,0,1,0,0,0,878.12,11.172,1,0,1,219.53
430.59,41.2,4.2,1.0,0,4,3,1,0,0,0.0,1.0,1.0,0.0,1,0,0,0,0,0,0,0,0,0,0,430.59,10.4512,0,1,0,430.59
521.38,25.0,4.6,1.2,6,4,3,1,0,0,1.0,0.0,1.0,0.0,0,0,0,0,1,0,0,0,1,0,0,625.66,20.8552,0,0,0,434.48333333333335
376.67,67.7,4.4,1.0,12,4,3,1,0,0,0.0,-1.0,1.0,0.0,0,1,0,0,1,0,0,1,0,0,0,376.67,5.5638,0,0,0,376.67
392.52,15.7,4.1,1.5,18,4,3,1,0,0,-1.0,-0.0,1.0,0.0,0,0,1,0,0,0,0,0,1,0,0,588.78,25.0013,1,0,0,261.68
22.86,53.9,4.4,1.2,0,5,3,1,1,0,0.0,1.0,1.0,0.0,0,0,1,0,0,0,1,0,1,0,0,27.43,0.4241,0,1,0,19.05
574.13,75.6,4.0,1.0,6,5,3,1,1,0,1.0,0.0,1.0,0.0,0,0,0,1,0,0,1,0,0,0,0,574.13,7.5943,0,0,0,574.13
279.65,41.3,3.6,1.2,12,5,3,1,1,0,0.0,-1.0,1.0,0.0,0,0,1,0,1,0,0,0,0,0,0,335.58,6.7712,0,0,0,233.04166666666666
710.32,8.2,4.3,1.2,18,5,3,1,1,0,-1.0,-0.0,1.0,0.0,0,1,0,0,1,0,0,0,0,0,0,852.38,86.6244,1,0,0,591.9333333333334
681.59,4.8,3.7,1.0,0,6,3,1,1,0,0.0,1.0,1.0,0.0,0,1,0,0,0,0,0,0,0,0,0,681.59,141.9979,0,1,0,681.59
334.84,17.5,4.6,1.5,6,6,3,1,1,0,1.0,0.0,1.0,0.0,0,0,1,0,0,1,0,1,0,0,0,502.26,19.1337,0,0,0,223.22666666666666
576.95,13.3,4.3,1.5,12,6,3,1,1,0,0.0,-1.0,1.0,0.0,0,1,0,0,0,0,0,0,0,0,0,865.42,43.3797,0,0,0,384.6333333333334
541.01,46.2,5.0,1.0,18,6,3,1,1,0,-1.0,-0.0,1.0,0.0,0,0,0,1,0,0,0,0,0,0,1,541.01,11.7102,1,0,0,541.01
316.58,2.3,4.1,1.2,0,0,4,2,0,0,0.0,1.0,0.866025,-0.5,1,0,0,0,0,0,1,0,0,0,1,379.9,137.6435,0,1,0,263.81666666666666
597.93,6.6,4.3,2.0,6,0,4,2,0,0,1.0,0.0,0.866025,-0.5,0,0,0,1,0,0,0,0,0,0,0,1195.86,90.5955,0,0,1,298.965
866.38,30.7,3.6,1.0,12,0,4,2,0,0,0.0,-1.0,0.866025,-0.5,0,0,0,1,1,0,0,0,0,0,0,866.38,28.2208,0,0,0,866.38
722.18,2.2,3.7,1.0,18,0,4,2,0,0,-1.0,-0.0,0.866025,-0.5,0,1,0,0,1,0,0,1,0,0,0,722.18,328.2636,1,0,0,722.18
189.17,8.5,3.5,1.0,0,1,4,2,0,0,0.0,1.0,0.866025,-0.5,1,0,0,0,1,0,0,0,0,0,1,189.17,22.2553,0,1,0,189.17
550.35,10.8,4.8,1.5,6,1,4,2,0,0,1.0,0.0,0.866025,-0.5,0,1,0,0,0,0,1,0,0,0,0,825.53,50.9583,0,0,0,366.90000000000003
665.86,21.4,4.1,1.2,12,1,4,2,0,0,0.0,-1.0,0.866025,-0.5,0,0,0,0,0,0,0,0,0,0,0,799.03,31.115,0,0,0,554.8833333333333
305.63,3.8,5.0,1.0,18,1,4,2,0,0,-1.0,-0.0,0.866025,-0.5,0,1,0,0,0,0,0,0,0,0,0,305.63,80.4289,1,0,0,305.63
710.38,43.3,3.0,2.0,0,2,4,2,0,0,0.0,1.0,0.866025,-0.5,0,1,0,0,0,1,0,0,1,0,0,1420.76,16.406,0,1,1,355.19
287.15,13.1,5.0,1.2,6,2,4,2,0,0,1.0,0.0,0.866025,-0.5,0,1,0,0,0,0,0,0,0,0,0,344.58,21.9198,0,0,0,239.29166666666666
374.67,54.8,4.3,1.5,12,2,4,2,0,0,0.0,-1.0,0.866025,-0.5,1,0,0,0,0,0,0,0,1,0,0,562.0,6.837,0,0,0,249.78
293.24,13.9,4.5,1.0,18,2,4,2,0,0,-1.0,-0.0,0.866025,-0.5,0,1,0,0,0,0,0,0,0,0,0,293.24,21.0964,1,0,0,293.24
267.58,7.1,3.8,1.0,0,3,4,2,0,0,0.0,1.0,0.866025,-0.5,1,0,0,0,1,0,0,0,0,0,0,267.58,37.6873,0,1,0,267.58
520.97,3.4,4.6,1.2,6,3,4,2,0,0,1.0,0.0,0.866025,-0.5,0,0,1,0,0,1,0,0,0,0,0,625.16,153.2265,0,0,0,434.1416666666667
199.26,0.1,4.1,1.0,12,3,4,2,0,0,0.0,-1.0,0.866025,-0.5,0,0,0,0,0,0,0,0,0,0,0,199.26,1992.6,0,0,0,199.26
385.58,16.7,3.7,1.2,18,3,4,2,0,0,-1.0,-0.0,0.866025,-0.5,1,0,0,0,0,1,0,0,0,0,0,462.7,23.0886,1,0,0,321.31666666666666
521.1,2.5,3.7,1.5,0,4,4,2,0,0,0.0,1.0,0.866025,-0.5,0,0,1,0,0,0,0,0,0,0,0,781.65,208.44,0,1,0,347.40000000000003
295.47,10.9,3.7,1.0,6,4,4,2,0,0,1.0,0.0,0.866025,-0.5,1,0,0,0,0,0,0,0,0,0,0,295.47,27.1073,0,0,0,295.47
770.13,19.6,4.5,1.5,12,4,4,2,0,0,0.0,-1.0,0.866025,-0.5,1,0,0,0,1,0,0,0,0,0,0,1155.2,39.2923,0,0,0,513.42
401.64,7.1,4.0,1.0,18,4,4,2,0,0,-1.0,-0.0,0.866025,-0.5,0,0,0,0,0,1,0,0,0,0,0,401.64,56.569,1,0,0,401.64
933.61,4.2,3.5,1.0,0,5,4,2,1,0,0.0,1.0,0.866025,-0.5,0,0,0,1,1,0,0,0,0,0,1,933.61,222.2881,0,1,0,933.61
186.24,32.8,4.5,1.0,6,5,4,2,1,0,1.0,0.0,0.866025,-0.5,0,0,0,1,0,0,0,0,0,0,0,186.24,5.678,0,0,0,186.24
531.3,64.5,3.2,1.0,12,5,4,2,1,0,0.0,-1.0,0.866025,-0.5,1,0,0,0,1,0,0,0,0,0,0,531.3,8.2372,0,0,0,531.3
479.38,2.3,5.0,1.0,18,5,4,2,1,0,-1.0,-0.0,0.866025,-0.5,0,1,0,0,0,1,0,0,1,0,0,479.38,208.4261,1,0,0,479.38
353.51,3.7,5.0,1.5,0,6,4,2,1,0,0.0,1.0,0.866025,-0.5,0,0,1,0,0,1,0,0,0,0,1,530.26,95.5432,0,1,0,235.67333333333332
440.41,70.8,3.6,1.2,6,6,4,2,1,0,1.0,0.0,0.866025,-0.5,0,1,0,0,0,1,0,0,0,0,0,528.49,6.2205,0,0,0,367.0083333333334
570.59,0.8,4.8,1.0,12,6,4,2,1,0,0.0,-1.0,0.866025,-0.5,0,1,0,0,1,0,0,0,1,0,0,570.59,713.2375,0,0,0,570.59
623.97,83.6,4.5,1.2,18,6,4,2,1,0,-1.0,-0.0,0.866025,-0.5,1,0,0,0,0,1,0,0,1,0,0,748.76,7.4638,1,0,0,519.975
408.49,0.1,4.0,1.0,0,0,4,2,0,0,0.0,1.0,0.866025,-0.5,1,0,0,0,0,1,0,0,1,0,0,408.49,4084.9,0,1,0,408.49
534.71,45.5,4.1,1.0,6,0,4,2,0,0,1.0,0.0,0.866025,-0.5,1,0,0,0,0,0,1,0,0,0,0,534.71,11.7519,0,0,0,534.71
278.91,8.1,4.6,1.2,12,0,4,2,0,0,0.0,-1.0,0.866025,-0.5,1,0,0,0,1,0,0,0,1,0,0,334.69,34.4333,0,0,0,232.42500000000004
629.91,61.4,4.3,1.2,18,0,4,2,0,0,-1.0,-0.0,0.866025,-0.5,0,0,0,1,0,1,0,0,0,0,0,755.89,10.2591,1,0,0,524.925
843.6,8.4,3.0,1.2,0,1,4,2,0,0,0.0,1.0,0.866025,-0.5,1,0,0,0,1,0,0,0,1,0,0,1012.32,100.4286,0,1,0,703.0
653.61,23.4,5.0,1.0,6,1,4,2,0,0,1.0,0.0,0.866025,-0.5,0,0,0,1,0,0,0,0,1,0,0,653.61,27.9321,0,0,0,653.61
293.57,1.8,4.5,1.2,12,1,4,2,0,0,0.0,-1.0,0.866025,-0.5,0,0,0,1,0,0,0,0,0,0,0,352.28,163.0944,0,0,0,244.64166666666668
254.85,6.1,4.3,1.2,18,1,4,2,0,0,-1.0,-0.0,0.866025,-0.5,1,0,0,0,0,1,0,1,0,0,0,305.82,41.7787,1,0,0,212.375
1216.3,32.7,3.9,2.0,0,2,4,2,0,0,0.0,1.0,0.866025,-0.5,0,0,0,0,0,0,1,0,0,0,0,2432.6,37.1957,0,1,1,608.15
816.34,16.5,4.2,1.0,6,2,4,2,0,0,1.0,0.0,0.866025,-0.5,0,0,1,0,0,0,1,1,0,0,0,816.34,49.4752,0,0,0,816.34
625.09,57.9,4.9,1.0,12,2,4,2,0,0,0.0,-1.0,0.866025,-0.5,0,1,0,0,0,0,0,0,0,0,0,625.09,10.796,0,0,0,625.09
870.81,12.3,4.3,1.2,18,2,4,2,0,0,-1.0,-0.0,0.866025,-0.5,0,0,0,1,0,1,0,0,0,0,0,1044.97,70.7976,1,0,0,725.675
433.08,44.9,4.5,2.0,0,3,4,2,0,0,0.0,1.0,0.866025,-0.5,0,0,1,0,0,0,0,0,0,0,0,866.16,9.6454,0,1,1,216.54
619.46,13.1,3.7,1.0,6,3,4,2,0,0,1.0,0.0,0.866025,-0.5,0,0,0,0,0,0,1,0,0,0,1,619.46,47.287,0,0,0,619.46
766.16,85.3,4.1,1.0,12,3,4,2,0,0,0.0,-1.0,0.866025,-0.5,0,1,0,0,0,0,1,0,0,0,0,766.16,8.9819,0,0,0,766.16
376.58,70.7,4.3,1.0,18,3,4,2,0,0,-1.0,-0.0,0.866025,-0.5,0,1,0,0,0,1,0,0,0,0,0,376.58,5.3264,1,0,0,376.58
550.15,8.8,4.6,1.0,0,4,4,2,0,0,0.0,1.0,0.866025,-0.5,0,0,0,1,1,0,0,0,0,0,0,550.15,62.517,0,1,0,550.15
724.87,47.8,4.1,1.0,6,4,4,2,0,0,1.0,0.0,0.866025,-0.5,1,0,0,0,1,0,0,0,1,0,0,724.87,15.1646,0,0,0,724.87
244.95,41.4,4.8,1.0,12,4,4,2,0,0,0.0,-1.0,0.866025,-0.5,0,0,0,0,0,1,0,0,0,0,0,244.95,5.9167,0,0,0,244.95
357.11,5.2,3.7,1.0,18,4,4,2,0,0,-1.0,-0.0,0.866025,-0.5,0,0,0,1,0,0,0,0,0,0,0,357.11,68.675,1,0,0,357.11
716.94,21.5,4.3,1.0,0,5,4,2,1,0,0.0,1.0,0.866025,-0.5,0,0,0,0,0,1,0,0,0,0,0,716.94,33.346,0,1,0,716.94
485.95,1.7,4.3,1.0,6,5,4,2,1,0,1.0,0.0,0.866025,-0.5,1,0,0,0,0,1,0,0,0,0,0,485.95,285.8529,0,0,0,485.95
453.86,39.9,3.5,1.0,12,5,4,2,1,0,0.0,-1.0,0.866025,-0.5,1,0,0,0,0,1,0,0,0,0,0,453.86,11.3749,0,0,0,453.86
426.84,4.2,4.3,1.0,18,5,4,2,1,0,-1.0,-0.0,0.866025,-0.5,0,0,0,1,0,0,0,0,0,0,0,426.84,101.6286,1,0,0,426.84
753.35,1.6,4.0,2.0,0,6,4,2,1,0,0.0,1.0,0.866025,-0.5,1,0,0,0,0,0,1,0,1,0,0,1506.7,470.8438,0,1,1,376.675
259.83,11.2,5.0,1.0,6,6,4,2,1,0,1.0,0.0,0.866025,-0.5,0,0,1,0,0,0,0,0,0,0,0,259.83,23.1991,0,0,0,259.83
344.45,18.9,4.1,1.5,12,6,4,2,1,0,0.0,-1.0,0.866025,-0.5,0,1,0,0,0,1,0,0,0,0,0,516.67,18.2249,0,0,0,229.63333333333333
198.26,42.5,4.5,1.0,18,6,4,2,1,0,-1.0,-0.0,0.866025,-0.5,0,0,0,1,0,1,0,0,0,0,0,198.26,4.6649,1,0,0,198.26
370.53,80.5,3.7,1.5,0,0,4,2,0,0,0.0,1.0,0.866025,-0.5,0,0,0,0,0,1,0,0,0,0,1,555.79,4.6029,0,1,0,247.01999999999998
474.0,12.7,4.4,1.0,6,0,4,2,0,0,1.0,0.0,0.866025,-0.5,0,0,1,0,0,1,0,0,0,0,1,474.0,37.3228,0,0,0,474.0
138.83,1.4,4.1,1.0,12,0,4,2,0,0,0.0,-1.0,0.866025,-0.5,0,0,0,1,0,0,0,1,0,0,0,138.83,99.1643,0,0,0,138.83
281.27,30.4,3.9,1.0,18,0,4,2,0,0,-1.0,-0.0,0.866025,-0.5,1,0,0,0,0,0,0,0,0,0,0,281.27,9.2523,1,0,0,281.27
485.58,18.3,5.0,1.2,0,1,4,2,0,0,0.0,1.0,0.866025,-0.5,1,0,0,0,0,1,0,0,0,0,0,582.7,26.5344,0,1,0,404.65
545.85,13.1,4.1,1.0,6,1,4,2,0,0,1.0,0.0,0.866025,-0.5,1,0,0,0,0,1,0,0,0,0,0,545.85,41.6679,0,0,0,545.85
966.57,8.1,4.2,1.0,12,1,4,2,0,0,0.0,-1.0,0.866025,-0.5,1,0,0,0,0,0,0,0,0,0,0,966.57,119.3296,0,0,0,966.57
586.37,15.4,4.8,1.0,18,1,4,2,0,0,-1.0,-0.0,0.866025,-0.5,0,0,0,0,1,0,0,0,0,0,0,586.37,38.076,1,0,0,586.37
400.35,9.1,3.9,1.2,0,2,4,2,0,0,0.0,1.0,0.866025,-0.5,0,0,1,0,0,1,0,0,1,0,0,480.42,43.9945,0,1,0,333.62500000000006
467.58,31.1,4.5,1.0,6,2,4,2,0,0,1.0,0.0,0.866025,-0.5,0,1,0,0,0,1,0,1,0,0,0,467.58,15.0347,0,0,0,467.58
475.72,17.3,4.6,1.0,12,2,4,2,0,0,0.0,-1.0,0.866025,-0.5,0,0,0,0,1,0,0,1,0,0,0,475.72,27.4983,0,0,0,475.72
344.74,46.1,4.4,1.0,18,2,4,2,0,0,-1.0,-0.0,0.866025,-0.5,0,0,0,0,0,0,0,0,0,0,0,344.74,7.4781,1,0,0,344.74
496.05,17.3,5.0,1.0,0,3,4,2,0,0,0.0,1.0,0.866025,-0.5,0,1,0,0,0,0,0,0,1,0,0,496.05,28.6734,0,1,0,496.05
335.93,6.0,3.9,1.5,6,3,4,2,0,0,1.0,0.0,0.866025,-0.5,0,1,0,0,1,0,0,0,0,0,0,503.9,55.9883,0,0,0,223.95333333333335
508.5,41.9,5.0,1.0,12,3,4,2,0,0,0.0,-1.0,0.866025,-0.5,1,0,0,0,0,1,0,0,0,0,0,508.5,12.136,0,0,0,508.5
426.62,17.9,4.5,1.0,18,3,4,2,0,0,-1.0,-0.0,0.866025,-0.5,0,0,0,0,0,1,0,0,1,0,0,426.62,23.8335,1,0,0,426.62
391.16,5.1,4.8,1.5,0,4,4,2,0,0,0.0,1.0,0.866025,-0.5,0,0,0,1,1,0,0,0,0,0,0,586.74,76.698,0,1,0,260.77333333333337
396.99,21.5,4.5,1.2,6,4,4,2,0,0,1.0,0.0,0.866025,-0.5,0,1,0,0,1,0,0,0,0,0,0,476.39,18.4647,0,0,0,330.82500000000005
634.23,9.7,5.0,1.0,12,4,4,2,0,0,0.0,-1.0,0.866025,-0.5,0,1,0,0,0,0,1,0,0,0,0,634.23,65.3845,0,0,0,634.23
604.61,40.9,4.1,1.5,18,4,4,2,0,0,-1.0,-0.0,0.866025,-0.5,0,0,1,0,0,1,0,0,1,0,0,906.92,14.7826,1,0,0,403.0733333333333
380.77,13.3,4.5,1.0,0,5,4,2,1,0,0.0,1.0,0.866025,-0.5,0,0,0,1,0,1,0,0,1,0,0,380.77,28.6293,0,1,0,380.77
622.25,28.5,5.0,1.0,6,5,4,2,1,0,1.0,0.0,0.866025,-0.5,0,0,0,1,0,1,0,0,0,0,0,622.25,21.8333,0,0,0,622.25
422.36,2.2,4.3,2.0,12,5,4,2,1,0,0.0,-1.0,0.866025,-0.5,0,1,0,0,0,0,0,1,0,0,0,844.72,191.9818,0,0,1,211.18
425.71,11.1,4.8,2.0,18,5,4,2,1,0,-1.0,-0.0,0.866025,-0.5,1,0,0,0,0,1,0,0,0,0,0,851.42,38.3523,1,0,1,212.855
344.9,90.0,4.3,1.0,0,6,4,2,1,0,0.0,1.0,0.866025,-0.5,0,0,1,0,0,0,0,0,0,0,0,344.9,3.8322,0,1,0,344.9
916.92,36.4,3.7,1.0,6,6,4,2,1,0,1.0,0.0,0.866025,-0.5,0,0,0,1,0,0,1,0,1,0,0,916.92,25.1901,0,0,0,916.92
869.85,3.8,3.6,1.0,12,6,4,2,1,0,0.0,-1.0,0.866025,-0.5,0,1,0,0,0,1,0,0,1,0,0,869.85,228.9079,0,0,0,869.85
306.79,7.2,4.3,1.0,18,6,4,2,1,0,-1.0,-0.0,0.866025,-0.5,0,0,0,1,0,1,0,0,0,0,1,306.79,42.6097,1,0,0,306.79
369.13,8.8,4.8,1.0,0,0,4,2,0,0,0.0,1.0,0.866025,-0.5,0,0,1,0,0,0,0,0,0,0,0,369.13,41.9466,0,1,0,369.13
528.07,23.1,3.3,1.0,6,0,4,2,0,0,1.0,0.0,0.866025,-0.5,0,0,1,0,0,0,0,0,1,0,0,528.07,22.8602,0,0,0,528.07
576.48,31.1,4.4,2.0,12,0,4,2,0,0,0.0,-1.0,0.866025,-0.5,0,0,0,0,0,0,0,0,1,0,0,1152.96,18.5363,0,0,1,288.24
247.8,30.5,4.7,1.5,18,0,4,2,0,0,-1.0,-0.0,0.866025,-0.5,0,1,0,0,0,1,0,0,0,0,1,371.7,8.1246,1,0,0,165.20000000000002
271.31,15.7,3.7,1.0,0,1,4,2,0,0,0.0,1.0,0.866025,-0.5,0,0,1,0,0,0,0,0,0,0,0,271.31,17.2809,0,1,0,271.31
56.29,36.6,4.0,1.0,6,1,4,2,0,0,1.0,0.0,0.866025,-0.5,0,0,0,0,0,1,0,0,1,0,0,56.29,1.538,0,0,0,56.29
577.37,12.6,4.6,1.0,12,1,4,2,0,0,0.0,-1.0,0.866025,-0.5,0,0,0,0,1,0,0,0,1,0,0,577.37,45.823,0,0,0,577.37
188.21,2.9,4.7,1.0,18,1,4,2,0,0,-1.0,-0.0,0.866025,-0.5,0,0,0,1,1,0,0,0,0,0,0,188.21,64.9,1,0,0,188.21
308.21,18.3,5.0,1.0,0,2,4,2,0,0,0.0,1.0,0.866025,-0.5,0,0,0,1,0,1,0,0,0,0,0,308.21,16.8421,0,1,0,308.21
668.73,66.9,4.0,1.2,6,2,4,2,0,0,1.0,0.0,0.866025,-0.5,0,0,0,0,0,0,0,0,0,0,0,802.48,9.996,0,0,0,557.2750000000001
653.68,34.7,3.9,1.0,12,2,4,2,0,0,0.0,-1.0,0.866025,-0.5,0,0,0,1,1,0,0,0,1,0,0,653.68,18.838,0,0,0,653.68
892.34,19.0,5.0,1.5,18,2,4,2,0,0,-1.0,-0.0,0.866025,-0.5,0,0,1,0,1,0,0,1,0,0,0,1338.51,46.9653,1,0,0,594.8933333333333
1037.95,22.9,3.9,1.2,0,3,4,2,0,0,0.0,1.0,0.866025,-0.5,1,0,0,0,0,0,0,0,1,0,0,1245.54,45.3253,0,1,0,864.9583333333334
1460.29,58.7,4.6,1.0,6,3,4,2,0,0,1.0,0.0,0.866025,-0.5,0,0,1,0,1,0,0,0,1,0,0,1460.29,24.8772,0,0,0,1460.29
363.52,12.3,5.0,1.0,12,3,4,2,0,0,0.0,-1.0,0.866025,-0.5,0,0,0,0,0,0,0,0,0,0,0,363.52,29.5545,0,0,0,363.52
319.35,8.9,4.7,1.2,18,3,4,2,0,0,-1.0,-0.0,0.866025,-0.5,0,0,0,0,1,0,0,0,0,0,0,383.22,35.882,1,0,0,266.12500000000006
538.21,83.2,4.7,1.5,0,4,4,2,0,0,0.0,1.0,0.866025,-0.5,0,0,1,0,0,0,1,0,0,0,0,807.32,6.4689,0,1,0,358.8066666666667
201.03,43.8,4.9,1.2,6,4,4,2,0,0,1.0,0.0,0.866025,-0.5,0,0,0,1,0,0,0,0,0,0,0,241.24,4.5897,0,0,0,167.525
387.39,8.6,4.6,1.0,12,4,4,2,0,0,0.0,-1.0,0.866025,-0.5,0,0,0,1,1,0,0,0,0,0,0,387.39,45.0453,0,0,0,387.39
473.34,13.7,4.7,1.0,18,4,4,2,0,0,-1.0,-0.0,0.866025,-0.5,0,0,0,0,0,1,0,0,0,0,0,473.34,34.5504,1,0,0,473.34
558.49,11.8,4.1,1.0,0,5,4,2,1,0,0.0,1.0,0.866025,-0.5,0,1,0,0,0,0,1,0,0,0,0,558.49,47.3297,0,1,0,558.49
588.44,3.6,4.9,2.0,6,5,4,2,1,0,1.0,0.0,0.866025,-0.5,0,0,0,1,0,1,0,0,0,0,0,1176.88,163.4556,0,0,1,294.22
381.22,69.6,4.5,1.2,12,5,4,2,1,0,0.0,-1.0,0.866025,-0.5,0,0,1,0,1,0,0,0,0,0,0,457.46,5.4773,0,0,0,317.6833333333334
218.69,11.4,3.6,1.2,18,5,4,2,1,0,-1.0,-0.0,0.866025,-0.5,0,0,0,1,0,0,0,0,0,0,0,262.43,19.1833,1,0,0,182.24166666666667
245.92,45.8,4.4,1.0,0,6,4,2,1,0,0.0,1.0,0.866025,-0.5,0,0,1,0,0,0,0,0,0,0,0,245.92,5.3694,0,1,0,245.92
128.28,4.6,3.2,1.2,6,6,4,2,1,0,1.0,0.0,0.866025,-0.5,0,0,0,0,0,0,0,0,0,0,1,153.94,27.887,0,0,0,106.9
325.49,17.5,4.7,1.0,12,6,4,2,1,0,0.0,-1.0,0.866025,-0.5,0,0,0,1,0,0,1,1,0,0,0,325.49,18.5994,0,0,0,325.49
198.31,0.5,4.2,1.0,18,6,4,2,1,0,-1.0,-0.0,0.866025,-0.5,0,0,1,0,1,0,0,0,1,0,0,198.31,396.62,1,0,0,198.31
337.57,31.8,5.0,1.0,0,0,4,2,0,0,0.0,1.0,0.866025,-0.5,0,0,0,0,1,0,0,0,0,0,0,337.57,10.6154,0,1,0,337.57
535.53,19.1,4.5,2.0,6,0,4,2,0,0,1.0,0.0,0.866025,-0.5,0,1,0,0,0,0,1,0,1,0,0,1071.06,28.0382,0,0,1,267.765
221.63,21.6,4.8,1.2,12,0,4,2,0,0,0.0,-1.0,0.866025,-0.5,0,0,1,0,0,0,0,1,0,0,0,265.96,10.2606,0,0,0,184.69166666666666
459.96,1.2,3.8,1.0,18,0,4,2,0,0,-1.0,-0.0,0.866025,-0.5,0,1,0,0,0,0,0,0,1,0,0,459.96,383.3,1,0,0,459.96
379.08,5.2,4.6,1.5,0,1,4,2,0,0,0.0,1.0,0.866025,-0.5,0,1,0,0,0,0,0,0,0,0,0,568.62,72.9,0,1,0,252.72
521.57,1.7,4.0,1.0,6,1,4,2,0,0,1.0,0.0,0.866025,-0.5,1,0,0,0,0,0,0,0,1,0,0,521.57,306.8059,0,0,0,521.57
582.96,7.5,4.8,1.0,12,1,4,2,0,0,0.0,-1.0,0.866025,-0.5,0,0,0,1,0,0,0,1,0,0,0,582.96,77.728,0,0,0,582.96
366.84,21.7,4.3,1.0,18,1,4,2,0,0,-1.0,-0.0,0.866025,-0.5,0,0,1,0,0,1,0,0,1,0,0,366.84,16.9051,1,0,0,366.84
440.51,18.4,4.4,1.0,0,2,5,2,0,0,0.0,1.0,0.5,-0.866025,0,1,0,0,0,0,0,0,1,0,0,440.51,23.9408,0,1,0,440.51
379.86,20.8,3.7,1.0,6,2,5,2,0,0,1.0,0.0,0.5,-0.866025,1,0,0,0,0,0,0,0,0,0,0,379.86,18.2625,0,0,0,379.86
343.08,17.5,4.4,1.0,12,2,5,2,0,0,0.0,-1.0,0.5,-0.866025,0,0,0,0,0,0,0,0,0,0,0,343.08,19.6046,0,0,0,343.08
299.89,7.0,5.0,1.2,18,2,5,2,0,0,-1.0,-0.0,0.5,-0.866025,0,0,1,0,0,0,0,0,0,0,0,359.87,42.8414,1,0,0,249.90833333333333
556.45,6.2,4.7,1.0,0,3,5,2,0,0,0.0,1.0,0.5,-0.866025,0,1,0,0,0,0,1,0,1,0,0,556.45,89.75,0,1,0,556.45
815.09,3.2,4.3,1.2,6,3,5,2,0,0,1.0,0.0,0.5,-0.866025,0,0,0,1,1,0,0,0,0,0,0,978.11,254.7156,0,0,0,679.2416666666667
767.69,41.6,3.1,1.0,12,3,5,2,0,0,0.0,-1.0,0.5,-0.866025,1,0,0,0,0,0,1,0,0,0,0,767.69,18.4541,0,0,0,767.69
209.82,21.1,4.0,1.2,18,3,5,2,0,0,-1.0,-0.0,0.5,-0.866025,0,1,0,0,0,1,0,0,0,0,0,251.78,9.9441,1,0,0,174.85
807.69,4.5,4.5,1.2,0,4,5,2,0,0,0.0,1.0,0.5,-0.866025,0,0,0,1,0,0,0,0,0,0,0,969.23,179.4867,0,1,0,673.075
262.89,4.3,4.0,1.2,6,4,5,2,0,0,1.0,0.0,0.5,-0.866025,0,1,0,0,1,0,0,0,0,0,0,315.47,61.1372,0,0,0,219.075
473.44,45.4,5.0,1.0,12,4,5,2,0,0,0.0,-1.0,0.5,-0.866025,0,0,1,0,0,0,0,0,1,0,0,473.44,10.4282,0,0,0,473.44
516.1,29.9,4.3,1.2,18,4,5,2,0,0,-1.0,-0.0,0.5,-0.866025,0,0,1,0,0,0,0,0,1,0,0,619.32,17.2609,1,0,0,430.08333333333337
179.43,23.7,4.8,1.0,0,5,5,2,1,0,0.0,1.0,0.5,-0.866025,0,0,1,0,0,0,0,0,0,0,0,179.43,7.5709,0,1,0,179.43
401.08,11.5,4.4,1.5,6,5,5,2,1,0,1.0,0.0,0.5,-0.866025,1,0,0,0,0,0,0,0,0,0,0,601.62,34.8765,0,0,0,267.38666666666666
832.39,6.7,4.2,1.0,12,5,5,2,1,0,0.0,-1.0,0.5,-0.866025,0,0,1,0,0,0,0,0,0,0,0,832.39,124.2373,0,0,0,832.39
101.75,85.5,4.1,1.0,18,5,5,2,1,0,-1.0,-0.0,0.5,-0.866025,0,0,0,1,0,0,0,1,0,0,0,101.75,1.1901,1,0,0,101.75
1262.66,35.1,3.8,1.0,0,6,5,2,1,0,0.0,1.0,0.5,-0.866025,0,1,0,0,0,1,0,0,0,0,0,1262.66,35.9732,0,1,0,1262.66
124.61,7.9,4.8,1.2,6,6,5,2,1,0,1.0,0.0,0.5,-0.866025,0,0,0,0,0,0,0,0,0,0,0,149.53,15.7734,0,0,0,103.84166666666667
509.56,41.4,4.1,1.0,12,6,5,2,1,0,0.0,-1.0,0.5,-0.866025,0,0,0,1,0,0,0,0,0,0,0,509.56,12.3082,0,0,0,509.56
184.62,31.3,4.3,2.0,18,6,5,2,1,0,-1.0,-0.0,0.5,-0.866025,0,0,0,1,1,0,0,0,1,0,0,369.24,5.8984,1,0,1,92.31
550.34,7.8,4.0,2.0,0,0,5,2,0,0,0.0,1.0,0.5,-0.866025,0,0,1,0,0,0,0,1,0,0,0,1100.68,70.5564,0,1,1,275.17
751.11,12.2,3.8,1.2,6,0,5,2,0,0,1.0,0.0,0.5,-0.866025,1,0,0,0,0,0,0,1,0,0,0,901.33,61.5664,0,0,0,625.9250000000001
652.28,4.5,4.6,1.0,12,0,5,2,0,0,0.0,-1.0,0.5,-0.866025,0,1,0,0,1,0,0,0,1,0,0,652.28,144.9511,0,0,0,652.28
188.3,2.6,3.9,1.2,18,0,5,2,0,0,-1.0,-0.0,0.5,-0.866025,1,0,0,0,0,0,0,0,0,0,0,225.96,72.4231,1,0,0,156.91666666666669
705.12,28.2,4.1,1.0,0,1,5,2,0,0,0.0,1.0,0.5,-0.866025,0,1,0,0,0,0,0,0,0,0,0,705.12,25.0043,0,1,0,705.12
380.75,6.8,3.7,1.0,6,1,5,2,0,0,1.0,0.0,0.5,-0.866025,0,1,0,0,0,1,0,0,0,0,0,380.75,55.9926,0,0,0,380.75
191.68,37.7,4.1,1.5,12,1,5,2,0,0,0.0,-1.0,0.5,-0.866025,1,0,0,0,0,0,0,0,0,0,0,287.52,5.0844,0,0,0,127.78666666666668
829.53,119.4,4.3,2.0,18,1,5,2,0,0,-1.0,-0.0,0.5,-0.866025,0,0,0,1,0,1,0,0,0,0,0,1659.06,6.9475,1,0,1,414.765
1120.18,1.8,4.2,2.0,0,2,5,2,0,0,0.0,1.0,0.5,-0.866025,0,1,0,0,1,0,0,0,0,0,0,2240.36,622.3222,0,1,1,560.09
461.32,14.1,4.7,1.0,6,2,5,2,0,0,1.0,0.0,0.5,-0.866025,1,0,0,0,0,0,0,0,0,0,0,461.32,32.7177,0,0,0,461.32
358.24,35.6,4.4,1.0,12,2,5,2,0,0,0.0,-1.0,0.5,-0.866025,0,1,0,0,0,1,0,0,0,0,1,358.24,10.0629,0,0,0,358.24
283.98,34.2,5.0,1.0,18,2,5,2,0,0,-1.0,-0.0,0.5,-0.866025,0,0,0,0,0,1,0,0,1,0,0,283.98,8.3035,1,0,0,283.98
631.5,31.4,4.5,1.0,0,3,5,2,0,0,0.0,1.0,0.5,-0.866025,0,0,0,1,0,0,0,1,0,0,0,631.5,20.1115,0,1,0,631.5
721.73,9.4,3.4,1.0,6,3,5,2,0,0,1.0,0.0,0.5,-0.866025,0,0,1,0,0,1,0,0,1,0,0,721.73,76.7798,0,0,0,721.73
358.32,13.3,4.2,1.0,12,3,5,2,0,0,0.0,-1.0,0.5,-0.866025,0,1,0,0,0,0,0,0,0,0,0,358.32,26.9414,0,0,0,358.32
918.58,19.9,4.2,1.2,18,3,5,2,0,0,-1.0,-0.0,0.5,-0.866025,0,0,0,0,0,1,0,0,1,0,0,1102.3,46.1598,1,0,0,765.4833333333333
605.39,80.2,4.0,1.2,0,4,5,2,0,0,0.0,1.0,0.5,-0.866025,0,0,1,0,0,0,0,0,0,0,0,726.47,7.5485,0,1,0,504.4916666666667
458.62,8.7,4.3,1.2,6,4,5,2,0,0,1.0,0.0,0.5,-0.866025,0,0,1,0,0,1,0,0,1,0,0,550.34,52.7149,0,0,0,382.18333333333334
517.94,56.4,4.0,1.5,12,4,5,2,0,0,0.0,-1.0,0.5,-0.866025,0,1,0,0,0,0,0,0,0,0,0,776.91,9.1833,0,0,0,345.29333333333335
249.8,6.9,4.5,1.0,18,4,5,2,0,0,-1.0,-0.0,0.5,-0.866025,1,0,0,0,1,0,0,0,0,0,1,249.8,36.2029,1,0,0,249.8
627.93,99.4,3.3,1.0,0,5,5,2,1,0,0.0,1.0,0.5,-0.866025,0,1,0,0,0,0,0,0,0,0,0,627.93,6.3172,0,1,0,627.93
259.2,24.4,4.9,1.2,6,5,5,2,1,0,1.0,0.0,0.5,-0.866025,0,0,0,0,0,1,0,0,0,0,0,311.04,10.623,0,0,0,216.0
334.03,13.7,3.5,1.0,12,5,5,2,1,0,0.0,-1.0,0.5,-0.866025,0,0,1,0,0,1,0,0,0,0,1,334.03,24.3818,0,0,0,334.03
423.47,20.9,4.2,1.0,18,5,5,2,1,0,-1.0,-0.0,0.5,-0.866025,0,1,0,0,1,0,0,0,0,0,0,423.47,20.2617,1,0,0,423.47
1032.55,7.0,3.9,1.0,0,6,5,2,1,0,0.0,1.0,0.5,-0.866025,1,0,0,0,0,1,0,0,1,0,0,1032.55,147.5071,0,1,0,1032.55
497.03,7.0,4.5,1.0,6,6,5,2,1,0,1.0,0.0,0.5,-0.866025,0,1,0,0,0,1,0,0,1,0,0,497.03,71.0043,0,0,0,497.03
273.7,2.7,4.2,1.2,12,6,5,2,1,0,0.0,-1.0,0.5,-0.866025,0,0,0,1,1,0,0,1,0,0,0,328.44,101.3704,0,0,0,228.08333333333334
518.92,2.7,4.4,1.5,18,6,5,2,1,0,-1.0,-0.0,0.5,-0.866025,1,0,0,0,1,0,0,0,0,0,1,778.38,192.1926,1,0,0,345.94666666666666
587.34,9.4,4.9,1.5,0,0,5,2,0,0,0.0,1.0,0.5,-0.866025,0,0,0,0,0,0,0,0,0,0,1,881.01,62.483,0,1,0,391.56
780.45,31.7,4.7,1.0,6,0,5,2,0,0,1.0,0.0,0.5,-0.866025,0,0,1,0,0,1,0,0,0,0,0,780.45,24.6199,0,0,0,780.45
434.44,20.6,4.3,1.0,12,0,5,2,0,0,0.0,-1.0,0.5,-0.866025,0,1,0,0,1,0,0,1,0,0,0,434.44,21.0893,0,0,0,434.44
296.64,2.4,4.5,1.5,18,0,5,2,0,0,-1.0,-0.0,0.5,-0.866025,1,0,0,0,0,0,1,0,1,0,0,444.96,123.6,1,0,0,197.76
1168.17,42.1,5.0,1.0,0,1,5,2,0,0,0.0,1.0,0.5,-0.866025,0,0,0,1,1,0,0,0,1,0,0,1168.17,27.7475,0,1,0,1168.17
519.5,20.2,4.7,1.0,6,1,5,2,0,0,1.0,0.0,0.5,-0.866025,1,0,0,0,0,0,0,0,0,0,0,519.5,25.7178,0,0,0,519.5
274.65,71.3,4.2,1.5,12,1,5,2,0,0,0.0,-1.0,0.5,-0.866025,0,0,0,1,0,0,0,0,1,0,0,411.98,3.852,0,0,0,183.1
432.45,24.4,4.9,1.2,18,1,5,2,0,0,-1.0,-0.0,0.5,-0.866025,0,0,0,0,0,1,0,0,0,0,1,518.94,17.7234,1,0,0,360.375
