Age,Annual_Income,Loan_Amount,Loan_Term_Months,Credit_Score,Employment_Years,Num_Credit_Lines,Debt_To_Income_Ratio,Num_Late_Payments,Has_Mortgage,Education,Loan_Purpose,Marital_Status,Loan_Default
60,98484,12490,36,388,12,4,0.24,2,1,Master,Education,Single,0
50,138747,29502,48,710,12,3,0.18,4,1,High School,Personal,Married,0
36,33026,40757,60,540,23,2,0.53,0,0,Bachelor,Business,Single,0
64,88309,46111,36,522,23,2,0.1,8,1,Bachelor,Home,Married,0
29,65927,88245,24,767,13,8,0.19,7,1,Master,Education,Single,0
42,95414,63645,36,621,11,1,0.17,9,0,Bachelor,Business,Single,0
60,77535,64055,60,674,20,8,0.3,1,0,Bachelor,Personal,Single,0
40,62946,13998,12,411,12,9,0.24,9,1,High School,Personal,Single,0
44,146503,33906,36,826,17,6,0.48,0,1,Master,Business,Single,0
32,76561,75192,48,711,12,1,0.47,3,1,Bachelor,Personal,Married,0
32,30377,55477,48,568,3,10,0.25,8,0,Master,Personal,Single,0
45,73592,41901,48,551,22,12,0.31,7,1,High School,Business,Married,0
57,27347,96271,12,673,29,7,0.17,2,1,High School,Education,Married,1
61,53776,57021,60,749,21,5,0.45,9,1,High School,Personal,Single,0
45,23783,34092,24,836,9,9,0.29,5,1,Bachelor,Personal,Single,1
24,75798,6242,60,667,22,7,0.13,8,0,High School,Personal,Married,0
43,24298,6831,12,554,4,5,0.13,9,0,High School,Personal,Single,1
23,90204,55721,48,762,17,13,0.24,7,1,High School,Personal,Married,0
45,106207,33511,60,567,7,2,0.5,9,0,High School,Business,Married,1
51,120356,77782,24,425,13,14,0.07,4,1,High School,Business,Single,0
59,75161,23302,48,692,27,4,0.2,8,0,High School,Business,Married,0
23,80652,60568,24,633,1,2,0.15,8,0,Master,Medical,Divorced,0
42,54484,8232,36,667,27,9,0.62,2,0,Bachelor,Business,Single,0
54,118614,56507,24,755,7,2,0.47,7,1,Bachelor,Personal,Single,0
33,149572,81508,48,366,15,2,0.19,3,1,PhD,Personal,Married,0
43,132695,15683,36,365,6,2,0.17,9,0,Bachelor,Home,Divorced,0
46,40922,28664,48,699,2,1,0.56,6,1,Master,Home,Single,0
48,54028,38172,48,586,28,9,0.16,9,0,High School,Personal,Single,0
63,131461,88641,36,485,3,8,0.65,7,1,Bachelor,Personal,Single,1
49,40316,69340,24,583,28,2,0.22,6,0,Bachelor,Business,Single,0
37,96996,92236,12,815,6,2,0.1,4,0,Bachelor,Business,Single,0
36,36968,16017,12,536,3,5,0.46,0,1,Bachelor,Business,Single,0
24,50266,41613,12,317,8,12,0.42,7,1,High School,Business,Married,1
58,145679,91130,12,713,22,13,0.65,4,0,Master,Personal,Divorced,0
28,115745,81920,60,308,16,14,0.53,2,1,Bachelor,Personal,Married,0
42,44000,35348,12,719,16,12,0.31,1,0,High School,Education,Married,0
30,143239,21448,36,328,19,14,0.46,2,0,Bachelor,Home,Single,0
60,34011,14491,12,647,13,4,0.54,8,1,Master,Personal,Single,0
39,22866,83648,48,749,13,2,0.36,1,1,High School,Education,Married,0
25,132669,63759,12,679,28,8,0.21,9,1,High School,Business,Married,0
46,25898,49553,24,665,24,8,0.18,0,1,Master,Personal,Married,1
35,38395,5968,36,526,12,13,0.23,1,0,PhD,Medical,Single,0
30,59019,5368,36,417,3,4,0.56,1,0,High School,Business,Married,0
47,123243,78960,60,711,12,14,0.28,4,0,PhD,Education,Single,0
23,24006,40010,48,655,20,4,0.22,0,1,Bachelor,Business,Married,0
41,54393,59154,36,553,16,9,0.53,9,1,PhD,Personal,Single,0
49,30956,40851,24,842,14,4,0.07,7,0,Bachelor,Education,Divorced,0
28,70042,30496,12,743,29,10,0.41,1,1,Master,Business,Single,0
29,116199,35936,36,380,17,11,0.57,5,1,Master,Personal,Divorced,1
56,26078,83858,24,345,10,9,0.3,4,1,High School,Education,Divorced,1
35,49631,72005,12,348,3,3,0.21,1,0,High School,Personal,Married,0
38,115676,42493,60,748,27,2,0.35,9,0,Bachelor,Personal,Divorced,0
57,141724,74795,36,706,19,11,0.48,0,1,High School,Medical,Single,0
61,82901,41390,36,582,10,8,0.36,5,0,Bachelor,Personal,Married,0
25,127227,15292,24,772,9,12,0.05,5,0,PhD,Education,Married,0
23,89497,97377,48,715,21,3,0.1,2,0,High School,Home,Single,0
27,114813,33365,60,420,12,13,0.48,7,0,Bachelor,Personal,Married,0
63,137192,22207,48,302,21,2,0.29,8,0,Bachelor,Business,Single,1
25,61574,27912,36,615,7,13,0.52,2,1,Bachelor,Education,Married,0
50,138494,85771,48,759,27,11,0.44,8,0,High School,Business,Divorced,0
39,51417,61572,12,526,12,8,0.4,7,1,High School,Education,Married,0
47,108020,24276,60,378,8,8,0.59,4,1,Master,Business,Single,1
55,103639,10534,48,843,29,5,0.06,5,0,Master,Personal,Divorced,0
31,85006,97005,12,370,0,9,0.14,0,0,Master,Personal,Single,0
57,114881,40670,24,496,0,11,0.42,4,0,Master,Education,Divorced,0
35,131862,67147,48,357,14,6,0.09,9,0,Bachelor,Personal,Divorced,0
52,59454,41486,60,723,21,5,0.44,9,1,Bachelor,Medical,Divorced,0
36,21587,70557,12,768,3,12,0.64,6,1,Bachelor,Education,Married,0
29,141688,39268,48,347,26,3,0.58,0,1,High School,Personal,Married,1
35,128107,86335,24,734,19,7,0.4,9,0,Bachelor,Personal,Married,0
44,135584,31336,48,484,0,14,0.59,8,1,High School,Personal,Married,0
61,74710,8641,12,464,24,9,0.12,6,1,Bachelor,Education,Single,1
42,143157,92132,48,630,11,4,0.32,3,0,High School,Medical,Single,0
37,106567,37959,60,629,10,11,0.31,3,0,Bachelor,Personal,Married,0
39,111748,18306,36,420,18,7,0.25,9,0,Bachelor,Personal,Married,0
45,95886,51182,12,512,14,12,0.05,6,1,Bachelor,Business,Married,0
47,38816,79123,12,806,20,3,0.58,5,0,Bachelor,Personal,Married,0
46,105824,61326,12,467,9,11,0.52,2,1,Master,Business,Married,0
62,49432,26498,12,845,0,2,0.44,8,0,High School,Business,Married,0
50,129758,75198,48,726,23,13,0.13,5,1,Bachelor,Business,Single,0
36,68617,32197,60,520,2,11,0.28,1,1,Bachelor,Business,Single,0
22,92373,25719,24,309,13,1,0.6,9,0,PhD,Business,Single,1
46,54217,95201,60,419,14,6,0.42,1,1,Bachelor,Business,Married,0
28,40884,30032,12,546,0,5,0.41,0,0,High School,Personal,Single,1
30,25454,64624,48,659,9,2,0.6,4,0,High School,Business,Married,1
45,94960,83177,48,520,21,13,0.39,9,0,High School,Business,Single,0
22,122421,46964,12,805,0,13,0.41,5,1,Bachelor,Personal,Single,0
29,127173,35028,48,357,14,3,0.26,2,1,Master,Personal,Married,0
45,63618,59646,12,759,2,9,0.27,3,1,High School,Personal,Single,0
32,103948,86187,60,427,20,3,0.46,4,0,High School,Personal,Married,1
38,82671,13536,36,385,19,7,0.24,3,1,High School,Business,Divorced,0
29,67111,61747,48,403,22,1,0.39,8,1,High School,Personal,Married,0
56,59613,50712,12,442,21,7,0.22,2,0,Master,Business,Married,0
56,105678,11273,12,504,11,9,0.15,4,0,Master,Business,Married,0
54,140592,76820,48,337,18,12,0.32,6,0,High School,Business,Single,1
26,122928,96228,24,662,15,11,0.18,6,0,High School,Education,Married,0
63,144917,79353,12,608,26,8,0.59,5,0,Master,Business,Single,1
60,79993,99491,48,351,7,7,0.23,8,0,High School,Personal,Single,0
62,148652,97091,12,300,23,10,0.41,6,0,Bachelor,Personal,Single,0
49,28848,90914,24,310,13,14,0.21,3,1,Master,Personal,Married,0
28,134853,55830,36,513,17,8,0.2,9,0,Bachelor,Business,Married,0
30,98672,22127,24,817,22,13,0.26,8,0,High School,Personal,Divorced,0
29,139279,88488,60,714,29,4,0.6,5,0,High School,Business,Married,0
33,86125,16539,48,307,0,2,0.28,0,0,Master,Medical,Single,1
55,106444,51761,24,304,1,14,0.54,8,0,High School,Personal,Married,1
54,137509,51219,36,661,23,14,0.17,6,1,Bachelor,Home,Married,0
44,81602,19692,12,411,11,11,0.08,5,0,Master,Medical,Single,0
45,92045,88656,48,572,16,9,0.52,5,1,Master,Medical,Single,0
58,125997,18334,24,721,1,3,0.38,3,1,Bachelor,Medical,Married,0
56,62222,33615,36,564,27,14,0.35,3,0,High School,Personal,Married,0
61,69223,12903,24,757,16,11,0.21,2,0,Bachelor,Personal,Married,0
43,130012,33527,60,511,20,4,0.09,7,0,High School,Personal,Married,1
48,131246,20629,48,377,6,7,0.34,7,1,High School,Personal,Single,0
56,85333,63008,12,520,5,2,0.57,1,0,Master,Business,Single,0
22,72732,88276,36,668,5,14,0.12,4,1,High School,Medical,Divorced,1
56,142650,31708,24,646,21,8,0.61,8,1,High School,Personal,Single,0
58,69420,15860,48,324,7,12,0.21,8,0,High School,Personal,Single,0
35,95504,22438,24,719,4,10,0.37,6,0,Bachelor,Education,Married,0
24,22462,72300,48,653,14,8,0.09,3,1,Bachelor,Personal,Married,0
22,29460,76545,60,716,25,12,0.31,3,1,Master,Business,Married,0
26,119319,25842,24,814,6,5,0.13,9,0,Bachelor,Personal,Married,0
47,145602,65213,60,514,2,9,0.08,6,0,Bachelor,Medical,Divorced,0
35,29275,47372,36,411,24,8,0.63,2,1,Bachelor,Business,Single,0
60,114213,73906,60,727,9,1,0.49,2,1,High School,Education,Married,0
48,33269,43744,48,515,2,9,0.48,4,0,Bachelor,Personal,Married,0
30,149593,62442,36,712,29,13,0.1,5,1,Bachelor,Home,Single,0
36,142672,90990,24,679,13,14,0.61,7,0,High School,Business,Married,0
36,85942,8650,24,531,21,14,0.33,0,0,High School,Education,Married,0
47,92920,50117,48,557,2,5,0.56,6,0,Bachelor,Home,Married,0
63,140737,96244,12,555,0,9,0.06,7,1,Bachelor,Business,Divorced,1
34,42553,57772,12,702,0,9,0.23,4,1,Bachelor,Business,Married,0
53,44366,8190,24,723,18,10,0.65,9,1,Bachelor,Personal,Married,1
60,64036,53113,48,364,3,10,0.31,1,0,Bachelor,Business,Married,0
53,37369,13789,12,489,29,3,0.58,3,0,Master,Medical,Married,0
25,31795,37125,60,472,1,8,0.25,5,0,Bachelor,Personal,Married,0
51,90021,22459,24,526,24,7,0.37,8,1,Bachelor,Home,Married,0
58,127205,40418,60,687,10,7,0.56,1,0,High School,Education,Married,0
44,88154,52085,48,700,23,12,0.41,3,0,High School,Business,Married,0
60,50143,23768,60,512,11,10,0.49,9,0,Master,Business,Single,0
36,49425,54961,12,352,12,2,0.19,4,1,High School,Personal,Married,1
64,108209,86099,12,438,15,2,0.14,7,1,High School,Personal,Single,0
50,95139,32885,36,717,15,2,0.19,7,1,Bachelor,Personal,Married,0
57,125232,92421,24,442,18,13,0.35,1,1,High School,Business,Single,0
34,25368,66082,48,808,22,11,0.53,5,1,Bachelor,Home,Married,0
53,24621,11895,24,785,19,2,0.26,5,1,High School,Business,Divorced,0
28,78829,55311,60,736,20,14,0.39,4,1,Bachelor,Business,Married,1
43,149036,94494,48,842,19,4,0.53,7,0,Master,Personal,Married,0
49,80294,72067,48,592,8,7,0.19,9,0,Bachelor,Education,Married,0
23,34719,76017,12,583,15,2,0.58,1,0,Bachelor,Education,Married,0
63,49227,28932,60,313,26,5,0.62,1,0,Bachelor,Business,Single,1
27,129430,26360,12,571,6,14,0.07,6,1,Master,Home,Single,0
49,27566,59847,12,324,12,7,0.09,8,1,Bachelor,Medical,Married,0
49,32306,95365,36,621,3,9,0.1,2,0,High School,Education,Divorced,0
41,73822,90468,12,402,12,8,0.52,6,0,High School,Home,Married,0
51,44042,43931,24,339,7,9,0.16,2,1,High School,Education,Married,0
32,35086,60823,48,534,1,7,0.49,5,1,High School,Medical,Divorced,1
49,37387,43032,12,388,6,3,0.31,2,1,High School,Business,Married,0
46,47042,86426,24,399,10,1,0.55,0,0,High School,Personal,Single,0
60,109424,23807,60,443,16,10,0.54,5,1,Master,Home,Single,1
54,71618,16767,48,381,23,7,0.63,2,0,Bachelor,Personal,Single,1
22,112050,13071,60,528,28,13,0.2,0,1,High School,Personal,Married,0
48,38323,58413,24,694,13,11,0.19,4,1,Bachelor,Personal,Single,1
34,38019,31149,60,812,27,6,0.07,7,0,Bachelor,Business,Married,0
62,95426,20540,60,496,29,2,0.3,7,1,Bachelor,Personal,Divorced,0
24,60863,75248,60,573,12,1,0.33,7,0,Bachelor,Education,Single,0
60,140953,96737,12,671,14,12,0.63,2,1,High School,Home,Single,0
27,131023,90435,12,379,21,10,0.55,7,1,Bachelor,Personal,Married,0
29,30283,24787,12,534,27,4,0.15,3,0,Bachelor,Medical,Single,0
48,38279,25982,48,586,20,14,0.53,7,1,Bachelor,Personal,Married,0
30,66999,27606,24,844,24,4,0.16,2,1,Bachelor,Personal,Married,0
58,82780,15150,12,736,8,6,0.1,2,1,Bachelor,Education,Married,0
54,42908,90929,60,426,2,11,0.55,0,1,Bachelor,Medical,Divorced,0
63,81584,51936,60,716,24,5,0.64,7,1,Bachelor,Personal,Single,0
45,146278,98286,60,340,12,9,0.1,7,1,High School,Business,Single,0
36,133002,13593,60,768,12,8,0.54,8,1,Bachelor,Personal,Divorced,0
53,70225,22358,36,596,8,9,0.57,5,1,Master,Home,Single,0
53,57952,87143,48,341,17,10,0.12,1,1,Master,Personal,Single,1
45,120706,42381,24,578,4,7,0.22,0,0,PhD,Business,Divorced,0
62,57663,95347,24,758,10,9,0.49,7,1,High School,Medical,Single,0
33,142019,33074,12,332,1,3,0.53,9,1,High School,Education,Single,0
60,129708,25595,36,575,16,9,0.26,3,1,Bachelor,Home,Married,0
23,81381,49194,24,389,22,2,0.15,6,0,High School,Home,Single,0
24,67929,54377,48,823,19,9,0.44,9,0,High School,Business,Married,0
58,29343,31853,60,459,20,13,0.47,3,0,Bachelor,Education,Married,0
38,96173,78719,12,757,3,6,0.35,0,0,High School,Personal,Married,0
23,120260,25661,48,698,21,4,0.14,7,0,High School,Home,Single,0
23,59791,55493,24,390,26,12,0.56,9,0,PhD,Personal,Divorced,0
49,49134,41495,36,765,17,14,0.44,8,1,High School,Medical,Single,0
44,132366,18703,12,519,23,12,0.57,9,0,High School,Business,Married,1
58,67101,58080,24,718,19,13,0.61,8,1,High School,Business,Divorced,0
53,89443,35815,12,678,7,11,0.53,8,1,Master,Personal,Married,1
54,119111,34565,24,746,18,2,0.63,3,1,Bachelor,Education,Single,0
22,77530,68321,60,445,11,13,0.62,8,0,High School,Personal,Single,0
40,66799,63453,36,532,27,10,0.42,3,1,High School,Personal,Divorced,0
23,24827,93478,60,670,10,3,0.49,1,1,Bachelor,Personal,Married,0
47,116143,38161,24,533,15,5,0.47,9,0,High School,Personal,Divorced,1
53,82653,60991,48,666,4,9,0.42,2,0,PhD,Business,Married,0
27,33699,14716,60,780,27,7,0.06,1,1,Bachelor,Business,Single,0
53,122828,38349,48,662,2,11,0.26,0,0,High School,Personal,Single,0
25,133497,52098,24,810,11,12,0.11,5,0,Master,Business,Divorced,0
32,111419,5132,36,394,14,13,0.23,3,1,High School,Medical,Married,0
38,134527,56990,48,515,15,11,0.09,6,1,High School,Education,Single,0
59,136972,73921,24,842,12,3,0.6,6,1,High School,Home,Married,0
45,25313,41538,48,434,6,13,0.32,9,1,Master,Personal,Single,0
26,33598,12213,60,382,14,4,0.16,0,1,High School,Medical,Single,1
55,131362,49223,24,690,2,14,0.4,8,1,Bachelor,Business,Married,1
27,135445,96655,60,346,11,12,0.17,7,1,High School,Business,Single,1
43,48807,73371,12,691,7,11,0.53,9,1,Master,Business,Single,1
32,90423,73274,24,684,24,2,0.23,0,0,High School,Business,Married,0
37,89390,9134,48,680,28,14,0.24,7,0,High School,Business,Married,0
54,65226,96428,12,376,11,8,0.57,4,0,Bachelor,Education,Single,0
30,79550,44601,60,558,17,6,0.39,0,0,Bachelor,Personal,Single,0
27,100072,78889,60,698,2,3,0.58,3,0,Master,Education,Divorced,0
37,23558,20690,48,399,11,13,0.3,6,1,High School,Education,Single,0
50,95308,6909,12,800,28,5,0.26,4,0,Master,Business,Single,0
24,70113,96239,36,682,22,5,0.35,2,0,Bachelor,Personal,Single,0
41,72999,85032,48,491,20,12,0.09,3,1,High School,Personal,Single,0
57,75878,17062,60,644,25,1,0.14,1,0,Master,Personal,Married,0
40,56343,80386,24,309,22,13,0.18,7,1,Bachelor,Personal,Divorced,0
47,78219,98237,12,563,1,5,0.54,1,0,Bachelor,Personal,Married,0
24,55186,39731,36,567,13,6,0.49,5,0,PhD,Personal,Married,0
40,56966,10153,24,494,13,10,0.17,6,1,Bachelor,Personal,Divorced,0
41,53769,15481,12,706,3,10,0.22,6,0,High School,Business,Single,0
53,139932,71425,48,595,16,11,0.62,0,0,Master,Home,Married,0
28,146264,68600,48,396,14,11,0.1,7,0,High School,Home,Married,0
62,125423,89981,12,761,15,11,0.38,8,1,Bachelor,Personal,Single,0
54,73218,76997,36,386,4,13,0.36,6,1,High School,Personal,Married,0
61,39229,33205,12,376,23,2,0.49,7,1,High School,Business,Married,0
60,95209,93887,24,782,16,3,0.21,3,1,Bachelor,Personal,Married,0
39,47877,86542,24,445,22,10,0.61,7,1,Bachelor,Business,Single,0
61,78001,49149,48,410,6,5,0.3,2,0,Bachelor,Business,Single,1
22,117137,54112,12,596,22,14,0.22,0,0,Master,Business,Single,0
32,58084,15940,48,725,14,13,0.25,7,1,High School,Medical,Single,0
49,101780,64010,36,633,16,3,0.26,5,1,Bachelor,Medical,Married,0
46,112892,81794,24,822,11,5,0.17,8,0,Master,Home,Single,0
44,36806,29485,60,837,10,5,0.61,2,1,Bachelor,Personal,Married,1
52,108635,94299,60,461,18,8,0.15,7,0,Bachelor,Medical,Single,0
51,130177,6067,12,729,10,10,0.58,8,1,Bachelor,Business,Married,0
63,57034,25607,12,368,1,9,0.29,8,1,Bachelor,Education,Divorced,1
56,60317,66597,60,432,14,8,0.21,6,0,Bachelor,Medical,Married,0
28,75468,79554,12,488,4,12,0.17,9,0,High School,Home,Married,0
37,39094,53521,24,578,17,3,0.35,2,1,Bachelor,Education,Single,0
47,77796,20187,36,729,28,1,0.45,2,1,High School,Business,Single,0
23,30589,8985,36,841,29,14,0.59,1,0,PhD,Business,Married,0
22,77221,48052,48,460,20,3,0.44,0,0,Master,Education,Divorced,0
33,144855,24563,24,752,20,1,0.34,1,1,High School,Medical,Married,0
26,21657,52322,12,469,15,13,0.07,4,0,High School,Education,Married,1
58,118300,66245,12,356,3,11,0.6,0,1,Bachelor,Business,Married,0
53,137229,56514,48,539,26,9,0.59,9,1,Bachelor,Business,Married,0
30,59531,23608,48,657,22,12,0.28,3,1,PhD,Personal,Married,0
62,72227,72262,12,500,9,13,0.07,9,1,High School,Home,Single,0
56,23164,97118,12,743,21,3,0.49,9,1,High School,Personal,Single,1
40,113078,76327,24,601,1,14,0.53,0,1,Master,Education,Married,0
37,103973,62225,48,405,14,8,0.38,9,1,High School,Medical,Married,0
24,61247,78994,24,400,3,6,0.29,7,0,Bachelor,Business,Married,1
41,124041,22221,12,396,28,3,0.56,4,0,High School,Medical,Married,0
45,39601,53506,60,328,15,9,0.17,9,1,Master,Medical,Single,0
54,113966,25968,60,805,29,8,0.31,3,0,High School,Personal,Married,0
45,70599,87606,12,737,26,3,0.06,2,1,Bachelor,Business,Single,0
32,91545,32937,48,678,6,7,0.15,8,1,Bachelor,Education,Married,0
29,135295,67435,60,372,24,5,0.61,5,0,PhD,Business,Married,0
57,24552,54508,48,553,24,2,0.4,0,0,High School,Business,Married,0
59,136452,46831,60,815,11,14,0.53,7,1,High School,Education,Single,0
61,29417,47933,48,849,2,8,0.34,9,0,High School,Personal,Married,0
41,78579,52307,60,319,16,1,0.55,1,1,Master,Business,Single,1
56,127525,53340,48,834,8,4,0.37,8,0,Bachelor,Personal,Single,0
46,88207,91338,24,720,7,11,0.05,6,1,Bachelor,Personal,Married,1
56,92055,48601,48,745,22,13,0.59,2,1,High School,Business,Married,1
46,122266,80956,24,435,5,11,0.14,3,1,Bachelor,Education,Single,1
50,98270,77178,24,804,29,12,0.32,2,0,Bachelor,Personal,Divorced,0
39,131426,90311,12,600,14,13,0.34,5,1,High School,Medical,Married,0
39,137865,33754,24,332,9,4,0.08,8,1,Master,Business,Married,1
23,23722,48310,36,577,22,13,0.08,9,0,High School,Home,Married,1
56,90442,74893,24,432,26,10,0.51,8,0,Bachelor,Business,Married,1
37,115632,91799,48,826,24,14,0.23,0,1,Master,Personal,Married,0
62,60031,53367,24,425,5,5,0.3,9,0,Master,Medical,Married,1
57,99235,18201,48,644,14,4,0.39,5,1,Bachelor,Education,Married,0
54,41438,7739,48,316,29,1,0.27,0,1,High School,Business,Married,0
25,78819,18231,36,677,13,14,0.52,3,1,Bachelor,Business,Married,0
54,63856,47495,24,359,25,7,0.58,6,0,High School,Personal,Single,0
35,53576,26168,24,766,18,10,0.09,3,0,High School,Business,Single,0
42,61938,37624,60,690,12,11,0.43,8,0,Bachelor,Personal,Married,0
41,69028,15635,60,486,13,2,0.24,9,1,Master,Business,Divorced,0
29,79807,14964,12,797,2,10,0.4,4,1,High School,Medical,Married,0
28,69877,32785,48,660,3,3,0.34,8,1,High School,Medical,Married,0
24,117783,87797,36,748,25,5,0.25,0,0,Bachelor,Personal,Single,0
38,63461,89790,60,480,28,8,0.11,3,0,High School,Medical,Married,0
54,113474,81928,24,429,13,10,0.39,6,1,Bachelor,Business,Married,0
33,60469,17336,12,448,13,8,0.12,1,0,High School,Personal,Married,1
43,103136,82475,36,771,25,14,0.14,8,0,High School,Medical,Single,0
43,40435,32412,24,799,7,2,0.64,2,0,Bachelor,Business,Married,0
51,104117,87212,24,654,9,9,0.24,3,0,Master,Personal,Divorced,0
59,34191,80379,48,510,8,6,0.4,3,1,Bachelor,Personal,Divorced,0
59,104726,50591,48,329,13,9,0.21,7,1,Master,Business,Divorced,0
29,143658,66750,60,323,7,14,0.57,1,1,High School,Personal,Single,0
48,135660,95648,60,521,10,4,0.22,4,0,Master,Medical,Divorced,0
48,47386,40454,24,700,9,3,0.27,1,0,Bachelor,Business,Married,0
55,51721,67672,24,811,17,14,0.42,5,0,Master,Business,Divorced,0
42,74786,32228,60,387,3,14,0.57,8,1,Bachelor,Personal,Divorced,0
51,33704,19429,60,764,3,5,0.54,8,0,High School,Medical,Divorced,1
54,76635,89294,24,349,11,5,0.21,0,1,High School,Business,Single,0
49,22123,72808,36,402,17,4,0.55,3,1,Bachelor,Business,Single,0
54,110710,87886,24,667,28,13,0.47,3,1,High School,Medical,Married,0
26,129837,58015,36,791,7,7,0.64,0,0,PhD,Personal,Married,0
40,134912,93074,36,567,2,8,0.61,9,1,High School,Business,Single,0
25,82993,73936,24,696,17,5,0.37,1,1,High School,Education,Married,0
56,132752,85907,12,619,6,9,0.5,5,0,High School,Business,Single,0
38,100122,62378,60,819,0,7,0.39,9,1,High School,Personal,Single,1
49,117512,42310,48,748,21,13,0.41,2,0,Bachelor,Personal,Single,0
51,45416,88683,24,775,12,13,0.11,8,1,Bachelor,Business,Single,1
50,21814,73827,36,539,28,7,0.05,2,0,Master,Home,Married,0
27,98537,40256,24,557,2,8,0.08,2,1,High School,Business,Divorced,0
56,70258,81428,60,689,28,12,0.63,8,1,Master,Personal,Married,0
62,36508,43889,36,642,2,4,0.13,2,1,High School,Medical,Married,0
58,105166,56428,48,686,14,10,0.08,5,0,Master,Business,Single,0
45,98916,42207,48,693,20,13,0.24,5,0,High School,Business,Married,0
50,133710,55255,48,569,29,13,0.4,0,0,Bachelor,Business,Married,0
52,55699,96531,12,448,18,6,0.62,6,1,Bachelor,Education,Married,1
56,66335,10409,36,679,27,5,0.47,8,0,Bachelor,Education,Single,0
54,66806,47438,36,327,3,1,0.22,8,0,High School,Personal,Married,0
42,97853,12869,12,448,12,14,0.61,8,0,Bachelor,Medical,Divorced,0
53,83768,61862,36,719,12,13,0.07,1,0,High School,Personal,Single,0
44,55739,92937,12,579,14,9,0.64,0,1,Bachelor,Personal,Single,0
54,54785,30958,24,481,18,2,0.09,5,1,Bachelor,Personal,Single,0
24,51980,81302,60,465,15,6,0.5,5,1,Bachelor,Medical,Single,0
39,109335,24768,48,316,6,8,0.08,3,1,PhD,Education,Divorced,0
46,120719,31145,12,449,2,3,0.61,7,1,High School,Medical,Divorced,0
63,114702,80622,12,638,29,5,0.12,4,1,High School,Education,Married,0
52,105016,31442,12,344,25,14,0.08,6,0,High School,Personal,Married,1
24,21609,86948,24,801,19,7,0.58,8,1,Bachelor,Business,Married,0
61,86253,30596,12,488,1,4,0.11,0,0,PhD,Business,Single,0
45,105481,80791,60,360,17,14,0.53,8,1,PhD,Business,Married,1
53,111128,47406,60,593,24,12,0.5,3,0,PhD,Personal,Married,0
43,48141,45524,48,332,10,5,0.41,6,1,Master,Medical,Married,0
44,50009,28332,24,598,0,1,0.28,3,1,PhD,Education,Single,0
23,147581,20764,60,714,15,4,0.6,3,1,Bachelor,Business,Married,0
48,130966,32563,36,848,16,14,0.57,3,1,PhD,Medical,Single,0
63,26782,92675,36,730,15,14,0.31,5,0,Master,Education,Married,1
23,112072,41370,36,794,9,7,0.19,4,0,High School,Personal,Married,0
47,119352,10062,12,399,16,12,0.21,1,1,High School,Business,Single,0
38,45933,49645,12,322,29,10,0.18,8,1,High School,Personal,Married,0
61,97154,12244,36,719,2,7,0.37,5,0,Master,Personal,Married,0
54,28307,11372,48,723,17,10,0.57,9,1,Bachelor,Personal,Single,1
30,112207,90501,48,786,18,10,0.51,5,1,High School,Home,Divorced,1
64,126209,69471,12,388,13,4,0.53,8,0,Bachelor,Business,Single,0
60,128297,21956,36,508,20,12,0.32,0,0,High School,Medical,Single,1
50,95874,45473,48,570,24,6,0.24,6,0,Master,Personal,Single,1
63,58346,18894,12,705,1,13,0.5,2,0,Master,Personal,Single,0
47,132138,74586,36,577,11,5,0.53,3,1,PhD,Medical,Married,0
56,70772,21709,24,505,10,1,0.47,0,1,High School,Business,Married,1
46,92084,86258,36,627,29,8,0.07,2,1,Master,Medical,Married,0
45,60149,20210,36,635,16,12,0.4,6,1,High School,Personal,Single,0
34,106700,54510,60,337,26,7,0.26,5,0,Bachelor,Home,Single,0
28,47526,43674,60,527,5,5,0.17,0,1,Bachelor,Business,Married,0
57,116758,22733,24,782,18,13,0.47,8,1,Bachelor,Personal,Married,0
41,105712,25080,24,433,12,10,0.21,3,0,PhD,Education,Single,1
22,148447,58412,36,689,6,10,0.6,6,1,Bachelor,Medical,Single,1
29,88477,63971,48,724,21,7,0.23,3,0,Master,Personal,Single,0
37,25695,44709,24,809,10,10,0.38,6,0,High School,Home,Single,0
35,59169,64846,36,726,6,3,0.55,4,0,Bachelor,Education,Single,1
33,67947,70480,12,773,12,8,0.29,0,0,Bachelor,Business,Married,0
44,67224,57960,60,660,12,5,0.55,3,0,High School,Personal,Single,0
36,65865,46152,48,510,20,2,0.48,2,1,PhD,Business,Single,0
49,45553,32250,36,478,0,2,0.6,5,1,Bachelor,Personal,Married,0
55,124501,90765,12,357,29,4,0.25,5,1,Bachelor,Business,Married,0
23,80410,53137,60,372,18,7,0.11,0,0,Master,Medical,Married,0
53,123754,87011,12,514,18,14,0.31,1,0,Bachelor,Education,Single,0
44,110895,51412,36,372,22,10,0.52,1,1,High School,Business,Married,0
43,44816,48876,24,766,14,4,0.32,9,0,Bachelor,Personal,Married,1
46,75026,99547,60,570,13,9,0.21,3,0,Bachelor,Home,Single,0
43,70705,78664,12,798,28,2,0.07,8,0,PhD,Personal,Single,0
43,81922,55227,24,653,2,6,0.24,1,1,High School,Personal,Single,0
63,135700,37450,48,533,26,4,0.48,7,0,Bachelor,Education,Married,0
27,93914,89433,36,618,20,6,0.14,0,0,High School,Medical,Married,0
36,21881,78704,36,318,19,10,0.25,7,0,High School,Home,Single,0
64,59567,11861,60,671,3,9,0.06,2,1,Bachelor,Home,Single,0
58,67365,66914,12,483,28,10,0.48,4,0,High School,Home,Divorced,0
54,147928,68888,48,576,6,12,0.58,0,1,Bachelor,Business,Married,0
29,99211,84286,60,444,0,9,0.39,0,0,Bachelor,Personal,Single,0
26,90122,66293,60,380,22,9,0.07,5,0,High School,Education,Married,0
60,45006,87524,12,621,23,9,0.18,2,1,Bachelor,Personal,Single,0
25,61198,73515,48,734,18,3,0.31,7,1,High School,Personal,Married,1
27,42831,28524,12,342,2,12,0.4,3,1,Master,Personal,Married,0
53,120649,12065,36,612,19,11,0.35,5,0,High School,Personal,Divorced,0
51,36459,42684,24,592,14,14,0.6,9,1,High School,Business,Married,0
56,52443,93720,36,368,12,9,0.61,8,1,Bachelor,Business,Single,1
61,62316,38365,36,355,21,3,0.11,7,1,PhD,Business,Married,0
37,116131,63876,60,503,13,10,0.13,3,0,Master,Medical,Divorced,0
34,84486,28704,36,719,6,3,0.26,9,1,High School,Education,Married,0
63,25877,62857,48,849,0,5,0.3,7,0,High School,Home,Single,0
51,59553,10622,36,542,12,6,0.4,6,0,Bachelor,Business,Divorced,0
40,134137,88797,48,500,3,9,0.51,4,0,Master,Personal,Single,0
38,24922,98955,12,773,11,1,0.13,6,1,Bachelor,Personal,Single,0
40,142778,96141,60,826,6,8,0.53,6,1,Bachelor,Education,Single,0
49,137018,99707,48,376,26,14,0.42,9,1,High School,Medical,Single,0
47,24686,92700,36,777,1,14,0.64,1,1,High School,Personal,Married,0
58,52766,84332,60,739,16,4,0.44,6,0,Bachelor,Medical,Single,0
47,99943,71201,60,562,0,10,0.48,2,1,High School,Business,Single,1
44,52006,37694,48,484,25,7,0.17,7,1,High School,Personal,Married,0
30,51422,94766,48,354,13,6,0.51,7,0,High School,Education,Married,1
33,136590,27995,24,607,29,6,0.1,8,1,Bachelor,Business,Married,0
22,148886,97320,24,815,21,7,0.44,3,0,High School,Personal,Single,0
22,32205,85141,60,598,27,4,0.08,9,0,Bachelor,Business,Single,0
55,106590,87999,24,529,20,6,0.12,2,1,Master,Medical,Married,1
53,43527,13419,36,676,0,3,0.11,8,0,High School,Education,Single,0
46,131483,52952,12,585,25,5,0.08,8,0,Bachelor,Personal,Single,0
61,38443,38837,60,437,2,13,0.24,1,0,Master,Home,Married,0
22,36524,75799,12,777,10,13,0.65,5,1,High School,Personal,Married,0
37,136477,53877,24,306,6,14,0.26,2,1,High School,Personal,Married,1
60,48202,50687,48,718,27,13,0.51,4,1,High School,Business,Married,0
26,85552,42276,60,771,24,2,0.13,1,0,Bachelor,Medical,Married,0
43,66142,39523,24,719,28,3,0.32,3,1,Bachelor,Business,Single,0
50,81692,71055,36,575,8,13,0.16,2,1,High School,Education,Single,0
24,102384,59615,60,389,21,9,0.17,1,0,Master,Home,Single,0
33,40855,15514,60,581,2,6,0.11,5,1,Bachelor,Medical,Divorced,0
47,103747,52456,48,847,0,3,0.31,2,1,High School,Personal,Married,0
37,80372,12233,60,470,18,2,0.1,3,0,Master,Medical,Married,0
58,45095,6102,48,654,25,5,0.6,5,1,High School,Education,Single,0
43,58724,71133,24,503,1,10,0.32,4,0,Bachelor,Personal,Single,1
50,69241,51715,36,588,26,14,0.55,3,1,High School,Business,Married,0
35,123119,90193,36,761,20,5,0.64,3,1,Bachelor,Education,Divorced,0
49,72003,11256,60,472,23,1,0.46,1,1,High School,Personal,Single,1
26,88379,69800,60,600,4,3,0.59,9,0,Bachelor,Personal,Divorced,0
51,114837,99937,24,828,16,7,0.13,3,1,High School,Education,Single,0
26,111996,46548,48,439,18,9,0.55,7,1,Bachelor,Medical,Single,1
33,117454,77090,36,577,27,5,0.21,4,0,High School,Personal,Single,0
37,114283,83200,48,810,4,4,0.33,9,1,High School,Business,Married,0
47,35972,47367,24,645,22,3,0.44,9,0,High School,Education,Married,0
47,143805,94922,36,439,20,10,0.59,7,1,High School,Education,Married,0
42,113846,75382,36,413,13,13,0.6,5,1,Bachelor,Home,Single,0
60,42927,31205,12,806,9,9,0.11,9,1,PhD,Education,Married,0
57,140589,30570,24,665,20,14,0.27,4,1,Master,Education,Single,0
54,135657,35255,24,696,6,7,0.53,3,1,Master,Home,Single,0
51,86630,26182,12,410,28,12,0.47,9,1,High School,Personal,Single,0
58,124428,44373,48,657,7,7,0.07,8,0,High School,Personal,Married,0
44,142035,48019,12,537,29,14,0.32,9,1,Bachelor,Education,Married,0
31,72347,67619,24,302,7,13,0.55,4,0,PhD,Business,Single,0
26,119708,21043,48,703,6,8,0.49,9,1,Bachelor,Personal,Single,0
57,146244,50532,36,324,12,10,0.3,5,0,Bachelor,Business,Married,0
55,108860,70936,12,808,13,1,0.49,6,0,High School,Education,Single,1
52,106210,24239,48,764,18,11,0.38,0,0,High School,Medical,Divorced,0
31,89518,15416,48,360,10,4,0.6,8,1,Bachelor,Personal,Divorced,1
40,65283,8412,48,807,1,13,0.4,7,1,Bachelor,Business,Married,0
53,101326,86976,12,422,16,13,0.29,4,0,High School,Personal,Married,0
22,32205,29406,36,796,5,5,0.57,2,0,Master,Education,Married,0
26,140243,6875,48,354,28,5,0.08,4,0,PhD,Business,Single,0
25,109874,42066,12,462,8,1,0.59,4,0,Master,Home,Single,0
37,32748,10752,24,338,18,3,0.47,8,0,Master,Personal,Single,0
45,41097,91753,12,382,4,2,0.61,6,0,High School,Business,Divorced,1
37,23092,83025,12,845,8,12,0.2,1,1,PhD,Personal,Married,0
23,73311,6353,12,412,29,7,0.47,4,1,Bachelor,Business,Single,0
49,42692,31986,48,724,29,13,0.54,8,0,Master,Medical,Married,1
53,144954,91907,12,529,24,14,0.47,1,1,High School,Home,Single,0
48,43862,19691,24,582,6,5,0.18,7,0,Bachelor,Business,Married,0
41,110396,74847,48,586,29,3,0.22,2,0,High School,Medical,Single,0
45,99507,53075,24,454,3,11,0.39,3,1,High School,Personal,Married,0
33,100152,15794,60,464,26,8,0.32,1,0,PhD,Personal,Single,0
56,90469,73470,12,481,17,1,0.49,8,1,Master,Medical,Married,0
54,24926,21406,48,538,17,1,0.28,5,0,Bachelor,Personal,Single,0
54,111299,80930,48,638,19,14,0.57,8,0,Bachelor,Personal,Single,0
64,23969,31872,12,811,16,6,0.31,7,1,Bachelor,Business,Married,0
58,55733,46708,36,565,29,1,0.07,8,1,High School,Business,Married,0
33,89855,25800,36,486,3,4,0.06,4,1,Master,Personal,Divorced,1
24,61743,48397,24,339,27,6,0.44,5,0,Bachelor,Medical,Married,0
22,59876,42909,12,792,29,1,0.37,6,1,Bachelor,Business,Married,0
54,127445,26352,12,690,26,13,0.38,4,0,PhD,Business,Divorced,0
61,40323,98848,60,559,21,9,0.52,0,0,Bachelor,Personal,Married,0
31,36428,20438,36,475,15,4,0.28,8,1,Bachelor,Business,Married,1
64,54578,93921,36,628,21,9,0.65,1,0,Master,Medical,Married,0
50,106486,49999,12,499,22,9,0.62,6,1,Master,Home,Divorced,0
34,128577,23482,24,495,4,13,0.06,7,1,PhD,Home,Married,1
33,84140,37471,12,830,8,6,0.59,7,0,Bachelor,Business,Married,0
52,146378,52279,24,361,1,13,0.46,0,0,High School,Home,Single,0
23,127325,59213,36,626,1,7,0.35,9,1,High School,Personal,Married,0
56,103829,18026,60,580,3,13,0.4,6,1,High School,Personal,Single,0
44,26364,90184,48,526,19,1,0.56,8,0,Bachelor,Medical,Single,0
38,148867,10435,36,357,19,5,0.62,2,1,High School,Personal,Married,0
47,55349,13493,24,776,16,3,0.39,7,0,Bachelor,Personal,Married,0
29,20691,77227,12,675,19,10,0.16,7,0,Master,Home,Married,1
50,146899,64321,36,542,27,10,0.43,8,1,PhD,Medical,Married,0
47,115598,7763,60,666,20,13,0.1,7,0,High School,Personal,Single,0
31,86467,25389,24,799,24,6,0.43,4,1,High School,Medical,Single,0
47,65896,36498,12,551,18,4,0.54,4,1,Master,Medical,Single,0
55,77062,68755,48,621,2,13,0.26,2,0,Bachelor,Home,Single,0
62,117266,40825,24,675,29,14,0.09,5,0,Master,Business,Married,0
28,99762,21934,12,708,4,13,0.47,9,0,Master,Education,Married,0
25,33861,10574,48,787,9,9,0.25,2,1,Bachelor,Medical,Single,0
32,116837,43179,12,642,5,7,0.2,1,1,Bachelor,Education,Single,0
50,133779,6587,48,539,2,14,0.46,6,1,Bachelor,Education,Divorced,0
57,108302,47782,48,438,16,4,0.63,9,1,Bachelor,Business,Married,0
46,121710,59412,48,421,9,13,0.5,2,1,Bachelor,Business,Single,1
42,83928,65561,12,719,23,11,0.34,3,1,Master,Home,Single,0
57,126643,82224,48,603,11,6,0.41,9,0,Master,Business,Married,0
31,135720,9409,24,414,0,2,0.14,7,0,High School,Personal,Single,0
58,103231,76319,60,642,17,14,0.54,0,0,PhD,Medical,Married,0
30,61347,31751,60,550,18,3,0.41,8,1,Bachelor,Personal,Married,0
45,23121,43174,48,306,21,11,0.63,5,0,Master,Business,Divorced,1
56,103793,61572,60,478,19,7,0.64,1,1,High School,Personal,Married,0
56,48164,66416,60,444,3,11,0.26,2,0,High School,Education,Single,1
57,45491,17041,48,715,14,12,0.64,4,0,High School,Home,Single,0
39,79222,28227,48,420,8,4,0.62,5,0,High School,Education,Married,0
60,43165,40201,24,423,5,14,0.43,8,0,High School,Personal,Single,0
53,134250,41069,36,449,11,12,0.25,1,1,Master,Home,Single,0
45,23748,87190,12,696,17,10,0.5,4,1,Bachelor,Business,Single,1
44,118581,31370,48,680,22,7,0.21,6,0,PhD,Business,Married,0
53,46553,16586,48,300,14,9,0.43,6,0,Bachelor,Business,Married,0
58,136547,55231,60,543,28,14,0.06,3,1,High School,Home,Single,1
33,80380,10322,24,697,18,13,0.43,2,1,Bachelor,Personal,Married,0
34,64331,70294,60,550,8,5,0.62,7,0,PhD,Education,Married,1
44,116033,84468,48,598,21,14,0.19,1,0,Bachelor,Business,Divorced,0
46,116844,34299,48,596,23,1,0.52,4,0,High School,Personal,Married,0
56,140617,95715,60,799,12,5,0.23,9,0,PhD,Home,Divorced,0
62,59560,75793,48,414,15,6,0.47,4,0,High School,Education,Divorced,0
51,73865,51501,36,300,12,14,0.47,0,0,Bachelor,Medical,Married,0
38,66686,62134,12,781,0,11,0.16,6,1,Bachelor,Personal,Married,1
41,95910,14777,12,809,17,2,0.41,3,1,High School,Medical,Single,0
46,24675,16249,12,634,21,8,0.57,9,1,High School,Medical,Married,0
43,86706,26390,36,764,2,13,0.28,1,1,Master,Business,Single,0
34,126985,25369,48,440,16,2,0.48,7,0,Master,Education,Married,0
40,129021,17881,60,436,21,14,0.45,3,1,Bachelor,Home,Single,0
57,144062,14587,24,466,4,9,0.2,0,1,High School,Medical,Single,0
33,147359,98800,48,642,28,14,0.6,7,1,High School,Business,Single,0
62,97986,79327,36,709,24,13,0.39,6,0,High School,Education,Divorced,1
40,96216,92911,36,364,5,2,0.26,2,0,Bachelor,Medical,Single,0
33,30068,93147,12,366,20,3,0.15,2,0,High School,Personal,Divorced,1
30,74460,12833,48,732,16,8,0.33,6,1,High School,Education,Single,0
28,120766,52013,12,349,16,11,0.49,1,1,Bachelor,Home,Married,0
49,66418,68620,24,613,26,6,0.42,4,0,Bachelor,Home,Single,0
35,46206,20754,12,608,0,1,0.49,6,0,Master,Medical,Single,0
52,148180,83113,24,414,6,4,0.53,5,1,Bachelor,Personal,Divorced,0
40,20287,91784,36,641,21,5,0.31,9,0,Bachelor,Home,Single,0
37,42337,40282,12,829,29,14,0.36,6,0,Bachelor,Education,Single,0
26,40666,41737,12,794,15,11,0.64,1,1,Bachelor,Personal,Married,0
56,136595,29124,60,568,4,3,0.63,6,1,Bachelor,Education,Married,0
33,21161,75102,36,379,15,1,0.3,1,1,Bachelor,Medical,Divorced,0
46,134817,7196,60,755,3,3,0.46,6,0,Bachelor,Personal,Married,0
42,141025,66527,24,598,10,13,0.21,7,1,Bachelor,Home,Married,0
57,120667,90395,24,501,13,9,0.14,9,1,Master,Home,Married,1
44,110071,16345,36,802,28,2,0.51,7,0,Bachelor,Personal,Married,0
37,118064,39077,24,784,12,1,0.31,4,0,Bachelor,Home,Married,0
60,58751,71400,36,317,26,7,0.16,6,0,Master,Home,Single,0
63,102063,17055,24,777,23,13,0.51,7,1,High School,Personal,Married,0
60,126511,90283,48,787,26,7,0.6,3,1,Bachelor,Personal,Single,0
35,109389,49484,12,745,7,5,0.61,1,0,PhD,Business,Married,0
52,34758,82514,48,639,20,2,0.41,6,1,Bachelor,Business,Single,0
26,85780,95135,36,830,19,14,0.34,0,1,High School,Medical,Single,0
56,135614,40771,36,415,14,1,0.14,1,1,Bachelor,Business,Married,1
44,23178,62654,48,373,17,13,0.53,9,1,High School,Home,Single,1
50,51831,51540,12,568,6,5,0.62,6,0,Bachelor,Home,Single,0
64,22176,88151,12,415,20,10,0.58,9,1,High School,Business,Single,1
32,123306,34377,60,463,18,4,0.5,0,1,Bachelor,Business,Single,0
39,53654,54573,24,521,24,9,0.05,6,1,Bachelor,Education,Single,1
33,143220,47733,60,425,8,5,0.29,4,0,Bachelor,Education,Married,0
30,46627,16760,12,475,10,11,0.3,2,1,Bachelor,Business,Married,0
31,72550,30762,48,674,26,10,0.59,1,1,High School,Personal,Married,0
38,132025,55986,24,797,9,12,0.09,6,1,High School,Personal,Married,0
59,64910,39332,48,384,13,12,0.37,8,0,Bachelor,Personal,Married,1
28,110417,45100,60,682,15,2,0.13,8,1,High School,Home,Single,0
34,78251,9944,36,762,26,4,0.45,9,0,Master,Personal,Divorced,0
61,55422,53825,48,750,7,13,0.53,9,1,Bachelor,Personal,Divorced,0
63,31984,18877,60,817,0,12,0.44,7,0,High School,Education,Single,0
30,109312,34990,60,849,11,9,0.53,1,0,High School,Personal,Married,0
48,81386,60283,60,415,2,8,0.41,0,1,High School,Personal,Single,0
23,103291,8258,36,307,1,3,0.16,7,1,Bachelor,Education,Single,0
26,27135,36629,36,517,15,8,0.28,1,0,High School,Education,Single,0
50,20320,42579,36,703,3,13,0.62,3,0,High School,Personal,Married,1
58,122958,27958,24,603,1,2,0.22,3,1,Bachelor,Business,Married,0
59,114171,44465,36,766,11,3,0.09,1,1,PhD,Business,Married,0
40,41684,90853,36,387,26,14,0.28,3,1,Bachelor,Business,Married,0
29,75913,20775,36,309,23,5,0.27,6,1,Master,Education,Married,0
22,108774,81575,48,607,16,11,0.33,5,1,High School,Personal,Single,1
43,41889,99633,36,733,19,12,0.39,9,1,High School,Business,Divorced,0
38,115849,39207,24,463,20,14,0.65,5,1,High School,Medical,Married,0
28,118071,27553,60,538,29,10,0.5,3,0,PhD,Home,Married,0
46,68899,58632,48,616,9,10,0.07,1,0,High School,Medical,Married,0
25,144011,5055,12,634,19,8,0.48,4,1,Bachelor,Business,Divorced,1
57,30770,93697,36,317,7,1,0.54,2,1,Bachelor,Business,Married,0
27,59321,37873,60,370,17,4,0.59,2,1,Bachelor,Business,Single,0
52,105962,85720,60,474,24,1,0.3,3,0,High School,Medical,Married,0
40,129863,71205,48,638,17,1,0.24,4,0,Bachelor,Medical,Single,0
60,61777,83199,12,547,17,12,0.55,1,1,PhD,Business,Divorced,0
48,66250,30318,24,492,28,5,0.52,5,1,Bachelor,Personal,Married,1
31,93034,38734,60,718,1,6,0.37,5,0,Bachelor,Business,Single,1
47,124940,87227,60,624,11,1,0.12,7,0,Bachelor,Personal,Married,0
40,60130,23522,60,605,9,11,0.44,1,0,Master,Home,Single,0
60,101931,16656,60,503,7,6,0.09,7,1,High School,Personal,Married,0
24,69346,20893,48,422,18,5,0.11,7,1,High School,Personal,Single,0
34,22537,21493,12,746,9,4,0.25,3,0,Master,Medical,Single,0
49,104762,8632,60,790,10,10,0.27,6,1,Bachelor,Personal,Single,0
41,35216,93648,24,732,13,5,0.33,6,1,Master,Personal,Single,0
49,104149,66779,24,427,25,8,0.25,0,1,Bachelor,Business,Single,0
29,23009,43452,36,847,14,9,0.07,0,0,Bachelor,Education,Married,1
62,109904,18266,60,346,29,11,0.14,7,0,High School,Business,Single,1
60,49327,66607,60,804,23,14,0.12,0,0,Bachelor,Business,Single,0
22,34209,21940,60,414,22,12,0.31,2,1,Bachelor,Personal,Married,0
24,68443,29003,60,715,9,2,0.18,5,1,Bachelor,Education,Divorced,0
34,35029,39815,60,522,3,6,0.23,7,0,High School,Business,Married,0
49,87613,35869,24,802,6,3,0.33,4,1,PhD,Medical,Single,0
46,99443,54297,12,395,10,2,0.19,4,0,High School,Business,Married,0
54,76997,65107,12,406,23,12,0.2,3,1,High School,Business,Single,0
59,122171,87793,36,331,21,14,0.55,3,1,PhD,Education,Divorced,0
27,134456,21682,24,792,21,13,0.38,6,1,Bachelor,Personal,Divorced,0
53,82559,24622,60,365,2,1,0.56,5,1,Bachelor,Personal,Married,0
42,84892,35408,12,478,4,4,0.36,7,1,PhD,Medical,Single,0
37,90409,13837,48,742,25,8,0.6,5,0,High School,Personal,Single,0
42,28635,69210,48,848,1,3,0.2,9,0,High School,Education,Divorced,0
32,53065,20407,48,500,11,5,0.42,6,1,Bachelor,Personal,Married,1
58,131399,34309,60,348,20,14,0.35,9,0,High School,Medical,Single,0
57,140544,76918,60,562,4,10,0.6,9,1,Master,Home,Single,0
56,127340,98190,36,432,6,5,0.3,4,1,Master,Business,Married,0
40,53783,23895,36,643,3,5,0.56,5,1,High School,Business,Divorced,0
41,54152,91912,36,475,29,11,0.39,0,0,Master,Business,Married,0
39,78741,5370,48,690,10,9,0.48,2,1,High School,Medical,Single,0
62,127049,5486,60,310,21,8,0.58,7,1,Bachelor,Personal,Married,1
35,71502,28762,48,500,8,8,0.65,2,0,PhD,Education,Single,0
36,49092,31613,36,302,3,13,0.49,0,1,Master,Education,Divorced,0
52,37653,8196,60,513,26,13,0.24,2,0,Bachelor,Business,Single,0
22,117999,99937,24,606,29,1,0.23,3,0,High School,Personal,Married,0
24,119564,81349,12,843,21,1,0.24,7,0,High School,Personal,Single,0
37,60469,69839,12,626,28,2,0.11,8,0,Bachelor,Medical,Single,0
44,143064,46916,36,498,27,14,0.08,3,0,Bachelor,Personal,Married,0
32,106483,13572,48,408,8,8,0.4,6,0,High School,Education,Married,0
33,141585,33225,24,590,25,10,0.54,0,0,Bachelor,Business,Single,0
31,79754,50853,60,407,11,1,0.07,8,1,Master,Personal,Married,0
53,49978,54390,48,707,15,4,0.39,3,1,Bachelor,Business,Married,0
37,107592,37275,36,351,0,9,0.27,8,1,High School,Medical,Married,0
29,114543,77379,48,411,7,2,0.59,2,1,PhD,Education,Married,0
59,63169,6105,36,594,0,3,0.14,4,1,High School,Medical,Single,0
33,68287,64896,12,488,19,11,0.39,0,1,Master,Education,Married,0
45,74745,48209,12,364,18,6,0.63,2,1,High School,Education,Divorced,0
49,130168,47487,48,764,3,13,0.26,4,1,Bachelor,Business,Divorced,0
29,133985,23051,24,557,13,11,0.5,5,0,Bachelor,Home,Married,1
49,140843,99244,60,630,22,10,0.58,7,1,Bachelor,Business,Divorced,0
57,25543,82400,36,800,28,3,0.16,0,1,Bachelor,Education,Single,0
47,76392,71961,60,509,13,4,0.65,2,0,High School,Business,Married,0
29,41067,65156,12,388,8,9,0.54,0,0,Bachelor,Business,Married,1
49,71033,62175,24,327,8,9,0.13,4,0,Bachelor,Personal,Single,0
49,65256,11849,24,537,25,10,0.24,7,1,High School,Personal,Divorced,0
58,110633,23976,60,635,16,5,0.42,3,0,PhD,Education,Single,0
62,128383,61866,12,362,14,7,0.58,8,0,Master,Personal,Single,0
57,129048,52078,60,799,9,9,0.17,5,0,Master,Business,Single,0
48,89345,36113,48,840,16,8,0.49,5,0,Bachelor,Home,Single,0
38,42191,20401,24,768,8,11,0.21,4,1,High School,Education,Married,0
30,106803,17884,24,350,3,7,0.53,9,0,Bachelor,Personal,Married,0
54,92742,89360,48,411,27,12,0.46,4,1,Master,Medical,Single,0
41,138843,42563,12,600,28,8,0.36,6,0,High School,Personal,Married,0
34,106593,39414,24,389,13,5,0.44,7,0,Bachelor,Education,Single,0
49,48992,21142,36,528,2,5,0.58,6,0,Bachelor,Business,Married,0
50,132050,76492,36,449,28,5,0.28,0,1,High School,Personal,Single,1
34,101531,84464,12,437,24,1,0.51,0,0,Bachelor,Personal,Married,1
56,68803,80257,48,434,20,6,0.15,9,1,PhD,Personal,Single,0
27,129975,81693,60,756,11,5,0.47,5,0,Bachelor,Personal,Married,0
39,83477,40135,12,793,21,8,0.5,2,1,High School,Personal,Married,1
26,33210,77232,60,826,0,8,0.32,8,1,Bachelor,Home,Divorced,0
46,103329,32862,12,632,0,2,0.53,6,0,High School,Business,Single,0
23,46270,10190,36,661,12,11,0.38,1,0,Bachelor,Medical,Married,0
31,82008,75199,48,473,13,6,0.61,2,0,Master,Business,Married,0
51,25197,9331,36,512,15,12,0.12,7,1,Bachelor,Education,Divorced,0
26,133857,57186,48,642,6,11,0.13,0,0,Bachelor,Personal,Married,0
54,27452,49648,60,360,9,10,0.56,4,1,Bachelor,Personal,Single,0
22,61486,33549,12,360,14,10,0.56,9,1,Bachelor,Business,Married,0
39,34859,86782,24,823,7,6,0.33,0,1,Bachelor,Medical,Single,1
53,47236,30761,24,515,10,3,0.63,8,1,Master,Personal,Married,1
32,51899,8262,48,722,23,1,0.46,6,1,Bachelor,Business,Married,0
42,52083,56259,48,722,13,7,0.64,4,1,PhD,Personal,Divorced,0
47,87708,77572,36,670,12,10,0.37,5,1,Master,Business,Married,0
46,131462,58472,24,505,22,5,0.17,2,0,Master,Education,Married,0
43,36663,92858,36,585,12,12,0.32,2,0,Master,Education,Married,0
48,113076,89667,60,404,26,12,0.64,6,1,High School,Personal,Married,0
34,138665,9677,24,842,8,10,0.27,6,0,Bachelor,Personal,Single,0
54,39053,78508,60,541,16,5,0.62,6,0,Bachelor,Business,Married,0
55,31085,85865,12,790,17,11,0.53,1,1,Bachelor,Home,Single,0
62,50564,55617,36,797,28,8,0.32,1,0,Master,Business,Single,0
56,109745,91029,48,734,18,12,0.38,4,1,High School,Business,Married,0
22,79095,23595,24,783,12,5,0.41,3,1,High School,Business,Divorced,0
42,89517,92459,36,746,11,5,0.45,6,0,Master,Personal,Married,0
27,41153,65148,48,683,28,1,0.1,2,1,High School,Medical,Married,0
49,25247,51926,12,809,20,2,0.61,4,1,High School,Personal,Married,0
38,30553,80271,24,469,19,5,0.41,1,0,Bachelor,Education,Single,0
26,40811,39457,60,622,19,7,0.61,0,0,Master,Business,Single,0
52,115381,47531,12,773,7,3,0.43,8,1,Bachelor,Education,Divorced,0
26,26135,78263,48,531,23,12,0.31,3,0,PhD,Personal,Divorced,0
59,25573,78300,24,658,10,1,0.39,7,1,High School,Medical,Married,0
24,138819,68171,24,574,6,11,0.55,6,0,Master,Personal,Single,1
44,144588,50771,12,331,0,12,0.25,0,0,High School,Education,Divorced,0
58,99267,98135,24,476,9,2,0.62,9,0,High School,Medical,Married,1
58,27189,71354,48,364,14,3,0.33,6,1,Bachelor,Business,Single,1
31,100077,42289,12,326,3,12,0.62,1,0,High School,Business,Single,0
31,63646,38892,60,778,0,9,0.58,2,1,Bachelor,Home,Divorced,1
40,96623,76196,12,567,10,8,0.51,0,1,Bachelor,Personal,Single,0
38,131971,43409,12,365,29,4,0.33,6,1,High School,Home,Single,0
42,73687,39470,60,432,4,8,0.4,2,0,Master,Personal,Married,0
35,88312,23385,48,665,18,13,0.55,5,0,Bachelor,Business,Single,0
30,127615,28296,36,381,18,9,0.38,6,1,PhD,Personal,Single,0
22,47564,66716,36,627,3,3,0.49,2,1,Master,Personal,Single,0
34,48835,94152,60,397,1,6,0.52,1,0,High School,Personal,Single,1
25,81587,31382,48,626,6,8,0.36,8,0,Bachelor,Personal,Married,0
22,27697,81675,24,841,27,10,0.37,8,0,Bachelor,Home,Married,1
61,100165,27419,60,424,12,7,0.17,6,0,Master,Medical,Single,1
53,93922,98321,36,509,19,9,0.2,4,1,Master,Personal,Single,0
55,37046,86238,48,432,20,7,0.59,3,1,Bachelor,Personal,Single,0
49,77823,99753,12,802,11,1,0.55,3,0,High School,Education,Single,0
52,93580,44291,48,456,29,9,0.06,0,1,Bachelor,Business,Married,1
29,73370,17397,48,681,1,12,0.57,3,0,Master,Medical,Single,1
60,29615,62888,36,321,21,5,0.07,6,0,Bachelor,Business,Married,1
47,133338,40169,36,718,8,6,0.32,4,0,Master,Education,Married,0
55,25060,67182,24,771,15,2,0.09,8,0,Bachelor,Education,Single,0
24,96436,97476,24,533,7,2,0.63,3,1,High School,Education,Single,1
33,80519,47249,60,753,23,13,0.63,2,1,PhD,Personal,Divorced,0
22,140562,33341,12,461,17,4,0.42,5,1,Master,Business,Divorced,0
26,91117,80603,24,600,3,4,0.29,3,0,High School,Personal,Divorced,0
51,81158,51144,36,605,23,5,0.36,1,1,High School,Education,Married,0
51,54782,66772,48,301,10,7,0.51,4,0,Bachelor,Business,Divorced,1
38,105709,84360,60,570,16,13,0.18,3,1,Master,Medical,Married,0
44,98533,18444,24,720,7,11,0.32,4,0,Bachelor,Personal,Married,0
36,128939,50647,48,442,18,12,0.49,8,1,High School,Business,Married,0
58,78255,15974,48,834,7,1,0.29,3,0,Bachelor,Personal,Single,0
42,131952,43383,24,336,5,10,0.07,5,1,High School,Education,Married,1
35,92684,99826,12,406,22,4,0.35,3,1,Bachelor,Medical,Single,0
23,76918,86552,12,596,1,13,0.49,0,1,Bachelor,Medical,Single,1
32,146093,99049,60,396,14,9,0.64,1,1,Master,Home,Single,0
60,104284,7956,12,580,0,8,0.07,5,1,Bachelor,Home,Single,0
59,99558,13077,60,409,5,3,0.37,7,1,Bachelor,Medical,Married,0
55,105549,41490,36,848,27,6,0.32,8,1,Bachelor,Personal,Married,0
59,124223,60612,24,487,18,11,0.2,3,0,Bachelor,Personal,Single,0
55,101422,41159,48,787,3,9,0.43,5,0,High School,Business,Married,0
39,140363,44710,60,653,12,8,0.15,2,0,Bachelor,Home,Married,0
51,146352,88536,12,318,14,7,0.22,8,1,High School,Business,Married,0
36,45256,18806,60,692,8,7,0.52,7,1,Master,Personal,Single,0
48,50005,83345,60,560,2,1,0.33,0,0,Master,Home,Married,0
55,26638,85391,12,709,1,5,0.65,1,1,Bachelor,Business,Married,0
59,57419,99924,12,702,15,7,0.28,9,0,Master,Education,Divorced,0
54,53377,11458,24,783,17,14,0.33,8,1,Master,Medical,Single,0
45,126244,40524,48,603,17,13,0.23,9,0,Master,Medical,Single,1
36,63116,11853,24,317,5,2,0.19,2,1,High School,Medical,Single,1
51,56634,45477,24,483,17,6,0.6,2,1,Bachelor,Medical,Single,0
63,102291,37222,12,704,10,14,0.5,9,1,Bachelor,Education,Single,0
38,43382,23320,12,430,6,2,0.25,8,1,Bachelor,Business,Divorced,1
26,135303,99154,48,778,22,3,0.47,2,1,High School,Education,Married,0
50,76063,57243,60,307,22,1,0.63,9,1,Bachelor,Medical,Single,1
25,42394,50615,24,617,13,3,0.09,4,0,Bachelor,Business,Married,0
31,87789,22352,48,690,28,7,0.21,5,0,Master,Personal,Single,0
38,123246,77833,24,818,17,5,0.17,2,0,Master,Business,Single,0
31,130634,98476,60,435,6,4,0.57,9,1,High School,Education,Married,1
38,20864,8203,24,830,9,13,0.16,7,0,High School,Personal,Married,0
41,119572,44267,36,666,7,12,0.23,1,1,Bachelor,Medical,Married,0
45,60222,42941,48,788,23,8,0.38,5,0,Bachelor,Personal,Single,0
26,33666,87809,12,310,13,8,0.42,1,0,Bachelor,Personal,Single,0
55,143664,30368,24,745,17,1,0.53,8,0,Master,Personal,Divorced,0
27,40955,82186,48,413,4,9,0.29,5,1,Master,Education,Divorced,0
23,130674,35984,48,495,13,14,0.37,8,1,High School,Personal,Single,0
34,123533,46941,24,622,21,9,0.63,3,0,Bachelor,Business,Married,0
64,101845,77918,12,811,24,2,0.23,2,1,Master,Home,Single,0
64,136925,57683,12,464,21,2,0.2,1,0,Master,Medical,Single,0
32,89590,5801,24,551,25,8,0.48,7,1,High School,Medical,Married,0
44,147775,52965,48,343,21,12,0.51,3,0,High School,Education,Married,0
37,86471,90269,12,769,9,11,0.3,1,1,High School,Medical,Married,0
52,130476,14969,24,788,25,6,0.18,8,0,PhD,Medical,Married,0
32,108314,40969,24,480,14,3,0.52,7,1,Bachelor,Home,Married,0
37,142579,87269,24,376,5,12,0.45,4,1,Bachelor,Personal,Single,0
29,63298,37449,48,673,8,2,0.58,7,0,High School,Personal,Married,0
25,83108,96679,12,366,9,5,0.56,4,1,High School,Personal,Divorced,0
61,133864,30705,48,824,22,8,0.17,6,1,Bachelor,Home,Married,0
25,68924,65303,36,391,16,6,0.55,4,1,Bachelor,Education,Single,0
46,36709,33363,12,543,0,12,0.16,4,1,Bachelor,Business,Divorced,0
24,29726,35720,48,640,13,3,0.57,3,1,High School,Business,Single,0
53,80824,14972,12,603,3,12,0.51,4,1,Bachelor,Medical,Married,0
24,60542,38351,36,697,27,12,0.39,6,1,Master,Home,Single,1
48,40245,41145,60,747,1,9,0.44,2,1,High School,Education,Single,0
50,54753,92948,24,396,2,8,0.11,3,1,Master,Medical,Single,0
53,99788,94614,48,630,27,10,0.07,7,0,High School,Business,Married,0
40,41316,93116,36,504,6,6,0.25,5,1,High School,Business,Married,0
42,122907,61235,36,748,29,1,0.54,7,1,Bachelor,Medical,Married,0
26,104698,19855,12,717,22,2,0.33,1,0,PhD,Medical,Married,0
39,35960,41169,12,376,13,4,0.18,8,1,High School,Education,Married,1
49,50791,51404,24,848,11,2,0.55,6,1,Bachelor,Personal,Married,1
63,127766,24569,12,724,18,3,0.19,4,1,Bachelor,Personal,Divorced,0
43,45216,59437,48,728,28,14,0.54,6,1,High School,Personal,Single,0
42,52467,53506,48,784,17,8,0.32,1,0,High School,Education,Single,0
27,84427,30738,48,434,14,9,0.33,3,1,PhD,Business,Married,0
22,132470,11772,60,553,28,6,0.21,6,1,High School,Home,Single,0
26,82047,95410,48,554,28,4,0.59,1,0,Bachelor,Education,Divorced,0
62,93290,24731,12,798,0,11,0.1,7,0,PhD,Personal,Single,0
33,67014,15131,12,783,24,2,0.14,9,0,High School,Personal,Married,0
47,24078,71324,48,345,25,7,0.43,9,1,Bachelor,Medical,Single,0
55,98389,59097,36,742,2,10,0.56,4,0,High School,Business,Married,0
35,70519,86720,36,303,24,11,0.11,4,1,High School,Education,Single,1
47,24042,7889,36,300,14,7,0.49,7,0,High School,Education,Married,1
48,69052,14569,24,589,3,10,0.5,0,0,Bachelor,Personal,Divorced,0
30,34389,92193,60,408,14,9,0.4,5,1,Bachelor,Personal,Single,1
47,115961,80677,48,759,9,5,0.34,1,0,Bachelor,Business,Single,0
43,88111,90192,24,565,5,10,0.24,0,1,Master,Business,Married,0
51,125058,92154,36,437,12,4,0.26,6,0,High School,Education,Married,0
64,113715,82470,48,733,6,10,0.45,3,0,High School,Education,Single,0
38,70733,93822,24,343,25,6,0.09,0,1,High School,Home,Married,0
47,54754,12612,12,809,29,12,0.4,9,1,High School,Medical,Single,0
57,38624,56644,36,561,21,2,0.22,5,0,High School,Business,Single,0
22,105886,37069,24,451,0,2,0.33,9,1,Bachelor,Business,Married,1
29,46681,86741,12,512,21,12,0.39,5,0,Master,Education,Single,1
56,109524,32331,36,533,10,9,0.58,2,1,PhD,Personal,Married,0
36,101006,60897,60,660,13,7,0.4,5,0,High School,Home,Single,0
43,44704,18934,36,619,5,7,0.19,9,1,Master,Business,Married,0
35,124272,15095,60,521,4,13,0.1,8,0,Master,Home,Married,0
47,114913,96494,60,509,18,5,0.43,5,0,Bachelor,Home,Married,1
49,114108,23706,60,695,25,7,0.38,0,0,High School,Education,Single,0
44,143731,48516,48,788,18,9,0.45,9,0,PhD,Personal,Single,1
35,27493,39629,48,763,26,10,0.33,5,1,Bachelor,Education,Married,0
45,89639,51910,60,751,25,5,0.55,7,1,PhD,Education,Single,0
23,120380,93540,12,712,12,9,0.6,6,1,Bachelor,Medical,Single,0
47,74383,25431,60,775,6,1,0.07,7,0,Bachelor,Personal,Married,0
35,22994,61733,24,555,7,13,0.5,7,0,High School,Business,Single,1
28,89280,45088,60,449,13,12,0.07,8,0,PhD,Home,Married,1
24,67234,49135,48,426,18,3,0.32,2,1,High School,Home,Divorced,1
44,67291,43015,48,691,18,7,0.33,6,1,High School,Personal,Married,0
64,148674,36385,24,779,22,4,0.47,5,1,Bachelor,Medical,Divorced,0
39,112868,75199,24,696,25,2,0.26,1,1,Bachelor,Personal,Divorced,0
59,25594,43677,36,701,11,12,0.54,4,0,High School,Medical,Single,1
56,125835,17818,12,573,22,14,0.26,2,0,Bachelor,Personal,Single,1
36,27371,93222,12,438,26,3,0.26,4,0,Bachelor,Home,Married,0
46,67315,68001,12,402,8,7,0.18,8,0,Bachelor,Education,Married,0
58,103564,28977,48,541,13,8,0.46,7,1,High School,Business,Single,1
49,147251,54832,12,416,5,11,0.1,8,0,Bachelor,Personal,Single,0
31,121448,45931,36,513,14,9,0.27,8,1,High School,Personal,Married,1
60,99526,88990,36,783,12,6,0.21,7,1,High School,Education,Married,0
38,132387,83894,12,828,6,10,0.19,7,0,Bachelor,Medical,Single,0
60,36626,77204,24,523,10,9,0.09,5,1,High School,Medical,Married,1
43,106005,50784,36,569,9,4,0.16,5,1,High School,Medical,Divorced,0
47,126258,14921,24,433,0,12,0.32,5,0,Bachelor,Medical,Married,0
46,125573,39959,48,413,6,5,0.35,9,1,High School,Home,Single,1
38,27130,37328,36,740,17,1,0.21,5,0,High School,Medical,Single,0
34,26828,13859,24,664,22,14,0.44,8,1,Bachelor,Personal,Married,0
41,77514,94506,12,531,2,9,0.25,9,1,Bachelor,Medical,Divorced,0
46,127148,79408,48,757,8,9,0.27,0,1,Bachelor,Business,Married,0
25,132524,89766,60,674,28,9,0.52,9,1,Bachelor,Home,Married,0
31,124635,31708,60,506,4,3,0.38,5,1,Bachelor,Business,Single,0
24,72664,23847,12,819,22,13,0.62,7,0,Master,Personal,Married,0
62,131701,60989,48,767,23,10,0.27,0,1,High School,Personal,Married,0
39,37883,97641,48,742,12,10,0.55,5,1,High School,Education,Divorced,0
57,63059,9922,48,620,15,10,0.49,8,1,Bachelor,Personal,Married,0
43,104078,74928,48,392,15,8,0.58,5,1,Bachelor,Home,Married,0
55,62932,57335,60,707,11,3,0.62,1,0,Bachelor,Personal,Married,0
29,149900,18541,24,457,17,13,0.05,0,1,High School,Personal,Divorced,0
61,81269,24551,48,398,10,6,0.1,3,1,High School,Personal,Married,1
40,139850,24381,24,524,16,5,0.45,5,1,Master,Personal,Single,0
63,95986,60673,48,740,6,8,0.28,9,0,Bachelor,Business,Married,0
62,105959,27948,36,700,14,3,0.54,9,1,Bachelor,Business,Divorced,0
58,22035,97264,36,363,5,14,0.06,8,1,High School,Personal,Married,0
27,129767,64072,36,578,5,1,0.53,4,1,High School,Personal,Married,0
47,60745,72560,48,818,17,12,0.13,6,0,High School,Business,Married,0
55,37241,87249,24,547,18,9,0.22,5,1,Bachelor,Medical,Married,0
27,72975,7486,60,667,19,10,0.63,5,1,PhD,Business,Single,0
58,43154,71691,12,397,18,9,0.08,8,1,Master,Personal,Married,1
54,45625,15082,60,567,1,3,0.26,4,0,Bachelor,Business,Married,0
43,64950,89105,48,359,2,2,0.1,1,1,Master,Education,Divorced,0
42,118602,12086,36,799,13,4,0.56,7,1,Bachelor,Business,Divorced,0
27,76396,72853,36,607,21,14,0.47,2,1,Bachelor,Education,Married,0
27,119227,75027,24,792,24,8,0.53,8,1,High School,Home,Divorced,1
25,138920,20916,48,710,3,6,0.37,4,0,Bachelor,Personal,Single,0
51,33331,20248,60,439,21,10,0.26,0,0,High School,Personal,Married,0
32,83927,73047,48,627,16,1,0.05,3,0,Bachelor,Personal,Single,0
51,106226,29226,48,763,27,8,0.22,8,1,Master,Business,Single,0
52,104719,30025,36,462,5,5,0.36,0,0,High School,Personal,Divorced,0
45,83014,53380,60,359,27,13,0.45,7,1,High School,Business,Divorced,0
30,59346,12848,12,330,18,6,0.19,7,1,High School,Home,Married,0
24,90411,19274,36,632,8,5,0.13,8,1,Bachelor,Personal,Single,0
52,74478,59545,60,375,3,10,0.17,8,0,High School,Business,Married,0
61,32254,40233,24,616,6,5,0.26,5,0,Bachelor,Medical,Divorced,0
58,75734,21304,36,716,3,3,0.14,4,1,High School,Personal,Single,0
57,48621,16294,24,489,10,14,0.14,6,1,Bachelor,Personal,Single,0
45,136490,31425,36,788,21,4,0.08,8,0,High School,Education,Married,0
52,96441,73711,48,614,29,5,0.56,4,0,PhD,Personal,Divorced,0
27,66121,98311,60,595,22,11,0.18,2,1,Bachelor,Medical,Single,0
23,147386,14425,24,800,1,11,0.54,8,0,Bachelor,Personal,Married,1
41,101418,96549,36,476,9,2,0.31,9,1,Bachelor,Business,Married,0
49,80197,98464,24,514,5,6,0.43,0,0,Bachelor,Education,Single,0
32,104577,49990,36,631,7,2,0.1,0,0,High School,Personal,Married,0
25,114634,78746,36,427,14,4,0.4,9,0,Bachelor,Personal,Married,0
36,138034,73295,12,568,12,12,0.22,3,1,Bachelor,Personal,Single,0
27,62431,21091,12,834,28,1,0.11,1,1,Bachelor,Medical,Married,0
51,137637,5002,12,665,27,4,0.59,6,1,High School,Education,Married,0
59,119245,55411,24,647,21,14,0.41,1,1,High School,Personal,Single,0
23,120211,45958,48,441,1,7,0.2,6,0,High School,Education,Married,0
36,24837,25707,36,444,19,14,0.3,7,1,High School,Education,Single,1
32,131984,20248,60,544,0,8,0.26,7,0,Master,Home,Single,0
29,110025,76309,12,741,14,2,0.47,2,1,High School,Business,Single,0
47,103163,83322,24,589,6,3,0.41,8,1,Bachelor,Medical,Married,0
26,91232,56720,24,411,23,1,0.06,9,1,Bachelor,Business,Single,0
27,68994,20037,24,513,25,7,0.17,9,0,Master,Medical,Single,0
47,99079,72421,60,499,17,4,0.34,9,0,Bachelor,Personal,Single,0
25,32615,86867,60,704,9,11,0.32,5,0,High School,Personal,Married,0
40,21466,45612,12,720,14,10,0.36,3,1,High School,Medical,Married,0
41,50771,93031,60,306,4,8,0.48,7,1,Bachelor,Medical,Single,1
54,138645,18450,12,824,26,5,0.46,3,0,Bachelor,Business,Divorced,0
41,103886,14491,60,585,23,9,0.27,3,0,High School,Education,Married,0
33,85911,79804,60,688,10,6,0.58,7,0,High School,Business,Married,0
22,118566,98293,60,715,7,11,0.09,3,0,Master,Personal,Married,0
47,40746,11791,12,449,20,10,0.4,0,1,High School,Personal,Single,0
35,108422,33314,36,727,7,2,0.62,5,1,Bachelor,Personal,Divorced,0
59,129884,56883,12,592,29,1,0.38,7,1,PhD,Education,Single,0
58,80739,99119,36,633,5,1,0.32,2,1,Bachelor,Personal,Married,0
32,128440,92086,24,571,14,12,0.13,1,1,Bachelor,Personal,Married,0
57,118187,70629,24,342,14,12,0.54,5,0,High School,Home,Divorced,0
34,93369,14967,12,767,4,14,0.27,0,0,PhD,Personal,Single,0
64,21893,86754,36,618,12,14,0.47,4,1,High School,Education,Married,0
24,50573,48220,36,791,13,9,0.17,5,0,Bachelor,Medical,Married,0
54,116907,79163,36,826,10,1,0.08,7,1,Master,Personal,Single,0
27,60874,9947,24,471,19,3,0.23,6,1,High School,Personal,Single,1
31,97362,44419,12,620,20,12,0.22,5,0,Bachelor,Education,Single,0
26,119956,61131,48,343,11,2,0.57,1,0,PhD,Business,Single,1
44,107460,93714,36,831,19,12,0.57,7,1,Bachelor,Business,Single,0
31,147021,33876,36,753,0,4,0.37,7,1,Bachelor,Education,Married,0
23,138580,93444,48,382,2,1,0.06,4,0,Master,Home,Married,0
34,53367,24971,12,842,7,1,0.19,2,0,Bachelor,Personal,Divorced,0
61,41199,67539,36,621,22,4,0.43,7,1,Bachelor,Medical,Married,1
23,136600,54228,12,533,11,13,0.11,4,0,Bachelor,Personal,Single,0
41,111404,79495,36,839,14,13,0.47,2,1,High School,Business,Divorced,1
22,94328,33261,60,551,22,14,0.06,8,1,High School,Personal,Married,1
58,77724,66260,36,748,26,4,0.46,8,0,High School,Business,Married,0
30,106133,86371,60,538,2,7,0.56,6,0,High School,Medical,Single,0
38,56405,89793,12,789,24,8,0.33,7,1,High School,Personal,Divorced,1
30,118232,8346,36,763,21,13,0.55,4,0,Bachelor,Personal,Single,0
32,128659,61176,24,613,7,8,0.52,4,0,High School,Business,Single,0
36,35989,57300,24,474,23,8,0.45,4,0,Master,Personal,Married,1
45,48931,16340,48,479,18,14,0.32,1,0,Master,Medical,Married,0
59,29290,38012,24,684,19,14,0.21,2,0,Bachelor,Medical,Single,0
56,58367,40393,60,594,29,12,0.57,7,1,Bachelor,Medical,Married,0
51,141136,80133,24,514,5,14,0.44,5,0,High School,Education,Married,0
52,99878,30557,24,374,17,9,0.53,8,0,Bachelor,Business,Married,0
26,110477,69204,24,643,27,1,0.38,6,0,Bachelor,Personal,Single,0
35,99481,78273,36,441,27,9,0.15,5,1,Master,Education,Single,0
32,96298,22276,48,498,10,10,0.64,3,1,High School,Business,Married,0
30,146299,59639,12,470,11,8,0.16,6,1,Bachelor,Home,Divorced,1
55,50133,12310,48,705,22,1,0.6,3,0,Bachelor,Home,Single,0
33,132616,40167,60,527,1,7,0.17,6,1,Bachelor,Home,Married,0
56,125686,89880,36,710,26,9,0.27,4,0,High School,Business,Single,0
56,47052,15391,36,361,4,4,0.31,1,0,Bachelor,Business,Single,0
22,127286,55621,24,626,27,13,0.6,6,1,Bachelor,Medical,Divorced,0
61,105489,15892,24,432,3,13,0.58,7,1,Bachelor,Education,Single,1
43,60475,81733,60,488,8,9,0.54,9,1,Bachelor,Education,Married,0
50,102666,83586,36,655,12,1,0.28,1,1,High School,Personal,Single,0
29,116622,41142,12,370,12,9,0.05,5,0,High School,Medical,Single,1
32,77656,50679,48,562,14,6,0.46,3,1,High School,Education,Divorced,0
62,24633,46615,36,605,1,4,0.3,4,0,High School,Business,Married,0
58,37304,52553,12,523,22,12,0.5,0,1,High School,Medical,Married,0
35,127573,84071,12,627,12,12,0.53,5,1,High School,Business,Married,0
51,117820,46002,48,373,6,5,0.31,7,1,High School,Education,Single,1
56,66546,75658,12,810,22,7,0.5,1,0,Bachelor,Business,Married,0
42,27008,14852,60,441,16,10,0.55,0,1,Master,Education,Single,1
58,68291,10387,12,401,7,13,0.61,8,0,High School,Personal,Married,1
26,47405,44994,60,364,17,4,0.4,1,0,High School,Business,Married,0
40,137069,38725,12,492,14,8,0.52,7,0,Master,Education,Single,0
35,56386,77682,24,361,14,3,0.35,4,0,Bachelor,Business,Divorced,0
47,110909,5560,12,831,4,2,0.07,1,0,High School,Medical,Married,0
25,40827,61565,60,540,1,1,0.14,4,0,Bachelor,Business,Married,1
46,53040,6312,12,709,15,14,0.13,8,0,High School,Medical,Single,0
63,80354,23205,12,599,28,13,0.15,5,0,Bachelor,Business,Divorced,0
46,98543,16595,12,494,4,6,0.06,2,0,PhD,Education,Divorced,0
39,38157,92566,60,753,22,2,0.57,7,1,High School,Personal,Married,0
61,117693,26329,12,600,5,8,0.39,0,1,PhD,Personal,Married,0
29,55315,73187,48,755,28,11,0.28,8,1,High School,Medical,Single,0
60,55932,80542,48,501,11,10,0.3,8,0,Bachelor,Personal,Single,0
61,41164,40645,60,601,4,13,0.33,3,0,Bachelor,Home,Married,0
35,34414,92502,24,636,19,4,0.09,7,1,Master,Personal,Single,0
53,147597,98382,48,331,7,9,0.21,2,1,High School,Home,Divorced,0
59,34327,92310,36,397,10,4,0.56,5,0,Bachelor,Business,Single,1
54,133880,74619,48,490,13,4,0.5,9,1,Master,Education,Married,0
44,20946,38513,36,840,23,13,0.39,9,0,Bachelor,Personal,Single,1
36,34693,13749,60,347,16,12,0.34,7,1,High School,Business,Single,0
54,47241,35783,24,549,9,8,0.21,8,0,High School,Personal,Married,0
46,135194,65645,36,525,1,12,0.33,7,0,Bachelor,Business,Married,0
38,115790,87861,36,571,2,13,0.41,8,0,Master,Education,Married,0
54,35540,58175,48,784,12,8,0.48,3,0,Bachelor,Education,Single,1
23,92255,89216,36,627,16,5,0.15,9,1,Bachelor,Medical,Single,0
35,84757,67709,60,479,26,3,0.54,0,0,High School,Business,Divorced,0
61,61203,22323,60,322,2,12,0.26,6,0,Bachelor,Personal,Married,0
61,45081,55762,60,669,9,2,0.35,9,1,High School,Business,Married,0
60,81861,93220,48,544,27,9,0.41,3,1,Bachelor,Medical,Single,0
27,31350,69222,24,459,7,14,0.34,0,1,PhD,Personal,Married,1
27,75512,39493,48,672,3,9,0.39,2,0,Master,Education,Single,0
24,76809,63328,60,584,12,5,0.12,6,0,High School,Personal,Married,0
28,121894,17213,48,820,28,14,0.31,2,1,Bachelor,Personal,Single,0
29,117557,51930,60,749,6,13,0.22,0,1,High School,Education,Single,0
63,62832,32713,12,435,6,8,0.1,6,1,High School,Business,Married,0
36,48369,77723,12,395,15,7,0.16,7,0,High School,Business,Single,1
50,51728,37583,36,418,26,3,0.41,4,1,High School,Education,Married,0
54,37576,84944,24,673,4,12,0.17,5,1,Bachelor,Personal,Married,0
51,49001,27369,12,573,27,5,0.16,2,0,Bachelor,Personal,Divorced,1
60,147625,52928,60,476,16,13,0.38,4,0,PhD,Education,Single,0
48,103384,73950,48,576,9,9,0.59,2,0,High School,Business,Single,0
57,20390,24510,48,437,3,4,0.52,1,1,Bachelor,Personal,Married,0
50,107535,17120,36,431,22,3,0.59,6,0,High School,Education,Single,0
59,65436,10295,48,343,13,7,0.4,9,0,High School,Education,Single,0
54,31569,25460,12,422,4,8,0.3,6,1,PhD,Personal,Married,0
58,33029,19963,48,435,1,5,0.49,7,0,Bachelor,Education,Married,0
48,42490,82116,12,666,13,13,0.21,0,1,PhD,Business,Married,0
54,65875,92822,12,672,23,8,0.1,1,1,Bachelor,Personal,Divorced,0
25,143552,32328,24,425,17,5,0.26,1,0,High School,Education,Married,0
43,120864,89629,36,738,26,9,0.23,2,1,High School,Education,Single,0
23,25867,26605,60,350,23,7,0.46,6,1,Master,Home,Married,1
31,100820,49813,12,436,28,5,0.38,6,1,High School,Education,Married,0
26,119515,51371,36,457,10,13,0.13,6,0,PhD,Business,Married,0
31,29121,52598,60,355,15,9,0.6,0,1,Bachelor,Personal,Divorced,0
54,21539,65776,48,727,17,5,0.41,1,1,High School,Medical,Married,0
59,111024,77258,36,742,26,8,0.32,7,0,Bachelor,Medical,Married,0
34,37027,45969,36,625,15,12,0.61,8,0,High School,Personal,Single,1
52,147402,41912,36,379,20,4,0.11,9,1,High School,Personal,Divorced,0
57,94229,43374,48,773,3,9,0.52,6,1,Master,Education,Married,0
45,28921,77302,48,676,0,12,0.27,0,0,Bachelor,Education,Single,0
36,70435,67784,36,632,13,6,0.47,3,1,Bachelor,Personal,Single,0
50,142368,54882,24,474,11,6,0.61,9,0,High School,Education,Single,0
29,30310,20928,12,740,23,14,0.36,7,0,High School,Personal,Single,0
26,83965,26274,48,425,9,3,0.06,4,0,Bachelor,Personal,Married,0
50,142033,39416,24,518,27,13,0.07,0,1,Bachelor,Business,Single,1
25,131048,91148,48,577,18,3,0.25,6,0,Master,Business,Divorced,0
33,116444,65998,36,784,28,4,0.52,5,0,Bachelor,Medical,Married,0
23,89922,34047,24,440,3,1,0.22,8,0,Master,Business,Single,0
48,117799,48356,60,409,19,6,0.25,3,1,High School,Personal,Single,1
52,113948,42134,12,351,20,1,0.52,3,1,High School,Medical,Single,0
57,102839,72042,12,618,2,11,0.12,7,0,High School,Personal,Single,1
57,32242,56310,48,498,24,4,0.56,3,0,Master,Medical,Single,1
47,137027,85758,12,345,3,13,0.21,2,1,Master,Medical,Married,0
64,132561,17363,60,804,29,7,0.08,6,1,High School,Personal,Divorced,0
48,28947,90149,24,839,25,12,0.12,4,1,High School,Personal,Divorced,0
26,132250,49563,24,813,14,6,0.62,8,0,Bachelor,Medical,Married,1
41,91466,35628,36,316,10,8,0.32,4,1,Master,Education,Married,0
32,123706,74672,24,614,15,4,0.2,8,0,Master,Personal,Divorced,0
31,140351,51246,48,735,26,9,0.36,5,0,High School,Medical,Married,0
61,144749,16161,60,687,3,10,0.46,5,1,Bachelor,Business,Single,0
59,81816,94110,36,376,5,8,0.24,5,0,Master,Business,Married,0
27,68785,97438,48,670,7,14,0.49,6,0,High School,Education,Divorced,0
29,139963,7810,48,464,12,5,0.2,3,1,Bachelor,Education,Single,1
44,20507,64860,48,323,22,14,0.12,3,0,High School,Business,Single,0
47,86972,82199,12,334,19,6,0.38,8,0,High School,Personal,Single,0
64,47151,76688,48,813,3,5,0.14,6,1,PhD,Education,Single,0
33,31618,70548,12,760,4,6,0.61,9,0,Master,Education,Single,0
47,94286,67363,24,437,9,1,0.05,5,1,Bachelor,Medical,Single,0
34,36122,16162,12,564,4,4,0.5,0,1,High School,Business,Divorced,0
61,27354,92858,48,632,11,9,0.22,6,0,Bachelor,Education,Divorced,0
39,129598,78535,60,487,0,4,0.56,5,0,High School,Personal,Divorced,1
46,50979,12219,60,362,28,2,0.09,3,1,High School,Medical,Single,0
54,106436,75864,24,578,23,6,0.62,7,1,Bachelor,Business,Single,0
61,99376,8621,48,841,9,2,0.11,6,0,Bachelor,Education,Single,1
64,72774,94792,12,470,28,3,0.52,7,0,High School,Home,Divorced,1
33,122703,49433,60,802,4,7,0.36,8,0,Bachelor,Medical,Single,0
57,25037,81850,36,832,18,4,0.31,0,1,High School,Education,Married,0
25,48633,71188,48,598,18,1,0.22,2,0,Master,Education,Single,0
26,44495,59951,48,500,19,9,0.55,1,0,Master,Home,Single,0
58,84550,86718,36,434,11,6,0.17,2,0,Bachelor,Medical,Single,0
29,101384,41558,60,571,22,9,0.48,1,0,Bachelor,Education,Married,0
63,56483,20659,36,834,15,3,0.32,5,1,High School,Education,Single,0
49,133181,39413,24,741,4,5,0.65,8,1,Bachelor,Personal,Single,0
52,93373,15435,12,386,16,9,0.42,1,0,PhD,Business,Single,0
30,54069,58911,12,330,13,6,0.11,3,0,High School,Business,Married,0
50,27370,33067,60,420,11,2,0.3,4,1,Bachelor,Business,Married,1
35,139873,92794,36,368,12,1,0.09,4,0,High School,Education,Divorced,0
61,136843,98823,48,795,20,9,0.22,0,1,Bachelor,Personal,Married,0
62,91947,74224,48,445,13,1,0.26,5,1,Bachelor,Personal,Single,0
43,59133,78225,48,632,4,14,0.56,4,1,PhD,Business,Married,0
32,116035,6379,24,780,21,5,0.55,5,1,High School,Business,Married,1
44,115761,32624,24,562,29,1,0.06,3,0,Bachelor,Business,Married,0
22,133753,96500,48,592,22,5,0.37,5,1,PhD,Home,Divorced,0
58,20692,93427,60,728,4,5,0.18,8,0,Bachelor,Education,Married,0
42,48926,62745,24,385,28,7,0.24,0,0,Master,Business,Single,0
47,119782,56805,24,315,26,7,0.06,5,1,High School,Personal,Single,0
57,124700,17516,12,417,29,11,0.5,0,1,PhD,Education,Divorced,1
44,93984,84422,12,569,17,10,0.62,6,1,High School,Education,Single,0
22,63390,90843,60,694,13,1,0.18,3,0,PhD,Business,Married,0
61,69593,29843,24,461,17,9,0.26,5,1,High School,Personal,Divorced,0
36,95609,10912,24,403,28,1,0.17,6,1,Bachelor,Personal,Married,1
42,120950,26514,36,466,19,5,0.61,4,1,High School,Personal,Married,0
30,25209,92359,60,599,0,7,0.06,8,0,Bachelor,Business,Married,0
30,146700,62032,60,327,6,12,0.4,7,1,High School,Medical,Single,1
31,26533,33797,36,723,28,8,0.57,2,1,PhD,Medical,Married,0
47,106597,11449,36,455,16,2,0.16,0,1,High School,Business,Single,0
62,27211,6725,12,623,2,14,0.4,9,0,Bachelor,Medical,Single,0
56,29927,86406,60,647,9,1,0.08,7,1,High School,Home,Married,1
46,97463,14304,60,420,6,4,0.54,3,0,Master,Education,Married,0
47,137333,78058,36,827,26,12,0.21,6,0,Bachelor,Education,Married,0
32,44594,18663,48,463,27,4,0.64,3,0,PhD,Home,Divorced,1
59,94852,75320,48,361,11,10,0.6,6,0,Bachelor,Business,Single,0
23,97713,80008,12,639,21,12,0.49,0,0,High School,Personal,Married,0
28,96382,99488,48,611,14,6,0.35,0,1,High School,Home,Single,0
39,27933,80591,48,675,22,1,0.51,1,1,Bachelor,Business,Married,0
48,123780,17676,48,645,20,14,0.13,4,0,Bachelor,Medical,Divorced,1
55,132157,30192,24,449,15,1,0.24,9,0,Master,Medical,Single,0
48,60696,29722,12,476,7,3,0.07,5,0,High School,Business,Married,1
38,85449,12446,36,653,5,5,0.44,1,0,Bachelor,Business,Married,0
64,87616,9725,48,813,27,12,0.53,0,1,PhD,Business,Married,0
45,26089,90597,24,608,3,6,0.62,8,1,High School,Personal,Married,0
46,76548,93207,48,418,29,5,0.46,6,0,High School,Personal,Married,0
28,46123,62632,24,818,10,13,0.49,7,0,Bachelor,Business,Single,0
27,27797,71945,12,777,16,13,0.59,5,0,High School,Personal,Married,1
45,70013,78741,48,713,1,13,0.61,8,1,Bachelor,Business,Married,0
54,28346,21365,24,650,27,5,0.34,7,0,Bachelor,Personal,Married,0
50,105414,70792,60,805,5,9,0.12,3,1,PhD,Education,Single,0
64,53672,69857,60,494,3,2,0.33,4,1,Master,Medical,Single,1
43,37653,20704,24,486,2,12,0.38,1,0,Bachelor,Education,Single,1
47,69556,55575,48,749,6,12,0.43,0,1,High School,Business,Single,0
49,143723,34902,48,795,6,1,0.64,5,0,High School,Home,Single,1
42,128278,6195,12,814,15,6,0.6,2,1,Master,Personal,Married,0
28,46140,58517,12,572,1,9,0.29,3,0,Bachelor,Business,Divorced,0
38,21184,39012,36,351,7,7,0.12,0,0,Master,Personal,Married,1
41,143626,16415,12,562,14,8,0.18,5,0,Bachelor,Business,Married,0
62,54493,44534,48,667,26,5,0.15,7,0,High School,Personal,Single,0
41,64148,26686,36,432,15,10,0.26,9,0,High School,Personal,Married,0
43,44846,82198,12,524,0,4,0.58,3,0,High School,Personal,Divorced,1
49,131361,33743,24,609,26,6,0.31,9,1,Master,Business,Married,0
61,42195,37161,60,315,9,3,0.39,7,1,Bachelor,Business,Single,0
28,25606,66313,12,494,6,1,0.16,9,0,High School,Education,Married,0
22,23956,7402,12,742,15,11,0.35,2,1,Bachelor,Business,Single,0
53,36555,68190,24,602,9,4,0.57,6,0,Master,Personal,Single,1
34,110385,57551,48,347,11,9,0.51,2,1,Bachelor,Medical,Married,1
51,38690,18275,24,420,16,4,0.1,5,1,Bachelor,Business,Divorced,1
44,78502,33182,12,798,12,1,0.57,3,0,High School,Personal,Married,0
40,144586,19915,48,768,11,14,0.21,5,0,Master,Personal,Single,0
53,68849,5909,36,340,14,4,0.45,6,1,Bachelor,Medical,Married,0
51,46347,70908,12,755,13,7,0.14,7,1,Master,Education,Married,0
50,118725,27620,24,833,18,3,0.45,5,1,Master,Business,Single,1
50,123844,39112,36,670,18,10,0.07,3,1,Master,Business,Married,0
51,111321,79051,60,481,25,6,0.41,8,1,PhD,Business,Single,0
37,69056,7431,36,816,13,14,0.44,6,1,Bachelor,Education,Married,0
61,83851,91590,24,530,17,1,0.2,8,0,High School,Medical,Single,0
40,118234,67175,36,647,29,11,0.61,2,1,High School,Education,Divorced,0
39,101502,37624,24,778,25,4,0.08,4,0,High School,Personal,Single,0
22,116633,81121,12,508,28,3,0.59,0,1,High School,Personal,Single,0
35,101418,66264,48,577,4,14,0.28,7,0,High School,Personal,Single,0
23,90211,36958,60,352,19,1,0.48,0,0,Bachelor,Education,Married,0
49,61850,6695,48,309,28,3,0.44,0,0,High School,Personal,Married,0
51,98545,54932,48,763,5,4,0.15,6,0,Bachelor,Business,Single,0
59,47843,49225,48,457,17,5,0.24,7,1,Master,Education,Single,0
25,82320,6403,24,318,13,6,0.37,2,0,Bachelor,Business,Married,0
22,49793,88346,24,354,3,2,0.56,1,0,PhD,Education,Married,0
29,59516,79391,60,320,27,2,0.62,6,1,High School,Education,Married,0
50,124407,43636,24,581,22,6,0.06,9,1,Bachelor,Business,Married,1
60,149045,15839,24,839,0,5,0.26,4,1,High School,Medical,Married,0
24,37857,70546,24,716,12,1,0.45,0,0,Bachelor,Education,Single,0
53,39627,52829,24,584,10,3,0.37,1,1,Bachelor,Business,Married,0
31,81822,14230,12,831,2,11,0.62,2,0,High School,Medical,Married,0
31,104101,56977,60,831,16,5,0.06,5,0,High School,Education,Single,0
40,111561,45232,24,810,17,13,0.31,0,0,Bachelor,Medical,Married,0
55,72248,99792,60,695,24,12,0.45,7,1,Master,Education,Married,0
54,75798,30651,36,419,9,12,0.18,1,0,Bachelor,Business,Married,0
44,113368,44963,12,396,15,2,0.49,4,0,High School,Business,Married,0
49,64116,60872,24,419,20,1,0.1,7,0,Bachelor,Education,Single,0
53,95318,84198,12,836,12,9,0.32,4,1,High School,Personal,Single,0
28,124186,18739,12,452,19,5,0.46,7,1,PhD,Medical,Single,0
50,147119,68294,36,544,11,2,0.21,5,0,Master,Business,Divorced,0
29,107902,53356,60,815,3,10,0.09,6,0,High School,Education,Divorced,0
22,48557,6789,12,692,7,4,0.62,7,0,High School,Business,Single,0
24,91334,24420,48,442,11,3,0.6,2,0,Bachelor,Business,Single,1
45,95163,94297,36,803,18,7,0.61,4,1,High School,Education,Single,0
44,126719,42606,48,519,14,1,0.64,9,0,PhD,Education,Single,0
29,143099,43640,36,459,27,10,0.16,6,1,Master,Personal,Single,0
58,98002,49135,48,375,15,12,0.14,8,0,High School,Personal,Single,0
24,62614,42067,48,331,11,12,0.07,5,0,High School,Medical,Married,1
54,32720,63420,12,633,19,4,0.59,9,1,Master,Medical,Married,0
49,77608,22357,12,824,17,7,0.5,0,0,Bachelor,Personal,Single,0
29,127449,44851,36,739,21,11,0.43,7,0,Bachelor,Business,Married,1
55,122828,43262,60,651,11,10,0.61,5,1,High School,Personal,Married,0
56,146613,81853,12,638,15,13,0.4,0,0,High School,Home,Single,0
53,92095,63643,12,699,24,5,0.13,3,1,Bachelor,Personal,Married,0
45,125924,26534,24,695,27,4,0.16,5,1,Bachelor,Personal,Single,0
35,104694,96270,12,501,19,4,0.13,9,0,High School,Personal,Single,0
53,116452,37872,60,829,10,11,0.23,0,1,High School,Education,Single,0
64,107593,12689,24,392,21,12,0.28,9,1,Bachelor,Medical,Divorced,0
37,55892,74103,48,657,19,14,0.53,4,0,Bachelor,Business,Married,0
25,126975,91268,48,695,13,2,0.16,2,0,High School,Personal,Married,0
58,97242,91310,24,359,1,8,0.49,6,0,Bachelor,Education,Married,0
42,136041,93731,24,776,12,12,0.34,7,1,High School,Personal,Single,0
35,146202,42412,24,300,13,4,0.65,2,0,High School,Personal,Divorced,1
52,97606,52734,36,610,5,2,0.52,9,1,Bachelor,Medical,Married,1
39,143769,92793,60,467,11,9,0.63,2,0,Bachelor,Medical,Married,0
28,138542,74930,60,491,6,14,0.26,2,0,High School,Home,Married,0
31,126438,27228,48,333,3,14,0.12,5,0,High School,Business,Married,0
28,20924,82924,48,333,27,13,0.35,5,1,High School,Personal,Divorced,0
54,71322,16319,48,716,26,12,0.12,2,1,Master,Medical,Married,0
44,46478,11475,12,457,6,10,0.35,5,1,High School,Personal,Single,1
42,91042,88694,48,799,12,13,0.21,8,0,High School,Personal,Single,0
40,66418,19728,24,665,10,7,0.34,7,0,High School,Personal,Single,0
40,82217,34545,48,639,7,3,0.62,6,0,Bachelor,Home,Single,0
57,120699,86686,24,634,26,7,0.22,6,0,Master,Education,Single,0
50,110140,66756,36,626,18,1,0.65,7,0,High School,Personal,Single,0
39,100846,73775,12,413,1,12,0.19,6,0,Bachelor,Personal,Single,0
23,93762,43699,12,717,20,1,0.17,2,0,High School,Medical,Married,0
22,31781,41821,60,767,17,4,0.38,7,1,Bachelor,Medical,Married,0
26,25515,35615,36,442,25,4,0.56,7,0,High School,Education,Single,1
41,137358,18746,24,608,20,4,0.5,0,0,High School,Personal,Single,0
32,56133,91457,36,700,9,9,0.48,9,1,Bachelor,Business,Single,1
63,102508,27745,12,619,28,6,0.22,4,0,Master,Education,Divorced,0
23,117628,6245,24,511,5,3,0.06,4,0,Bachelor,Home,Married,0
24,96946,29853,36,616,23,6,0.15,0,1,Bachelor,Personal,Divorced,0
44,105058,32632,12,484,21,2,0.26,5,0,High School,Business,Divorced,0
33,29095,17856,24,504,3,2,0.63,5,1,High School,Personal,Divorced,0
41,108583,61893,24,663,18,7,0.6,3,0,Bachelor,Business,Single,0
26,40470,75641,12,515,13,14,0.17,5,1,Master,Personal,Married,1
58,63129,73049,24,545,13,3,0.49,5,0,PhD,Medical,Divorced,0
59,28531,63182,12,538,17,7,0.4,0,1,Bachelor,Personal,Single,0
51,57038,7801,48,690,28,3,0.08,4,0,Bachelor,Business,Married,1
30,107939,84431,48,819,16,12,0.27,1,1,Bachelor,Business,Single,0
55,62674,44749,24,576,17,12,0.34,6,0,High School,Medical,Single,0
56,147572,78757,24,501,17,2,0.45,8,0,Bachelor,Medical,Divorced,1
43,114658,60654,12,513,4,4,0.23,8,0,High School,Personal,Married,1
45,102476,76574,24,777,8,4,0.61,8,1,High School,Personal,Married,0
38,49831,60381,60,807,0,3,0.32,6,1,High School,Education,Married,0
31,77174,63601,48,374,3,9,0.2,6,0,Bachelor,Business,Married,0
51,31279,20082,24,441,25,6,0.24,0,0,Bachelor,Personal,Married,0
44,58220,19648,24,621,6,5,0.5,5,1,Master,Medical,Divorced,0
53,80610,5364,36,760,10,13,0.43,4,1,Master,Personal,Divorced,0
38,72719,39568,24,445,13,12,0.5,7,1,PhD,Home,Married,1
38,144936,84646,60,353,9,12,0.23,7,1,High School,Personal,Married,1
35,73051,76494,48,655,18,6,0.25,3,1,Bachelor,Personal,Single,0
30,92013,79632,36,576,7,13,0.29,0,1,Bachelor,Business,Single,1
61,76652,12436,12,699,2,11,0.16,5,0,Master,Business,Single,1
23,85524,91713,12,815,7,8,0.46,9,0,High School,Personal,Single,1
46,102936,31754,48,798,28,5,0.25,0,0,High School,Education,Single,0
60,26470,65194,12,610,17,13,0.25,4,1,High School,Business,Single,0
30,87598,29544,60,570,4,13,0.21,4,1,PhD,Personal,Single,1
43,61798,65180,24,748,19,4,0.32,2,0,Master,Medical,Married,0
64,144517,68295,48,411,10,7,0.51,4,0,Bachelor,Home,Single,0
25,73473,17638,36,538,8,12,0.55,5,1,Master,Education,Married,0
47,39880,70715,24,443,18,14,0.53,4,0,High School,Medical,Single,0
50,120117,74409,12,673,11,5,0.42,0,0,High School,Personal,Married,0
55,64439,88106,12,319,26,4,0.22,6,1,Bachelor,Personal,Divorced,0
44,140944,22157,36,588,4,14,0.49,2,0,High School,Business,Single,0
58,34308,50565,60,496,15,5,0.07,6,0,High School,Home,Divorced,1
32,111563,74996,36,681,25,11,0.53,4,1,Master,Business,Married,0
27,116256,70888,48,791,24,4,0.52,2,1,Bachelor,Personal,Single,0
39,55081,61095,36,463,12,8,0.45,5,1,PhD,Business,Single,0
42,95242,69947,12,548,5,8,0.11,0,1,High School,Personal,Divorced,0
63,70383,92122,60,367,15,1,0.65,5,0,Bachelor,Personal,Married,1
57,29837,75880,60,320,17,14,0.5,3,0,High School,Business,Single,0
62,124135,9507,36,811,16,12,0.49,3,1,Master,Business,Divorced,0
59,72151,48988,48,689,11,3,0.09,4,1,High School,Personal,Married,0
55,138128,21865,12,835,26,11,0.29,8,1,Bachelor,Personal,Married,0
38,56824,32213,24,410,0,4,0.1,0,0,High School,Education,Divorced,0
58,53073,60954,60,759,6,2,0.27,2,0,Master,Education,Married,0
46,132651,62450,36,377,13,14,0.39,3,0,High School,Business,Single,0
59,117624,9477,48,733,27,13,0.58,1,1,High School,Education,Married,0
33,113648,67222,48,679,17,5,0.22,8,1,Bachelor,Personal,Married,0
44,46299,11533,12,739,22,11,0.42,6,0,Bachelor,Personal,Single,0
63,119993,54395,60,638,0,8,0.15,0,0,High School,Medical,Single,0
43,78861,28396,12,723,19,12,0.26,8,1,High School,Business,Single,0
42,50063,17755,24,468,9,2,0.62,5,1,Master,Business,Single,0
48,89453,5865,24,561,14,14,0.5,1,1,High School,Home,Single,0
52,141768,16173,24,528,28,9,0.38,0,1,High School,Business,Married,1
27,143299,63905,48,460,10,13,0.2,5,1,High School,Personal,Married,0
48,88472,43097,60,726,3,7,0.28,6,1,PhD,Home,Single,1
61,122166,38371,12,421,14,6,0.14,9,1,High School,Personal,Married,0
55,34506,16254,12,448,20,8,0.26,5,1,Master,Education,Married,0
33,114341,9018,24,410,29,14,0.14,6,0,Master,Business,Single,0
28,99854,10192,60,520,15,2,0.53,5,0,Bachelor,Business,Single,1
31,133604,7015,60,363,29,14,0.1,7,0,High School,Business,Single,0
38,46026,73916,36,653,25,5,0.16,1,1,Bachelor,Business,Married,0
47,47672,33343,60,773,14,4,0.46,8,0,Bachelor,Medical,Single,0
42,58417,74306,60,784,16,8,0.59,8,0,Master,Home,Single,0
49,72413,10829,12,312,22,13,0.63,8,0,Master,Personal,Single,0
23,144044,39381,60,452,10,1,0.55,6,1,High School,Medical,Divorced,1
64,85066,86081,60,538,17,12,0.18,8,1,Bachelor,Personal,Married,1
22,79213,23263,12,489,27,3,0.22,0,1,High School,Personal,Married,0
57,70971,58260,60,385,15,10,0.57,2,0,Bachelor,Home,Divorced,1
47,47281,48306,12,320,26,8,0.58,1,0,Bachelor,Business,Single,0
50,133978,96211,36,618,14,5,0.43,0,1,High School,Personal,Married,0
42,48091,63418,48,457,28,4,0.24,4,0,High School,Education,Single,0
32,70494,95898,12,780,10,6,0.18,0,0,High School,Personal,Single,0
61,123864,5148,12,375,12,12,0.56,2,1,Bachelor,Business,Married,1
32,133755,6754,60,628,17,5,0.17,5,1,Master,Education,Married,0
57,38610,31745,12,715,7,3,0.45,5,1,Bachelor,Medical,Single,0
60,21079,77914,24,502,8,13,0.63,2,1,Bachelor,Personal,Single,1
61,115386,60833,24,528,21,11,0.47,3,1,High School,Personal,Single,0
56,66751,25140,36,451,10,14,0.2,6,1,High School,Personal,Married,1
55,106126,79907,12,371,16,5,0.22,5,1,High School,Personal,Single,0
45,75432,65653,60,524,0,4,0.11,1,1,High School,Home,Married,0
43,50951,97535,60,772,29,1,0.46,8,1,Bachelor,Home,Divorced,1
26,100863,66521,48,659,10,1,0.36,5,1,Master,Education,Single,1
54,98291,83315,36,839,6,14,0.17,1,1,Bachelor,Education,Divorced,0
57,145659,36075,60,345,7,7,0.19,6,1,Bachelor,Medical,Single,1
41,79872,35697,48,300,18,4,0.06,9,0,High School,Personal,Married,0
40,27235,59544,60,544,24,1,0.64,9,1,High School,Personal,Married,0
56,102733,14795,48,518,3,6,0.55,3,0,High School,Business,Married,1
64,82712,69555,24,590,3,11,0.29,0,0,Bachelor,Medical,Single,0
38,41473,57204,24,757,18,12,0.62,9,0,Bachelor,Business,Divorced,0
64,87567,74754,60,503,23,11,0.46,8,1,High School,Business,Single,0
55,126818,69860,36,501,8,12,0.5,9,1,Bachelor,Personal,Married,0
30,145849,56529,12,781,16,11,0.46,7,1,Bachelor,Education,Single,0
47,127399,16672,36,810,17,11,0.5,4,1,High School,Medical,Married,0
23,144421,59238,36,577,0,1,0.15,2,0,Bachelor,Business,Married,1
30,99823,40950,12,315,13,8,0.39,3,0,Master,Education,Married,0
30,124215,16009,24,824,3,12,0.56,2,1,High School,Business,Single,0
61,129999,52096,24,655,9,13,0.06,9,1,Bachelor,Medical,Married,0
38,52230,24544,12,655,22,9,0.12,7,1,High School,Business,Single,0
22,104573,60728,48,377,13,11,0.2,4,1,Master,Business,Single,1
46,112588,34381,36,366,6,3,0.23,7,0,Master,Business,Married,0
64,88876,30287,60,513,11,7,0.16,0,1,Bachelor,Personal,Married,0
61,60644,69610,24,748,21,13,0.42,8,0,High School,Medical,Single,0
63,68664,73122,60,732,28,5,0.23,9,1,Bachelor,Home,Married,0
46,65203,73184,12,844,26,3,0.14,2,1,High School,Business,Married,0
60,86677,45081,60,414,15,5,0.59,0,1,High School,Personal,Single,1
56,45425,88637,60,719,4,10,0.47,2,1,Bachelor,Education,Married,0
24,143246,50312,36,798,10,7,0.2,1,1,High School,Business,Divorced,0
58,104817,92228,12,679,3,7,0.27,6,1,High School,Personal,Married,0
51,127585,77943,60,442,27,9,0.49,9,0,Bachelor,Personal,Married,1
59,105961,87790,24,323,12,8,0.52,3,0,Bachelor,Medical,Single,0
55,120342,85770,12,838,29,4,0.16,6,1,High School,Medical,Married,0
33,145740,57726,24,374,7,5,0.61,2,0,Bachelor,Medical,Married,1
40,117649,27211,48,834,6,5,0.52,5,1,PhD,Business,Married,0
58,89806,34480,60,340,10,10,0.56,6,0,High School,Medical,Divorced,0
38,62814,52780,12,712,10,12,0.14,6,1,Bachelor,Education,Single,0
31,90219,62138,24,714,25,2,0.14,4,0,Bachelor,Business,Single,0
33,69646,95382,60,748,16,12,0.23,5,1,Bachelor,Medical,Single,0
37,59884,47503,36,735,21,7,0.09,2,0,High School,Home,Married,0
45,115345,62893,24,538,13,7,0.1,3,0,High School,Medical,Married,0
40,146062,51193,24,341,1,9,0.14,5,1,Master,Medical,Married,1
29,120088,66358,48,309,19,13,0.48,2,1,PhD,Education,Single,0
52,138198,85857,36,564,20,9,0.07,6,1,Master,Education,Married,0
42,89322,83182,48,744,7,4,0.1,2,1,PhD,Medical,Single,0
38,41650,27117,36,438,21,5,0.62,8,1,Bachelor,Business,Single,1
44,114242,64056,24,495,26,7,0.1,3,0,Master,Personal,Single,0
58,29190,63706,48,373,1,10,0.37,1,1,Bachelor,Medical,Married,0
37,58196,75429,60,524,20,7,0.44,5,1,Master,Home,Married,1
27,59449,14476,36,401,14,11,0.63,8,0,High School,Business,Single,0
29,59661,87806,24,563,4,10,0.59,9,0,Master,Medical,Married,0
46,49709,60006,12,460,5,11,0.31,9,0,High School,Personal,Divorced,0
39,130965,92238,36,532,16,8,0.62,1,1,High School,Home,Single,0
46,100428,74918,36,790,7,8,0.31,3,1,Bachelor,Education,Married,0
33,95179,68155,60,610,18,2,0.45,4,0,High School,Education,Married,0
36,29943,72321,36,526,4,12,0.21,8,0,High School,Medical,Divorced,1
47,63240,50798,36,572,22,9,0.43,6,1,PhD,Medical,Married,0
62,65760,82271,60,616,18,11,0.37,4,0,Bachelor,Medical,Married,1
47,41042,35177,60,385,13,4,0.41,5,1,Master,Home,Married,0
53,141770,87215,48,590,9,1,0.46,8,0,PhD,Personal,Single,1
31,63894,48013,24,768,12,1,0.15,3,0,Bachelor,Personal,Married,0
37,26869,87600,24,703,21,5,0.23,1,1,High School,Medical,Married,0
28,81078,58450,48,726,4,7,0.49,4,0,High School,Home,Married,0
38,76759,52928,24,674,6,5,0.15,6,0,Bachelor,Business,Single,0
44,125973,97403,36,551,9,13,0.26,3,1,Bachelor,Personal,Single,1
47,64306,50382,48,832,10,3,0.45,0,1,Bachelor,Business,Single,0
42,128369,90038,48,606,2,11,0.61,7,0,Bachelor,Business,Married,1
43,75371,5760,24,729,12,7,0.1,4,1,High School,Medical,Divorced,0
28,40918,29142,12,563,29,1,0.36,9,1,Bachelor,Personal,Single,1
35,48379,22290,24,367,1,11,0.1,1,1,High School,Personal,Single,0
36,140667,76035,12,406,3,1,0.28,2,0,Master,Medical,Divorced,0
28,128475,5364,48,699,2,12,0.16,9,0,High School,Personal,Married,0
30,110810,61921,12,498,14,2,0.44,9,0,Bachelor,Medical,Divorced,1
29,103232,24797,36,491,3,1,0.5,4,0,High School,Business,Single,0
44,22962,37535,60,813,22,9,0.2,3,0,Master,Education,Married,1
50,33851,51300,12,741,20,4,0.48,8,0,High School,Personal,Married,1
39,137626,52176,60,300,3,7,0.32,8,0,High School,Personal,Single,0
52,65747,21105,36,657,29,5,0.22,7,1,Bachelor,Business,Single,0
51,145180,12939,60,414,14,14,0.36,1,1,Master,Medical,Single,0
60,72349,84472,36,496,5,7,0.28,4,0,Master,Education,Single,0
56,90832,47029,60,573,22,13,0.19,7,0,High School,Personal,Divorced,0
39,76356,20863,60,459,27,13,0.5,7,1,Bachelor,Medical,Single,0
63,34745,83097,24,472,29,7,0.53,6,0,High School,Personal,Married,1
60,25730,15447,12,844,26,1,0.53,3,0,High School,Home,Married,0
38,33921,51940,60,757,4,1,0.28,2,0,Bachelor,Personal,Single,0
35,118430,82947,48,732,11,11,0.15,7,1,High School,Business,Married,0
52,91138,90001,24,780,6,3,0.55,7,1,Master,Personal,Single,0
45,103111,24642,12,754,2,10,0.25,9,1,PhD,Education,Single,0
56,39023,72643,24,495,6,2,0.5,4,0,High School,Business,Divorced,0
55,65349,12928,12,608,11,14,0.54,2,1,High School,Business,Single,0
24,146796,53002,36,793,14,7,0.51,4,1,Bachelor,Personal,Single,1
58,101533,89853,60,738,18,3,0.28,3,0,Bachelor,Medical,Married,0
64,103286,30017,48,658,29,7,0.61,7,0,Master,Medical,Married,0
61,61979,84064,24,335,5,9,0.45,1,0,Master,Education,Married,0
47,42837,18313,24,333,7,12,0.4,7,0,Bachelor,Education,Divorced,1
44,34997,6559,24,387,28,11,0.47,9,1,High School,Education,Single,0
60,124975,55893,24,315,5,1,0.08,5,1,Master,Personal,Married,1
36,108603,20167,60,720,25,3,0.28,3,0,High School,Home,Divorced,0
25,65039,85879,12,425,26,13,0.58,2,0,PhD,Personal,Single,0
50,147394,43598,60,307,2,11,0.15,9,0,High School,Education,Married,0
43,40923,12523,36,771,27,6,0.3,4,0,Bachelor,Education,Single,0
46,28876,54777,60,767,4,13,0.29,5,0,High School,Education,Single,0
34,80973,33439,60,809,8,9,0.26,0,1,Bachelor,Medical,Married,0
39,22887,86060,36,701,23,5,0.39,0,0,Bachelor,Personal,Married,0
54,83723,18285,60,475,15,3,0.65,9,1,Bachelor,Education,Divorced,0
37,62422,15973,12,666,21,8,0.2,2,0,Master,Education,Married,0
63,122390,27694,48,787,15,13,0.47,1,1,Bachelor,Personal,Divorced,0
23,71413,40774,36,317,8,14,0.5,0,0,High School,Business,Single,0
56,122484,9302,24,355,17,12,0.4,7,0,Master,Medical,Single,0
63,22841,27391,12,334,12,5,0.11,0,1,Master,Business,Divorced,1
55,144647,9611,48,646,10,6,0.39,9,1,High School,Business,Divorced,0
51,48756,14372,12,331,24,13,0.62,7,1,Master,Business,Single,1
34,91576,29312,12,432,9,2,0.26,4,1,PhD,Education,Married,1
34,138248,19080,24,498,28,4,0.43,3,1,Bachelor,Medical,Single,0
39,30304,85618,48,555,9,1,0.63,7,1,High School,Personal,Married,1
53,50341,25874,12,641,5,14,0.53,7,1,Bachelor,Business,Divorced,0
53,24758,67537,24,530,15,13,0.46,7,1,High School,Business,Married,0
56,37010,78914,36,600,24,4,0.63,2,0,Bachelor,Personal,Single,0
60,147039,6597,24,846,11,1,0.15,7,0,Bachelor,Home,Single,0
50,80758,16600,60,325,3,4,0.51,0,0,Master,Personal,Single,1
50,51658,8747,24,834,4,14,0.29,3,1,Bachelor,Personal,Married,0
37,69002,84415,24,773,1,2,0.27,4,1,High School,Education,Married,0
31,123318,83553,24,686,18,6,0.36,5,0,Bachelor,Personal,Divorced,0
51,21375,29815,12,584,0,6,0.07,4,1,High School,Education,Married,0
46,119485,89500,48,749,3,8,0.24,4,0,High School,Medical,Single,0
60,42092,99348,24,619,11,9,0.15,4,1,Bachelor,Personal,Married,0
41,20490,29714,24,455,1,8,0.13,8,1,High School,Personal,Married,0
26,23729,23890,60,770,11,1,0.25,9,1,PhD,Personal,Single,0
22,25974,66509,60,719,15,13,0.53,9,1,Bachelor,Personal,Single,0
51,138222,66824,36,412,1,3,0.17,2,0,Master,Personal,Divorced,0
24,105216,9725,36,721,16,6,0.37,1,0,High School,Medical,Married,0
35,103860,48205,60,584,25,1,0.5,9,0,Bachelor,Medical,Married,0
51,147288,25684,48,353,27,8,0.19,1,1,Bachelor,Personal,Married,0
25,116870,96861,36,624,1,14,0.6,7,0,Bachelor,Medical,Single,0
39,41398,62911,48,757,3,6,0.57,4,0,PhD,Personal,Married,0
58,54650,18092,60,564,5,1,0.2,4,0,Bachelor,Education,Married,0
46,41292,44770,36,681,28,10,0.64,5,0,Bachelor,Personal,Single,0
22,121291,30457,24,512,27,2,0.45,8,0,High School,Personal,Single,0
36,123889,76667,60,632,22,6,0.22,6,0,High School,Medical,Married,0
30,23159,95751,36,309,6,10,0.46,4,1,Master,Business,Single,1
36,118162,67894,48,657,22,14,0.45,4,1,Master,Education,Married,0
45,82766,66305,48,502,14,8,0.41,9,1,Bachelor,Business,Single,0
25,114887,17612,36,357,19,5,0.48,8,1,Master,Personal,Married,0
33,122834,83627,48,793,11,1,0.21,8,0,Bachelor,Education,Married,0
58,37065,42089,36,809,4,14,0.64,1,0,Bachelor,Medical,Single,0
58,41638,57137,36,522,13,10,0.56,6,1,Bachelor,Personal,Single,0
64,21073,5559,48,668,15,2,0.5,9,0,Bachelor,Business,Single,0
27,66511,71249,12,717,10,4,0.07,0,0,High School,Education,Single,0
60,104307,42361,24,846,11,4,0.4,3,0,Bachelor,Education,Married,0
45,145274,85720,60,402,18,7,0.47,1,1,PhD,Education,Single,1
32,120997,20261,24,460,16,2,0.56,9,0,High School,Education,Married,1
34,127866,25372,60,499,29,7,0.62,8,1,High School,Home,Married,0
55,49320,60355,60,459,23,7,0.6,5,1,High School,Business,Single,0
46,89876,62920,24,435,25,7,0.29,3,0,High School,Education,Married,0
28,54924,37544,36,697,26,13,0.59,2,1,Bachelor,Education,Married,0
25,101720,5037,48,691,6,3,0.05,3,1,High School,Education,Single,0
29,60734,48032,12,405,29,6,0.26,1,1,Bachelor,Business,Married,0
41,88116,83233,12,353,8,12,0.12,4,1,Bachelor,Education,Single,0
50,60025,46420,12,576,13,6,0.58,8,1,Master,Education,Single,1
31,114503,96552,24,410,25,4,0.61,5,0,PhD,Education,Single,0
64,22159,39600,24,523,19,1,0.2,1,0,Bachelor,Personal,Single,0
55,68940,53285,36,374,11,9,0.27,5,1,High School,Business,Married,0
47,99436,67008,12,805,14,2,0.64,8,1,High School,Medical,Married,1
62,96976,94520,36,313,11,9,0.39,3,1,Master,Medical,Single,1
24,34678,10167,12,781,20,8,0.35,0,1,Bachelor,Medical,Married,1
27,81075,5432,24,488,20,1,0.35,1,1,High School,Education,Married,0
26,67204,74687,48,663,28,11,0.47,4,1,High School,Personal,Single,0
26,32021,76947,48,538,22,7,0.62,9,1,Master,Business,Married,0
44,26772,55903,48,700,12,13,0.27,6,0,Bachelor,Personal,Single,0
30,87163,97159,48,603,8,10,0.15,7,1,Bachelor,Medical,Divorced,0
56,129968,59149,60,390,23,3,0.16,2,0,High School,Personal,Single,0
41,93755,92640,12,691,6,10,0.06,8,0,Bachelor,Medical,Married,0
63,43464,61768,48,483,29,13,0.38,1,1,Master,Medical,Divorced,1
56,71137,65184,60,316,0,10,0.61,3,0,Master,Medical,Married,0
39,50232,70792,60,311,27,14,0.48,3,1,Bachelor,Medical,Single,0
38,81497,38439,60,465,9,14,0.65,5,0,Bachelor,Education,Married,0
45,128017,38257,36,445,28,14,0.6,9,0,Bachelor,Education,Single,1
24,94024,49674,36,581,5,9,0.35,5,1,Bachelor,Business,Married,0
53,120485,56248,60,848,25,5,0.34,2,0,High School,Personal,Married,0
56,129898,88602,48,468,14,11,0.43,8,0,Master,Personal,Married,1
59,71448,50371,12,469,14,3,0.12,4,0,Bachelor,Personal,Single,0
34,125468,72996,24,645,8,8,0.41,1,0,Bachelor,Home,Married,0
46,104517,42297,36,798,12,12,0.33,5,1,PhD,Personal,Single,0
30,20901,59273,48,759,22,3,0.44,2,0,PhD,Education,Single,0
25,107980,66256,48,596,0,7,0.39,7,1,Bachelor,Personal,Married,0
35,127594,39743,24,441,8,14,0.24,2,1,High School,Home,Married,0
58,103597,73752,24,352,2,7,0.41,4,1,Bachelor,Business,Married,0
55,22881,84803,48,417,29,7,0.27,3,1,PhD,Business,Single,1
32,49863,80117,24,664,8,14,0.17,3,0,High School,Business,Divorced,1
62,131362,75051,48,435,19,12,0.46,1,0,PhD,Medical,Married,1
24,25622,27076,24,713,24,1,0.23,7,0,High School,Personal,Single,0
49,142740,80312,24,376,28,11,0.58,2,0,Bachelor,Medical,Divorced,0
50,21378,92483,48,317,14,5,0.17,3,1,Bachelor,Education,Divorced,0
30,103168,7963,60,702,23,12,0.41,5,1,High School,Personal,Single,0
24,113847,77322,48,504,6,11,0.39,8,0,PhD,Personal,Married,0
46,91186,18866,12,798,3,1,0.17,3,1,Bachelor,Medical,Married,0
55,65201,37305,24,623,24,7,0.31,2,1,High School,Personal,Single,0
33,140767,67403,36,580,19,13,0.46,4,1,Bachelor,Medical,Single,0
63,127760,87896,24,465,16,13,0.24,8,1,Bachelor,Personal,Married,0
30,79251,37813,12,542,21,8,0.12,0,1,High School,Education,Single,0
36,92572,71729,36,778,3,7,0.42,4,1,Master,Education,Married,0
61,59255,65686,36,463,25,1,0.18,3,1,High School,Education,Single,0
46,83212,9512,48,623,18,3,0.46,4,1,High School,Business,Divorced,1
26,70210,27666,60,507,27,10,0.55,6,1,High School,Medical,Married,0
32,145629,21630,48,614,4,3,0.12,6,0,High School,Medical,Married,0
55,136736,79519,36,603,15,7,0.31,6,0,High School,Business,Single,0
45,42499,5636,36,538,2,4,0.32,0,1,PhD,Education,Married,0
36,122552,8775,60,523,10,12,0.43,8,0,High School,Education,Married,0
59,71628,72957,24,387,24,3,0.25,6,1,High School,Home,Married,1
29,81360,69591,60,836,27,6,0.3,3,1,High School,Medical,Single,0
26,24603,83561,48,728,21,12,0.06,3,0,Bachelor,Personal,Married,0
47,113309,79816,24,519,14,10,0.12,1,0,Bachelor,Personal,Single,0
39,147466,16351,48,574,18,6,0.39,5,1,Master,Home,Married,0
27,105473,60184,60,365,20,10,0.18,9,1,High School,Personal,Married,0
58,32632,74180,24,722,23,5,0.14,2,0,Bachelor,Home,Married,0
34,50607,86678,60,554,13,12,0.24,0,1,Bachelor,Education,Single,1
49,111873,78309,12,424,15,6,0.15,4,0,Bachelor,Personal,Single,1
26,85756,99002,36,445,23,3,0.09,5,1,Bachelor,Business,Married,1
34,66994,15778,24,684,5,14,0.22,4,1,Master,Business,Single,1
38,83382,17501,36,746,4,13,0.15,4,0,High School,Medical,Single,0
61,90354,7108,12,686,20,10,0.53,9,1,High School,Business,Single,1
53,76344,99905,24,682,16,5,0.09,7,0,High School,Business,Married,0
50,73775,41382,36,576,15,9,0.5,9,1,Bachelor,Home,Single,0
24,27349,96354,36,681,1,4,0.28,0,0,High School,Personal,Divorced,0
61,91154,80787,24,423,27,11,0.46,7,1,Bachelor,Education,Married,0
55,47464,28341,36,566,10,2,0.08,6,0,Master,Business,Married,0
61,62624,82214,36,410,3,5,0.6,0,0,Bachelor,Personal,Single,1
48,141897,19367,24,680,5,3,0.51,8,0,Bachelor,Personal,Divorced,0
34,146866,74868,36,457,26,12,0.13,3,0,Master,Business,Single,0
54,57344,17002,36,847,6,3,0.18,6,0,Bachelor,Personal,Single,0
27,145857,90820,48,417,16,4,0.44,2,0,Bachelor,Business,Single,0
45,103791,64949,48,627,7,12,0.6,7,1,Bachelor,Education,Single,0
40,44299,20700,12,367,27,4,0.32,3,0,Bachelor,Education,Married,0
37,67975,84305,48,733,0,5,0.34,1,1,High School,Business,Married,0
61,21462,67543,48,658,24,7,0.19,1,1,Bachelor,Business,Single,0
49,140209,34318,12,742,14,4,0.28,7,0,High School,Personal,Married,0
54,101441,94859,36,463,19,11,0.22,7,1,PhD,Personal,Married,1
62,110456,32610,36,660,11,7,0.26,0,1,High School,Business,Divorced,0
34,101788,77499,48,418,14,9,0.06,5,0,High School,Home,Single,0
64,126540,78374,12,494,22,3,0.07,8,0,Bachelor,Personal,Single,0
46,60581,70226,36,540,26,5,0.46,8,0,Master,Business,Single,1
63,120372,50167,60,808,29,4,0.46,1,0,Bachelor,Education,Single,0
57,91289,82779,24,441,21,9,0.25,7,1,Master,Education,Married,1
48,125541,32939,24,330,14,5,0.58,7,0,Bachelor,Home,Married,0
59,34175,66365,24,522,28,10,0.21,3,0,Bachelor,Personal,Single,1
28,141704,72381,48,565,8,2,0.29,3,0,Master,Personal,Married,1
26,26191,51710,24,581,15,10,0.49,4,1,High School,Business,Single,0
64,103434,21766,24,680,29,1,0.5,9,1,Master,Personal,Single,0
52,104518,17780,60,361,1,7,0.57,6,0,Master,Business,Single,0
44,100158,53458,36,820,14,11,0.07,0,0,PhD,Medical,Married,0
63,86537,61221,60,370,14,1,0.16,8,0,Master,Education,Married,0
31,135721,6509,48,835,26,8,0.43,2,1,Master,Personal,Married,0
53,67645,94493,24,439,6,9,0.25,3,1,High School,Personal,Divorced,0
64,128536,39346,36,615,26,7,0.08,6,1,High School,Home,Married,0
51,43283,87799,24,639,20,9,0.4,4,1,High School,Business,Single,0
60,143153,51874,24,827,12,10,0.29,4,0,High School,Home,Single,0
52,106971,31148,48,840,22,6,0.27,0,1,Bachelor,Education,Divorced,0
39,112759,36533,24,715,16,7,0.21,1,0,High School,Home,Married,0
57,79123,83467,12,766,10,3,0.05,4,0,High School,Medical,Married,0
23,122780,6359,36,674,26,14,0.16,1,0,Master,Business,Married,0
35,50024,95068,36,590,9,14,0.33,0,0,Master,Medical,Single,0
34,69630,65313,12,342,24,9,0.22,9,1,Master,Business,Married,0
50,50734,25344,48,352,0,3,0.57,2,0,Master,Personal,Single,0
33,20515,74778,24,531,13,6,0.14,0,1,Bachelor,Personal,Single,0
60,130782,25601,24,511,4,4,0.58,9,1,Master,Business,Single,0
23,86727,24116,36,307,29,9,0.29,7,1,Bachelor,Personal,Married,1
53,117800,61985,48,782,7,1,0.22,7,0,PhD,Personal,Married,0
34,129164,35782,48,341,0,9,0.23,7,0,High School,Business,Married,0
48,66216,54819,48,632,6,12,0.25,6,0,Master,Home,Married,0
62,91833,89416,24,532,1,4,0.35,6,0,Bachelor,Education,Married,0
38,78755,74035,48,369,6,10,0.26,1,0,Bachelor,Business,Single,0
61,47856,49458,12,315,6,5,0.44,8,1,Bachelor,Personal,Married,0
52,134959,96556,60,368,8,11,0.31,6,0,Master,Personal,Married,0
55,93870,13080,48,352,21,13,0.45,4,1,Master,Education,Married,0
45,44162,93743,60,678,3,1,0.41,3,1,High School,Medical,Married,0
56,26008,38957,24,762,22,14,0.2,7,1,High School,Business,Married,0
27,27987,18908,48,826,6,1,0.54,4,1,High School,Education,Single,0
40,82532,95570,36,362,19,6,0.53,5,0,High School,Education,Married,0
51,116502,96324,24,560,17,10,0.64,3,0,High School,Personal,Single,0
28,23332,83287,12,799,12,13,0.16,1,0,Bachelor,Business,Married,0
31,86323,52482,12,420,10,1,0.56,6,1,Bachelor,Education,Married,0
62,58990,43314,60,539,8,13,0.57,1,1,Master,Education,Single,0
53,29873,79921,60,764,13,2,0.44,6,1,Bachelor,Personal,Married,0
55,102542,88768,36,406,7,13,0.35,6,1,Bachelor,Personal,Divorced,0
49,105761,20831,36,479,20,14,0.62,0,1,High School,Education,Single,0
36,56444,25125,12,315,13,3,0.63,9,1,Master,Personal,Divorced,0
51,55340,67451,48,654,20,7,0.44,9,0,Master,Medical,Divorced,0
58,125219,50708,12,608,16,2,0.27,2,1,High School,Personal,Married,0
50,25033,22682,12,480,26,5,0.54,2,0,High School,Personal,Married,0
43,93324,87824,36,473,24,9,0.1,5,0,High School,Personal,Married,0
25,35689,40794,60,653,26,12,0.22,2,0,Master,Home,Married,0
41,129756,64372,36,653,13,12,0.64,8,1,Bachelor,Medical,Divorced,0
53,107134,44477,36,518,25,10,0.54,4,0,Bachelor,Medical,Single,0
57,123016,58863,36,614,26,8,0.61,5,0,High School,Business,Single,0
25,115239,94941,12,733,23,12,0.41,5,1,High School,Medical,Single,0
48,20066,43737,48,581,4,8,0.29,7,0,High School,Medical,Married,0
38,134159,7620,12,558,9,11,0.64,9,0,High School,Business,Single,1
33,65246,40057,24,304,5,2,0.24,2,1,High School,Home,Single,0
43,27533,45138,36,693,27,1,0.5,8,1,High School,Medical,Married,0
38,100639,84390,36,635,9,9,0.38,6,1,Bachelor,Home,Married,1
31,90152,58024,24,362,10,10,0.19,5,0,Bachelor,Medical,Married,0
22,131581,14677,36,343,25,12,0.06,0,0,Bachelor,Medical,Single,0
43,135828,49111,36,452,23,4,0.28,3,1,Bachelor,Home,Single,0
47,79658,29074,36,455,5,9,0.38,4,0,Bachelor,Business,Single,0
39,58498,22824,24,777,9,11,0.16,1,1,Bachelor,Medical,Married,0
35,129028,5765,12,574,13,14,0.3,0,1,High School,Personal,Married,0
50,31772,50439,36,657,19,12,0.42,1,1,Master,Education,Married,0
33,109385,53926,48,725,2,11,0.48,7,0,Master,Medical,Single,0
57,69036,41860,24,831,6,7,0.08,9,0,High School,Education,Divorced,0
56,78531,17975,60,782,28,12,0.45,5,0,High School,Medical,Single,0
33,139159,79877,24,513,1,6,0.08,9,1,Master,Business,Single,1
28,32940,98677,12,378,6,10,0.07,1,1,Master,Business,Married,0
50,138027,82870,24,438,16,13,0.14,8,0,High School,Personal,Single,1
32,36932,86371,60,397,12,9,0.44,7,0,High School,Personal,Married,0
54,115305,31548,48,497,25,10,0.08,3,0,Master,Education,Single,0
27,76827,95575,60,455,20,4,0.06,9,1,High School,Education,Single,0
36,81431,43736,24,349,8,14,0.12,6,1,Master,Personal,Married,1
53,44648,66562,60,778,12,1,0.62,2,0,High School,Personal,Single,0
32,132947,45409,24,527,14,5,0.59,5,0,Master,Business,Single,0
44,52966,89101,48,756,12,13,0.1,2,0,High School,Education,Married,1
47,47777,14834,48,821,16,6,0.23,9,0,High School,Education,Single,0
55,144661,5840,12,448,7,6,0.62,2,1,PhD,Personal,Married,1
55,52567,84409,48,357,8,12,0.11,8,0,High School,Medical,Married,0
50,135259,36568,36,461,8,1,0.11,5,0,High School,Personal,Married,0
25,37174,15846,60,776,7,7,0.1,7,1,Master,Education,Single,0
38,62598,10899,60,406,15,8,0.64,3,1,High School,Personal,Married,0
56,144711,91038,24,726,19,12,0.5,3,0,High School,Home,Married,0
34,79199,71101,48,694,29,5,0.18,7,1,High School,Personal,Single,1
62,33798,43773,12,485,29,2,0.08,6,0,Bachelor,Education,Single,0
60,85364,79723,12,745,6,2,0.63,4,0,Bachelor,Business,Married,0
36,37558,77762,12,747,16,11,0.31,1,0,Master,Personal,Married,0
50,81084,9311,36,386,6,5,0.41,5,1,Bachelor,Personal,Married,0
50,64237,61888,48,548,5,7,0.22,0,0,Bachelor,Business,Single,0
32,85497,46616,12,739,4,7,0.51,6,0,Bachelor,Medical,Married,0
53,20178,57134,36,556,16,13,0.17,8,1,Master,Personal,Single,1
23,136932,96225,60,576,7,4,0.52,4,1,Bachelor,Education,Divorced,0
35,106006,11083,24,737,25,11,0.19,4,1,Master,Education,Single,0
41,37118,17598,48,815,0,14,0.11,6,0,PhD,Personal,Divorced,0
43,42616,87476,48,501,15,3,0.34,4,0,High School,Personal,Single,0
32,20798,97416,60,479,16,9,0.54,9,0,Bachelor,Home,Married,1
48,27601,7580,48,624,29,12,0.28,3,0,Bachelor,Business,Married,0
24,45363,62395,48,774,2,14,0.07,0,0,High School,Personal,Single,0
38,22795,47321,48,699,12,14,0.38,5,1,High School,Education,Single,0
49,117462,14386,48,516,7,7,0.46,8,1,Master,Personal,Divorced,0
50,65264,58171,36,752,15,2,0.49,3,0,Bachelor,Business,Single,0
42,122892,24522,36,703,23,1,0.29,9,0,Bachelor,Personal,Married,0
37,92833,70532,24,539,29,11,0.11,3,0,Bachelor,Home,Single,1
58,149688,96760,48,485,6,2,0.4,4,0,Master,Business,Married,0
41,23084,19635,60,347,20,13,0.25,5,0,High School,Home,Single,0
27,115865,5671,12,685,14,12,0.62,2,0,Bachelor,Business,Married,1
40,96646,38545,24,507,23,3,0.35,8,0,Bachelor,Business,Single,0
26,20731,59079,12,456,1,5,0.33,0,0,Master,Home,Married,1
24,21129,31855,12,524,23,14,0.24,5,1,Bachelor,Business,Single,0
22,48022,40790,48,443,27,3,0.25,5,1,PhD,Business,Married,1
59,21605,56012,60,718,26,10,0.36,7,0,Bachelor,Personal,Single,0
36,97506,19260,12,410,1,9,0.23,4,0,PhD,Home,Single,0
55,129241,70139,12,764,9,10,0.59,8,0,Master,Personal,Married,0
56,64130,6074,24,431,4,4,0.31,8,1,Bachelor,Medical,Single,1
46,49265,47676,60,633,26,7,0.23,1,1,Bachelor,Business,Divorced,0
45,52330,14475,60,374,28,4,0.14,4,0,Bachelor,Personal,Married,0
33,88469,83414,12,711,3,3,0.45,6,0,Master,Personal,Married,0
39,35187,20120,60,818,14,10,0.07,1,0,Bachelor,Home,Single,0
36,45791,28147,24,335,12,1,0.32,6,0,Bachelor,Education,Married,1
37,110436,6986,24,522,16,14,0.38,8,0,Bachelor,Education,Single,0
48,90610,37430,24,829,20,12,0.25,7,1,Bachelor,Business,Married,0
29,132341,60479,48,540,22,9,0.5,9,0,High School,Personal,Single,1
46,111962,87966,12,433,0,13,0.46,8,0,High School,Education,Single,0
38,59867,7176,60,690,17,11,0.63,3,1,High School,Education,Single,0
50,136178,89258,24,401,27,1,0.36,7,0,High School,Education,Divorced,1
29,20893,89153,12,797,14,11,0.37,8,1,Bachelor,Business,Married,0
36,119694,66918,12,810,13,13,0.2,9,1,Master,Home,Single,1
48,39773,32115,48,836,8,1,0.28,1,1,Bachelor,Personal,Divorced,0
28,24239,82442,60,844,11,1,0.07,9,0,High School,Personal,Single,1
24,40863,45002,60,642,4,14,0.46,2,1,Bachelor,Home,Married,0
50,71415,62124,24,305,29,5,0.24,0,1,PhD,Education,Married,1
45,88968,11610,24,493,28,7,0.37,0,1,High School,Business,Married,0
24,120675,54752,12,436,22,7,0.2,9,0,PhD,Medical,Single,1
41,80430,83947,60,772,1,10,0.42,5,1,High School,Business,Married,0
36,139000,79716,60,515,22,1,0.32,0,1,High School,Personal,Married,0
46,21515,52993,24,648,22,6,0.34,4,0,Bachelor,Education,Single,1
51,117206,15073,36,482,6,9,0.62,5,0,Bachelor,Personal,Single,0
35,134210,42251,12,467,20,6,0.47,8,1,Master,Personal,Married,0
28,124630,76437,60,337,8,4,0.21,5,1,Master,Personal,Married,0
38,34605,43897,48,770,17,10,0.35,3,1,High School,Business,Married,0
41,76240,55906,48,751,3,9,0.33,0,0,Bachelor,Personal,Single,0
57,25586,56616,36,789,1,13,0.53,5,0,Bachelor,Medical,Single,0
30,121221,9482,24,441,23,3,0.55,6,0,Master,Education,Married,0
59,140419,95964,24,402,27,13,0.22,4,0,Bachelor,Personal,Married,1
43,142374,77936,24,341,26,10,0.54,5,0,High School,Education,Married,0
23,134205,44574,48,446,0,4,0.16,9,1,Bachelor,Medical,Married,1
45,51186,48284,24,365,24,4,0.51,7,1,PhD,Education,Married,1
29,46928,77932,48,492,11,4,0.2,0,0,High School,Personal,Single,0
32,118264,12338,36,597,12,6,0.23,7,1,High School,Personal,Single,0
34,103087,47718,12,337,13,13,0.56,1,0,High School,Medical,Married,1
38,142990,17500,60,801,4,11,0.3,1,1,Master,Personal,Single,0
29,107029,16545,36,727,26,11,0.64,7,1,High School,Personal,Divorced,0
42,40711,66480,48,651,27,7,0.14,1,0,High School,Education,Divorced,0
39,74962,10241,36,625,2,14,0.33,7,0,Bachelor,Personal,Married,0
51,40039,94314,60,337,27,9,0.49,4,1,High School,Home,Single,1
39,56561,27821,12,396,26,14,0.05,8,1,High School,Medical,Married,0
52,95483,9695,60,407,3,11,0.14,8,1,Bachelor,Education,Married,0
59,117871,82066,48,450,16,3,0.06,7,1,Bachelor,Medical,Married,0
53,101395,19318,60,373,18,8,0.65,8,0,High School,Business,Single,0
32,108658,55934,36,356,10,8,0.51,6,1,High School,Medical,Married,0
46,21577,27331,24,634,7,1,0.27,7,0,Bachelor,Education,Married,0
54,127792,57672,36,551,11,5,0.14,5,1,Master,Personal,Single,0
59,48350,96891,48,553,17,13,0.1,8,0,Bachelor,Home,Single,0
62,136908,81860,12,684,17,10,0.37,1,0,Bachelor,Medical,Married,0
29,127468,98685,60,755,8,5,0.64,2,0,High School,Home,Single,0
32,53798,73754,12,558,4,12,0.45,1,1,High School,Education,Single,0
43,117434,90677,48,764,20,8,0.27,5,1,Master,Business,Single,0
45,101417,7837,60,333,16,8,0.35,2,0,High School,Personal,Divorced,0
62,30785,45077,36,794,12,12,0.65,0,1,Bachelor,Personal,Single,0
38,92227,84915,36,625,5,2,0.36,3,0,Master,Personal,Single,0
33,138680,9239,48,537,23,3,0.63,4,0,Bachelor,Personal,Single,0
53,81957,91348,60,840,21,2,0.06,3,0,Master,Education,Married,0
36,85431,34669,36,765,13,1,0.48,5,0,Bachelor,Education,Married,0
37,37297,53624,48,603,14,2,0.43,2,0,High School,Business,Married,0
43,91894,80147,48,416,22,10,0.46,9,1,PhD,Business,Married,1
49,136869,9150,12,506,13,6,0.39,5,0,Master,Business,Married,0
41,83772,16109,36,780,3,12,0.08,9,1,High School,Education,Married,0
54,39581,31016,60,702,17,1,0.14,0,1,Master,Home,Married,0
31,75192,16936,36,532,0,6,0.6,5,1,Bachelor,Education,Single,1
61,21462,16036,36,583,11,1,0.19,7,0,Bachelor,Personal,Married,0
53,148848,44236,36,779,21,2,0.65,9,1,High School,Business,Single,0
54,84173,19021,48,308,8,8,0.46,7,1,Bachelor,Medical,Divorced,0
23,35511,41943,24,678,9,14,0.32,0,1,High School,Business,Married,0
54,96106,86007,24,680,20,6,0.6,6,1,Bachelor,Home,Married,0
54,68665,55016,12,659,27,9,0.53,9,0,High School,Personal,Married,0
62,64414,28244,36,475,17,1,0.31,9,1,Bachelor,Personal,Married,0
34,101010,68027,24,784,16,5,0.09,3,1,Bachelor,Personal,Married,0
51,92573,43985,12,704,18,7,0.57,5,0,Master,Medical,Married,0
54,113665,6502,48,332,3,9,0.51,5,1,High School,Business,Single,0
34,127803,58836,36,764,15,14,0.52,4,1,Master,Personal,Single,0
47,139682,8770,60,456,6,11,0.5,9,1,Bachelor,Personal,Single,0
43,33386,47865,48,501,8,9,0.22,8,1,Master,Business,Single,0
60,144069,58811,12,474,7,4,0.57,9,1,Bachelor,Home,Divorced,0
23,74460,9001,48,543,24,13,0.05,7,0,Master,Business,Married,1
59,26221,65848,60,568,6,4,0.19,5,1,Bachelor,Personal,Single,0
60,43474,57635,48,745,9,4,0.08,3,1,Bachelor,Business,Single,0
47,126073,25946,12,373,7,3,0.12,3,0,High School,Business,Married,0
36,135375,71134,60,395,23,8,0.37,8,1,PhD,Education,Married,0
55,132660,96103,60,472,16,5,0.07,3,1,Master,Business,Married,0
63,41045,97044,48,705,11,7,0.16,6,1,Bachelor,Education,Married,0
61,111319,48744,60,454,13,10,0.19,5,0,High School,Home,Divorced,0
32,136582,44159,48,482,11,6,0.44,1,1,Master,Personal,Single,0
24,125693,28671,36,622,24,14,0.33,4,1,PhD,Medical,Single,1
27,24922,21450,60,588,1,9,0.33,2,1,High School,Home,Divorced,1
30,131943,19908,48,557,11,14,0.51,8,1,Master,Business,Single,0
27,42706,62275,36,473,26,3,0.32,9,1,High School,Personal,Single,0
30,62771,49358,60,629,13,6,0.26,0,0,PhD,Medical,Single,0
60,72335,54047,36,530,6,3,0.63,9,1,Bachelor,Education,Married,0
52,118015,40518,60,460,28,2,0.05,3,0,High School,Personal,Single,0
53,72949,62813,12,485,25,3,0.23,3,1,High School,Business,Divorced,1
62,90714,11806,12,442,25,2,0.42,8,1,Bachelor,Education,Divorced,0
33,115558,45891,48,581,12,2,0.52,0,1,Bachelor,Personal,Married,0
29,35240,88551,24,326,20,10,0.54,1,0,Master,Education,Single,1
29,111756,44220,12,545,3,11,0.08,0,0,Master,Education,Divorced,0
49,122272,22158,24,786,0,7,0.48,0,1,Bachelor,Medical,Married,0
41,22716,85992,36,501,16,10,0.48,0,1,Master,Education,Single,1
28,36574,32588,36,320,2,3,0.18,2,0,Bachelor,Education,Single,1
32,131815,67576,24,393,29,8,0.12,3,0,Master,Education,Married,0
41,103255,93027,48,307,16,13,0.5,9,0,Master,Personal,Married,0
37,93717,29188,60,771,7,2,0.2,1,1,Master,Medical,Single,0
25,131299,97615,24,638,2,11,0.05,0,0,High School,Education,Married,0
27,64066,63830,24,558,26,11,0.18,4,0,Bachelor,Medical,Divorced,0
43,135066,9019,24,354,9,7,0.07,5,0,Bachelor,Medical,Single,0
47,81826,17419,24,847,1,3,0.2,1,0,Bachelor,Education,Single,0
24,40213,38697,24,305,21,9,0.25,2,1,Bachelor,Personal,Divorced,0
62,91916,89932,48,676,3,7,0.21,9,0,Master,Home,Single,0
63,86151,12973,12,349,28,9,0.6,2,0,High School,Business,Divorced,0
35,148518,91649,60,411,28,2,0.19,1,1,Bachelor,Home,Married,0
32,137018,16136,12,445,13,6,0.33,3,0,High School,Business,Single,0
39,149024,89739,24,529,10,5,0.62,4,1,High School,Personal,Single,0
33,70906,67502,12,796,13,14,0.58,7,0,Bachelor,Medical,Single,0
44,20463,36285,48,605,12,2,0.24,5,1,High School,Medical,Single,0
33,51973,28039,36,841,26,4,0.25,8,0,High School,Medical,Married,0
34,94694,71720,12,760,28,4,0.41,2,1,Bachelor,Personal,Married,0
46,40651,93263,60,525,3,8,0.6,9,1,High School,Medical,Married,0
40,88694,64155,48,358,1,13,0.06,8,1,High School,Education,Married,0
57,40008,21911,36,375,1,7,0.29,3,1,Master,Business,Married,0
29,131738,5916,48,727,10,13,0.56,7,1,Master,Home,Divorced,1
50,90474,64052,24,431,21,5,0.3,9,1,High School,Education,Married,0
53,58185,74110,36,797,4,9,0.48,6,0,High School,Personal,Divorced,0
39,107924,22790,60,604,8,1,0.47,6,1,PhD,Business,Single,0
27,94417,88161,36,366,19,4,0.17,8,1,High School,Education,Married,0
39,145502,10206,60,529,20,5,0.32,9,1,Bachelor,Medical,Married,0
40,91139,90053,24,632,16,8,0.39,1,1,Bachelor,Personal,Divorced,0
43,54980,54950,60,576,11,3,0.48,4,0,Master,Medical,Married,0
58,42504,61361,48,443,27,14,0.54,2,1,PhD,Medical,Single,0
53,74970,66451,12,550,17,12,0.51,6,0,Bachelor,Personal,Single,0
62,36766,42696,48,379,2,5,0.07,2,1,Bachelor,Personal,Single,0
24,136944,86641,48,356,4,3,0.45,4,0,Bachelor,Education,Single,0
49,113922,73226,36,665,27,13,0.35,4,0,PhD,Medical,Married,0
31,31695,51728,24,607,20,7,0.39,1,0,Master,Education,Divorced,0
56,37796,60401,12,473,19,10,0.27,0,1,Bachelor,Medical,Single,0
50,62543,71226,60,761,13,3,0.48,5,0,Master,Education,Single,1
36,34559,30103,36,792,15,7,0.45,0,1,High School,Education,Divorced,0
54,124450,39263,24,673,25,14,0.4,8,1,Bachelor,Personal,Single,1
28,53139,81621,12,648,18,2,0.57,9,1,High School,Personal,Divorced,0
33,140494,55044,48,366,8,7,0.11,4,0,High School,Education,Single,0
51,123869,62730,24,629,16,9,0.23,0,0,Bachelor,Medical,Married,0
42,28802,30825,24,493,21,12,0.35,7,1,Master,Business,Single,1
52,93843,81256,24,454,6,5,0.63,0,0,Bachelor,Education,Divorced,0
45,60205,42271,48,459,9,12,0.09,3,1,Bachelor,Education,Divorced,1
41,118750,82256,60,565,3,6,0.25,6,0,High School,Personal,Married,0
58,54159,51732,36,467,9,13,0.61,3,1,Bachelor,Education,Single,0
25,31516,71433,60,444,2,10,0.59,4,1,Bachelor,Business,Divorced,1
49,70492,87630,12,485,23,11,0.57,6,0,Bachelor,Education,Divorced,1
41,49086,28572,36,722,8,3,0.24,3,0,High School,Education,Married,0
45,133758,43546,12,756,12,13,0.56,4,1,Bachelor,Medical,Married,0
53,50480,20150,48,644,0,10,0.35,6,0,Bachelor,Business,Divorced,0
62,72091,59165,60,815,14,5,0.42,0,0,Bachelor,Business,Married,0
57,148023,68690,24,403,14,13,0.19,2,0,High School,Business,Single,0
55,130195,58664,36,546,10,5,0.47,0,0,Bachelor,Medical,Divorced,1
57,67766,87335,24,322,27,3,0.25,2,0,Bachelor,Business,Married,0
23,58737,80199,12,824,9,8,0.26,1,1,Bachelor,Personal,Divorced,0
36,29265,41948,24,443,24,6,0.43,4,0,Bachelor,Home,Married,1
55,134165,42030,24,492,6,13,0.19,9,0,Master,Business,Single,0
57,139501,32007,48,764,0,3,0.18,4,0,Bachelor,Personal,Married,0
27,138257,96207,48,674,6,1,0.27,9,0,High School,Education,Married,0
60,90990,95921,60,565,4,10,0.52,8,1,Master,Education,Single,0
63,121454,81772,12,677,25,1,0.18,7,0,Bachelor,Business,Married,0
33,111717,27024,48,849,28,13,0.52,2,1,High School,Education,Single,0
24,35386,44384,48,373,28,11,0.47,0,0,Bachelor,Personal,Married,0
39,124718,87912,60,737,22,10,0.46,4,1,High School,Business,Divorced,0
61,57425,23157,36,525,15,12,0.33,2,0,High School,Personal,Married,1
42,141635,90481,60,607,27,2,0.5,4,0,Master,Business,Married,0
36,63254,93553,24,647,24,10,0.06,8,0,Master,Education,Single,0
54,109863,6756,24,775,7,5,0.23,0,0,Master,Business,Married,0
56,138350,73112,48,614,21,7,0.46,0,1,High School,Education,Married,0
47,73634,96003,48,824,1,1,0.64,8,0,Master,Business,Married,0
29,106717,63051,60,724,7,1,0.05,2,1,Bachelor,Business,Divorced,0
57,67662,69595,60,823,27,4,0.36,9,1,Master,Personal,Married,0
51,106988,83210,12,548,13,13,0.6,4,0,Bachelor,Personal,Divorced,1
44,123784,48094,24,481,3,10,0.57,8,1,Bachelor,Personal,Married,0
63,126337,92889,60,405,23,6,0.06,4,1,High School,Education,Single,1
35,119287,9535,36,490,14,9,0.37,2,0,Bachelor,Medical,Married,1
35,107527,61035,12,436,6,1,0.05,8,0,Bachelor,Education,Divorced,0
23,126847,52367,60,419,19,11,0.52,6,0,High School,Education,Divorced,0
58,95452,22118,48,371,7,10,0.24,6,0,Bachelor,Business,Single,0
26,30143,64812,60,430,26,5,0.51,7,0,Bachelor,Education,Married,1
59,111391,64884,48,756,10,9,0.62,4,0,Bachelor,Education,Married,1
62,35581,71168,48,778,27,8,0.64,1,0,Bachelor,Personal,Single,0
35,87443,18280,24,351,26,7,0.59,8,1,High School,Home,Divorced,1
60,49424,19746,24,418,1,13,0.17,2,1,High School,Personal,Divorced,0
46,108844,58251,60,563,8,10,0.17,1,0,Master,Business,Married,0
41,61984,89821,60,538,5,2,0.43,9,1,High School,Business,Single,0
23,61505,88583,36,650,22,9,0.38,9,1,High School,Medical,Married,0
60,132061,15207,12,554,25,12,0.06,4,1,PhD,Home,Married,0
27,122478,76127,12,608,0,13,0.29,7,0,High School,Home,Single,0
38,82699,32757,60,794,2,8,0.59,2,1,Bachelor,Education,Single,0
46,46957,21226,24,356,29,13,0.59,5,0,Master,Education,Single,1
49,45464,66407,36,702,9,11,0.17,8,1,Bachelor,Personal,Married,0
23,134012,32206,12,366,4,10,0.28,1,0,Master,Business,Single,1
56,43649,25256,60,345,11,10,0.39,7,1,PhD,Medical,Single,0
58,62065,38822,24,668,22,9,0.56,9,1,Master,Business,Divorced,0
26,112661,46340,24,531,0,9,0.37,6,0,Bachelor,Personal,Divorced,1
22,54758,57234,24,701,8,9,0.63,2,1,Bachelor,Personal,Single,0
61,25596,48351,48,322,20,3,0.53,0,0,Bachelor,Business,Single,1
33,36374,53671,24,566,12,7,0.62,5,0,Master,Personal,Married,0
57,138686,80320,60,417,27,12,0.49,1,0,Master,Business,Single,0
44,23775,40157,36,354,18,1,0.58,2,1,Master,Business,Single,0
52,47388,24937,60,452,6,9,0.55,4,1,Bachelor,Business,Single,0
32,143800,59290,24,538,25,14,0.2,7,0,Bachelor,Personal,Divorced,1
31,41029,51707,36,564,15,9,0.19,1,0,High School,Medical,Divorced,0
24,103981,16219,12,567,7,3,0.57,5,0,High School,Education,Married,0
35,73639,14399,12,412,25,5,0.1,0,1,Master,Education,Married,0
37,134010,32657,60,465,25,12,0.3,6,1,High School,Education,Married,0
31,34645,25047,36,307,18,13,0.54,3,0,High School,Business,Married,0
50,51105,81095,60,516,6,8,0.54,0,1,Master,Medical,Married,0
31,33668,90693,36,730,22,6,0.13,8,1,High School,Home,Married,0
33,147949,77154,36,591,3,10,0.34,8,0,Master,Personal,Married,0
51,35960,49891,60,349,9,10,0.34,2,0,High School,Personal,Single,0
62,146519,11780,36,406,24,9,0.24,5,1,PhD,Education,Single,1
22,31357,32050,24,308,0,14,0.6,6,0,Bachelor,Personal,Divorced,1
26,84604,78551,36,755,16,13,0.44,3,0,High School,Home,Single,0
41,122739,73666,36,622,20,3,0.64,5,1,Bachelor,Education,Single,1
29,71796,98619,60,608,12,12,0.09,8,0,Master,Business,Married,0
64,35804,87016,12,444,18,7,0.29,9,0,Bachelor,Business,Single,0
33,147732,58010,48,711,25,13,0.55,5,1,Bachelor,Education,Single,0
22,135733,43165,36,413,12,6,0.3,6,0,PhD,Personal,Single,0
41,34626,16528,48,698,8,14,0.21,5,1,High School,Medical,Married,0
49,48132,54608,36,574,4,5,0.65,6,0,Master,Personal,Single,1
64,27951,10914,60,423,22,4,0.57,0,1,High School,Home,Married,1
58,26449,42136,60,385,0,5,0.38,5,1,Bachelor,Personal,Single,1
58,39065,16179,36,346,1,13,0.39,8,0,High School,Education,Single,0
33,121503,91008,60,500,10,4,0.05,2,0,Bachelor,Personal,Divorced,1
58,125072,17076,60,575,27,3,0.64,5,0,High School,Business,Married,0
49,29130,29783,36,848,3,7,0.53,3,1,High School,Education,Married,1
36,109360,51716,12,429,8,6,0.07,6,1,Bachelor,Personal,Single,1
27,82287,55298,36,747,4,4,0.16,6,0,Bachelor,Business,Single,0
41,126937,59304,12,688,4,9,0.54,8,0,Bachelor,Business,Married,0
35,71702,84360,60,562,24,1,0.1,3,1,Bachelor,Business,Single,0
23,56993,74835,12,577,7,1,0.62,7,0,High School,Business,Married,0
30,51875,13118,60,345,1,9,0.65,7,1,PhD,Medical,Married,0
58,135284,81292,12,467,6,7,0.58,7,0,Bachelor,Personal,Married,1
41,26054,61911,12,744,16,2,0.49,7,0,High School,Personal,Married,0
47,119809,78489,36,345,25,11,0.34,5,0,Bachelor,Business,Married,0
50,127357,20185,12,839,26,10,0.1,7,1,Bachelor,Medical,Single,0
22,68517,46792,60,386,10,5,0.49,5,0,High School,Medical,Married,0
56,96368,85210,36,684,14,13,0.29,9,1,High School,Education,Married,0
27,49670,55613,12,564,24,4,0.39,1,1,Master,Medical,Single,0
58,69112,38927,36,321,2,1,0.23,2,0,Bachelor,Medical,Single,1
26,108388,5386,48,749,12,12,0.2,5,0,Bachelor,Personal,Single,0
54,109156,97153,36,531,17,13,0.24,6,1,PhD,Personal,Married,0
35,48307,77728,48,485,19,9,0.54,3,0,High School,Business,Single,1
33,133087,81281,48,625,19,6,0.31,0,0,Bachelor,Personal,Divorced,0
63,87087,35020,36,482,2,11,0.24,3,1,High School,Education,Married,0
41,67922,47678,60,696,1,13,0.31,5,0,High School,Education,Divorced,0
45,83080,91695,60,780,4,14,0.07,7,1,High School,Education,Married,0
64,113348,66394,60,702,19,12,0.58,3,1,Bachelor,Personal,Single,0
55,99335,73945,24,762,4,6,0.38,9,1,High School,Medical,Single,0
46,46312,61414,48,716,12,4,0.11,0,1,Bachelor,Business,Divorced,0
50,125156,59816,36,501,27,13,0.22,4,1,PhD,Business,Married,0
60,86985,60918,60,364,27,2,0.64,6,0,Master,Home,Single,0
52,140641,96281,60,316,7,8,0.41,5,1,High School,Personal,Divorced,0
64,77608,67694,36,482,26,8,0.22,2,1,High School,Business,Married,0
44,109962,34455,48,690,15,3,0.31,6,0,Bachelor,Education,Single,0
59,120963,43735,36,343,17,7,0.21,3,1,Bachelor,Medical,Married,0
41,60277,99702,24,781,24,14,0.07,4,1,PhD,Personal,Married,1
44,51551,98608,24,562,25,7,0.56,6,0,PhD,Education,Single,0
37,109813,17109,36,473,15,14,0.23,1,0,Bachelor,Home,Single,0
63,76597,50802,48,740,0,5,0.55,3,0,High School,Business,Single,1
29,121025,73020,60,519,7,5,0.34,3,1,Master,Personal,Married,0
42,144342,39622,24,693,27,8,0.16,5,1,Master,Education,Married,0
22,65212,7597,24,494,20,4,0.53,6,1,Bachelor,Personal,Married,0
29,29637,45597,48,708,1,1,0.28,3,0,Bachelor,Business,Married,1
50,63258,45954,24,770,23,1,0.47,9,1,Bachelor,Medical,Single,0
53,55693,74519,24,646,4,9,0.55,0,1,Master,Education,Married,0
59,29824,61115,48,761,25,4,0.63,0,1,High School,Personal,Divorced,0
26,149553,48151,36,360,14,1,0.1,4,0,Master,Business,Married,0
43,46950,22040,60,465,13,13,0.06,0,0,High School,Education,Divorced,1
55,43488,49772,60,450,25,2,0.38,2,0,Master,Business,Married,0
22,147870,68832,24,410,28,10,0.21,8,0,Bachelor,Education,Single,1
47,124544,32916,60,787,29,7,0.33,2,1,High School,Medical,Married,0
64,135200,49871,36,848,2,2,0.09,2,1,High School,Business,Single,0
31,20215,31372,24,302,6,1,0.35,8,1,Bachelor,Home,Married,1
51,125603,66707,60,782,3,10,0.12,4,0,High School,Home,Married,0
39,31523,44080,12,312,10,14,0.55,7,1,Bachelor,Personal,Divorced,1
38,95900,47722,12,461,26,9,0.51,9,1,High School,Personal,Single,0
47,88689,34048,12,643,25,14,0.09,8,1,High School,Business,Divorced,0
29,43834,90205,12,748,11,5,0.55,5,1,Bachelor,Personal,Divorced,0
61,54474,14777,12,631,14,14,0.24,6,0,Bachelor,Business,Single,0
33,63066,59711,24,563,5,13,0.26,6,1,Bachelor,Business,Divorced,1
48,119871,41331,48,382,25,4,0.16,6,0,Bachelor,Personal,Single,0
29,30400,25968,48,633,23,4,0.55,3,1,Bachelor,Personal,Single,0
46,145211,58969,24,679,0,14,0.29,1,0,Bachelor,Personal,Divorced,0
25,30345,16292,24,518,17,11,0.08,1,0,High School,Personal,Single,1
54,53896,45794,36,753,13,13,0.63,6,0,High School,Business,Married,0
22,105430,84459,48,388,28,1,0.2,9,1,High School,Business,Married,0
40,48899,55192,12,632,23,3,0.61,6,0,Bachelor,Home,Single,0
52,126171,32703,24,609,6,13,0.23,9,0,Bachelor,Personal,Married,0
37,48229,89193,12,719,9,1,0.55,6,1,Bachelor,Home,Single,0
35,137053,74165,48,653,8,5,0.45,7,1,Master,Personal,Single,0
26,25583,72650,60,399,1,5,0.57,2,1,High School,Education,Divorced,1
62,24897,61516,60,444,7,9,0.64,4,1,Bachelor,Personal,Divorced,0
47,140406,96110,24,309,21,13,0.57,5,0,High School,Medical,Married,0
49,91537,27257,36,343,0,8,0.29,7,0,Bachelor,Personal,Single,0
23,129417,88509,12,685,19,5,0.54,7,1,Bachelor,Home,Married,1
27,24567,96273,24,794,29,5,0.48,9,0,Master,Personal,Divorced,0
30,94807,56672,36,792,1,7,0.09,2,0,Master,Personal,Single,0
54,149648,68308,12,468,6,12,0.61,3,0,Master,Business,Single,1
62,132652,82583,48,830,24,2,0.33,5,0,Master,Medical,Divorced,0
46,97239,27113,60,635,15,13,0.13,3,0,High School,Home,Married,0
34,33329,5694,36,812,21,7,0.31,9,1,High School,Business,Single,0
30,121045,20588,12,429,3,1,0.41,3,1,PhD,Medical,Single,0
34,137708,66756,24,838,20,14,0.39,4,1,Master,Education,Divorced,1
52,91792,69085,12,813,26,5,0.39,9,1,Bachelor,Education,Married,0
62,20228,66142,24,549,16,12,0.2,6,1,Bachelor,Education,Single,0
32,110282,69373,60,437,28,12,0.43,1,1,Master,Personal,Divorced,0
25,102214,90603,60,574,3,6,0.59,1,1,High School,Business,Married,1
55,57052,11704,12,763,28,13,0.28,9,0,High School,Medical,Single,0
59,77769,45136,12,440,25,11,0.43,8,1,Bachelor,Business,Married,1
25,66032,72507,24,555,2,14,0.2,3,0,High School,Medical,Single,0
59,131694,52361,24,755,8,10,0.08,4,0,Bachelor,Medical,Married,0
40,108721,63847,36,733,21,1,0.4,2,0,Master,Medical,Single,0
27,53686,16441,36,472,14,9,0.08,1,0,High School,Personal,Single,0
55,96981,19677,36,772,19,9,0.48,9,0,PhD,Personal,Married,1
39,118802,32818,12,722,2,1,0.45,7,1,PhD,Personal,Married,0
34,83261,6868,36,738,11,4,0.27,3,0,Master,Home,Single,0
62,22809,88591,12,356,14,8,0.3,0,1,PhD,Personal,Single,0
44,123265,72264,60,797,28,2,0.6,5,1,Bachelor,Business,Divorced,1
40,61785,78168,48,468,19,13,0.06,5,1,Bachelor,Personal,Single,0
32,56547,17043,60,727,7,13,0.39,1,0,Master,Personal,Married,0
22,62818,76939,12,718,11,11,0.6,1,0,Bachelor,Personal,Single,0
45,120422,20732,12,646,20,13,0.6,7,1,Bachelor,Personal,Married,0
28,91927,60244,48,816,12,8,0.4,6,1,Bachelor,Business,Single,1
46,85681,23526,24,754,14,10,0.28,1,1,Bachelor,Home,Single,0
42,99465,14340,24,501,10,13,0.11,9,1,Master,Education,Married,1
36,109862,27394,24,478,16,12,0.15,0,1,Bachelor,Education,Single,1
22,115527,9102,36,356,20,14,0.46,7,0,Bachelor,Business,Married,0
33,133221,24159,24,800,23,13,0.06,9,1,Bachelor,Medical,Single,1
28,57333,70092,36,411,26,9,0.58,1,1,Bachelor,Home,Single,0
36,146457,11212,36,447,11,9,0.4,4,1,High School,Home,Married,0
42,36576,42405,24,677,19,14,0.08,5,1,Master,Personal,Single,0
40,139875,82061,24,647,29,1,0.19,9,0,High School,Medical,Single,0
50,59405,99296,48,657,17,9,0.41,0,1,PhD,Personal,Single,0
46,114000,60186,48,355,28,4,0.07,1,1,Master,Business,Single,0
54,93779,49239,36,615,15,12,0.52,9,0,Bachelor,Business,Single,0
53,51601,97993,48,484,2,12,0.6,3,1,PhD,Education,Single,0
56,87946,15532,36,353,29,8,0.63,1,0,Bachelor,Education,Single,1
59,87356,84054,12,336,26,13,0.49,5,0,High School,Personal,Divorced,0
47,72116,77012,36,569,8,14,0.56,3,1,Bachelor,Medical,Single,0
32,120825,90279,36,807,29,9,0.42,2,1,High School,Business,Divorced,0
56,144749,71540,48,527,6,3,0.33,5,0,Bachelor,Personal,Married,1
29,137256,8271,12,727,18,6,0.48,8,0,Bachelor,Business,Single,0
35,124186,50482,60,300,4,3,0.18,7,1,Master,Business,Single,0
31,82894,5209,60,322,18,1,0.12,1,1,Bachelor,Personal,Single,0
23,54635,95999,60,802,9,10,0.51,2,0,Bachelor,Personal,Married,0
30,27465,10539,12,747,19,6,0.62,1,1,High School,Home,Married,0
24,76754,24977,24,795,11,5,0.4,9,0,Bachelor,Medical,Married,0
42,117975,79142,12,724,7,3,0.34,6,1,High School,Personal,Married,0
47,112850,73684,48,317,29,14,0.37,8,1,High School,Education,Single,0
29,129765,10607,36,744,2,14,0.34,0,0,Master,Business,Married,0
23,105119,90122,36,338,18,4,0.32,2,0,High School,Business,Single,0
27,112691,99786,48,509,26,2,0.62,5,1,High School,Business,Divorced,1
49,58871,56939,48,510,10,12,0.34,3,0,High School,Personal,Single,1
50,82874,23594,36,580,7,10,0.1,9,1,Bachelor,Business,Single,0
47,97733,63382,24,432,25,10,0.51,9,1,Master,Personal,Divorced,0
46,49511,12399,24,748,12,13,0.28,0,0,PhD,Business,Married,0
33,100960,30117,24,563,25,14,0.48,8,1,Bachelor,Home,Married,1
26,68821,38617,48,410,22,4,0.4,6,1,Bachelor,Home,Married,0
55,85776,12498,36,537,22,4,0.48,6,0,High School,Home,Divorced,1
58,138128,55624,36,756,9,3,0.09,0,0,High School,Home,Divorced,0
36,90167,14628,36,815,17,6,0.07,8,0,Bachelor,Personal,Married,0
57,95135,5329,12,472,11,1,0.28,7,1,Bachelor,Education,Single,0
36,64462,43619,12,492,6,9,0.47,9,0,Bachelor,Personal,Married,1
64,81382,12032,60,814,25,11,0.18,4,1,High School,Medical,Divorced,0
44,110194,53094,12,708,10,10,0.31,3,0,High School,Medical,Married,0
27,123381,43034,24,383,9,3,0.64,0,1,High School,Business,Divorced,0
64,52574,91158,24,379,2,3,0.18,8,1,Master,Business,Single,0
42,122072,60264,24,508,29,12,0.56,7,0,High School,Personal,Divorced,0
44,61910,99120,24,821,6,3,0.55,1,1,Bachelor,Personal,Single,0
64,93531,52850,60,498,28,7,0.58,3,1,High School,Home,Single,1
37,45186,9722,24,533,3,8,0.6,3,0,Bachelor,Medical,Married,0
36,114781,22772,48,543,28,2,0.35,6,1,High School,Personal,Married,0
46,42813,91105,48,692,7,1,0.46,2,1,High School,Personal,Single,1
57,98812,46679,48,745,7,5,0.42,7,1,High School,Personal,Divorced,0
32,105525,73771,12,692,5,8,0.24,6,1,High School,Home,Divorced,0
36,98282,9576,36,308,12,14,0.22,9,1,High School,Home,Married,1
25,129779,31707,60,452,11,3,0.25,3,1,Master,Education,Single,0
42,38557,46632,48,409,2,6,0.18,8,0,High School,Education,Single,0
34,48060,46476,48,565,5,3,0.5,5,0,High School,Education,Married,0
43,78866,35285,24,672,21,6,0.63,2,0,Bachelor,Personal,Married,0
40,92104,29154,48,451,18,12,0.57,6,1,Bachelor,Home,Single,1
55,120905,25054,24,714,10,4,0.18,5,0,High School,Business,Married,0
35,104577,22165,24,625,3,14,0.08,7,0,Bachelor,Personal,Married,0
25,26080,19439,36,475,14,11,0.5,4,1,Master,Business,Married,0
48,33854,49518,12,824,1,7,0.28,5,0,High School,Education,Married,0
50,142013,93051,24,614,14,11,0.54,0,0,Bachelor,Business,Married,0
49,87695,31962,24,366,16,10,0.52,7,1,High School,Education,Single,0
56,47025,58934,36,483,1,1,0.43,0,0,High School,Medical,Single,1
29,72982,42763,24,334,6,1,0.2,2,0,PhD,Medical,Divorced,0
37,61081,69094,60,804,25,5,0.11,1,0,High School,Education,Single,0
63,24368,24464,12,375,15,9,0.2,5,0,High School,Business,Divorced,0
57,119621,47036,60,771,4,5,0.36,7,0,PhD,Personal,Single,0
51,139181,38270,48,822,15,4,0.64,7,0,Bachelor,Business,Married,0
39,47094,47299,12,582,24,8,0.09,6,1,Bachelor,Personal,Single,0
23,66040,90805,48,835,18,13,0.17,6,1,Bachelor,Home,Divorced,0
34,86766,36541,24,573,1,5,0.43,7,0,Bachelor,Home,Divorced,0
25,103053,78545,36,838,14,1,0.23,4,0,Master,Personal,Single,0
47,43991,87543,60,353,3,7,0.57,2,0,High School,Medical,Single,0
46,21301,96998,48,354,1,11,0.13,1,1,Bachelor,Education,Married,0
51,48610,82078,24,576,26,4,0.63,2,0,High School,Home,Divorced,1
32,101463,87970,60,742,22,10,0.6,2,1,High School,Business,Married,0
28,54678,34765,60,717,9,5,0.58,6,1,Bachelor,Education,Divorced,1
52,44466,28769,48,524,21,13,0.15,0,0,Bachelor,Business,Single,1
31,100440,93001,24,554,23,6,0.25,6,1,High School,Personal,Married,1
60,60875,92404,36,475,28,13,0.53,5,0,High School,Personal,Married,0
34,46081,25156,48,445,4,7,0.53,9,1,Bachelor,Personal,Single,0
52,44354,90836,60,684,17,11,0.47,1,0,Bachelor,Personal,Married,0
28,113297,55481,60,561,28,2,0.32,9,0,Master,Personal,Divorced,1
63,38300,18435,12,830,3,14,0.24,0,1,Master,Education,Divorced,0
63,84384,74650,24,670,0,1,0.63,8,0,PhD,Education,Single,0
57,115027,51336,12,496,17,12,0.13,1,1,Bachelor,Home,Single,1
41,141684,41135,36,583,19,3,0.08,3,0,Bachelor,Business,Married,0
25,80892,78631,48,601,5,10,0.06,8,1,Master,Home,Single,0
28,55525,42909,60,431,19,12,0.52,8,0,Master,Education,Divorced,1
22,46532,74487,24,419,19,1,0.08,0,0,Bachelor,Business,Single,0
63,26464,26468,60,435,13,4,0.37,1,0,Bachelor,Education,Married,0
34,36562,97609,12,828,26,6,0.27,1,1,High School,Education,Single,0
43,127392,52655,12,333,25,5,0.14,1,1,Master,Personal,Married,0
42,75514,39341,48,831,9,13,0.49,7,0,Master,Medical,Single,0
43,133428,69182,24,507,17,11,0.08,7,0,Master,Education,Single,0
49,132564,56786,24,598,8,4,0.24,9,0,High School,Home,Married,0
30,128047,73304,48,821,11,7,0.39,7,1,High School,Home,Married,0
47,94219,51514,12,393,9,13,0.29,3,0,Bachelor,Education,Married,1
30,52634,38979,12,713,23,11,0.21,7,0,Master,Education,Single,0
36,20060,95887,12,670,23,11,0.61,6,0,Master,Home,Single,1
31,29269,85981,60,708,20,6,0.61,7,1,High School,Home,Married,0
45,83143,60107,36,682,18,3,0.3,0,0,Bachelor,Medical,Married,0
63,43065,6160,12,740,5,9,0.29,2,0,High School,Medical,Single,0
29,22895,92897,36,746,13,5,0.23,9,1,Bachelor,Personal,Single,0
45,100859,77577,36,370,24,13,0.56,5,0,Bachelor,Medical,Single,0
37,32352,89303,24,383,7,10,0.39,0,1,Master,Personal,Single,0
47,130179,15846,48,508,22,1,0.1,3,1,Master,Education,Single,0
48,69737,24924,60,558,13,13,0.56,8,1,High School,Business,Married,0
58,124127,18882,36,538,10,6,0.37,6,1,Bachelor,Business,Divorced,0
25,116426,85274,60,601,23,5,0.3,0,1,Bachelor,Business,Single,0
45,52016,91555,24,531,15,10,0.25,5,0,High School,Medical,Married,1
40,81304,6095,12,581,19,8,0.11,5,0,PhD,Medical,Married,0
57,31962,45983,36,693,5,4,0.62,1,0,Master,Business,Divorced,0
60,53302,19123,48,717,14,12,0.49,5,0,High School,Education,Married,1
31,105382,98668,24,505,14,1,0.13,9,0,Bachelor,Home,Divorced,0
46,24011,71615,60,563,13,11,0.36,1,0,High School,Business,Married,0
39,149716,50278,12,610,20,2,0.38,7,0,Bachelor,Education,Married,0
40,39782,95290,60,378,11,8,0.15,6,0,Bachelor,Business,Single,0
57,87691,56999,48,641,1,10,0.31,5,1,High School,Home,Single,0
31,140654,36153,36,394,7,8,0.44,9,0,Master,Business,Divorced,1
54,142017,23344,48,650,18,13,0.22,5,0,Bachelor,Home,Married,0
26,59725,42656,60,361,13,14,0.25,8,1,PhD,Business,Single,0
56,29196,75515,60,441,4,5,0.12,8,0,High School,Personal,Divorced,1
55,63459,6212,48,410,23,6,0.3,9,1,Master,Personal,Single,1
54,107245,14001,48,826,26,2,0.4,9,0,Master,Business,Single,0
42,149613,83784,48,456,8,11,0.12,1,0,High School,Education,Married,0
38,98863,86144,12,838,12,12,0.42,2,1,High School,Business,Married,0
43,143206,41427,60,308,8,9,0.29,9,0,Master,Business,Married,1
58,139391,36368,24,575,13,6,0.46,6,1,Bachelor,Education,Single,0
36,121010,75819,12,526,4,12,0.24,9,1,Bachelor,Medical,Divorced,1
56,52769,66160,12,485,1,9,0.39,8,1,Master,Medical,Divorced,1
49,127529,30854,12,515,6,11,0.42,5,0,High School,Education,Single,0
28,145361,15715,24,732,15,10,0.46,0,1,Bachelor,Home,Single,0
53,44700,86701,48,655,10,3,0.5,6,1,Bachelor,Education,Single,0
32,135792,63784,60,691,10,6,0.13,0,0,Bachelor,Personal,Divorced,0
31,100356,31797,36,574,22,10,0.63,4,1,High School,Personal,Divorced,1
30,96427,52573,36,793,11,5,0.56,8,1,Bachelor,Business,Married,0
35,120165,81120,60,750,12,9,0.39,9,0,Bachelor,Business,Married,0
34,25269,19780,24,719,7,13,0.58,9,0,Bachelor,Home,Married,0
46,141631,42905,36,463,23,10,0.28,8,0,Bachelor,Medical,Married,0
23,63880,26573,12,482,15,1,0.07,0,1,High School,Personal,Single,0
56,134003,38359,36,609,20,9,0.49,5,1,Master,Business,Single,0
28,28320,71062,60,316,0,5,0.62,2,0,Bachelor,Education,Single,0
42,69589,78391,12,745,12,1,0.15,8,1,PhD,Home,Married,0
39,139534,48463,36,469,10,10,0.44,2,1,High School,Personal,Single,0
24,96276,21571,60,579,28,8,0.54,1,0,Bachelor,Business,Single,0
63,55897,24142,24,639,3,7,0.59,7,0,High School,Home,Single,0
60,78565,30104,60,818,3,14,0.22,2,0,Bachelor,Home,Married,0
62,50930,13625,24,310,14,6,0.13,4,1,High School,Business,Divorced,1
32,77233,44199,12,823,26,2,0.2,5,0,Bachelor,Personal,Divorced,0
60,102821,20926,60,432,2,5,0.4,9,1,Master,Education,Married,0
45,34380,36218,48,447,23,3,0.6,9,0,High School,Medical,Married,0
40,96896,49472,48,378,18,2,0.4,0,1,High School,Business,Married,0
25,90934,96916,48,645,28,14,0.6,6,0,Master,Home,Single,0
47,75830,25566,48,548,20,10,0.51,6,1,Bachelor,Business,Single,0
59,25529,61125,48,841,1,1,0.41,4,1,Bachelor,Education,Single,1
63,141292,38205,24,323,5,9,0.06,8,1,High School,Education,Married,0
53,114598,34717,60,770,21,2,0.25,1,1,Bachelor,Business,Single,0
60,122222,54984,12,500,23,13,0.08,4,1,High School,Business,Married,1
57,102987,30135,48,430,7,11,0.24,1,1,Bachelor,Business,Single,0
61,69178,33164,48,655,16,1,0.09,1,1,Bachelor,Medical,Single,0
58,26937,79489,12,449,4,14,0.15,8,0,Master,Personal,Divorced,1
54,141952,43562,12,825,1,7,0.3,6,1,High School,Education,Single,1
57,59886,74110,48,603,25,9,0.36,3,1,Bachelor,Education,Married,0
24,69699,25169,24,840,11,6,0.18,7,1,High School,Education,Single,0
30,96396,64858,12,349,4,8,0.49,3,1,PhD,Home,Single,0
29,110678,26604,60,763,9,11,0.4,0,1,Bachelor,Education,Married,0
54,45279,94670,60,539,27,7,0.47,9,0,High School,Education,Married,1
27,58106,93738,24,781,8,9,0.49,2,0,High School,Education,Single,1
62,130776,5684,36,754,19,7,0.49,9,0,High School,Education,Divorced,0
60,121444,13007,24,582,7,13,0.61,0,1,High School,Personal,Married,0
25,126300,46787,48,634,0,6,0.19,1,1,Bachelor,Medical,Single,0
34,133793,54582,36,651,23,1,0.21,1,1,High School,Personal,Single,0
23,136278,79791,48,626,5,9,0.11,6,0,PhD,Education,Married,0
26,99737,88629,60,635,23,10,0.41,3,0,High School,Education,Married,0
48,60544,10782,12,380,21,5,0.29,9,0,Master,Personal,Single,0
53,123247,71770,48,386,10,13,0.35,8,1,High School,Personal,Single,1
42,131190,62645,60,557,2,2,0.15,1,1,High School,Personal,Single,0
29,28997,36996,24,484,27,14,0.44,8,1,PhD,Personal,Single,1
59,126102,34204,48,422,14,12,0.42,5,1,Master,Medical,Single,0
29,105711,22152,60,395,10,11,0.21,9,0,Bachelor,Medical,Divorced,0
24,136045,60186,12,814,23,8,0.33,7,0,Bachelor,Personal,Married,0
24,60860,95555,48,742,4,13,0.59,6,0,PhD,Personal,Married,0
43,23225,90024,60,813,27,4,0.51,7,0,Bachelor,Medical,Single,0
27,130114,24689,48,670,25,14,0.19,8,0,High School,Personal,Single,0
23,79470,55690,12,604,15,3,0.58,7,1,High School,Home,Single,0
44,133218,99042,48,656,20,13,0.09,5,0,Bachelor,Personal,Married,0
23,148854,88251,48,447,27,1,0.3,7,1,Bachelor,Education,Single,0
59,120764,62320,60,584,6,5,0.1,7,1,Bachelor,Business,Single,1
38,127041,69226,36,561,5,3,0.6,1,0,High School,Personal,Single,0
56,132224,61091,48,790,8,4,0.07,1,0,PhD,Personal,Divorced,0
55,83656,84301,36,330,6,9,0.14,0,1,Bachelor,Education,Married,0
44,71880,26942,24,567,2,11,0.6,9,1,Bachelor,Business,Single,0
51,81078,43712,48,311,10,14,0.4,1,1,High School,Education,Married,0
29,108646,70277,36,490,26,7,0.53,6,1,PhD,Personal,Married,0
43,96290,54632,24,699,11,11,0.06,2,0,Bachelor,Business,Single,0
57,76633,43031,60,836,20,5,0.3,3,1,Bachelor,Business,Single,0
26,46655,25478,48,390,24,8,0.64,3,0,PhD,Business,Married,0
34,141118,27551,60,800,10,6,0.4,3,0,Master,Personal,Single,0
50,63601,53068,24,600,28,10,0.56,1,0,High School,Business,Married,0
52,23114,98608,60,410,25,2,0.63,5,0,PhD,Education,Single,1
37,46502,40561,60,379,29,7,0.46,0,1,Bachelor,Home,Married,1
63,69768,7892,12,732,1,1,0.25,4,1,High School,Medical,Single,0
51,68128,29395,24,716,0,3,0.24,1,0,High School,Personal,Married,0
37,40028,23756,60,513,26,12,0.09,8,1,Bachelor,Personal,Divorced,0
33,75565,92710,36,746,23,1,0.31,1,0,Bachelor,Personal,Married,0
38,103123,39651,24,317,23,14,0.6,5,0,Bachelor,Personal,Single,1
37,128255,71333,12,353,1,1,0.34,3,1,High School,Personal,Single,0
33,55333,78745,48,539,13,5,0.6,5,1,Master,Personal,Divorced,0
29,23174,54306,60,717,12,6,0.54,1,1,Master,Personal,Married,1
41,137769,26346,36,785,23,12,0.64,1,1,Bachelor,Personal,Single,0
24,55398,33024,12,743,4,3,0.62,6,0,Master,Business,Divorced,0
37,55929,99950,24,422,1,14,0.47,2,0,Master,Personal,Married,0
51,24321,45818,60,719,22,3,0.57,2,0,High School,Personal,Single,0
44,143549,10947,12,515,22,3,0.5,6,1,Master,Education,Married,0
49,115971,80153,12,719,18,1,0.47,7,1,PhD,Personal,Married,0
61,131508,91240,36,527,29,5,0.48,6,0,High School,Personal,Married,1
26,75421,99238,48,536,16,1,0.48,2,1,PhD,Personal,Single,0
41,92635,72428,48,629,10,10,0.28,2,0,High School,Business,Divorced,0
61,43760,34754,48,768,15,10,0.3,6,0,Bachelor,Medical,Married,0
22,31360,68355,24,786,19,3,0.23,2,0,Master,Personal,Married,0
51,30313,63241,12,848,17,13,0.14,1,1,Master,Business,Single,0
42,131806,73960,24,714,19,6,0.33,6,1,Bachelor,Education,Divorced,0
41,105998,18418,12,518,7,11,0.59,2,0,Bachelor,Education,Married,1
27,25801,93593,36,680,1,6,0.44,4,1,Bachelor,Medical,Divorced,1
43,34130,60184,36,386,16,3,0.08,6,1,Bachelor,Medical,Single,1
39,34271,9833,24,760,10,9,0.54,1,1,Bachelor,Personal,Divorced,0
29,36075,80430,24,710,13,8,0.61,7,0,Bachelor,Business,Married,1
60,122455,46833,36,824,15,11,0.55,1,1,Master,Education,Divorced,0
53,127215,5565,60,746,14,3,0.49,3,1,High School,Home,Single,0
54,38984,45180,48,599,14,5,0.14,3,1,Bachelor,Medical,Married,0
37,108095,23402,48,707,2,5,0.26,7,0,High School,Personal,Single,0
33,80942,47845,36,674,25,14,0.39,0,0,Bachelor,Personal,Single,0
59,32861,80851,48,532,6,5,0.1,8,0,High School,Medical,Single,0
55,118970,17834,60,348,28,3,0.11,5,1,Bachelor,Business,Divorced,0
35,102203,72850,60,485,11,5,0.61,3,0,High School,Business,Married,0
57,91376,42180,12,504,21,5,0.47,5,1,High School,Education,Single,1
54,81247,8883,24,377,21,4,0.22,5,0,Bachelor,Personal,Divorced,0
44,89101,80587,48,780,22,4,0.25,8,1,Bachelor,Medical,Married,0
23,128730,16695,60,685,23,2,0.28,3,0,Bachelor,Medical,Divorced,0
62,40977,28123,24,493,2,9,0.1,7,0,High School,Business,Divorced,0
42,70617,63481,24,402,18,7,0.49,0,1,PhD,Education,Married,0
23,77473,78438,12,675,9,1,0.16,5,0,High School,Education,Single,0
48,106654,22573,24,586,28,5,0.53,4,1,Master,Personal,Divorced,0
30,108177,99910,24,781,7,2,0.56,2,1,Bachelor,Personal,Single,0
22,92902,61494,36,549,15,10,0.43,3,1,High School,Personal,Married,0
32,112172,17288,12,500,15,6,0.51,7,1,Bachelor,Home,Married,0
24,35630,51978,12,835,11,7,0.15,9,1,PhD,Business,Single,0
44,40056,77420,48,760,28,12,0.4,1,1,Bachelor,Personal,Married,0
47,27382,81095,24,599,29,2,0.46,7,0,High School,Business,Single,0
25,75739,59672,48,777,28,11,0.45,6,0,Bachelor,Personal,Single,1
39,101685,66821,60,382,22,6,0.12,0,0,Bachelor,Personal,Single,0
27,68639,88661,24,757,25,13,0.26,1,0,Master,Business,Divorced,0
56,79838,74224,60,597,4,3,0.25,6,0,Master,Business,Single,0
43,66041,94405,36,663,19,9,0.39,2,0,High School,Education,Divorced,0
64,20992,59796,24,339,5,4,0.51,1,1,High School,Education,Married,0
36,92394,49706,48,639,24,3,0.39,0,1,High School,Education,Married,0
43,87657,9023,48,815,5,13,0.5,6,1,PhD,Business,Married,0
58,47160,87636,24,407,7,11,0.11,2,0,Bachelor,Education,Married,0
63,65156,41735,48,615,16,3,0.58,5,1,Master,Business,Single,0
33,71375,77959,24,413,11,2,0.37,9,1,Bachelor,Business,Single,0
63,106442,44218,12,466,29,12,0.07,7,1,Bachelor,Business,Married,0
59,39572,17213,48,560,21,9,0.44,5,1,High School,Business,Married,1
39,137925,33460,24,523,29,8,0.36,6,0,Master,Personal,Single,0
56,24136,69680,24,561,13,5,0.18,5,1,Bachelor,Personal,Married,0
51,81868,36017,48,550,1,14,0.51,6,1,Master,Business,Married,0
45,102263,97038,12,825,18,14,0.61,4,1,High School,Business,Married,0
63,52167,35990,48,425,5,13,0.24,8,0,Bachelor,Business,Married,1
51,130957,24515,24,505,17,9,0.35,2,0,Bachelor,Home,Divorced,0
35,35479,34991,12,439,3,13,0.13,5,1,High School,Education,Married,0
27,139392,12634,60,361,21,2,0.61,8,1,Bachelor,Medical,Divorced,0
24,51376,82034,36,582,4,6,0.24,0,0,Bachelor,Education,Married,0
37,24823,81452,48,353,5,7,0.17,4,0,High School,Personal,Married,0
28,145156,34377,24,645,14,6,0.34,3,1,High School,Home,Single,0
35,90456,38001,12,823,5,3,0.08,8,0,Bachelor,Medical,Married,0
30,39585,6391,12,435,7,10,0.2,0,0,High School,Business,Divorced,1
36,123775,70206,60,629,8,14,0.09,3,0,Bachelor,Personal,Single,0
42,37272,47215,48,443,20,10,0.13,0,1,Bachelor,Personal,Single,0
56,46619,84720,12,735,21,10,0.12,2,0,High School,Medical,Married,0
23,95069,32114,60,581,5,9,0.57,3,0,High School,Personal,Married,0
48,59895,16882,24,435,21,14,0.61,0,1,Master,Education,Single,1
23,23720,22273,60,788,1,12,0.33,4,1,High School,Education,Married,0
56,39267,50647,48,700,15,8,0.43,5,1,Bachelor,Personal,Married,0
39,35696,87665,60,748,19,8,0.47,0,0,Bachelor,Education,Married,0
35,49968,69892,12,569,0,8,0.28,9,0,PhD,Education,Married,0
41,73364,47679,12,316,29,9,0.27,9,1,High School,Business,Single,0
39,43345,5427,36,568,27,1,0.46,3,1,Master,Business,Married,0
31,71567,71267,60,781,15,8,0.28,3,1,Bachelor,Medical,Married,0
46,111229,5799,24,518,0,2,0.4,0,1,High School,Business,Married,1
23,81607,60659,48,618,0,4,0.36,1,1,High School,Education,Single,0
46,39385,99409,36,537,6,1,0.36,9,0,Bachelor,Business,Single,0
54,103658,12025,60,844,15,12,0.55,4,0,High School,Personal,Married,1
57,86900,19481,24,584,16,6,0.47,1,1,Bachelor,Home,Divorced,0
52,88244,30411,36,336,15,10,0.63,2,0,Master,Business,Married,1
35,85425,19961,12,402,15,1,0.52,8,1,Bachelor,Business,Married,1
22,98518,26767,48,729,5,12,0.14,4,0,Bachelor,Education,Divorced,0
37,102844,56690,60,538,17,5,0.49,0,0,Master,Education,Married,0
24,52919,57870,24,424,21,9,0.45,4,1,Master,Personal,Married,1
56,110697,41135,12,487,21,1,0.44,2,1,High School,Medical,Married,0
62,77196,69514,36,555,27,9,0.34,0,1,Bachelor,Personal,Divorced,0
27,135600,91928,48,829,26,4,0.09,2,1,Bachelor,Education,Divorced,0
46,120625,83798,36,691,2,3,0.62,5,0,High School,Business,Married,0
34,99401,75765,36,767,7,8,0.56,9,0,High School,Business,Single,0
55,20495,28772,24,552,26,6,0.34,4,1,High School,Medical,Married,0
29,64755,23799,12,475,3,7,0.15,0,0,Bachelor,Education,Divorced,0
42,87684,28555,60,765,28,9,0.54,1,1,High School,Medical,Married,0
55,53324,97152,24,588,22,5,0.31,4,1,Bachelor,Business,Single,1
25,98929,24333,48,349,3,13,0.28,8,1,Bachelor,Home,Single,0
46,21552,9261,36,303,16,2,0.45,4,1,Bachelor,Business,Married,1
36,71272,74002,48,799,21,3,0.51,4,1,Bachelor,Business,Married,0
25,55853,51553,24,522,4,3,0.09,0,0,Bachelor,Home,Single,1
33,138192,8088,24,561,24,4,0.51,4,0,Master,Personal,Married,1
53,52924,50783,60,834,13,10,0.49,7,0,Master,Personal,Single,0
53,94462,6115,36,675,29,7,0.4,8,1,Master,Home,Married,0
49,116387,75114,24,360,14,12,0.25,9,1,High School,Home,Single,1
34,43889,73126,48,655,24,10,0.15,2,0,High School,Medical,Divorced,0
52,125466,77908,60,323,11,6,0.11,3,0,Bachelor,Business,Married,0
35,74675,74109,48,592,26,3,0.05,6,1,Bachelor,Business,Single,0
41,142231,7978,36,655,12,14,0.17,6,0,High School,Personal,Married,0
39,93591,14422,60,328,23,7,0.3,0,1,High School,Business,Single,0
50,90190,48626,60,656,22,4,0.2,5,1,PhD,Business,Divorced,0
27,42634,94233,60,664,29,10,0.24,8,1,High School,Personal,Married,0
53,52363,61174,12,708,17,11,0.28,4,0,Bachelor,Business,Married,0
50,83752,42743,60,565,13,11,0.23,7,1,High School,Business,Single,0
64,97004,75461,48,590,23,8,0.48,9,1,Bachelor,Education,Single,0
23,76398,62199,48,452,18,7,0.35,8,0,Bachelor,Business,Married,0
44,118458,34430,36,518,21,7,0.06,9,1,High School,Medical,Single,0
40,60718,33834,24,472,25,9,0.19,9,1,PhD,Business,Married,1
52,133627,29435,24,311,6,8,0.48,2,0,Master,Business,Married,0
26,102916,92212,12,815,27,12,0.23,0,0,Bachelor,Education,Single,0
40,46870,60797,60,661,5,1,0.6,1,1,PhD,Personal,Single,1
55,57394,48554,12,776,4,7,0.48,4,0,Bachelor,Business,Divorced,0
31,72057,59555,36,381,3,3,0.22,9,0,Bachelor,Education,Divorced,0
46,99795,90350,36,639,17,12,0.36,6,1,High School,Business,Single,0
23,100409,19716,24,740,24,4,0.45,5,1,Bachelor,Home,Single,0
32,33016,65261,36,525,13,6,0.17,3,1,High School,Education,Single,1
52,62137,32528,60,670,15,5,0.2,8,1,High School,Personal,Single,0
36,20153,6995,48,327,22,8,0.35,3,1,Bachelor,Business,Divorced,1
30,27853,27414,36,315,22,2,0.6,2,1,High School,Medical,Married,0
44,32379,18844,12,576,19,5,0.26,4,0,Bachelor,Education,Divorced,0
40,35792,41659,60,632,13,5,0.29,3,1,Bachelor,Medical,Divorced,0
30,141169,20522,36,782,4,3,0.16,1,0,Bachelor,Education,Married,0
56,58367,79034,36,587,21,14,0.41,2,0,High School,Personal,Married,0
42,38100,47322,60,413,27,10,0.49,6,1,High School,Personal,Divorced,1
30,146082,72638,36,337,10,13,0.31,1,0,Bachelor,Education,Married,0
49,133089,13524,48,753,11,5,0.5,0,1,Bachelor,Personal,Single,0
28,83456,35846,24,465,17,4,0.23,1,0,High School,Education,Married,0
37,31049,78643,60,504,3,11,0.47,7,0,Bachelor,Medical,Married,1
37,20786,65096,12,544,12,5,0.21,7,0,Master,Education,Divorced,0
54,89904,88804,36,632,19,10,0.52,9,0,High School,Business,Married,0
25,50699,52703,24,695,27,9,0.55,1,0,Bachelor,Education,Single,0
25,142784,29399,12,806,12,7,0.53,5,0,High School,Personal,Single,0
60,67691,80160,12,420,3,1,0.18,6,1,Master,Education,Divorced,0
61,57040,97662,48,558,22,3,0.47,0,0,High School,Education,Divorced,1
38,138455,93667,24,709,28,9,0.37,6,1,High School,Business,Married,0
58,112990,53591,60,609,22,4,0.64,7,1,Master,Personal,Single,0
60,77986,25714,24,367,6,4,0.27,8,0,High School,Medical,Single,0
50,58762,40877,24,413,22,10,0.51,7,0,Bachelor,Business,Married,0
57,43600,89106,12,519,1,6,0.27,2,0,High School,Personal,Divorced,0
59,114774,83018,48,519,20,3,0.29,7,1,PhD,Home,Divorced,1
60,110777,64136,48,772,25,3,0.12,2,0,Master,Medical,Divorced,0
58,39810,38414,24,685,17,9,0.19,5,1,Bachelor,Education,Married,0
56,105703,91576,24,597,20,13,0.15,3,0,High School,Business,Divorced,0
28,107347,83943,36,552,27,5,0.15,6,0,High School,Home,Single,1
48,125315,50468,12,704,5,14,0.06,7,1,Bachelor,Medical,Single,0
49,77204,84702,60,791,15,7,0.53,9,0,High School,Business,Divorced,0
43,40085,77108,60,656,2,5,0.33,5,1,Bachelor,Education,Single,0
35,66854,97508,48,727,21,6,0.53,9,0,Bachelor,Personal,Married,1
28,94797,51835,12,514,14,8,0.42,3,0,Master,Personal,Married,0
58,104269,68333,48,679,20,8,0.55,7,0,High School,Personal,Single,0
43,59779,47464,60,513,19,2,0.35,6,0,Bachelor,Personal,Single,1
26,76207,27923,24,397,9,11,0.11,9,0,Master,Education,Single,1
23,114615,66855,12,827,8,9,0.42,7,1,Bachelor,Personal,Married,0
48,53980,72445,12,827,10,10,0.46,9,1,Master,Medical,Single,0
42,76117,72619,36,834,13,12,0.43,6,1,High School,Business,Married,1
59,34141,51146,24,848,23,12,0.53,2,1,Bachelor,Business,Married,1
36,29344,65032,24,627,11,12,0.49,2,1,PhD,Business,Single,0
42,125008,22140,48,464,6,14,0.31,8,0,High School,Business,Single,0
31,35896,7670,12,415,10,6,0.54,6,0,Bachelor,Business,Single,0
44,109353,41519,48,449,16,7,0.47,0,0,High School,Business,Single,0
60,49813,49512,24,817,24,3,0.12,2,0,Bachelor,Education,Married,0
26,104431,62811,36,331,8,4,0.37,0,0,Bachelor,Education,Divorced,0
22,85679,19691,12,592,21,6,0.49,5,1,High School,Education,Single,0
34,30681,39262,24,476,22,7,0.38,1,1,Master,Education,Divorced,0
42,92903,59892,36,360,12,6,0.62,6,1,Master,Medical,Married,1
47,23228,30595,60,715,15,5,0.11,7,1,Master,Personal,Married,0
42,24582,62207,24,682,2,14,0.48,5,1,Bachelor,Home,Divorced,0
39,98683,38440,60,306,4,12,0.54,4,0,Bachelor,Business,Married,1
58,31397,13630,48,384,22,2,0.47,9,0,Master,Education,Single,0
53,58799,36250,60,697,16,12,0.28,3,0,Bachelor,Education,Single,0
57,57011,99334,24,692,27,7,0.28,8,0,Bachelor,Education,Married,0
38,99183,82518,60,346,0,5,0.4,7,1,Bachelor,Home,Single,1
56,113254,79191,12,640,20,12,0.29,4,1,Bachelor,Personal,Married,0
32,64264,69791,24,797,8,9,0.58,0,0,High School,Business,Married,0
42,62317,89118,36,777,22,13,0.12,7,0,High School,Personal,Single,0
47,67914,68753,60,725,16,11,0.43,7,0,Bachelor,Personal,Married,0
25,104633,65520,12,725,28,4,0.13,6,0,Bachelor,Education,Married,0
55,122489,9008,48,814,12,14,0.37,6,0,Master,Personal,Married,0
39,144237,49464,48,428,14,10,0.48,7,0,Bachelor,Medical,Single,1
61,65254,5496,60,548,27,12,0.15,0,1,High School,Education,Single,0
56,60096,28212,48,430,20,2,0.47,2,1,Bachelor,Business,Married,0
62,73785,25637,36,622,7,7,0.13,3,1,High School,Business,Married,0
50,72344,50227,24,842,7,7,0.42,5,1,High School,Personal,Married,0
50,134988,87413,12,365,27,1,0.35,9,0,High School,Home,Divorced,1
59,102643,88346,60,400,1,11,0.23,9,0,High School,Education,Single,0
63,140382,14884,48,330,22,14,0.12,8,0,High School,Business,Divorced,0
42,88546,73259,24,490,9,13,0.49,3,0,High School,Personal,Married,0
63,91091,54810,36,714,4,5,0.28,5,1,Master,Business,Married,0
34,85603,9761,48,799,15,3,0.1,8,0,High School,Personal,Single,0
62,48412,78166,48,345,24,9,0.51,8,0,High School,Medical,Married,0
38,130489,21375,12,388,18,9,0.19,5,1,PhD,Education,Married,0
30,71658,30218,36,674,0,7,0.49,4,0,Bachelor,Business,Married,0
62,119841,35565,36,545,12,12,0.39,2,1,High School,Medical,Single,0
22,69549,37975,60,556,3,9,0.17,4,0,High School,Personal,Single,0
23,147595,32073,12,651,6,12,0.1,2,1,Bachelor,Business,Married,0
50,31549,74726,60,404,0,2,0.41,4,1,Bachelor,Education,Divorced,1
54,91216,6883,12,636,1,11,0.07,9,0,High School,Personal,Married,1
31,45739,73422,36,825,15,10,0.09,9,0,High School,Business,Single,0
61,41209,54629,12,600,13,8,0.47,0,1,Master,Education,Divorced,0
42,127051,69170,12,376,4,10,0.37,5,0,Bachelor,Business,Married,0
49,107968,79489,12,810,24,10,0.25,6,1,Bachelor,Business,Single,0
32,35116,13381,24,529,13,10,0.37,1,0,High School,Education,Single,0
55,40045,28238,24,331,16,13,0.4,2,1,High School,Business,Married,1
29,46327,18795,36,357,11,1,0.39,9,0,Bachelor,Personal,Single,0
43,55709,67999,12,403,19,3,0.44,8,1,Master,Personal,Single,1
29,63617,54907,36,611,11,8,0.61,7,1,High School,Business,Married,1
36,80139,14638,24,366,29,11,0.28,3,0,PhD,Personal,Single,0
38,46905,75467,12,673,2,8,0.23,7,0,High School,Medical,Single,0
44,84148,47623,60,534,29,14,0.07,7,1,Bachelor,Medical,Married,0
45,92603,43492,24,411,20,10,0.14,5,1,High School,Business,Married,1
40,118095,31411,24,688,20,8,0.11,0,1,Bachelor,Medical,Single,0
26,139779,25534,24,707,25,11,0.25,1,0,Bachelor,Business,Single,0
53,62919,34181,12,353,1,12,0.42,3,1,Bachelor,Personal,Married,0
22,103521,24996,48,538,20,11,0.08,3,1,Bachelor,Education,Single,0
44,112905,77089,60,594,24,7,0.49,1,0,Bachelor,Education,Married,1
58,103400,88609,60,411,20,2,0.29,8,1,Bachelor,Personal,Divorced,1
29,108150,77666,36,387,14,3,0.63,1,0,High School,Business,Married,1
34,78446,34405,12,775,10,9,0.39,5,1,Bachelor,Personal,Single,0
29,72428,76325,24,603,9,2,0.51,4,0,High School,Business,Single,0
44,67894,33930,48,604,17,13,0.57,3,0,Bachelor,Business,Single,0
64,101149,22529,12,589,22,7,0.58,5,0,Master,Education,Single,0
22,26447,58546,12,507,21,1,0.36,3,0,High School,Personal,Single,0
45,25499,12942,48,669,22,3,0.29,8,0,PhD,Personal,Single,0
56,59041,12548,24,519,23,13,0.39,9,0,Master,Business,Divorced,0
45,51315,23296,12,530,25,14,0.29,6,1,Bachelor,Medical,Divorced,0
38,21299,56016,60,648,20,1,0.19,2,0,High School,Business,Married,0
26,140506,5296,60,554,1,6,0.24,9,1,Master,Business,Single,0
41,125005,72945,48,751,6,4,0.19,3,0,Master,Business,Married,0
42,24994,64980,24,441,6,1,0.21,0,0,High School,Medical,Single,0
61,115414,61782,48,368,23,5,0.11,5,1,Master,Business,Single,1
52,101163,39229,12,388,6,14,0.31,1,0,Master,Personal,Single,0
57,146759,58444,60,435,25,4,0.19,3,1,Bachelor,Personal,Married,0
32,27489,40036,36,822,22,14,0.32,4,1,Master,Personal,Single,1
36,111647,44322,48,741,13,11,0.53,7,1,Bachelor,Business,Single,1
40,52355,32167,36,337,28,10,0.32,2,0,Bachelor,Personal,Single,1
28,93805,56667,36,507,24,14,0.62,5,1,High School,Personal,Divorced,1
49,88367,99527,60,509,23,11,0.14,0,1,High School,Education,Single,0
64,129906,88337,48,812,1,10,0.56,8,1,Bachelor,Business,Single,0
26,137409,56468,36,659,1,2,0.2,0,0,High School,Education,Married,0
26,97355,77894,12,300,22,13,0.61,1,0,Bachelor,Business,Single,1
51,136220,58084,24,680,25,7,0.19,0,0,Master,Home,Married,0
53,110349,68138,24,836,14,12,0.5,7,0,High School,Home,Single,1
29,107173,27588,60,693,10,8,0.09,3,0,High School,Medical,Married,0
31,21996,67901,48,349,28,4,0.43,1,1,Bachelor,Home,Married,0
59,139999,22671,48,695,9,9,0.18,6,1,High School,Personal,Married,0
53,64387,88038,24,331,2,3,0.45,7,1,Master,Medical,Single,0
49,134965,95664,12,844,16,13,0.43,8,1,Bachelor,Business,Married,0
38,23089,36645,24,533,8,6,0.6,4,0,Bachelor,Education,Divorced,1
52,118827,12637,24,325,29,11,0.43,2,0,High School,Business,Married,0
29,40659,5660,48,733,14,14,0.29,0,0,High School,Personal,Divorced,0
61,65178,11922,36,360,29,14,0.17,7,0,High School,Home,Divorced,0
46,140053,98697,12,740,13,7,0.44,5,1,High School,Personal,Married,0
30,115965,49721,48,429,18,7,0.12,4,1,Bachelor,Medical,Single,1
23,101268,62256,24,653,16,6,0.55,6,1,Bachelor,Education,Married,0
36,105042,74506,36,497,21,9,0.2,4,0,High School,Business,Married,0
24,126471,73943,12,670,19,1,0.36,3,1,High School,Business,Married,0
57,90726,32843,60,446,29,13,0.41,4,1,Bachelor,Personal,Married,0
25,90111,14046,12,797,16,9,0.27,6,0,Master,Home,Married,0
35,126031,94336,12,347,15,13,0.45,5,0,Bachelor,Home,Married,0
62,133682,68985,24,471,19,9,0.2,9,1,High School,Education,Married,1
62,54565,85083,24,614,7,4,0.07,9,0,Master,Medical,Single,0
46,120435,35346,60,675,26,13,0.63,8,1,Master,Personal,Divorced,0
31,109242,93284,60,832,6,12,0.24,9,1,High School,Business,Divorced,0
42,133204,96384,60,719,11,12,0.48,1,1,Bachelor,Business,Married,0
57,149642,58526,48,695,0,5,0.35,6,1,Bachelor,Education,Single,0
33,42884,78143,48,821,25,3,0.45,0,1,PhD,Personal,Single,0
48,37199,41787,24,486,11,7,0.12,7,0,Bachelor,Education,Single,0
61,80038,38583,24,332,24,2,0.36,3,0,PhD,Education,Single,0
23,77786,17563,60,368,5,8,0.29,7,0,High School,Personal,Single,0
34,129636,51060,48,490,15,9,0.32,7,1,High School,Personal,Single,0
53,124970,38690,36,400,17,6,0.63,3,1,Master,Personal,Single,0
52,69294,99712,48,784,18,9,0.13,3,0,Master,Medical,Married,0
37,98015,19925,24,584,22,6,0.5,4,0,Bachelor,Business,Divorced,1
53,54178,91787,48,689,2,3,0.25,6,0,Master,Personal,Single,0
53,32665,88184,24,459,28,10,0.22,5,1,Bachelor,Medical,Married,0
55,149604,25108,60,346,2,3,0.21,0,0,Bachelor,Personal,Divorced,0
32,20534,81515,60,458,4,2,0.26,5,0,Bachelor,Business,Divorced,0
31,111828,73258,60,745,2,5,0.26,2,1,Bachelor,Education,Single,0
36,56132,10355,36,822,18,13,0.21,8,0,Bachelor,Education,Single,0
38,135720,51069,36,454,26,14,0.45,2,0,Bachelor,Education,Single,0
61,56110,99335,24,638,4,4,0.08,8,1,Bachelor,Personal,Single,1
39,78754,59471,12,664,13,12,0.25,4,1,High School,Personal,Married,0
30,83580,37705,36,447,20,6,0.22,9,0,High School,Education,Single,1
46,42469,48909,24,443,15,5,0.5,7,1,Master,Personal,Married,1
61,84016,93606,48,402,27,6,0.14,8,0,High School,Medical,Single,0
35,66233,58739,60,392,24,4,0.61,8,0,High School,Business,Married,1
46,122804,81820,60,585,0,14,0.15,6,0,Bachelor,Business,Single,0
43,149863,92273,60,723,29,13,0.27,9,0,High School,Personal,Married,0
51,86708,28241,24,418,16,3,0.17,0,1,Bachelor,Medical,Married,0
41,78232,32414,60,328,10,1,0.22,7,1,High School,Education,Married,1
42,113450,55818,36,810,29,5,0.51,6,1,High School,Business,Single,1
53,106437,25895,48,329,8,6,0.34,3,0,Master,Education,Single,0
42,126311,97307,60,665,20,5,0.15,5,0,Master,Business,Single,0
56,54409,67409,24,437,3,5,0.08,9,0,High School,Business,Married,0
53,135159,60324,48,774,1,12,0.19,1,1,Bachelor,Business,Single,0
51,39324,71920,60,691,27,6,0.62,3,0,Bachelor,Business,Married,0
60,28738,58555,12,734,8,4,0.56,7,0,Bachelor,Business,Single,1
33,123030,70453,60,533,21,14,0.31,3,0,Bachelor,Personal,Single,0
62,130093,27689,36,354,24,12,0.34,9,1,High School,Personal,Married,0
39,44054,69356,48,591,4,4,0.59,3,0,Bachelor,Personal,Married,0
42,49709,98011,36,611,3,11,0.4,3,0,Bachelor,Personal,Single,0
34,129321,13252,12,847,22,13,0.58,9,1,High School,Medical,Married,0
42,105643,35844,12,388,4,8,0.35,8,1,Bachelor,Education,Married,0
29,148805,28365,36,511,23,11,0.17,1,0,Master,Home,Single,0
61,20363,11026,48,617,23,8,0.49,6,0,Bachelor,Business,Single,1
28,30358,33523,12,764,28,12,0.37,2,1,High School,Business,Married,1
44,121613,15482,12,386,17,3,0.45,3,1,Master,Education,Divorced,1
53,135233,53888,60,708,12,7,0.14,0,1,Master,Education,Single,0
32,23240,55110,24,539,4,5,0.44,2,0,Bachelor,Business,Married,0
43,92201,95644,12,356,25,5,0.28,1,1,Bachelor,Education,Divorced,0
43,65689,5493,48,412,23,12,0.25,9,0,Bachelor,Education,Married,0
64,21936,61194,48,369,18,13,0.45,6,1,High School,Medical,Single,1
46,132272,87001,60,483,22,3,0.41,5,0,Bachelor,Education,Married,0
43,111074,44767,48,575,2,2,0.44,0,0,Master,Home,Single,0
49,63965,34550,60,532,21,13,0.63,7,1,Bachelor,Home,Single,1
50,97534,18833,12,353,17,3,0.47,8,1,High School,Business,Single,1
34,20882,7970,12,556,5,7,0.43,0,0,High School,Personal,Single,0
39,40224,87681,12,389,5,3,0.42,4,1,Bachelor,Personal,Single,0
23,125227,54177,12,734,23,11,0.29,6,0,High School,Personal,Married,0
50,143750,72342,24,707,4,13,0.55,1,0,Bachelor,Personal,Divorced,0
42,139299,76200,24,568,29,2,0.28,5,1,Bachelor,Business,Single,0
36,145865,66501,12,665,0,4,0.47,7,0,High School,Personal,Single,0
48,132012,33900,48,650,7,12,0.23,7,1,Bachelor,Education,Married,0
52,143745,19126,60,598,27,5,0.14,9,0,Bachelor,Personal,Married,0
36,50825,75690,36,458,24,13,0.13,9,0,Bachelor,Business,Married,0
44,90740,92744,60,786,0,7,0.43,7,1,High School,Personal,Married,0
45,48885,84303,36,825,20,1,0.25,5,0,High School,Medical,Divorced,0
34,60056,90579,36,654,27,14,0.22,5,0,Master,Medical,Single,0
43,23203,52994,12,700,5,8,0.41,2,0,Bachelor,Business,Single,0
64,80241,72061,36,704,19,10,0.07,1,1,Master,Home,Single,0
58,22244,21978,12,395,13,3,0.2,4,1,High School,Personal,Married,0
54,118322,61344,24,691,10,14,0.25,8,0,High School,Medical,Divorced,0
24,135329,51648,48,651,1,11,0.48,3,0,Bachelor,Business,Divorced,0
40,88619,6055,36,587,20,6,0.38,4,0,Master,Business,Divorced,0
44,41584,80582,48,822,29,4,0.56,5,1,Master,Personal,Single,0
50,28521,86214,12,461,29,14,0.25,5,0,Master,Personal,Married,0
51,70017,49876,36,481,3,5,0.23,3,0,High School,Medical,Single,0
60,53541,97160,60,848,12,10,0.07,3,1,Master,Education,Divorced,0
46,49063,43725,24,381,6,12,0.62,7,1,Master,Personal,Single,1
58,90268,10255,24,823,5,6,0.35,4,0,High School,Business,Single,0
29,145234,79947,36,303,2,2,0.35,4,1,Bachelor,Personal,Married,1
63,146218,58380,24,794,8,13,0.6,8,0,Bachelor,Personal,Married,0
37,138206,58333,60,350,13,3,0.22,3,1,High School,Home,Married,1
29,84952,47459,48,560,19,8,0.25,6,1,Bachelor,Business,Single,0
22,113054,41163,60,433,10,8,0.44,4,1,Master,Business,Divorced,0
26,59563,38971,24,661,4,1,0.52,8,1,Master,Home,Married,0
24,59752,70149,48,516,13,10,0.47,7,0,PhD,Business,Married,0
22,115233,89730,60,367,18,8,0.52,7,0,Bachelor,Business,Married,0
25,22567,24476,12,442,7,11,0.4,9,1,Bachelor,Personal,Married,1
61,36121,73580,12,645,26,2,0.57,9,0,Bachelor,Education,Married,0
56,21674,91593,48,493,6,10,0.38,2,0,Bachelor,Education,Single,0
53,96411,74050,48,545,26,10,0.19,8,0,High School,Personal,Married,0
63,129876,80526,48,613,26,13,0.38,7,1,Bachelor,Education,Married,0
55,86275,12507,12,683,6,8,0.48,2,1,High School,Medical,Single,0
64,87081,75393,60,576,23,12,0.44,9,0,High School,Education,Single,0
46,49140,17118,48,371,22,10,0.2,0,0,High School,Medical,Married,0
31,145139,55529,12,428,2,5,0.07,4,0,PhD,Personal,Single,0
42,29327,73682,48,657,2,1,0.2,3,0,High School,Personal,Single,1
60,90663,96937,48,824,17,8,0.64,7,1,Bachelor,Education,Divorced,0
48,43331,59176,48,519,12,12,0.16,5,0,PhD,Personal,Single,0
48,43004,96713,12,305,0,5,0.33,9,0,Bachelor,Personal,Single,1
23,127369,9414,60,527,4,1,0.43,4,0,High School,Personal,Married,0
62,139243,88030,12,316,27,4,0.58,8,0,Bachelor,Medical,Married,0
34,30492,90973,12,311,3,13,0.51,5,0,High School,Personal,Single,0
30,74797,67137,48,798,15,1,0.6,2,1,High School,Personal,Divorced,0
57,78095,8937,36,801,14,13,0.41,5,1,Master,Personal,Married,0
43,33749,41731,36,369,28,9,0.57,3,1,High School,Medical,Single,1
63,83217,91862,36,407,26,10,0.21,4,1,Bachelor,Business,Single,1
47,109044,43665,12,500,17,2,0.31,5,1,Bachelor,Personal,Married,1
33,29045,79510,48,351,16,8,0.56,8,0,High School,Medical,Single,0
38,40116,22500,36,848,13,4,0.25,2,1,Bachelor,Medical,Divorced,0
35,38667,6750,24,558,13,9,0.57,0,1,High School,Business,Single,0
35,95057,70018,24,781,18,2,0.27,1,1,High School,Personal,Married,0
55,94205,9027,24,563,28,12,0.27,7,0,Bachelor,Education,Married,0
41,47302,10745,60,602,5,3,0.24,3,0,High School,Home,Married,0
32,31283,66731,48,424,12,2,0.38,6,0,Bachelor,Personal,Single,1
37,50935,91984,12,569,17,10,0.13,1,0,High School,Personal,Married,1
52,92534,33451,12,779,25,14,0.07,9,1,Bachelor,Personal,Single,0
27,114342,98743,48,431,14,5,0.59,7,1,Bachelor,Education,Married,0
40,51624,76474,60,301,28,11,0.61,9,1,Bachelor,Education,Married,1
58,33440,66536,48,414,22,1,0.1,8,0,Master,Personal,Single,1
25,131001,17150,60,780,26,12,0.38,6,1,Bachelor,Personal,Married,0
25,66501,18406,36,300,6,3,0.37,9,1,PhD,Home,Single,0
41,107333,24781,36,630,26,1,0.27,0,0,High School,Medical,Single,0
31,21269,62417,60,690,18,10,0.39,1,0,PhD,Home,Married,0
45,27868,23325,48,442,29,14,0.32,8,1,Bachelor,Medical,Single,0
56,50251,73684,36,627,16,8,0.34,9,1,Bachelor,Business,Divorced,0
47,97909,99415,48,676,8,12,0.5,6,1,Master,Personal,Single,0
58,104523,78469,36,389,10,4,0.37,2,1,Bachelor,Education,Married,0
59,58729,14436,48,341,4,3,0.24,4,1,Master,Business,Divorced,1
42,35734,22669,48,334,1,8,0.4,0,1,Bachelor,Business,Single,0
61,62429,77010,24,793,14,13,0.43,9,0,Bachelor,Business,Single,0
60,61337,81764,60,423,23,9,0.45,2,0,Bachelor,Home,Single,0
42,60325,6843,12,356,11,8,0.42,3,1,High School,Personal,Divorced,0
31,103600,70609,60,755,9,6,0.45,3,0,Bachelor,Personal,Married,0
59,82514,55812,48,534,9,14,0.24,6,1,PhD,Education,Single,0
25,28433,21059,48,691,19,3,0.32,4,1,Master,Medical,Single,1
41,133957,91269,60,791,10,8,0.45,8,0,Bachelor,Home,Divorced,0
38,29111,45768,48,642,9,13,0.5,6,0,Bachelor,Education,Married,0
28,123986,30395,36,475,27,5,0.31,1,1,High School,Personal,Married,0
25,83753,25202,48,351,6,5,0.27,7,0,High School,Business,Married,0
50,133783,18273,60,849,13,12,0.48,1,1,High School,Home,Married,0
35,100583,53889,60,777,12,9,0.18,6,0,High School,Business,Divorced,0
24,93620,78048,60,788,4,1,0.06,4,1,Bachelor,Education,Married,0
45,41751,98767,24,304,28,7,0.33,9,0,Master,Personal,Divorced,0
58,36453,93810,24,508,18,8,0.15,5,1,High School,Personal,Married,0
37,105844,50510,24,516,9,11,0.28,3,0,High School,Education,Single,0
25,58968,92945,24,835,7,10,0.22,4,0,High School,Medical,Single,0
45,50077,75649,24,641,17,3,0.52,4,0,High School,Home,Divorced,0
55,128582,7881,24,700,0,8,0.25,6,1,Bachelor,Medical,Single,0
51,54775,50913,24,761,4,1,0.43,3,0,High School,Education,Married,0
39,78144,89785,60,510,10,8,0.45,4,0,High School,Education,Married,0
40,68570,70037,12,325,19,7,0.32,3,1,Master,Medical,Married,0
52,66097,67457,24,551,10,4,0.1,3,1,High School,Personal,Single,0
40,44503,40343,60,302,15,11,0.47,7,0,Master,Home,Single,0
40,22779,67389,12,301,9,7,0.1,4,0,Bachelor,Business,Single,0
43,106840,83250,24,301,14,10,0.11,8,0,High School,Home,Married,0
45,20755,13656,12,449,6,14,0.17,4,0,Master,Medical,Single,1
33,59263,10741,12,303,14,11,0.22,7,1,Bachelor,Personal,Divorced,0
51,128491,21661,36,796,28,7,0.56,2,0,High School,Personal,Single,0
59,75087,33690,48,849,24,13,0.45,6,1,High School,Business,Married,0
52,62281,37833,36,767,15,10,0.28,0,1,Master,Personal,Single,0
57,71482,76240,12,369,5,13,0.64,4,0,Bachelor,Business,Married,1
40,74857,82711,60,500,10,12,0.2,1,1,Bachelor,Education,Single,0
57,142989,62141,24,607,16,1,0.42,7,0,High School,Business,Single,0
51,37400,83232,48,551,14,3,0.56,5,1,High School,Personal,Married,1
54,60115,44023,24,586,15,7,0.53,4,1,Master,Home,Divorced,1
39,34249,45209,60,591,23,11,0.1,2,1,Master,Business,Single,0
49,133183,98590,48,453,1,13,0.47,0,0,Bachelor,Medical,Single,0
32,66825,91612,36,432,3,5,0.2,9,1,High School,Personal,Married,0
54,130361,85522,12,573,18,9,0.26,9,1,PhD,Medical,Divorced,0
38,44600,19440,60,808,5,7,0.34,9,1,Bachelor,Personal,Single,0
27,57706,12960,12,652,17,3,0.52,9,1,Master,Education,Single,0
25,39222,27462,12,304,20,1,0.15,7,1,High School,Education,Single,1
41,119041,22821,24,592,10,5,0.12,4,1,Bachelor,Home,Single,0
48,124504,62772,60,659,8,14,0.14,8,0,Master,Business,Single,0
36,61139,32258,12,513,2,13,0.18,6,1,High School,Personal,Single,0
27,134919,97889,36,705,1,10,0.09,0,1,Bachelor,Medical,Married,0
35,136605,93952,48,735,17,13,0.61,0,0,Bachelor,Business,Married,0
32,61302,67524,60,314,14,5,0.24,6,1,High School,Personal,Single,1
60,114684,27115,24,572,24,7,0.16,6,1,Master,Business,Married,1
30,107838,51433,60,344,21,14,0.43,8,0,High School,Personal,Single,0
47,88159,95504,24,711,17,1,0.52,1,0,Bachelor,Personal,Single,0
37,28646,93267,48,486,18,10,0.5,6,1,PhD,Business,Single,0
26,33543,93321,36,469,14,2,0.48,1,1,PhD,Personal,Single,0
31,114496,84364,12,700,29,11,0.08,9,1,Master,Business,Married,0
24,148212,75077,60,545,16,6,0.52,9,1,Bachelor,Business,Single,1
34,42785,45644,24,342,17,8,0.35,1,0,Bachelor,Medical,Married,1
64,98353,67643,48,478,17,4,0.44,4,1,Bachelor,Home,Married,0
51,51406,18311,12,756,10,3,0.62,8,0,High School,Personal,Married,0
27,108992,35531,48,834,17,3,0.54,8,1,High School,Medical,Married,0
38,71428,19588,36,543,22,3,0.55,9,0,Bachelor,Home,Single,0
40,43777,54416,12,316,2,2,0.16,0,1,High School,Education,Single,0
63,77939,17380,12,411,12,1,0.34,6,0,Master,Home,Single,0
56,73026,47645,12,846,13,5,0.62,9,0,Bachelor,Business,Married,0
47,106450,22818,24,329,26,10,0.4,9,0,High School,Medical,Married,0
26,49553,35857,12,491,3,5,0.11,2,0,Bachelor,Education,Married,1
50,43548,26711,48,736,17,5,0.49,9,0,Master,Business,Single,0
58,83221,10097,24,478,4,4,0.08,9,1,Master,Education,Divorced,0
41,57265,33393,12,773,13,3,0.5,0,1,High School,Business,Single,0
42,145549,27076,48,433,24,12,0.58,1,1,Master,Personal,Single,0
31,60701,89274,48,611,11,3,0.31,5,0,Bachelor,Personal,Divorced,0
26,71287,62609,60,324,24,2,0.3,9,0,Bachelor,Education,Single,0
57,26727,34317,48,670,6,5,0.23,1,1,Master,Education,Divorced,0
27,130460,63480,36,824,11,4,0.58,1,0,High School,Business,Single,0
47,70717,12044,12,618,7,6,0.38,3,0,Bachelor,Business,Single,0
25,52427,76033,12,529,28,2,0.4,2,0,High School,Personal,Single,0
60,36692,60486,12,401,29,2,0.45,7,0,High School,Business,Married,0
60,51625,60162,48,749,20,8,0.23,7,1,High School,Medical,Married,0
56,44918,84287,48,677,20,6,0.31,5,1,High School,Medical,Single,0
22,126931,34882,12,502,27,3,0.49,3,1,Bachelor,Education,Single,0
45,61136,59078,24,566,2,5,0.64,6,0,High School,Home,Single,0
57,134826,63734,24,761,21,3,0.07,8,1,Bachelor,Medical,Single,0
27,134881,48826,36,664,0,11,0.08,1,0,Bachelor,Personal,Divorced,0
62,72409,92985,60,403,2,2,0.31,5,1,Master,Business,Single,0
52,35577,49028,36,410,10,3,0.45,6,1,Bachelor,Personal,Married,1
41,105155,56331,12,727,17,1,0.28,0,0,PhD,Business,Single,0
45,131776,37543,12,768,6,14,0.65,5,1,High School,Medical,Single,0
46,119246,34362,12,549,8,7,0.17,7,0,Bachelor,Personal,Married,0
57,122924,32315,60,781,3,6,0.05,6,1,High School,Medical,Married,0
42,146759,32746,48,630,22,5,0.16,1,1,Bachelor,Education,Divorced,0
51,140408,15057,60,500,23,6,0.58,1,1,Bachelor,Education,Married,1
45,101731,47915,36,753,9,8,0.14,3,1,Bachelor,Personal,Single,0
63,47689,26061,48,803,17,3,0.34,4,1,High School,Personal,Single,0
51,31154,56370,48,845,22,3,0.3,4,1,High School,Education,Married,1
43,124657,39157,36,410,15,12,0.45,1,0,Bachelor,Medical,Single,0
49,114948,16322,48,843,28,5,0.08,6,1,Master,Medical,Married,0
28,41341,74812,24,508,11,5,0.45,7,1,High School,Education,Married,0
56,117554,82842,36,332,18,14,0.26,1,0,Master,Personal,Divorced,0
49,94681,39017,36,406,23,11,0.61,3,0,High School,Personal,Married,0
35,127798,61792,24,564,21,1,0.56,2,1,Bachelor,Medical,Married,0
31,66330,32742,60,525,2,4,0.29,3,1,PhD,Personal,Single,1
37,138069,69808,60,786,7,9,0.65,4,0,High School,Education,Married,0
37,107759,22629,60,478,26,8,0.08,5,1,Bachelor,Business,Single,0
52,88416,13245,48,521,28,3,0.52,1,1,High School,Business,Married,1
63,145067,48870,24,669,18,5,0.31,9,1,Bachelor,Business,Married,0
46,106807,69829,36,466,8,5,0.31,5,0,Master,Home,Married,0
34,53313,15588,36,599,26,7,0.15,8,1,Bachelor,Medical,Married,0
27,66900,5442,36,680,18,8,0.36,7,0,PhD,Medical,Married,0
30,98840,82339,48,334,16,9,0.1,0,1,High School,Business,Single,0
57,54695,45721,48,706,12,7,0.42,8,0,Bachelor,Personal,Divorced,0
64,50225,42145,60,801,1,2,0.19,9,0,Bachelor,Home,Single,1
41,106072,15599,48,613,3,8,0.48,1,1,Master,Personal,Married,0
39,116367,77594,60,400,28,8,0.41,0,0,High School,Business,Married,0
64,69156,87742,60,514,10,11,0.5,5,0,PhD,Personal,Married,0
42,97209,82430,36,361,1,13,0.5,0,1,Bachelor,Business,Married,0
25,107453,7939,48,668,3,14,0.17,5,0,Bachelor,Business,Married,0
54,47829,27149,60,667,3,2,0.05,1,0,Bachelor,Medical,Single,0
48,100908,71567,24,393,19,13,0.27,6,0,Master,Home,Married,0
28,45938,15208,24,768,0,6,0.6,6,0,Bachelor,Business,Single,0
27,79164,71098,48,325,24,13,0.4,3,1,Bachelor,Personal,Married,0
36,74530,54492,36,734,25,10,0.49,1,1,Bachelor,Education,Single,1
39,140921,25951,36,420,10,1,0.58,6,1,Bachelor,Business,Married,0
53,88199,53920,60,349,22,11,0.59,0,0,High School,Home,Single,1
32,80282,51766,48,335,1,7,0.37,1,1,Master,Personal,Single,0
41,67801,62014,24,709,18,10,0.37,1,0,High School,Personal,Married,0
45,29465,33351,60,588,28,2,0.56,0,1,Master,Education,Married,0
36,23326,89216,60,678,7,5,0.53,8,0,Bachelor,Medical,Married,0
28,23659,54386,12,399,22,14,0.47,5,1,Bachelor,Business,Divorced,1
42,80289,92122,48,623,19,7,0.41,2,0,Bachelor,Personal,Single,0
63,47594,14308,60,628,3,10,0.42,5,0,Bachelor,Business,Single,0
47,135819,64252,24,520,24,11,0.27,6,0,Bachelor,Business,Single,0
35,24763,80145,12,409,15,9,0.55,2,0,Master,Personal,Single,0
58,108657,88211,24,448,14,14,0.42,3,1,High School,Medical,Single,0
42,30828,33064,36,705,4,1,0.18,9,0,PhD,Personal,Married,0
39,67588,58879,12,709,29,9,0.19,0,0,Bachelor,Business,Single,0
26,31221,13720,12,428,28,11,0.57,5,0,Master,Education,Single,1
24,31211,47940,60,783,26,5,0.43,5,1,High School,Personal,Married,0
44,33569,84993,36,407,4,6,0.29,8,1,High School,Medical,Single,0
47,116894,73475,60,688,14,14,0.16,1,1,Bachelor,Education,Single,0
58,57860,52113,48,724,22,8,0.42,4,0,High School,Personal,Single,0
45,91558,53926,24,746,16,11,0.16,4,0,PhD,Medical,Divorced,0
40,65337,43203,24,367,2,14,0.33,6,1,High School,Business,Single,0
46,72311,93901,60,365,17,2,0.46,4,0,High School,Education,Divorced,1
42,33515,10392,24,803,10,12,0.39,9,1,High School,Medical,Married,0
33,91695,30905,24,803,25,7,0.6,3,0,High School,Medical,Single,1
62,142006,78508,48,620,5,12,0.07,9,0,Bachelor,Business,Single,0
54,131527,55385,36,746,26,4,0.22,1,1,Bachelor,Personal,Married,0
25,126749,35653,12,509,11,9,0.08,7,0,Bachelor,Personal,Divorced,1
63,107227,96865,60,669,21,6,0.17,4,0,High School,Medical,Single,1
28,44904,89720,60,757,25,7,0.12,3,0,High School,Home,Single,0
43,79935,19799,48,462,16,11,0.49,8,1,High School,Personal,Single,1
54,63790,65103,48,631,29,6,0.27,1,0,Bachelor,Personal,Single,0
38,88580,20052,12,649,13,11,0.61,2,0,Master,Medical,Married,0
45,95148,11044,36,767,5,8,0.06,7,0,Master,Business,Married,0
55,25636,24871,60,725,9,6,0.44,3,0,PhD,Personal,Single,0
49,97129,94303,48,626,15,7,0.63,8,1,Master,Personal,Divorced,0
64,134483,25234,60,405,17,8,0.16,9,1,Bachelor,Business,Single,0
62,22892,26381,24,554,26,1,0.32,9,1,Bachelor,Home,Married,0
60,41672,22274,60,657,19,10,0.47,9,0,Master,Home,Married,0
43,25812,92840,36,743,5,12,0.43,9,1,Bachelor,Business,Single,1
38,116621,88108,36,412,18,4,0.39,8,1,High School,Home,Single,0
55,148177,54892,60,329,2,6,0.25,9,0,Bachelor,Personal,Single,0
27,20654,55521,24,823,11,1,0.49,8,0,PhD,Medical,Divorced,0
27,74633,96501,36,345,15,4,0.44,0,0,Master,Personal,Married,0
55,37143,88920,48,470,2,6,0.15,5,1,High School,Medical,Single,1
22,75934,88391,60,429,15,7,0.63,9,0,PhD,Business,Married,0
31,87334,22920,24,652,3,13,0.38,5,1,PhD,Personal,Married,0
42,123463,21702,48,502,24,6,0.37,7,0,High School,Home,Single,0
26,145851,6894,60,525,19,11,0.56,6,1,Master,Personal,Married,1
23,49087,35985,24,379,12,4,0.43,6,0,Master,Home,Married,0
43,31618,33287,48,609,3,12,0.09,1,0,High School,Personal,Single,0
23,28446,78527,36,334,3,13,0.35,3,1,Bachelor,Personal,Divorced,0
31,107182,20439,60,460,6,7,0.52,0,0,High School,Medical,Married,0
55,122127,99620,60,734,20,10,0.47,6,1,Bachelor,Education,Single,0
37,68867,47235,36,837,11,14,0.63,3,0,Master,Business,Divorced,0
60,71028,32659,12,524,1,2,0.06,8,1,Bachelor,Personal,Single,0
43,80101,29976,48,745,15,6,0.21,5,1,Bachelor,Education,Divorced,1
33,47200,87643,36,616,6,5,0.38,5,0,Master,Business,Single,1
45,115107,72865,60,713,18,2,0.42,8,0,PhD,Business,Married,0
61,108074,73306,48,394,10,9,0.21,7,0,High School,Education,Married,1
59,126091,61697,48,524,0,13,0.55,5,1,Master,Education,Single,0
31,81465,75382,12,365,8,7,0.15,5,1,High School,Home,Single,0
56,129500,21651,60,696,4,14,0.05,5,1,High School,Education,Married,0
53,106436,54044,24,509,25,3,0.62,3,1,Master,Business,Married,0
28,138422,19633,12,773,16,7,0.28,4,1,Master,Business,Single,0
42,144124,84164,12,789,26,11,0.62,2,1,Bachelor,Business,Divorced,0
41,107892,5569,24,479,0,11,0.22,8,1,High School,Personal,Married,1
47,108559,64900,24,823,16,6,0.09,1,0,High School,Business,Single,0
25,140044,72509,12,758,11,7,0.51,6,1,PhD,Medical,Married,0
43,59148,38038,48,367,24,4,0.55,0,0,High School,Medical,Married,0
36,102928,54088,36,628,12,13,0.35,9,1,High School,Education,Divorced,0
61,40698,78177,36,501,23,13,0.09,6,1,Master,Education,Single,0
42,62470,79466,12,774,10,10,0.44,1,1,Bachelor,Business,Single,0
36,112071,77216,48,817,12,13,0.16,4,0,Bachelor,Education,Single,0
43,71660,71793,24,314,12,8,0.56,0,1,High School,Medical,Divorced,0
49,73910,78786,12,341,5,8,0.21,4,1,Master,Education,Single,1
35,55450,43138,60,842,25,7,0.56,3,1,PhD,Personal,Single,0
48,76463,68310,48,588,21,13,0.31,0,0,High School,Education,Married,0
62,53757,33757,60,832,5,7,0.41,0,0,Bachelor,Education,Single,0
61,98012,75394,60,543,19,10,0.52,6,1,High School,Personal,Single,1
49,126750,84027,12,473,20,13,0.07,2,1,Master,Personal,Married,0
47,147043,95830,48,833,9,13,0.54,9,1,High School,Medical,Single,0
23,90247,61151,60,808,18,8,0.13,8,0,Bachelor,Education,Married,0
46,92015,54272,48,543,2,1,0.27,8,1,Bachelor,Medical,Single,1
24,51390,11908,36,359,25,6,0.33,9,1,Bachelor,Personal,Married,1
29,76116,15844,60,403,6,2,0.59,8,1,Master,Personal,Single,0
54,33161,56455,60,602,4,1,0.06,0,0,Bachelor,Personal,Married,0
63,52152,73447,48,376,7,12,0.39,3,1,Master,Business,Single,0
56,100171,79527,36,317,4,10,0.44,0,1,Bachelor,Business,Single,0
27,126379,82108,60,833,11,7,0.24,0,0,High School,Medical,Single,0
60,115833,48066,12,483,3,6,0.22,8,1,Bachelor,Education,Married,0
44,40836,45004,48,849,29,5,0.34,4,1,Bachelor,Home,Single,0
46,110367,43333,48,580,18,5,0.16,0,1,Bachelor,Personal,Married,0
64,86543,88029,60,587,27,9,0.33,2,0,Master,Personal,Married,0
40,75648,44697,36,824,17,9,0.51,6,0,Bachelor,Personal,Married,0
26,46331,22634,60,773,2,12,0.56,1,1,Master,Business,Single,0
32,125992,29561,24,566,6,12,0.28,3,0,Bachelor,Personal,Married,0
33,30763,23033,60,656,7,6,0.42,1,1,High School,Education,Divorced,0
31,89444,77887,24,300,14,13,0.05,8,1,High School,Personal,Single,0
29,113109,60063,12,326,20,3,0.38,8,0,Master,Personal,Single,1
45,39187,30921,48,847,26,7,0.64,6,0,High School,Business,Single,0
49,31957,24340,48,459,16,4,0.24,6,0,High School,Business,Married,0
62,24379,67781,36,698,18,5,0.41,1,1,High School,Medical,Single,0
57,47959,19901,60,842,3,7,0.51,9,1,Bachelor,Medical,Married,1
58,102018,15638,12,426,15,12,0.42,7,1,Bachelor,Personal,Married,1
42,143076,43596,24,509,25,7,0.3,0,1,High School,Medical,Single,0
29,47105,91914,36,449,12,10,0.14,7,0,Bachelor,Education,Divorced,0
30,20877,49324,12,330,28,8,0.33,4,1,Bachelor,Business,Single,1
36,68353,93356,12,601,11,1,0.23,3,0,Master,Personal,Single,0
61,103788,95596,24,556,3,5,0.47,9,1,Master,Education,Single,0
39,116870,37642,24,356,11,12,0.32,1,1,Bachelor,Personal,Single,0
63,104585,30378,48,308,16,9,0.56,2,0,Bachelor,Personal,Married,0
41,103308,55867,60,304,25,7,0.17,9,0,High School,Personal,Single,0
27,71567,78686,36,413,8,11,0.3,1,1,Master,Business,Married,1
33,77913,47875,60,504,11,12,0.38,3,0,High School,Education,Married,0
23,22637,94595,36,323,25,13,0.13,2,1,Bachelor,Medical,Single,1
28,92778,88729,12,792,14,2,0.4,4,1,Master,Education,Married,0
37,62025,69377,24,705,19,1,0.22,6,1,PhD,Home,Married,0
24,126917,59691,24,402,1,8,0.19,8,1,Master,Medical,Divorced,0
24,121187,98337,12,359,28,9,0.14,4,0,PhD,Personal,Single,0
48,119508,69303,12,385,8,10,0.26,7,0,Master,Business,Single,0
64,102464,65839,36,671,13,5,0.61,1,0,Bachelor,Business,Divorced,0
61,48742,54063,12,501,3,14,0.07,5,0,High School,Education,Single,1
59,31831,96782,36,388,3,11,0.56,7,1,PhD,Education,Single,1
54,133768,83343,60,736,26,6,0.29,8,1,Master,Education,Married,0
49,135911,88071,24,419,5,2,0.39,3,0,High School,Personal,Single,0
22,105092,10492,24,455,23,11,0.36,3,0,Bachelor,Education,Married,0
29,110879,36357,24,698,4,5,0.61,6,0,High School,Personal,Married,1
58,108370,76838,60,487,27,12,0.51,3,1,PhD,Personal,Married,0
53,146537,37314,60,351,23,4,0.64,4,0,Bachelor,Business,Married,1
64,66762,53697,48,830,16,8,0.53,1,1,High School,Education,Single,0
58,124824,75283,36,779,12,8,0.23,1,0,High School,Personal,Married,0
25,118958,64567,36,529,19,14,0.63,9,0,PhD,Business,Married,0
51,108741,52006,48,780,16,5,0.64,4,1,Bachelor,Business,Single,0
27,38830,65011,24,429,18,11,0.12,9,1,Bachelor,Personal,Single,0
40,75044,15686,36,354,26,8,0.59,9,0,Bachelor,Education,Married,1
53,93948,42449,36,570,22,6,0.45,1,0,High School,Personal,Single,0
30,89202,66606,24,399,0,10,0.6,5,1,High School,Medical,Married,0
33,57045,23891,12,368,20,6,0.6,5,1,Bachelor,Business,Single,1
32,106322,57115,12,598,16,13,0.58,7,1,Bachelor,Business,Single,0
37,137257,65719,48,828,21,13,0.58,0,1,Bachelor,Medical,Single,0
22,91051,78030,60,653,24,4,0.12,6,1,Bachelor,Medical,Married,0
42,127509,41723,36,451,2,10,0.14,6,0,High School,Medical,Married,1
51,46627,34877,36,629,26,12,0.12,8,1,PhD,Personal,Married,0
34,35198,98517,48,415,26,11,0.1,3,0,High School,Personal,Single,0
55,89521,19026,48,841,13,3,0.26,6,1,High School,Education,Single,0
25,131439,25422,36,622,11,9,0.46,5,1,High School,Business,Single,0
49,126471,14244,24,528,14,5,0.26,3,0,High School,Home,Single,0
59,49475,38481,24,659,5,10,0.48,9,0,High School,Business,Married,0
52,125752,94180,60,304,19,10,0.54,7,1,Bachelor,Business,Married,1
48,138998,63031,36,327,21,4,0.45,2,1,Bachelor,Business,Single,0
26,39403,13521,36,663,1,6,0.33,7,1,High School,Medical,Divorced,0
46,23681,6746,36,761,3,14,0.23,4,0,Bachelor,Personal,Single,0
24,111555,88127,36,530,12,4,0.12,3,0,Master,Home,Married,0
54,138884,97254,48,694,12,6,0.35,2,1,High School,Business,Single,0
25,113122,73232,12,570,22,10,0.48,9,0,Master,Medical,Single,1
46,135260,17012,36,603,26,8,0.38,6,1,High School,Business,Married,0
41,62292,85224,12,682,21,8,0.48,6,0,High School,Medical,Single,0
55,123057,28457,24,327,24,12,0.25,5,1,Bachelor,Personal,Single,0
47,125386,75572,60,818,26,6,0.09,2,1,High School,Medical,Single,0
26,122306,34960,24,498,22,1,0.51,8,1,Master,Business,Single,1
56,25629,92695,36,381,16,13,0.18,1,0,High School,Business,Married,1
49,113246,12910,24,387,5,1,0.42,2,1,Bachelor,Personal,Married,1
50,115864,7693,48,689,10,14,0.53,0,1,Bachelor,Education,Single,0
30,97814,20858,12,750,18,3,0.13,6,0,High School,Personal,Single,0
59,28417,33810,36,732,15,2,0.41,1,0,Bachelor,Personal,Married,1
27,138888,25092,48,673,7,1,0.46,9,1,Bachelor,Personal,Single,0
40,54765,93779,12,734,28,1,0.5,7,1,Bachelor,Personal,Married,0
32,94499,53700,48,486,0,12,0.14,8,1,Master,Education,Divorced,0
23,134088,63105,24,689,9,12,0.55,1,1,High School,Personal,Single,0
30,76574,35505,36,517,1,12,0.11,5,0,Bachelor,Personal,Single,0
42,122828,78228,24,407,18,6,0.36,0,1,High School,Business,Divorced,0
45,110545,33555,60,849,13,7,0.32,7,0,High School,Business,Single,1
55,148206,76934,36,648,2,8,0.18,4,1,High School,Business,Single,0
43,47675,77788,24,821,22,3,0.23,8,1,PhD,Business,Married,0
24,145609,82257,36,325,28,1,0.15,2,1,Bachelor,Business,Single,0
33,121711,22939,12,347,23,5,0.31,1,0,High School,Business,Divorced,0
49,92267,16825,36,669,8,8,0.07,6,0,High School,Medical,Single,0
51,60563,95787,36,313,22,12,0.58,6,0,High School,Personal,Married,1
47,31332,29151,12,486,7,11,0.15,9,1,High School,Medical,Married,0
42,143745,5036,24,823,10,14,0.58,4,0,Bachelor,Personal,Married,0
49,39177,98948,36,578,14,11,0.57,6,1,High School,Education,Married,1
47,109254,88707,48,640,5,4,0.32,5,1,High School,Business,Divorced,0
54,88447,44051,36,627,1,2,0.35,8,1,Bachelor,Personal,Divorced,0
42,77104,85738,24,324,0,9,0.23,2,1,Master,Education,Single,0
56,104335,78596,12,828,2,12,0.65,3,1,Bachelor,Medical,Married,0
55,134938,65071,24,725,24,13,0.45,8,1,Master,Business,Single,0
62,100730,78601,60,328,28,9,0.62,9,1,High School,Business,Married,0
39,24951,34873,36,622,22,3,0.3,7,1,Master,Personal,Single,0
32,126402,41648,36,612,17,7,0.58,9,0,High School,Home,Married,1
44,48333,76468,12,569,13,13,0.32,5,1,Master,Medical,Single,0
43,41673,31470,36,594,16,1,0.57,2,0,Master,Business,Married,0
38,134421,70129,48,522,1,8,0.13,8,1,Master,Medical,Single,0
26,60870,13328,48,374,18,8,0.43,8,1,Master,Business,Divorced,0
32,141945,11333,24,401,29,13,0.46,5,1,Bachelor,Education,Married,0
51,147536,51638,12,831,21,3,0.44,1,1,High School,Business,Married,0
36,91101,16268,60,472,27,12,0.32,6,0,Bachelor,Business,Married,0
48,42821,75603,24,303,8,5,0.46,8,0,Bachelor,Personal,Divorced,1
56,45494,22045,12,778,7,4,0.19,8,0,High School,Home,Married,1
54,119477,45741,12,694,9,7,0.41,2,0,Bachelor,Medical,Married,0
41,146083,93306,24,466,8,11,0.38,1,0,Bachelor,Medical,Single,0
37,94160,47770,24,599,26,7,0.24,4,0,High School,Business,Married,0
55,132698,12887,36,417,26,11,0.52,9,1,Bachelor,Personal,Single,0
23,131560,29918,60,811,7,8,0.1,6,1,Bachelor,Education,Single,0
56,20835,40497,48,474,6,5,0.15,2,0,High School,Medical,Married,0
61,145126,98562,36,458,21,13,0.33,3,0,Bachelor,Home,Single,1
49,38646,66009,12,683,23,11,0.59,9,0,PhD,Personal,Single,0
60,143777,16929,60,526,5,5,0.4,1,1,Master,Education,Single,0
27,97360,66762,60,337,1,8,0.56,9,1,Bachelor,Education,Single,0
30,57335,84099,24,762,28,5,0.36,1,1,High School,Personal,Single,0
41,89351,33546,60,730,8,13,0.52,6,1,High School,Business,Single,0
22,134934,83424,60,403,8,14,0.25,1,1,High School,Personal,Single,0
29,22429,42338,12,492,18,13,0.54,0,0,High School,Education,Married,0
44,61950,39283,36,549,8,1,0.29,3,1,PhD,Medical,Single,0
24,80654,87494,60,312,1,11,0.39,5,0,PhD,Medical,Divorced,0
25,127422,83170,24,687,27,3,0.16,9,1,Master,Education,Divorced,0
46,129934,89787,36,370,29,2,0.6,9,0,Bachelor,Business,Single,1
59,139975,51566,24,737,18,12,0.47,3,1,High School,Education,Single,1
36,88143,90464,60,343,15,10,0.57,0,1,Bachelor,Medical,Single,1
42,111186,86991,36,571,29,5,0.17,0,1,Bachelor,Education,Divorced,0
56,124234,97680,60,313,21,13,0.09,8,1,Bachelor,Business,Married,0
35,117889,33013,12,670,13,8,0.25,0,1,Bachelor,Home,Married,0
57,122326,57132,36,411,19,9,0.36,6,0,Bachelor,Medical,Divorced,0
33,97527,92412,24,678,23,9,0.53,6,1,Master,Medical,Divorced,0
38,106704,97498,12,613,0,1,0.29,0,1,Bachelor,Home,Married,0
60,51099,33084,48,714,12,1,0.21,0,1,Master,Business,Married,0
30,59385,26143,24,784,21,1,0.27,5,1,High School,Medical,Divorced,0
56,55919,96627,60,468,1,1,0.47,7,1,Bachelor,Education,Divorced,0
34,116952,19179,24,545,21,9,0.25,6,1,High School,Personal,Single,0
36,80782,63726,48,565,13,1,0.64,5,1,High School,Education,Divorced,0
39,91116,15222,24,542,0,7,0.15,9,1,High School,Business,Married,1
54,92590,64965,12,599,14,6,0.5,2,1,High School,Personal,Single,1
27,109626,69068,24,626,17,9,0.4,6,0,PhD,Home,Married,0
48,60387,28949,36,829,8,11,0.19,5,0,Bachelor,Personal,Married,0
44,35823,21116,48,641,21,9,0.5,7,1,Master,Home,Single,0
48,66015,56052,24,548,7,4,0.32,3,1,High School,Personal,Married,0
55,122877,56369,48,679,6,9,0.46,8,1,High School,Business,Single,1
59,35339,53817,12,831,8,14,0.45,0,1,Bachelor,Business,Divorced,0
35,149949,88203,36,680,8,13,0.12,6,1,High School,Education,Single,0
57,23491,79311,60,341,10,14,0.55,8,0,Bachelor,Personal,Single,1
29,20706,34655,24,644,3,6,0.46,9,1,Bachelor,Home,Divorced,0
56,117493,62802,12,560,6,5,0.52,0,0,Master,Education,Single,1
40,35728,52632,48,605,20,9,0.32,9,1,Bachelor,Medical,Married,0
51,26997,19193,48,539,6,7,0.17,2,1,Bachelor,Personal,Single,1
35,123537,85212,12,612,3,9,0.25,6,1,High School,Business,Divorced,0
41,80408,35776,24,740,11,5,0.59,8,1,Bachelor,Home,Single,0
46,78097,48225,60,432,25,4,0.61,0,0,Bachelor,Personal,Single,0
61,149526,65010,24,350,26,10,0.34,5,0,Bachelor,Personal,Divorced,0
45,58523,87735,36,691,26,3,0.23,1,0,High School,Business,Single,0
35,141648,70451,24,822,16,5,0.49,4,0,Bachelor,Home,Divorced,0
47,45163,53812,36,807,19,9,0.51,6,0,PhD,Business,Married,0
59,37718,85602,48,653,28,3,0.54,6,1,High School,Business,Single,0
44,107508,23895,36,694,25,1,0.07,9,1,Master,Education,Married,0
43,103767,70782,60,395,2,2,0.06,6,0,Bachelor,Home,Single,0
40,59619,26209,12,405,8,10,0.26,3,1,Bachelor,Personal,Single,0
24,32126,87336,36,812,4,5,0.14,5,1,PhD,Personal,Single,0
63,109131,66807,24,541,19,3,0.53,9,1,Bachelor,Personal,Married,1
40,84926,28086,36,787,15,6,0.37,5,0,Master,Personal,Divorced,0
30,60633,90637,48,814,7,11,0.55,6,0,Bachelor,Business,Single,0
49,97654,87027,36,360,20,8,0.16,8,0,High School,Personal,Single,0
41,23317,32207,60,715,15,6,0.43,5,0,Bachelor,Business,Married,0
28,64980,25897,36,593,18,10,0.4,9,1,Master,Business,Single,0
35,64115,68083,60,601,15,9,0.25,0,1,Master,Business,Married,0
30,81646,71957,24,469,17,6,0.36,7,1,High School,Home,Married,0
40,63158,83506,48,340,14,14,0.4,1,1,High School,Personal,Divorced,0
35,75963,12283,12,530,23,5,0.58,2,1,Bachelor,Business,Married,0
59,67631,99024,24,708,27,4,0.08,4,1,Bachelor,Personal,Single,0
57,69316,86481,24,596,17,2,0.54,5,0,High School,Business,Married,0
61,125364,5255,12,754,13,6,0.64,6,1,High School,Education,Married,0
38,79342,81555,36,356,23,2,0.49,3,1,Master,Medical,Married,1
51,35504,20487,36,539,15,5,0.49,2,1,Bachelor,Business,Single,0
30,88593,24346,36,475,4,1,0.18,8,1,Master,Medical,Married,1
54,46660,40050,48,362,7,3,0.36,3,1,PhD,Medical,Married,0
46,57196,13744,24,437,15,10,0.47,8,0,High School,Personal,Single,1
35,85938,29756,60,753,20,5,0.41,8,1,Master,Personal,Single,0
32,28605,66596,12,748,0,13,0.28,2,1,Bachelor,Education,Married,0
56,77388,88397,24,525,27,13,0.61,2,0,PhD,Home,Single,0
62,101297,30146,36,742,28,7,0.36,7,0,High School,Business,Single,0
35,75501,60032,12,505,10,8,0.63,0,1,High School,Personal,Single,0
51,73309,47687,60,326,29,7,0.39,5,1,Bachelor,Medical,Single,0
62,47043,51103,24,756,10,7,0.53,5,0,Master,Personal,Single,1
25,53635,26976,24,406,1,11,0.5,8,1,Master,Education,Married,0
25,99315,67863,48,743,29,2,0.45,1,0,Bachelor,Personal,Divorced,0
49,100691,5591,24,335,21,6,0.06,7,0,Bachelor,Personal,Married,0
29,126514,11277,24,454,18,5,0.1,6,0,Bachelor,Business,Single,0
23,53132,66860,60,468,23,11,0.4,1,1,Master,Education,Married,1
62,109387,7260,60,571,4,9,0.6,0,0,Master,Personal,Single,0
43,35366,70883,12,846,2,12,0.41,3,0,Bachelor,Medical,Single,0
62,113944,29741,36,719,27,10,0.19,1,1,High School,Personal,Single,0
37,92107,42211,60,483,25,11,0.24,2,0,Bachelor,Business,Married,0
50,82580,46542,12,536,22,4,0.42,1,0,Bachelor,Business,Married,0
51,135267,11869,24,808,29,12,0.41,8,1,PhD,Medical,Divorced,0
33,142362,98618,12,740,7,7,0.62,3,1,Bachelor,Medical,Married,0
56,77889,92616,12,421,3,11,0.37,0,1,Bachelor,Personal,Married,0
32,99553,69732,12,716,28,8,0.26,7,1,PhD,Personal,Single,0
42,59236,99515,12,834,12,14,0.36,3,1,High School,Medical,Married,0
42,24150,24422,60,674,26,6,0.52,9,1,High School,Business,Divorced,0
26,131369,40613,36,625,24,3,0.37,7,1,Bachelor,Business,Single,0
41,39423,62016,12,779,21,11,0.25,7,1,High School,Personal,Single,0
58,24137,65110,48,449,13,5,0.25,8,1,High School,Home,Single,0
24,49992,93529,24,789,0,1,0.5,9,1,Master,Home,Married,0
54,130540,82922,24,452,4,14,0.09,6,1,Bachelor,Personal,Married,0
30,114438,39033,24,316,20,13,0.21,3,1,High School,Education,Married,0
30,135140,50213,24,647,6,8,0.14,1,1,High School,Medical,Married,0
25,64921,66993,24,758,22,12,0.62,5,1,High School,Business,Married,1
56,141225,17938,12,501,5,12,0.1,3,0,Bachelor,Business,Married,0
38,99369,81695,36,722,14,12,0.5,5,1,High School,Business,Divorced,1
55,86917,7274,48,579,14,11,0.43,7,1,Master,Personal,Divorced,0
45,93690,89390,60,721,7,2,0.43,2,0,Bachelor,Medical,Single,0
53,54235,36815,48,764,1,13,0.51,0,0,High School,Business,Married,0
22,98975,81018,60,654,13,10,0.29,4,0,High School,Business,Married,0
29,39122,23961,60,677,28,7,0.29,2,1,Bachelor,Personal,Single,0
44,43956,25044,48,423,15,9,0.22,5,0,High School,Medical,Married,0
61,83879,26975,12,379,28,1,0.41,2,1,Bachelor,Medical,Single,0
33,78560,19706,24,532,22,13,0.61,0,1,Master,Education,Married,0
33,141435,10974,12,779,9,4,0.6,8,0,Bachelor,Home,Single,0
36,102800,81464,24,453,14,7,0.47,4,0,High School,Personal,Married,0
62,130310,26213,36,708,22,14,0.59,1,0,Master,Medical,Single,0
40,88685,6950,60,330,3,9,0.63,1,1,High School,Education,Single,1
47,44660,90013,48,802,11,2,0.53,8,0,High School,Personal,Single,1
50,148029,15411,36,670,9,2,0.29,0,0,High School,Personal,Single,0
43,126196,92231,24,622,1,6,0.34,9,0,PhD,Business,Divorced,0
61,106064,51156,12,631,3,3,0.61,2,0,PhD,Medical,Single,0
42,134440,67744,48,542,19,4,0.45,9,0,High School,Medical,Married,1
59,21168,22771,60,729,27,3,0.54,6,0,Bachelor,Education,Married,1
41,65124,74810,36,481,27,13,0.12,0,0,High School,Personal,Single,0
50,55897,40053,60,772,5,1,0.17,1,0,Bachelor,Home,Single,0
25,35032,57076,24,675,13,14,0.26,5,1,High School,Business,Single,1
28,72797,12045,60,380,22,14,0.16,8,0,High School,Education,Married,0
49,55294,62623,12,849,2,6,0.59,8,1,Master,Medical,Divorced,0
49,63827,34714,36,719,14,11,0.18,7,0,High School,Personal,Married,0
25,23516,39386,36,766,25,11,0.38,2,1,High School,Education,Divorced,0
43,39751,13562,12,727,0,13,0.1,1,1,Master,Personal,Married,0
33,50373,60048,60,356,18,2,0.14,0,1,Master,Personal,Divorced,0
24,142026,98295,12,621,24,2,0.2,8,0,Bachelor,Education,Single,0
43,50270,17026,48,841,0,7,0.64,4,1,Master,Personal,Married,1
23,30386,36589,12,794,12,5,0.53,2,1,Bachelor,Business,Single,0
45,121859,31844,60,565,7,8,0.45,9,0,High School,Personal,Single,1
55,84817,28447,12,526,17,14,0.6,9,0,High School,Business,Married,1
48,85184,95415,24,353,21,2,0.62,4,1,High School,Personal,Single,1
62,134316,82502,12,303,2,13,0.32,2,0,High School,Medical,Married,0
22,99693,88268,12,738,22,10,0.25,8,0,Bachelor,Personal,Married,0
29,57879,59708,60,609,17,8,0.24,0,0,High School,Medical,Single,0
44,125056,68925,48,388,19,7,0.07,0,1,Bachelor,Education,Single,0
59,69597,75825,48,619,25,13,0.22,2,1,High School,Business,Single,0
27,59132,56574,60,674,8,10,0.26,5,0,Bachelor,Medical,Divorced,0
43,23626,90548,60,800,5,14,0.07,1,1,Bachelor,Personal,Married,0
46,105936,23812,60,533,19,8,0.58,0,0,Bachelor,Personal,Married,0
39,122179,60309,24,636,1,11,0.56,7,0,High School,Personal,Single,1
38,123801,69230,36,484,25,3,0.2,9,0,PhD,Business,Single,0
33,101515,46628,12,737,29,8,0.53,8,0,Bachelor,Home,Single,0
27,97065,45581,60,479,24,6,0.53,9,0,Bachelor,Personal,Married,1
47,75390,51628,60,375,3,2,0.25,0,1,Bachelor,Medical,Single,0
48,36645,93628,60,571,24,6,0.47,2,0,Bachelor,Education,Married,1
29,111960,30105,48,354,29,5,0.22,4,1,High School,Personal,Married,1
40,74144,84830,60,376,17,3,0.09,6,0,High School,Home,Single,0
63,33382,74157,12,595,6,1,0.35,9,0,Bachelor,Home,Married,0
22,24025,37442,60,518,26,7,0.31,3,1,Bachelor,Home,Married,0
50,63226,92235,12,576,10,2,0.13,5,1,High School,Business,Single,0
56,99380,7347,24,565,4,1,0.34,0,1,High School,Personal,Married,0
61,142971,52650,36,342,7,1,0.62,3,1,High School,Business,Married,1
35,138910,22110,48,660,10,7,0.49,7,0,Master,Education,Single,1
56,89711,67170,12,527,29,12,0.49,4,0,High School,Business,Single,0
41,116055,9923,24,526,23,1,0.5,7,1,High School,Education,Single,0
34,146189,56801,36,362,29,9,0.5,0,1,Bachelor,Medical,Divorced,0
59,94710,67771,36,470,29,6,0.06,9,1,Bachelor,Personal,Single,0
29,23443,86147,36,606,19,4,0.6,8,1,Bachelor,Business,Single,1
64,41395,53135,12,333,28,12,0.55,3,1,Bachelor,Home,Single,0
41,30725,24199,24,429,19,4,0.21,8,1,Bachelor,Personal,Single,0
54,53461,14066,60,693,14,13,0.38,7,1,Master,Business,Single,0
47,147000,57136,24,450,23,12,0.42,7,1,High School,Personal,Married,0
60,61115,97290,24,683,2,14,0.13,1,0,Bachelor,Business,Single,1
42,130084,41575,24,316,6,5,0.2,2,0,PhD,Business,Married,0
63,116887,94796,12,313,23,2,0.06,9,1,High School,Personal,Divorced,1
64,103732,51733,12,380,7,5,0.57,8,0,High School,Personal,Married,1
62,132145,21991,12,506,10,2,0.06,2,1,High School,Education,Divorced,1
30,99790,27553,24,503,9,12,0.24,7,0,High School,Business,Married,1
45,99557,94710,12,678,19,4,0.1,4,1,High School,Personal,Married,0
58,131672,92493,36,843,8,10,0.52,6,0,High School,Medical,Single,1
62,91260,5634,12,322,14,11,0.6,3,1,High School,Education,Single,1
38,48690,17771,48,461,25,14,0.39,7,0,Bachelor,Personal,Single,1
45,21407,23298,12,443,19,5,0.13,3,0,High School,Medical,Single,0
42,93568,84876,12,403,23,6,0.38,4,1,Master,Personal,Married,0
60,78560,40999,12,681,21,6,0.51,0,0,Master,Personal,Single,0
62,67340,76887,12,754,4,9,0.48,9,0,Bachelor,Medical,Single,1
60,37794,64648,48,716,14,4,0.5,7,0,PhD,Personal,Divorced,0
34,39881,67668,60,623,3,13,0.22,6,0,Bachelor,Medical,Married,0
32,106292,74374,12,470,4,14,0.09,4,1,Bachelor,Medical,Married,0
40,125698,72509,36,573,28,5,0.14,5,1,High School,Business,Single,0
32,114952,80783,48,751,14,6,0.62,0,1,Master,Personal,Divorced,0
34,69703,49440,60,424,26,4,0.42,7,0,PhD,Personal,Single,0
22,64354,36655,12,682,16,6,0.49,8,1,High School,Personal,Married,0
61,111288,48039,60,616,22,2,0.59,4,0,Bachelor,Medical,Married,0
40,98462,60255,36,406,7,12,0.56,9,0,Bachelor,Business,Married,0
33,139020,77219,48,762,27,13,0.18,6,0,High School,Personal,Divorced,0
29,119301,59989,48,729,24,7,0.08,9,1,Bachelor,Education,Single,0
29,138764,16244,60,636,28,3,0.61,3,1,High School,Personal,Married,1
33,34390,99594,12,795,18,14,0.64,5,0,High School,Personal,Married,1
54,124403,63595,24,661,8,10,0.39,1,0,High School,Personal,Married,0
47,107475,44551,48,731,9,4,0.58,3,1,Bachelor,Medical,Divorced,0
60,47307,68230,24,819,4,9,0.19,4,0,Bachelor,Personal,Married,0
49,116364,33371,48,705,9,12,0.12,8,0,Master,Business,Married,0
26,114049,74358,12,676,21,13,0.35,8,1,Bachelor,Personal,Single,0
29,138740,33878,12,451,0,5,0.54,7,1,High School,Education,Married,0
46,139991,41157,48,621,24,9,0.44,3,0,High School,Business,Married,0
48,44502,10914,60,513,24,10,0.43,5,1,Master,Personal,Divorced,1
44,115599,88700,12,364,21,13,0.06,6,0,Bachelor,Business,Divorced,1
51,42486,32180,12,569,23,10,0.24,0,0,Bachelor,Education,Single,0
44,131813,8688,36,836,3,10,0.61,0,1,High School,Personal,Married,0
41,58258,85219,12,399,20,12,0.13,3,0,Bachelor,Medical,Divorced,1
39,77716,83616,36,404,4,10,0.49,2,1,High School,Business,Married,0
39,117228,14916,12,430,22,6,0.51,9,1,High School,Education,Married,1
23,123920,61363,12,688,6,8,0.49,3,1,Master,Education,Single,0
25,101494,32360,60,620,22,5,0.64,8,0,Bachelor,Medical,Single,0
51,120552,42805,60,737,4,5,0.3,1,1,High School,Business,Married,0
54,102768,18453,12,318,19,3,0.46,3,0,Master,Personal,Married,0
57,30748,27703,48,524,7,7,0.17,6,0,Bachelor,Medical,Married,0
39,82785,64021,48,759,16,2,0.29,1,1,High School,Medical,Single,0
58,96050,79176,12,693,0,11,0.34,7,0,PhD,Home,Married,0
40,42738,99799,48,525,21,12,0.18,9,1,High School,Personal,Divorced,0
49,94231,86614,12,659,17,3,0.59,3,1,Master,Education,Married,0
61,93606,93919,60,729,11,2,0.48,8,1,Master,Business,Divorced,0
41,113301,86072,24,314,2,13,0.22,0,0,High School,Education,Single,0
54,61662,12410,36,845,19,8,0.13,6,1,Bachelor,Home,Divorced,0
33,138313,86462,48,713,13,4,0.22,0,1,High School,Business,Married,0
36,116297,53268,48,654,15,10,0.42,9,1,Bachelor,Education,Divorced,0
62,102234,39248,60,756,17,8,0.55,8,0,Bachelor,Business,Married,0
60,35123,36159,48,830,9,8,0.35,9,0,High School,Personal,Single,0
23,120680,47039,12,495,22,8,0.11,9,1,High School,Business,Divorced,1
50,45616,52800,12,414,14,8,0.2,0,1,Bachelor,Personal,Married,0
62,122682,45761,24,716,9,8,0.26,2,1,Bachelor,Personal,Single,0
31,31182,99626,24,651,0,12,0.43,6,0,Bachelor,Personal,Single,0
23,110369,91103,24,374,18,9,0.2,0,0,Master,Business,Single,0
32,118878,48663,12,335,1,2,0.19,4,0,Bachelor,Business,Married,0
34,82013,85903,24,541,12,9,0.22,5,1,Master,Medical,Married,0
31,51331,45412,24,362,24,8,0.41,2,0,High School,Business,Married,0
35,66098,40367,12,808,15,11,0.35,5,1,Bachelor,Business,Single,0
39,46128,10813,60,487,7,10,0.55,3,0,Bachelor,Personal,Married,1
30,51556,64894,48,392,2,1,0.47,5,1,PhD,Medical,Single,1
60,147398,56444,36,304,20,14,0.45,5,0,Bachelor,Personal,Married,0
49,107505,39269,12,737,18,5,0.14,3,0,PhD,Home,Divorced,0
24,41876,66748,12,465,13,11,0.08,0,0,Master,Business,Divorced,1
41,28949,46190,36,745,10,2,0.36,2,0,Bachelor,Personal,Single,0
27,71962,45318,36,324,28,10,0.09,9,1,Bachelor,Business,Married,0
48,110054,42018,24,807,11,5,0.27,6,1,Bachelor,Personal,Married,0
23,143984,44759,36,397,10,13,0.07,1,1,Bachelor,Personal,Single,0
50,91206,21498,48,567,27,8,0.16,3,0,High School,Business,Divorced,0
59,44099,30989,48,692,10,9,0.12,5,1,Master,Education,Married,0
24,124871,30568,48,584,21,9,0.53,4,0,Master,Personal,Married,0
37,32716,71577,48,408,20,1,0.26,5,0,Master,Education,Married,0
51,72611,35099,48,326,26,7,0.1,4,0,Bachelor,Medical,Single,1
61,58885,94900,24,354,17,12,0.21,8,1,High School,Education,Single,0
23,73144,45639,12,432,29,11,0.46,1,0,Bachelor,Personal,Single,1
38,85220,28482,36,351,9,8,0.5,3,0,Bachelor,Personal,Single,1
62,27837,74212,12,792,15,10,0.12,0,0,Master,Personal,Single,0
33,69355,60261,36,597,7,3,0.52,6,0,Master,Education,Divorced,0
56,67299,92317,24,698,5,13,0.27,0,1,High School,Education,Married,0
64,39159,35048,24,317,29,6,0.46,5,1,Bachelor,Business,Divorced,0
22,145212,8065,60,545,18,11,0.45,9,1,Bachelor,Personal,Married,0
36,136680,7036,60,802,12,3,0.53,9,1,Bachelor,Personal,Married,0
47,136931,40814,24,388,14,9,0.47,8,1,Bachelor,Medical,Single,1
58,126802,64694,24,502,12,13,0.07,1,0,High School,Business,Married,0
42,136375,21924,36,539,0,3,0.36,0,1,High School,Home,Single,1
52,122413,65204,24,789,20,2,0.15,9,1,Master,Home,Single,0
46,71012,37844,12,312,27,9,0.63,2,1,High School,Medical,Married,0
44,79305,86943,36,614,26,11,0.2,5,1,Master,Personal,Married,1
45,107096,26518,24,497,1,13,0.3,6,1,Bachelor,Personal,Single,0
59,37106,22059,36,542,12,14,0.17,7,0,PhD,Personal,Single,0
49,78123,28052,36,806,1,8,0.13,3,1,PhD,Home,Single,0
42,131825,74803,48,342,24,8,0.41,7,0,Bachelor,Business,Married,0
64,28720,76524,60,629,10,2,0.35,6,1,Bachelor,Education,Divorced,0
39,57661,98510,36,728,12,6,0.27,7,0,Bachelor,Home,Married,0
57,135031,94572,36,461,9,13,0.1,4,0,High School,Medical,Married,1
56,113898,13680,48,734,22,13,0.49,9,1,High School,Education,Married,0
30,113794,72021,24,532,21,5,0.05,6,1,Bachelor,Personal,Single,0
59,107318,85249,36,410,14,14,0.32,3,1,Master,Personal,Married,0
51,126704,25043,48,531,28,12,0.43,0,0,High School,Business,Single,0
55,41120,7419,12,572,0,2,0.31,2,0,Bachelor,Home,Single,1
53,39790,61892,48,340,13,5,0.13,9,1,Bachelor,Home,Married,0
24,78655,22140,60,765,9,4,0.52,8,0,Master,Personal,Divorced,1
24,79643,48484,60,376,17,9,0.24,3,1,High School,Personal,Married,1
49,113448,68869,24,789,10,12,0.13,4,0,High School,Education,Divorced,0
36,67374,50210,24,416,6,1,0.38,2,1,Master,Business,Married,0
62,62907,62600,60,733,14,6,0.06,5,0,High School,Personal,Single,0
44,70071,83497,60,318,2,7,0.24,3,1,Bachelor,Business,Married,0
61,140507,11487,36,495,1,12,0.5,4,0,Bachelor,Home,Divorced,0
32,54812,65692,60,750,21,6,0.6,6,0,Bachelor,Home,Married,1
53,69570,67112,24,724,7,5,0.41,6,1,Bachelor,Education,Married,0
57,70901,36110,60,693,7,12,0.18,8,0,Master,Education,Married,0
54,80186,21360,24,583,10,4,0.18,1,0,High School,Personal,Married,0
45,142066,54410,12,333,15,5,0.41,3,1,High School,Education,Single,0
60,148364,95418,60,594,1,9,0.29,7,1,Bachelor,Personal,Single,1
55,70251,88038,24,550,21,5,0.16,3,1,Bachelor,Personal,Single,0
49,85171,78167,48,638,27,10,0.52,2,0,Bachelor,Personal,Married,0
58,56160,8017,36,739,4,8,0.17,9,0,Master,Business,Married,0
28,39156,91261,24,479,6,7,0.24,5,1,Master,Medical,Married,1
25,96208,65124,60,527,19,4,0.09,2,0,High School,Home,Single,0
58,99980,95298,60,322,27,10,0.47,1,0,High School,Education,Married,1
22,92320,55949,12,626,12,5,0.22,8,0,High School,Education,Married,0
22,37929,63268,48,453,1,7,0.19,2,1,Master,Personal,Married,0
41,86606,71320,24,445,25,6,0.23,0,1,Bachelor,Business,Married,0
40,108442,98556,48,551,2,13,0.57,8,1,Bachelor,Education,Single,0
50,120154,86301,12,601,8,3,0.36,4,1,Master,Business,Divorced,0
31,82559,36127,36,369,9,10,0.14,6,0,Bachelor,Personal,Divorced,1
39,74205,8196,48,842,23,3,0.51,1,1,High School,Education,Single,0
49,130694,80088,12,392,12,2,0.18,0,1,Bachelor,Personal,Married,1
56,88475,46300,24,462,24,14,0.3,5,0,Bachelor,Personal,Single,0
64,84341,54714,36,380,20,3,0.39,4,1,Bachelor,Business,Single,1
52,115377,36921,60,362,12,11,0.4,9,0,Bachelor,Personal,Divorced,0
48,62863,9746,12,735,4,10,0.09,5,0,High School,Education,Married,0
32,101837,73535,60,347,22,13,0.55,1,0,High School,Education,Single,0
59,85439,70350,36,744,6,1,0.34,6,0,Bachelor,Personal,Married,0
26,27194,55345,12,373,16,13,0.64,0,0,Master,Home,Married,0
29,91387,54220,12,841,27,9,0.48,7,1,High School,Medical,Divorced,1
55,141361,86131,36,456,14,2,0.65,6,0,High School,Personal,Single,1
33,101914,27063,24,786,29,12,0.32,6,1,Bachelor,Education,Married,0
59,86214,76736,12,565,4,13,0.13,5,1,Bachelor,Business,Divorced,0
22,116176,93913,36,555,23,3,0.49,9,0,High School,Medical,Married,1
52,119292,83946,48,338,6,5,0.52,4,0,Bachelor,Medical,Married,0
25,49777,50971,60,354,26,10,0.56,8,1,PhD,Personal,Single,0
26,145355,8598,12,327,1,12,0.23,2,0,Bachelor,Education,Single,0
51,46183,15564,48,417,29,4,0.36,8,1,Bachelor,Medical,Married,0
45,47445,54725,12,669,23,13,0.56,4,0,Master,Business,Divorced,0
24,87038,91134,24,508,17,5,0.57,7,0,High School,Personal,Married,1
32,136477,64940,36,615,9,6,0.07,2,0,Bachelor,Personal,Married,0
25,107201,67085,12,692,0,5,0.45,6,1,Bachelor,Personal,Married,0
47,36198,22862,36,743,26,10,0.41,9,0,Bachelor,Personal,Married,0
48,41411,15265,12,558,26,1,0.1,3,0,Master,Business,Married,0
64,70577,14705,24,497,13,6,0.61,4,1,High School,Personal,Single,0
48,35867,60279,24,744,26,9,0.32,3,1,High School,Personal,Single,0
63,82501,67471,48,604,18,3,0.45,8,1,Master,Education,Single,0
27,34266,96080,24,638,15,2,0.58,6,0,High School,Home,Single,1
36,59422,84834,36,828,18,6,0.13,5,1,Bachelor,Home,Single,1
51,55208,67979,24,353,5,12,0.56,5,1,Bachelor,Personal,Married,0
63,128538,60828,12,411,11,14,0.48,9,1,PhD,Medical,Single,0
58,141544,51104,24,718,2,3,0.55,6,0,Bachelor,Home,Single,0
58,51213,45934,36,604,6,4,0.35,4,0,Bachelor,Home,Divorced,0
63,27367,11050,12,737,23,6,0.07,9,0,Bachelor,Medical,Married,0
58,144158,48952,48,384,2,12,0.45,2,1,PhD,Medical,Married,0
56,99026,91570,48,823,24,13,0.27,2,0,Master,Personal,Single,0
44,55362,13484,48,551,16,12,0.29,6,0,High School,Personal,Married,1
27,139377,67648,12,425,14,6,0.31,9,1,Master,Business,Married,0
25,71588,64945,48,704,18,12,0.35,0,0,Master,Personal,Married,0
39,58285,58678,24,603,27,2,0.45,3,0,Bachelor,Home,Married,0
30,146683,36323,12,327,18,13,0.49,9,1,Bachelor,Business,Married,0
50,145085,91332,12,565,22,13,0.52,7,1,Bachelor,Home,Divorced,0
34,94755,99605,12,351,10,3,0.45,3,1,Bachelor,Medical,Single,0
38,91846,92363,60,810,26,13,0.53,0,1,Bachelor,Business,Single,0
53,56307,40361,36,506,20,9,0.12,4,1,High School,Personal,Married,0
43,115167,15315,60,810,19,2,0.55,0,1,High School,Personal,Married,0
25,100280,52968,60,500,1,3,0.28,8,1,High School,Education,Single,0
26,39867,31519,60,583,6,9,0.37,7,1,Master,Medical,Married,0
58,76523,14107,36,656,18,4,0.31,6,0,Bachelor,Home,Married,1
62,104161,60781,60,346,6,1,0.34,4,0,Bachelor,Personal,Married,0
34,26378,8869,48,436,9,11,0.22,3,0,Master,Personal,Married,0
55,104685,85983,12,429,11,13,0.15,6,0,Bachelor,Personal,Married,0
43,127669,32370,12,494,22,2,0.11,2,0,Master,Personal,Divorced,0
44,96958,67695,24,663,26,3,0.32,7,1,High School,Medical,Single,0
24,47926,65422,48,731,17,9,0.13,4,1,Bachelor,Personal,Single,0
63,123215,12971,36,368,22,9,0.2,4,1,Bachelor,Business,Single,0
55,118707,30651,12,757,5,11,0.13,0,0,High School,Business,Divorced,0
53,33180,61974,60,839,25,6,0.12,9,0,High School,Business,Married,1
42,112837,28446,24,634,19,14,0.58,7,1,Bachelor,Education,Divorced,0
42,138070,43108,24,825,26,11,0.45,6,1,Master,Business,Divorced,0
32,56931,80179,12,315,20,6,0.6,0,0,Bachelor,Business,Married,0
60,44014,8823,48,755,27,3,0.44,3,0,Bachelor,Education,Single,0
25,134775,18454,24,809,7,5,0.56,3,1,Bachelor,Personal,Single,0
22,116472,8932,12,508,4,11,0.38,8,0,High School,Education,Single,0
49,99872,15220,48,457,2,4,0.33,9,0,Master,Home,Married,0
45,78502,79090,12,636,1,10,0.37,1,1,High School,Education,Single,0
56,107736,72965,12,540,21,10,0.24,3,1,Bachelor,Business,Married,0
34,25470,33208,48,357,5,12,0.44,9,0,High School,Education,Single,0
55,116395,77980,48,604,6,9,0.59,2,1,Bachelor,Medical,Single,1
32,34953,15510,48,644,7,9,0.52,9,1,Master,Business,Single,0
57,124580,49045,12,313,3,1,0.33,4,0,PhD,Education,Married,0
38,58507,15537,24,658,11,8,0.62,6,0,Bachelor,Business,Single,0
56,138961,77683,36,676,23,9,0.64,4,1,High School,Medical,Married,1
39,112969,74134,36,542,11,5,0.35,4,0,High School,Personal,Married,0
61,111493,77254,12,444,16,4,0.57,3,1,High School,Home,Divorced,0
43,26523,18782,12,714,21,10,0.05,8,1,Bachelor,Education,Divorced,0
45,106923,70587,24,693,21,4,0.09,5,0,Bachelor,Business,Married,0
40,77190,87238,48,657,18,2,0.06,9,1,Master,Business,Married,0
58,67761,80720,12,457,8,9,0.51,5,0,Bachelor,Business,Single,0
60,51169,83004,60,317,11,5,0.1,5,0,High School,Personal,Married,0
42,65641,27072,48,646,27,11,0.06,5,0,Master,Personal,Married,0
29,42990,86015,12,357,20,3,0.14,0,0,Master,Business,Single,0
49,49661,99003,60,454,16,6,0.23,5,1,Bachelor,Business,Married,0
26,33419,93938,24,786,22,9,0.33,3,1,Master,Business,Single,0
38,34457,77746,60,830,9,9,0.09,1,1,Master,Personal,Single,1
58,87600,50702,12,786,29,12,0.35,5,0,Bachelor,Education,Single,0
57,123619,11057,36,450,18,13,0.2,0,1,Master,Personal,Divorced,1
40,96102,35916,12,658,25,5,0.21,0,1,Bachelor,Personal,Single,0
48,53085,32268,36,667,25,8,0.54,4,0,Bachelor,Personal,Single,0
55,117064,48978,24,346,10,4,0.64,5,0,Bachelor,Business,Divorced,0
32,70654,28259,24,506,19,5,0.33,1,1,Master,Personal,Single,1
33,26130,58583,48,749,21,7,0.24,9,1,High School,Personal,Divorced,0
42,125723,84400,48,782,23,7,0.61,7,0,Bachelor,Business,Divorced,0
32,22042,39293,36,442,12,13,0.35,3,0,Bachelor,Personal,Married,0
60,90134,12043,36,699,3,7,0.49,3,0,Bachelor,Business,Married,0
49,62982,55430,24,396,14,8,0.3,9,1,Bachelor,Business,Divorced,1
26,118422,43893,60,346,11,11,0.17,4,1,Bachelor,Medical,Married,1
38,85185,45642,36,490,24,5,0.44,9,0,High School,Medical,Single,0
41,53477,83065,36,439,23,1,0.45,3,0,Master,Home,Divorced,0
62,134161,35868,60,530,25,11,0.33,4,1,Bachelor,Business,Single,1
33,72709,31309,48,639,9,9,0.21,9,0,Master,Education,Single,0
27,48716,28284,48,790,21,9,0.55,2,0,High School,Home,Divorced,0
38,98137,74000,36,348,6,7,0.22,7,0,Bachelor,Business,Single,0
40,56018,89179,48,752,23,12,0.45,5,1,Bachelor,Education,Married,0
47,28061,67107,48,615,1,6,0.28,7,1,Bachelor,Business,Married,1
53,28609,70049,48,621,20,13,0.33,4,0,Master,Business,Married,0
27,55371,34265,24,386,28,13,0.18,6,1,High School,Personal,Single,0
57,130350,86490,12,773,6,5,0.44,9,0,Bachelor,Medical,Married,0
59,103021,28880,36,581,7,5,0.19,6,1,Bachelor,Home,Single,0
32,40805,89579,36,373,20,3,0.34,5,1,Bachelor,Personal,Single,0
54,27857,5255,24,752,18,10,0.25,9,0,Bachelor,Medical,Single,0
45,31620,6502,12,346,5,1,0.63,3,0,High School,Personal,Single,0
44,28177,75192,12,395,20,6,0.64,5,1,Bachelor,Personal,Divorced,1
36,50111,70424,24,330,7,8,0.5,8,1,High School,Education,Married,1
48,140770,80838,60,833,24,14,0.64,3,0,Bachelor,Personal,Married,0
32,108578,75966,60,316,24,2,0.12,5,0,High School,Business,Married,1
38,104181,46366,12,511,27,8,0.65,5,0,Bachelor,Personal,Divorced,0
35,109941,32425,60,534,27,8,0.11,2,0,Bachelor,Education,Married,1
48,147049,57328,60,691,21,10,0.3,3,0,Master,Business,Married,0
39,31826,72396,60,653,19,8,0.19,2,1,Bachelor,Home,Single,0
49,33890,76694,12,604,3,10,0.62,2,0,High School,Education,Married,1
25,102428,10806,60,849,24,3,0.43,9,0,Bachelor,Personal,Single,0
28,137067,91274,36,839,19,10,0.41,3,0,Bachelor,Business,Married,0
56,146044,22106,12,808,23,8,0.65,3,1,High School,Home,Single,0
30,78031,61731,24,694,8,11,0.42,5,1,Bachelor,Education,Married,0
29,139440,80010,60,730,4,12,0.44,3,1,Bachelor,Education,Single,0
38,132134,87533,48,476,28,12,0.08,5,0,High School,Education,Married,1
38,95020,37599,12,705,5,14,0.57,1,0,High School,Business,Married,0
54,25495,76326,24,600,18,4,0.63,3,1,High School,Education,Single,1
53,48481,80706,36,744,11,3,0.63,1,1,Bachelor,Medical,Single,0
29,31267,14004,24,426,4,11,0.18,7,0,High School,Personal,Single,1
40,137897,56364,60,648,4,9,0.19,8,1,Bachelor,Home,Married,0
59,125702,30792,48,320,29,8,0.27,6,1,High School,Personal,Married,0
24,26743,69912,60,719,17,10,0.24,5,0,Bachelor,Business,Married,0
26,74800,59645,24,451,25,13,0.23,7,1,High School,Personal,Married,0
34,123475,12232,12,459,5,13,0.41,3,0,Bachelor,Education,Married,0
52,68773,83210,48,779,8,2,0.53,9,1,Master,Business,Married,0
37,77042,59766,48,742,10,13,0.61,1,1,Bachelor,Personal,Single,0
53,69476,86588,24,395,22,13,0.09,3,0,Bachelor,Home,Married,0
43,147967,53542,60,651,13,13,0.22,4,1,Bachelor,Business,Single,0
50,112105,10913,24,374,23,14,0.2,8,0,High School,Business,Married,0
43,48552,98449,48,658,1,8,0.26,4,1,High School,Business,Married,0
64,85242,15567,24,432,26,11,0.3,8,1,High School,Personal,Married,0
24,65772,43379,48,699,28,11,0.28,8,0,High School,Business,Single,0
31,63730,79968,60,438,13,3,0.62,7,0,High School,Business,Single,0
63,48948,5319,12,545,24,10,0.31,4,1,Bachelor,Business,Single,0
42,96311,95005,12,590,18,12,0.38,1,0,High School,Medical,Married,0
37,89093,97026,24,411,9,14,0.5,4,0,PhD,Personal,Married,0
33,89123,91120,48,469,4,6,0.49,0,0,Master,Education,Single,0
23,36535,9791,12,539,29,5,0.4,7,0,PhD,Personal,Married,0
62,86490,5329,48,636,22,8,0.57,1,1,High School,Business,Single,0
45,66562,79387,60,437,3,9,0.42,6,1,Master,Business,Married,1
56,139042,66032,24,535,6,11,0.57,1,0,Master,Personal,Married,0
51,145251,49078,48,302,23,7,0.23,4,1,Master,Business,Married,1
51,109080,93662,24,415,12,6,0.13,9,1,Bachelor,Business,Divorced,1
56,147844,26300,48,771,9,6,0.54,6,1,Master,Home,Single,0
40,78535,80700,48,430,29,1,0.28,5,1,High School,Education,Single,0
29,118991,55945,60,782,9,5,0.44,4,1,High School,Personal,Married,0
47,61269,60609,24,700,3,14,0.49,5,1,High School,Personal,Single,0
61,100674,65562,36,500,15,8,0.25,1,0,Master,Personal,Divorced,0
28,62462,95045,48,591,14,6,0.35,9,1,High School,Personal,Single,0
51,23127,66901,48,641,20,12,0.59,0,1,High School,Education,Single,1
28,43147,10703,12,515,10,1,0.58,0,0,PhD,Medical,Married,0
24,65528,97645,24,665,18,5,0.5,7,0,High School,Personal,Single,1
22,97095,68115,36,768,20,13,0.51,2,1,Master,Business,Single,0
57,133100,93090,60,717,23,11,0.59,2,1,Master,Business,Divorced,0
46,88931,32676,36,326,2,12,0.49,8,1,High School,Education,Single,0
58,110925,66710,60,754,14,5,0.25,5,1,High School,Personal,Married,1
22,86381,65077,36,313,15,12,0.12,3,0,Bachelor,Home,Single,0
36,119468,94340,36,397,13,3,0.3,3,0,PhD,Education,Single,0
58,131258,50440,24,578,28,8,0.1,6,0,Master,Home,Single,1
34,83749,41923,12,789,4,9,0.12,5,0,High School,Personal,Single,0
61,58672,34802,36,506,25,6,0.62,1,0,Bachelor,Education,Single,0
29,33731,95331,48,532,16,6,0.46,8,0,Bachelor,Education,Divorced,0
26,144647,67904,48,538,17,2,0.56,1,1,Bachelor,Education,Married,0
30,74512,65162,48,549,18,10,0.44,7,1,High School,Personal,Married,0
22,118658,70169,12,605,0,2,0.3,3,1,High School,Home,Single,0
57,71024,73147,36,762,28,6,0.07,9,0,Bachelor,Home,Single,0
56,136712,27075,60,535,26,12,0.62,0,1,Bachelor,Personal,Married,1
23,121121,87015,60,590,27,8,0.09,0,0,High School,Business,Married,0
61,23832,79716,24,338,26,2,0.42,8,0,Master,Business,Single,0
44,52332,14304,12,482,24,9,0.11,3,1,Bachelor,Medical,Single,0
30,32467,64622,36,329,8,13,0.22,0,1,Bachelor,Education,Single,0
55,61025,59215,48,687,20,12,0.16,2,1,Bachelor,Personal,Single,0
35,33107,85146,12,442,13,14,0.38,2,1,Bachelor,Personal,Married,0
25,148347,78973,12,718,19,9,0.58,6,0,Bachelor,Personal,Single,0
51,97994,17521,36,373,20,14,0.43,5,1,Master,Personal,Single,1
52,114202,29028,24,354,19,4,0.45,7,0,Bachelor,Personal,Married,0
59,63481,44328,24,323,27,4,0.6,6,0,Bachelor,Education,Single,0
32,22581,32301,24,321,20,4,0.5,0,1,Bachelor,Education,Married,1
56,95118,43015,48,727,22,11,0.57,2,0,Bachelor,Business,Divorced,0
29,144010,92276,48,331,10,5,0.3,8,1,High School,Education,Single,1
24,71638,41845,36,638,23,8,0.57,3,0,High School,Personal,Married,0
35,143714,91818,24,814,1,2,0.44,2,0,Bachelor,Business,Married,0
34,28418,81394,36,811,19,11,0.13,4,0,Bachelor,Education,Single,0
53,113627,49159,24,369,23,5,0.07,7,1,Bachelor,Business,Married,0
55,49113,48714,12,387,22,14,0.2,0,1,Master,Business,Married,0
40,104363,85722,60,518,24,2,0.28,1,1,High School,Personal,Married,1
59,143607,30230,60,569,4,11,0.55,6,1,Bachelor,Education,Married,0
37,83044,97554,24,377,21,11,0.49,0,0,Bachelor,Medical,Single,0
23,99955,54262,36,309,26,8,0.62,4,1,Bachelor,Business,Married,0
61,81030,95201,48,767,23,1,0.39,9,0,High School,Personal,Married,0
38,31814,46722,24,635,14,7,0.5,7,1,High School,Medical,Single,0
55,119340,51359,24,485,11,3,0.22,5,0,High School,Personal,Divorced,1
63,30024,67796,48,845,13,4,0.46,2,0,Bachelor,Business,Single,1
37,83288,45159,24,420,10,14,0.47,6,0,Bachelor,Personal,Married,0
59,129236,92052,12,573,20,8,0.56,2,0,Bachelor,Home,Married,0
23,77836,95209,48,709,29,3,0.37,4,0,Bachelor,Education,Married,0
23,27435,10239,12,657,8,12,0.44,6,0,Master,Education,Single,1
47,87084,96951,60,397,19,13,0.17,1,1,Bachelor,Education,Single,0
34,144023,55886,48,540,7,13,0.49,9,0,High School,Business,Single,1
52,90601,32195,48,413,11,7,0.55,3,1,High School,Personal,Married,1
55,108416,99859,36,786,29,12,0.41,1,1,High School,Education,Single,0
60,140871,39674,36,540,2,1,0.12,6,1,PhD,Business,Married,0
24,138645,23105,48,455,20,9,0.24,2,0,Master,Education,Single,0
29,23407,34739,60,651,14,13,0.34,8,0,High School,Personal,Single,0
44,118943,36969,24,343,7,6,0.46,5,0,Bachelor,Personal,Single,1
35,52940,19497,36,611,25,3,0.24,0,0,PhD,Education,Married,0
48,25666,6816,60,437,27,7,0.55,9,0,Bachelor,Business,Married,1
50,57122,97019,60,735,6,13,0.27,7,1,Bachelor,Personal,Single,0
60,138647,64254,36,442,16,5,0.08,6,0,High School,Personal,Single,0
60,45092,92695,24,598,11,8,0.53,0,1,High School,Education,Divorced,0
22,149753,74385,36,561,19,8,0.44,2,0,Bachelor,Personal,Single,1
38,143402,92148,60,811,17,12,0.53,2,0,Master,Business,Married,0
62,95645,38826,12,361,17,9,0.26,2,1,Bachelor,Business,Married,0
51,121190,68365,36,722,28,6,0.06,6,1,High School,Business,Single,0
34,120468,89242,60,695,14,4,0.09,5,0,PhD,Medical,Married,0
42,149207,55100,36,330,22,13,0.12,1,0,Master,Personal,Divorced,0
40,46505,95099,60,629,27,2,0.53,4,1,High School,Medical,Divorced,1
40,56713,9359,24,468,27,3,0.23,5,0,High School,Education,Married,1
46,74387,17809,60,565,2,5,0.65,1,0,Bachelor,Business,Married,1
43,63169,69450,48,607,18,8,0.51,0,0,High School,Home,Single,0
52,93282,43428,12,758,14,12,0.41,3,0,High School,Education,Single,0
38,97511,99990,60,484,15,10,0.64,3,0,High School,Home,Single,0
44,71742,77790,36,633,21,2,0.24,3,0,PhD,Business,Divorced,0
53,60522,95321,36,814,21,5,0.15,0,1,Master,Business,Single,0
31,101132,7093,60,740,16,14,0.49,2,0,High School,Business,Single,0
31,139622,49498,48,690,0,9,0.22,6,1,Master,Personal,Married,0
57,138764,45985,60,553,10,2,0.63,3,0,Bachelor,Home,Married,0
29,123489,37009,24,634,5,8,0.64,1,1,High School,Education,Single,1
41,119397,87094,48,699,22,3,0.61,7,0,Master,Education,Single,0
53,23880,22718,60,465,8,8,0.62,0,1,Bachelor,Home,Married,1
35,63454,21705,12,559,19,4,0.42,8,1,Master,Home,Married,0
49,75711,92618,48,303,15,4,0.47,4,0,Bachelor,Personal,Married,1
45,63539,67598,60,418,29,12,0.11,1,1,Bachelor,Education,Single,1
36,128984,82878,12,769,25,7,0.51,3,1,High School,Education,Married,0
43,88321,17239,60,769,5,5,0.17,2,0,Bachelor,Business,Married,0
51,107985,51622,24,792,11,4,0.55,6,0,Bachelor,Home,Single,0
25,34799,51665,36,799,18,7,0.63,5,1,PhD,Medical,Single,0
34,134584,37274,60,369,12,12,0.18,8,0,Bachelor,Education,Married,0
44,124843,16419,48,669,12,3,0.1,3,1,High School,Business,Married,0
29,80102,20003,60,480,26,9,0.34,2,0,High School,Education,Single,0
39,70726,35866,60,304,3,14,0.52,6,1,Master,Business,Single,1
33,68784,26988,60,496,8,13,0.51,5,1,Bachelor,Personal,Married,0
52,140364,60894,60,346,13,5,0.47,4,1,High School,Business,Married,0
35,133034,95444,48,439,13,12,0.54,9,1,Master,Personal,Divorced,0
55,63333,10674,48,839,16,3,0.15,6,0,PhD,Business,Married,0
39,60828,75538,60,726,4,2,0.44,4,1,Bachelor,Education,Single,0
55,89526,98103,36,609,26,7,0.41,8,0,High School,Personal,Married,0
32,74362,71446,60,573,22,12,0.14,3,0,Bachelor,Medical,Single,0
62,73997,34072,48,838,18,7,0.3,0,1,Master,Personal,Single,0
33,143973,38717,24,689,1,12,0.56,9,1,Master,Business,Single,0
36,70341,92345,60,758,12,13,0.63,4,1,PhD,Education,Single,0
52,39073,31651,60,660,10,5,0.45,0,1,Bachelor,Medical,Married,0
50,122399,49291,60,368,1,4,0.6,0,0,Master,Medical,Married,1
47,34549,68350,60,730,0,13,0.13,0,1,High School,Business,Single,0
39,103795,87020,12,331,20,11,0.64,0,1,High School,Personal,Married,0
53,76920,9646,60,812,28,2,0.07,7,0,Bachelor,Education,Married,0
43,105326,44713,48,481,2,2,0.37,1,0,PhD,Business,Divorced,0
59,95515,72936,48,547,26,7,0.22,8,1,High School,Business,Divorced,1
38,149392,49331,12,596,11,10,0.54,6,1,High School,Personal,Single,0
44,40316,27185,60,329,6,7,0.18,2,1,PhD,Personal,Divorced,0
45,46183,89263,36,601,0,4,0.06,8,1,High School,Personal,Single,1
29,113860,57107,60,775,8,14,0.3,3,1,High School,Business,Single,0
62,44624,71554,48,651,29,4,0.09,6,1,Bachelor,Business,Single,0
27,82515,22563,24,781,17,4,0.22,2,1,Bachelor,Education,Single,0
26,123712,75729,24,616,23,11,0.44,4,1,Bachelor,Business,Married,1
50,105781,20701,36,696,25,2,0.23,3,1,PhD,Home,Married,0
49,66705,74072,60,388,19,13,0.2,5,1,High School,Business,Married,0
32,109326,53217,12,533,5,13,0.14,8,0,Master,Business,Divorced,0
22,46756,49610,60,467,8,9,0.13,4,0,Master,Personal,Single,0
64,80390,89422,36,425,22,1,0.37,0,1,Bachelor,Education,Single,0
40,88369,55131,36,419,7,8,0.46,4,1,Master,Education,Married,0
30,90821,34410,36,727,22,6,0.32,4,1,High School,Education,Divorced,1
48,29589,63715,24,489,17,13,0.12,8,1,High School,Medical,Divorced,0
55,133012,43665,60,727,24,10,0.44,7,1,Master,Medical,Single,0
25,34116,20957,60,501,14,7,0.38,4,0,High School,Medical,Married,1
57,93181,53127,12,358,0,12,0.28,4,1,High School,Personal,Married,1
39,64786,68589,36,522,13,5,0.25,1,0,Bachelor,Business,Single,0
36,114686,51008,36,791,17,6,0.16,8,1,High School,Business,Married,0
34,143711,66920,48,310,18,6,0.14,3,1,Master,Education,Single,0
40,96425,37875,48,811,18,13,0.25,6,1,Master,Business,Married,0
27,50286,6626,24,609,29,9,0.07,9,1,Bachelor,Medical,Divorced,0
33,123081,95815,60,333,9,10,0.31,5,1,Bachelor,Business,Married,0
58,35994,68822,12,639,19,13,0.41,4,1,Bachelor,Personal,Married,0
38,121039,76765,12,780,20,4,0.61,4,1,High School,Personal,Married,0
44,131915,77413,36,392,5,12,0.43,6,1,High School,Personal,Single,1
47,142961,38642,12,432,16,11,0.42,1,0,High School,Personal,Single,0
50,110198,43311,36,718,13,12,0.27,8,1,Bachelor,Personal,Single,0
54,124672,37356,60,767,12,13,0.13,1,1,Bachelor,Personal,Married,0
48,46639,8809,12,743,7,5,0.32,8,1,PhD,Education,Divorced,0
46,37205,48371,36,329,21,4,0.41,3,1,Bachelor,Business,Married,0
31,76677,39875,60,597,9,1,0.48,9,1,Bachelor,Personal,Divorced,0
44,52930,14465,60,360,8,10,0.55,9,0,High School,Business,Married,1
42,93313,71095,36,757,4,6,0.2,5,1,Master,Home,Married,0
42,113851,78844,36,603,22,5,0.19,0,0,PhD,Business,Married,0
64,133153,70250,24,639,26,4,0.39,4,0,PhD,Home,Married,0
34,112509,91889,60,747,3,6,0.39,5,1,High School,Business,Single,0
58,38316,20250,36,601,5,12,0.18,8,0,Bachelor,Home,Single,0
54,47304,51023,60,839,5,5,0.4,8,1,Bachelor,Personal,Single,0
45,121839,51624,12,784,12,3,0.26,8,0,High School,Personal,Divorced,0
32,116058,21427,48,376,3,2,0.43,2,1,PhD,Education,Divorced,0
38,107876,38276,48,814,21,13,0.22,3,0,High School,Home,Single,0
25,105366,76643,36,848,7,6,0.41,7,1,High School,Medical,Divorced,0
46,33403,84012,36,391,26,4,0.51,7,0,Bachelor,Education,Married,1
51,100052,8439,60,765,4,11,0.64,1,0,High School,Personal,Married,0
30,137478,90848,36,765,1,13,0.6,7,1,Master,Business,Married,0
42,104627,92331,60,339,8,10,0.35,6,0,Bachelor,Personal,Married,1
41,93495,83672,36,628,10,3,0.34,8,0,Bachelor,Business,Married,0
40,51932,84703,60,584,19,14,0.31,4,0,Bachelor,Personal,Single,0
40,116090,22300,36,365,19,8,0.07,1,0,High School,Business,Single,0
33,56701,65289,24,408,10,12,0.15,4,1,Master,Medical,Married,0
58,23385,22182,60,714,6,9,0.09,1,0,Master,Personal,Single,0
63,141324,75507,24,391,25,7,0.47,4,1,Bachelor,Business,Married,0
38,119226,55912,24,667,13,2,0.3,8,1,PhD,Personal,Married,0
58,77241,31909,24,722,25,8,0.09,6,0,Bachelor,Personal,Married,0
60,30367,24659,24,539,5,11,0.46,6,0,Bachelor,Business,Married,1
49,85030,36403,12,734,29,13,0.44,0,1,Master,Personal,Divorced,0
62,66505,38586,48,511,3,13,0.48,8,1,Bachelor,Home,Single,1
56,144462,15360,12,699,5,11,0.41,5,1,Bachelor,Business,Married,0
39,53332,26424,36,825,2,5,0.15,6,0,High School,Personal,Married,0
35,105178,53791,36,767,22,11,0.09,1,0,Bachelor,Business,Single,0
56,96325,8065,48,469,5,10,0.54,0,0,PhD,Personal,Single,0
62,55268,73795,48,509,2,7,0.18,3,1,Bachelor,Personal,Married,0
28,106486,17300,48,555,0,5,0.38,8,0,High School,Personal,Married,0
62,45563,38370,24,372,27,2,0.34,8,1,Bachelor,Personal,Single,0
34,125185,74831,12,446,25,12,0.6,2,1,Bachelor,Education,Married,1
39,56404,32209,36,639,20,12,0.38,0,1,High School,Medical,Married,0
58,75182,25927,12,616,25,12,0.4,1,1,Master,Business,Married,0
34,52991,39579,12,453,17,4,0.24,8,1,Master,Education,Married,0
57,124601,14032,12,554,22,13,0.63,8,0,Bachelor,Business,Married,0
52,67663,98254,48,650,28,11,0.42,0,1,High School,Personal,Married,0
23,85886,83413,48,846,22,5,0.05,8,0,Bachelor,Business,Married,0
37,142002,45731,36,611,3,6,0.38,0,1,High School,Education,Married,0
30,103848,97202,36,433,5,5,0.27,9,0,Bachelor,Personal,Married,1
30,44127,58767,36,428,16,10,0.07,3,0,High School,Education,Divorced,0
59,77692,77302,12,735,17,11,0.31,4,1,Bachelor,Education,Married,1
32,114389,54954,48,579,5,1,0.51,7,0,High School,Medical,Married,1
43,57500,93365,24,657,1,1,0.35,4,0,Master,Personal,Single,1
54,53785,90757,12,551,11,3,0.43,4,1,Master,Personal,Married,0
57,104146,30102,60,434,11,9,0.43,3,1,PhD,Personal,Married,0
44,109126,39433,12,822,26,11,0.45,8,1,High School,Home,Married,0
55,114979,20932,48,618,3,2,0.28,7,0,High School,Medical,Married,0
30,67997,30714,60,379,15,10,0.27,8,0,Bachelor,Medical,Single,0
45,27170,62803,12,490,19,5,0.05,6,0,High School,Business,Married,1
29,33303,44743,48,752,9,9,0.14,6,1,High School,Business,Single,0
28,91743,7552,48,643,24,7,0.62,4,0,Bachelor,Personal,Single,0
57,97852,61627,24,329,9,11,0.56,9,1,Bachelor,Medical,Single,1
39,55187,50987,12,713,6,8,0.22,0,1,High School,Medical,Single,0
24,85034,84810,48,667,13,2,0.29,5,0,Bachelor,Business,Single,0
49,91776,50380,36,801,6,5,0.61,9,0,Bachelor,Business,Married,0
27,21893,34250,48,320,11,9,0.2,5,1,High School,Education,Married,0
42,33753,73344,24,848,10,1,0.37,9,1,Master,Personal,Single,0
49,58090,69686,48,545,16,1,0.06,3,0,High School,Medical,Married,1
61,84922,50028,12,582,10,10,0.42,1,1,High School,Business,Married,0
22,96768,20295,12,531,20,8,0.61,0,1,High School,Business,Single,0
57,79412,60248,60,615,2,2,0.58,2,0,High School,Education,Single,0
42,142406,85205,12,635,18,9,0.35,8,1,Master,Education,Single,0
64,76030,15523,60,710,21,10,0.44,0,0,High School,Personal,Divorced,0
56,37509,50530,36,544,3,9,0.39,4,0,Bachelor,Home,Married,0
34,88653,18769,24,686,7,4,0.09,9,0,Bachelor,Home,Married,0
31,56929,68042,36,657,13,2,0.15,5,1,Bachelor,Business,Married,0
31,149626,49645,60,321,19,3,0.63,8,0,Master,Education,Married,0
34,68291,95743,48,318,23,10,0.2,0,0,Master,Education,Single,0
58,24042,67142,48,586,13,1,0.28,4,0,High School,Business,Married,0
59,82574,30557,36,575,27,3,0.36,0,0,Master,Home,Single,0
45,57201,84782,48,371,15,5,0.64,1,0,Bachelor,Personal,Married,0
23,112282,83382,60,664,14,3,0.46,1,0,Bachelor,Personal,Married,0
43,34016,42085,24,634,11,3,0.43,4,1,Bachelor,Home,Married,0
38,45022,55708,12,498,15,10,0.36,9,1,PhD,Personal,Married,0
57,120962,56357,60,316,19,6,0.47,3,1,High School,Education,Married,0
35,47938,18470,60,517,18,3,0.45,5,1,Master,Personal,Single,0
31,63678,83712,12,446,4,3,0.59,4,0,High School,Home,Single,0
56,138171,84082,12,509,11,9,0.38,1,1,Bachelor,Medical,Divorced,0
46,149638,11805,24,713,28,2,0.3,8,1,Master,Home,Married,0
24,121248,87324,24,629,4,1,0.53,9,1,Bachelor,Home,Married,1
59,81720,99884,24,651,9,10,0.53,7,0,High School,Personal,Married,0
38,125514,67028,48,462,25,8,0.15,8,0,Bachelor,Business,Married,0
33,76805,55772,60,400,16,13,0.19,5,0,Master,Education,Married,0
45,94323,57104,12,626,14,14,0.63,4,1,Bachelor,Medical,Single,1
50,21986,78616,60,626,7,3,0.32,4,0,High School,Personal,Married,0
64,96478,94300,60,454,7,7,0.36,1,0,Bachelor,Home,Married,0
46,102994,11630,24,309,7,2,0.24,3,0,Master,Personal,Divorced,0
57,32161,20701,24,652,29,11,0.34,1,1,Bachelor,Medical,Married,0
47,40689,19859,60,482,9,11,0.5,1,0,Bachelor,Business,Married,0
59,147101,26183,24,754,19,12,0.34,7,1,Master,Business,Married,0
22,114699,45438,48,305,12,8,0.24,3,1,High School,Business,Married,0
41,80924,47244,12,632,29,9,0.11,3,0,Bachelor,Personal,Divorced,0
49,121311,79312,60,632,15,8,0.61,6,0,Bachelor,Business,Married,0
37,119273,20021,12,557,8,8,0.57,3,0,High School,Business,Divorced,0
38,94308,74863,48,510,15,8,0.52,8,0,High School,Business,Single,0
61,121128,60565,24,350,9,14,0.47,8,1,Master,Education,Married,0
49,83745,53043,36,744,2,7,0.36,2,1,High School,Business,Single,0
33,146881,78150,48,676,22,2,0.59,5,1,High School,Business,Married,0
48,21211,69361,36,785,21,8,0.53,6,1,High School,Home,Married,0
63,20229,6245,12,350,24,5,0.54,2,0,High School,Medical,Single,1
51,138972,46011,60,453,27,6,0.24,3,1,Bachelor,Personal,Married,0
62,68542,15355,24,609,13,4,0.3,0,1,Master,Medical,Single,0
55,34345,53692,48,698,12,1,0.47,8,0,High School,Home,Single,0
58,121489,54004,24,433,3,13,0.27,6,1,High School,Home,Single,0
27,51819,34714,36,519,3,5,0.35,9,0,Bachelor,Medical,Married,0
28,67779,22198,36,462,5,3,0.44,6,0,Bachelor,Education,Single,1
53,102421,71951,60,801,23,9,0.31,8,0,Bachelor,Personal,Single,1
53,112244,6652,36,414,18,4,0.53,5,1,High School,Education,Single,1
46,85584,48625,60,798,10,10,0.12,7,0,Master,Education,Single,0
54,39950,90982,48,771,7,2,0.48,4,0,Bachelor,Personal,Single,0
28,35173,23740,60,448,13,4,0.14,7,0,Bachelor,Personal,Married,0
33,137743,8810,36,540,7,3,0.61,9,1,High School,Business,Married,1
37,78032,21569,12,422,29,3,0.24,0,1,High School,Education,Divorced,0
37,135074,84120,60,368,13,5,0.53,2,0,Master,Personal,Single,0
64,119273,31783,24,362,22,1,0.36,3,1,High School,Education,Divorced,0
57,48036,83047,12,315,6,5,0.1,8,1,High School,Medical,Single,1
34,143885,14471,60,689,20,8,0.4,7,1,Bachelor,Personal,Single,0
28,132857,11163,24,557,17,10,0.6,7,1,Bachelor,Home,Single,0
57,91356,68087,12,516,11,12,0.14,1,1,Bachelor,Business,Single,0
30,34292,67071,60,778,13,9,0.24,6,0,Bachelor,Personal,Married,0
53,23052,21065,48,413,14,12,0.31,2,1,Bachelor,Personal,Married,0
32,64377,88456,24,679,17,1,0.22,5,1,Bachelor,Business,Divorced,0
29,109317,53348,48,536,28,14,0.62,3,1,Master,Personal,Divorced,1
54,87838,24154,36,775,11,2,0.28,5,1,Bachelor,Medical,Married,0
44,87819,25229,60,428,9,2,0.44,3,0,Bachelor,Education,Married,0
46,133689,57587,60,809,11,6,0.18,2,0,High School,Medical,Married,0
29,128103,54713,24,464,7,1,0.18,1,1,Master,Education,Divorced,0
43,35620,31997,60,576,26,11,0.16,3,0,High School,Business,Married,0
25,50461,26101,36,556,5,1,0.31,9,1,Bachelor,Personal,Single,1
61,40750,45391,60,431,23,2,0.37,1,1,Bachelor,Education,Married,0
24,118426,80863,12,556,18,12,0.06,6,0,Bachelor,Education,Married,0
50,108719,77723,48,440,0,13,0.55,0,0,Bachelor,Business,Married,0
62,29472,64405,36,508,12,4,0.36,0,1,Bachelor,Home,Divorced,0
50,89263,39948,36,818,21,2,0.14,4,1,High School,Education,Married,0
55,132036,58031,48,350,15,4,0.09,6,0,Bachelor,Medical,Divorced,0
55,77602,42921,48,802,17,3,0.09,0,1,Master,Education,Divorced,0
49,45523,77571,36,558,11,3,0.2,3,1,High School,Business,Single,0
34,50766,82007,48,477,24,9,0.35,4,0,High School,Education,Single,0
36,123262,33460,24,842,4,8,0.57,1,0,Bachelor,Personal,Single,0
44,86060,26071,48,655,20,12,0.59,6,0,PhD,Education,Divorced,0
47,29079,71118,12,617,12,12,0.55,3,1,High School,Business,Single,0
25,28399,53282,12,663,25,10,0.25,7,1,High School,Personal,Married,0
47,80726,96725,24,354,7,9,0.23,0,0,Bachelor,Business,Married,0
61,112906,63445,48,455,5,1,0.64,9,0,High School,Business,Married,1
30,36532,86067,12,343,2,12,0.46,0,1,Bachelor,Personal,Single,1
26,142689,87208,60,841,24,5,0.23,0,1,Master,Medical,Single,0
53,102357,59816,48,621,25,12,0.25,3,1,High School,Business,Single,0
41,63162,90779,24,313,19,12,0.31,0,0,Bachelor,Business,Married,1
32,23749,8060,48,656,25,4,0.42,4,0,Bachelor,Business,Single,0
36,31353,18731,36,782,3,11,0.59,5,1,Master,Medical,Married,1
53,132313,82830,36,658,11,14,0.17,6,1,PhD,Personal,Single,0
49,48477,25719,12,617,12,9,0.1,7,1,Bachelor,Business,Married,0
43,44570,52042,36,374,1,14,0.29,7,1,Bachelor,Business,Divorced,1
62,106373,54116,24,493,18,3,0.2,1,0,Bachelor,Medical,Married,0
38,31437,31325,12,662,3,5,0.4,3,0,High School,Education,Single,1
47,58104,27597,24,395,22,8,0.47,6,0,High School,Personal,Married,1
28,83370,72439,24,339,12,10,0.24,8,0,PhD,Business,Single,0
63,24551,19551,36,696,18,5,0.46,8,0,Bachelor,Education,Single,1
47,88359,98287,36,406,7,9,0.26,2,1,High School,Personal,Single,0
46,74880,29278,24,316,7,2,0.43,6,0,Master,Medical,Single,1
31,32916,96189,36,826,15,6,0.43,3,0,Bachelor,Personal,Married,1
40,146150,20141,36,798,25,5,0.22,8,0,High School,Personal,Married,0
32,100703,72913,36,824,10,9,0.43,6,1,High School,Personal,Married,0
34,61445,38615,48,342,17,7,0.28,5,1,High School,Education,Single,1
29,67636,67751,24,649,3,8,0.25,8,0,Master,Business,Married,0
61,93927,32452,60,329,23,7,0.22,6,0,PhD,Personal,Single,1
25,98194,27725,24,740,0,13,0.26,7,0,High School,Medical,Single,0
52,49685,55391,12,841,0,10,0.52,4,0,Master,Personal,Single,0
49,71134,80060,36,754,29,10,0.2,3,1,Bachelor,Business,Married,0
32,108916,16698,36,393,13,5,0.46,0,0,Bachelor,Personal,Married,0
64,127967,91711,60,594,3,11,0.59,7,0,High School,Home,Single,1
22,114455,82850,12,848,10,13,0.26,5,0,Bachelor,Medical,Divorced,0
59,147763,7365,48,388,17,14,0.07,3,0,High School,Education,Single,0
45,87847,48372,24,802,15,5,0.06,2,1,High School,Personal,Married,0
52,59993,49134,48,513,16,13,0.13,4,0,High School,Business,Single,1
62,64333,42823,12,721,23,11,0.12,3,0,High School,Education,Married,0
47,128574,76158,60,825,1,4,0.5,6,0,PhD,Business,Married,0
26,78865,6949,12,491,3,2,0.23,5,0,PhD,Business,Married,0
41,99096,54396,60,523,2,14,0.44,2,0,Master,Medical,Single,0
62,69756,36912,48,686,14,9,0.08,9,1,High School,Personal,Married,0
32,142863,61947,48,773,1,10,0.23,0,1,Bachelor,Education,Married,0
54,81192,49387,12,502,23,10,0.19,6,0,Bachelor,Business,Married,0
59,80686,68965,12,746,18,12,0.22,4,1,Bachelor,Education,Single,0
48,68733,21508,36,367,8,10,0.16,0,0,High School,Personal,Single,0
55,124089,50592,60,391,9,10,0.42,0,0,Bachelor,Personal,Single,1
36,45993,6919,36,477,20,3,0.45,5,0,High School,Education,Single,0
53,50492,47595,24,302,24,11,0.14,3,0,Master,Home,Single,1
42,40981,14617,24,402,18,11,0.49,7,0,Bachelor,Home,Single,0
26,44143,80268,12,572,27,3,0.2,1,0,Bachelor,Personal,Married,0
27,97603,38298,48,833,4,3,0.22,3,1,Bachelor,Personal,Married,0
59,109452,11929,24,415,13,8,0.55,7,0,High School,Education,Married,1
43,80277,19456,24,763,9,6,0.59,7,1,High School,Business,Married,0
39,127044,91676,36,403,15,1,0.54,4,1,High School,Medical,Married,0
35,131957,88721,36,558,5,12,0.14,2,1,Master,Business,Married,0
31,69990,42924,24,607,24,13,0.65,3,0,High School,Business,Divorced,0
34,148406,29240,12,666,7,14,0.45,2,0,Bachelor,Education,Married,0
52,82888,92381,36,601,1,3,0.36,1,0,High School,Personal,Married,0
51,89351,14228,24,326,17,4,0.62,3,0,High School,Education,Divorced,0
24,117372,26686,48,807,28,13,0.54,8,0,High School,Business,Single,0
51,69999,16920,36,826,20,2,0.47,5,1,Bachelor,Medical,Married,0
27,123013,12432,24,664,20,6,0.55,3,1,Bachelor,Personal,Single,0
50,122811,68575,60,597,20,10,0.28,0,0,Bachelor,Business,Married,0
29,124879,76725,36,660,19,12,0.46,6,1,High School,Home,Married,1
64,90309,98575,60,803,7,1,0.16,1,1,High School,Education,Married,0
54,32446,38910,36,329,26,1,0.64,5,0,Bachelor,Home,Married,0
38,50733,35226,36,738,4,8,0.4,9,0,High School,Education,Married,0
32,139156,78150,60,639,16,4,0.54,0,0,High School,Home,Married,0
34,96000,64099,12,425,15,1,0.29,6,1,High School,Business,Divorced,0
32,68632,91760,24,665,25,7,0.51,3,1,Bachelor,Personal,Married,1
52,41576,23013,12,742,29,9,0.28,2,1,Bachelor,Medical,Divorced,0
49,23320,26446,12,562,4,10,0.4,9,1,High School,Medical,Married,1
27,30750,75375,24,521,16,7,0.52,6,1,Bachelor,Education,Married,1
62,123002,67509,48,301,3,1,0.12,2,1,Bachelor,Education,Single,0
37,73463,5557,12,693,0,1,0.26,7,1,Bachelor,Home,Single,0
25,46572,35666,12,605,21,12,0.38,3,0,High School,Personal,Divorced,0
56,138361,42389,12,445,5,1,0.25,2,1,Bachelor,Education,Married,0
47,37948,52700,48,829,0,8,0.24,6,0,Bachelor,Personal,Married,0
33,146898,29578,36,827,27,7,0.22,6,0,High School,Personal,Married,0
32,136528,79779,60,607,23,14,0.19,8,1,Bachelor,Business,Single,0
58,58826,14596,60,639,29,3,0.56,9,1,Bachelor,Medical,Married,0
46,109051,62500,48,651,3,3,0.6,6,0,Master,Education,Single,0
39,47867,77534,12,508,1,12,0.47,5,1,High School,Home,Divorced,0
40,80231,15129,60,504,12,3,0.07,2,0,High School,Personal,Married,0
44,86262,68394,48,314,13,2,0.52,3,1,Bachelor,Business,Married,0
59,111356,71046,24,727,16,14,0.37,7,1,Bachelor,Personal,Married,0
39,146340,16596,60,775,10,14,0.5,5,0,Bachelor,Personal,Single,0
47,92233,70355,24,597,2,4,0.31,8,0,Bachelor,Personal,Divorced,0
27,64678,17974,12,393,6,7,0.07,7,0,Bachelor,Personal,Single,0
25,127561,71673,60,406,9,9,0.46,7,0,Bachelor,Business,Married,0
50,32963,98433,48,718,10,3,0.32,9,1,High School,Personal,Single,0
55,84360,75202,36,577,9,10,0.57,9,0,Bachelor,Business,Married,1
38,69434,79442,60,427,7,7,0.49,6,0,Bachelor,Home,Single,1
64,86617,26818,60,758,4,12,0.27,9,0,High School,Education,Married,0
64,40269,48246,60,337,22,4,0.48,0,1,High School,Medical,Divorced,0
37,137569,60598,60,497,1,1,0.35,4,1,High School,Medical,Married,0
23,96312,7654,48,656,27,5,0.17,6,0,Bachelor,Business,Single,0
55,117352,38758,48,306,27,8,0.3,9,1,High School,Education,Married,0
29,99732,29204,36,631,14,3,0.18,8,0,PhD,Medical,Divorced,0
34,137658,39928,48,818,15,10,0.05,3,1,Master,Personal,Single,0
63,127648,58609,48,493,3,4,0.2,7,0,Master,Medical,Single,0
29,101494,35552,12,615,21,3,0.18,0,0,Bachelor,Business,Single,0
51,108905,15336,12,300,27,10,0.05,3,1,Master,Personal,Married,1
53,97225,52037,24,361,27,14,0.52,3,0,High School,Education,Married,1
57,102867,21206,36,642,15,14,0.1,1,0,Bachelor,Education,Married,0
51,57528,39831,12,317,11,8,0.32,2,0,Bachelor,Education,Married,0
22,144597,48563,36,670,27,10,0.3,2,1,High School,Personal,Married,0
64,98972,23361,36,534,13,8,0.16,8,1,High School,Business,Married,0
60,85602,46335,60,368,11,14,0.63,6,0,Bachelor,Business,Married,0
38,116261,79469,36,746,27,4,0.41,1,0,High School,Home,Single,0
41,110748,30816,60,307,20,11,0.54,8,0,Bachelor,Medical,Single,0
45,143193,20619,24,761,15,2,0.35,7,1,Master,Medical,Single,0
43,146277,97479,24,610,15,12,0.48,5,0,High School,Personal,Married,0
50,53332,31819,24,433,21,3,0.63,5,0,Bachelor,Business,Married,0
43,144481,16741,60,684,11,3,0.26,1,0,Bachelor,Business,Single,0
30,110937,13798,60,355,1,4,0.35,2,1,High School,Business,Single,0
58,149529,30143,24,659,22,11,0.36,5,0,Master,Personal,Married,0
31,98929,54695,60,413,23,13,0.65,2,1,Master,Education,Married,0
57,89206,37747,48,387,28,2,0.19,6,0,High School,Business,Single,1
58,111137,26182,48,437,13,2,0.46,4,0,High School,Education,Single,1
49,22251,14415,60,407,10,3,0.13,3,0,PhD,Personal,Single,0
49,65717,16085,60,799,8,12,0.61,7,1,PhD,Business,Married,1
63,119108,20008,12,834,21,1,0.4,1,0,Bachelor,Medical,Single,0
64,47027,92638,12,443,6,8,0.57,2,0,High School,Business,Married,1
42,117382,23452,36,355,28,6,0.59,9,0,Bachelor,Medical,Divorced,1
45,106551,69075,36,305,11,3,0.38,3,1,High School,Education,Single,0
63,29583,13120,36,841,28,1,0.46,9,0,PhD,Medical,Single,0
61,70387,69385,24,746,16,3,0.47,5,0,Master,Personal,Single,0
23,43104,78356,48,684,8,1,0.33,4,0,Bachelor,Personal,Married,0
29,32224,23170,24,606,5,3,0.31,4,1,High School,Business,Married,0
48,80624,21259,60,601,11,4,0.16,6,1,Bachelor,Home,Single,0
43,76058,27099,12,704,19,6,0.28,7,1,High School,Education,Single,0
58,124320,14649,60,809,9,7,0.64,5,1,High School,Business,Married,0
48,116372,64258,60,372,8,7,0.21,2,1,Bachelor,Personal,Married,0
50,49299,46037,12,564,11,9,0.51,3,0,Bachelor,Business,Single,0
24,98572,16805,60,526,0,8,0.09,0,1,Master,Business,Single,0
34,105469,48147,36,492,1,13,0.33,4,1,Master,Medical,Married,1
31,97928,79280,12,673,18,4,0.09,9,1,Bachelor,Business,Single,1
57,149518,51053,60,309,0,6,0.34,7,1,Bachelor,Business,Single,1
30,93474,96393,36,601,15,11,0.07,2,1,Bachelor,Personal,Married,0
48,24141,81215,36,658,15,1,0.42,9,1,High School,Personal,Single,1
55,43350,15985,48,351,17,8,0.4,3,0,Bachelor,Business,Married,0
22,95082,98823,36,398,17,6,0.53,3,0,Bachelor,Business,Married,0
53,90871,17391,24,312,22,2,0.4,5,1,Master,Education,Single,0
46,25077,9861,12,689,25,8,0.61,8,1,Bachelor,Education,Married,0
50,66015,68582,12,656,12,4,0.52,9,1,High School,Personal,Married,1
28,91147,56928,12,310,21,9,0.13,2,1,High School,Business,Single,0
24,79180,39364,60,380,11,4,0.21,3,0,Bachelor,Medical,Single,0
41,60857,87399,60,560,8,1,0.07,5,1,High School,Business,Married,1
41,121196,98330,24,305,29,7,0.28,5,0,Bachelor,Business,Married,1
51,79840,47923,36,757,4,10,0.36,6,0,High School,Business,Married,1
56,145463,12919,60,672,8,5,0.62,0,0,PhD,Business,Single,0
56,79902,60896,36,780,29,10,0.36,8,0,High School,Personal,Divorced,0
60,25577,90818,36,521,12,11,0.52,1,1,Bachelor,Personal,Married,1
48,40002,52396,60,380,15,12,0.21,3,0,High School,Personal,Married,0
47,70711,39840,60,814,27,5,0.14,2,1,Bachelor,Medical,Married,0
35,59451,47255,24,359,9,4,0.54,2,1,High School,Personal,Single,0
38,119811,76160,48,520,29,6,0.2,4,0,Bachelor,Home,Divorced,0
39,69103,13176,12,648,15,1,0.57,6,0,Bachelor,Medical,Single,1
50,48647,38529,60,527,13,3,0.15,6,0,Bachelor,Education,Married,0
41,54831,61406,60,589,24,11,0.56,6,1,Bachelor,Education,Married,0
48,138330,17941,36,592,1,12,0.51,2,0,Bachelor,Personal,Divorced,0
39,120304,6669,48,492,27,7,0.42,8,1,Master,Education,Married,0
25,116498,90782,60,773,24,11,0.56,5,1,Master,Home,Married,1
22,148949,49859,48,556,18,8,0.25,9,1,Bachelor,Personal,Divorced,1
22,133870,60786,12,805,10,12,0.15,7,1,High School,Personal,Divorced,0
47,115119,56083,36,687,18,9,0.14,0,0,PhD,Personal,Single,0
41,86830,45076,24,697,27,1,0.21,3,0,PhD,Education,Single,0
44,100632,25323,12,665,10,4,0.32,6,0,Bachelor,Personal,Married,1
31,56833,11021,48,589,13,2,0.58,8,0,Bachelor,Business,Divorced,0
32,132394,44807,48,608,14,2,0.1,2,0,High School,Education,Married,0
62,112864,55355,12,577,24,1,0.6,5,0,Master,Personal,Single,0
62,44398,49732,48,763,6,5,0.61,7,1,Master,Medical,Married,0
26,144633,13711,24,488,14,2,0.49,2,0,Bachelor,Personal,Single,0
22,81554,68079,24,477,29,4,0.59,5,1,Bachelor,Personal,Married,0
38,70755,12904,48,827,26,9,0.51,8,1,High School,Personal,Single,0
43,37706,69033,48,674,23,11,0.37,8,1,Bachelor,Medical,Married,0
55,42340,91478,24,753,22,3,0.41,5,1,Bachelor,Medical,Divorced,0
62,84994,94787,48,516,24,8,0.43,4,0,High School,Personal,Married,0
50,83884,60096,60,341,7,10,0.13,0,0,Bachelor,Personal,Single,0
25,104361,95594,36,493,29,13,0.17,2,1,Master,Medical,Married,0
26,37482,8093,60,626,3,6,0.36,2,1,High School,Education,Single,0
32,74225,29918,48,672,17,10,0.12,3,0,High School,Personal,Married,0
42,78849,77743,48,764,13,5,0.63,4,1,Master,Education,Married,0
56,94854,67636,36,462,28,2,0.35,7,0,High School,Medical,Married,0
33,61256,63806,48,575,26,11,0.28,8,1,Bachelor,Personal,Divorced,0
47,129545,14394,36,663,20,13,0.14,6,1,Bachelor,Personal,Single,0
40,128721,97510,24,779,17,3,0.3,9,0,Master,Personal,Divorced,0
28,101110,98708,36,759,3,8,0.23,5,0,Master,Education,Single,0
28,133606,18280,36,564,29,12,0.1,2,0,Bachelor,Personal,Married,0
47,34650,41303,60,838,27,12,0.63,8,0,Bachelor,Medical,Single,0
61,66118,32453,48,685,1,9,0.21,9,0,Master,Medical,Single,0
26,48930,65695,24,384,20,11,0.46,0,0,Bachelor,Education,Married,1
42,105707,73449,12,615,5,11,0.1,8,0,Bachelor,Personal,Single,0
35,149030,30765,36,542,10,7,0.6,2,1,Bachelor,Home,Single,1
25,120400,7340,12,768,0,1,0.4,8,0,Bachelor,Business,Single,0
44,31801,96715,48,641,14,12,0.44,9,1,Bachelor,Business,Married,0
63,71360,98409,36,476,11,12,0.52,0,0,Bachelor,Home,Single,0
41,107908,43057,12,429,23,13,0.41,7,0,High School,Medical,Married,0
36,36559,5597,60,382,17,13,0.09,5,1,PhD,Business,Married,0
50,52334,62988,12,659,29,6,0.31,8,1,High School,Business,Married,0
29,125473,99655,60,387,4,7,0.21,3,1,High School,Personal,Single,0
62,33288,20025,24,831,10,12,0.34,4,1,Bachelor,Home,Married,0
40,42398,12145,48,770,23,6,0.29,5,0,Bachelor,Medical,Married,1
60,96230,60797,12,797,20,10,0.55,8,0,Master,Business,Married,0
49,32191,46723,36,806,18,11,0.2,5,0,Master,Medical,Married,0
48,38051,78230,48,653,21,13,0.17,8,0,Master,Medical,Single,0
25,81715,9830,12,715,0,2,0.62,1,0,Master,Personal,Married,0
36,30737,28930,36,350,16,13,0.62,3,1,Master,Education,Single,1
56,85140,28752,36,362,7,9,0.65,2,0,High School,Personal,Single,0
58,45251,81025,36,388,22,3,0.39,3,0,Bachelor,Medical,Single,0
22,70975,86304,36,489,15,6,0.12,0,1,Bachelor,Personal,Married,0
24,25147,67040,12,647,25,6,0.58,1,1,Bachelor,Education,Married,0
45,70508,72696,24,837,25,8,0.14,3,1,Bachelor,Business,Divorced,0
48,72224,69648,60,475,10,13,0.14,9,0,Bachelor,Personal,Divorced,0
61,39643,60030,60,663,26,4,0.17,3,1,Bachelor,Personal,Divorced,0
57,58967,61815,60,782,18,6,0.44,4,1,Bachelor,Education,Single,0
55,118850,90669,24,418,23,1,0.11,8,1,High School,Personal,Married,1
50,123535,40690,36,468,10,9,0.52,0,1,Bachelor,Education,Married,0
45,60733,93406,36,446,14,12,0.08,7,1,Master,Business,Married,0
45,104003,95032,48,736,7,9,0.12,2,0,Bachelor,Education,Single,0
63,54808,62923,60,738,29,7,0.31,8,0,PhD,Business,Single,0
25,139222,41572,60,488,13,11,0.28,7,1,Master,Business,Married,0
24,87288,59030,36,459,0,13,0.64,7,1,Bachelor,Personal,Divorced,0
55,78959,72904,60,701,9,1,0.63,8,1,High School,Business,Married,0
44,21849,34203,36,317,6,3,0.16,3,1,Bachelor,Education,Single,0
44,88178,82088,36,439,17,12,0.62,4,1,Bachelor,Education,Divorced,0
26,87136,10608,36,414,11,5,0.47,6,1,Bachelor,Personal,Single,0
52,80740,50667,12,627,1,4,0.3,1,0,High School,Education,Divorced,0
62,132255,60547,12,524,17,5,0.49,6,1,Bachelor,Personal,Divorced,0
27,106322,27485,12,738,28,7,0.59,2,1,High School,Personal,Married,0
58,64565,14862,12,849,20,9,0.16,5,1,PhD,Business,Married,0
31,40183,80948,24,685,6,1,0.17,5,1,Bachelor,Personal,Married,0
61,135306,91890,48,820,19,5,0.3,5,0,High School,Education,Married,1
28,21132,76880,48,552,26,3,0.15,9,1,High School,Home,Single,0
60,58259,62560,36,397,11,3,0.27,1,0,Bachelor,Personal,Married,0
59,116612,88529,60,370,19,11,0.44,8,1,Bachelor,Education,Single,0
42,83668,99218,12,746,24,2,0.54,7,1,Bachelor,Home,Married,0
41,148355,33415,48,389,13,6,0.23,6,1,Bachelor,Personal,Married,0
24,58563,69523,48,729,9,14,0.22,8,1,Bachelor,Business,Single,0
43,112227,24323,12,518,8,6,0.52,3,0,Bachelor,Personal,Married,0
25,128835,58214,24,406,22,3,0.28,1,1,PhD,Education,Married,0
49,30931,22997,24,775,29,1,0.54,3,0,Bachelor,Education,Married,0
33,147156,62003,48,753,14,7,0.65,9,0,High School,Education,Single,0
59,93169,8679,24,843,25,2,0.64,2,1,High School,Business,Married,0
57,149457,45308,12,425,19,8,0.45,1,0,High School,Education,Single,0
62,70639,80024,48,446,23,3,0.28,1,0,Bachelor,Personal,Single,1
26,142536,44842,12,579,9,1,0.09,7,1,Bachelor,Home,Single,0
34,123313,70408,24,323,18,10,0.49,4,1,High School,Personal,Single,0
44,78901,74532,12,419,18,9,0.64,5,1,Master,Personal,Married,1
51,120417,58938,24,596,11,5,0.09,7,1,Bachelor,Home,Married,0
58,21044,10695,24,381,22,1,0.05,6,1,High School,Medical,Married,1
46,66691,63499,12,747,28,10,0.55,6,1,High School,Medical,Married,0
48,120735,28382,24,769,26,11,0.11,6,0,Bachelor,Personal,Divorced,0
35,44363,19235,36,722,11,6,0.1,6,1,High School,Medical,Single,0
57,66694,67223,12,844,8,10,0.6,7,0,High School,Education,Married,1
60,21582,7366,36,323,28,3,0.1,0,1,High School,Education,Divorced,1
37,99910,32467,12,360,26,11,0.12,2,0,Bachelor,Home,Single,0
43,86844,64316,24,383,19,4,0.39,0,0,High School,Personal,Married,0
42,41301,11764,24,524,3,8,0.5,7,0,High School,Business,Married,1
42,94329,95896,48,485,0,5,0.29,1,1,Master,Medical,Single,0
29,21620,66836,48,674,15,12,0.3,6,0,High School,Business,Single,0
37,82224,36923,36,371,0,6,0.43,5,1,Bachelor,Personal,Married,0
52,76655,21292,24,373,12,10,0.35,0,0,High School,Personal,Married,0
63,115419,6614,48,640,29,4,0.06,5,1,High School,Education,Single,0
31,57534,25939,24,452,2,6,0.12,8,1,Bachelor,Personal,Married,0
53,140050,23800,12,395,11,3,0.4,2,0,High School,Personal,Married,0
55,123496,61440,48,744,28,10,0.53,6,1,High School,Business,Single,0
30,59390,28246,36,409,22,12,0.51,3,1,Bachelor,Personal,Married,0
38,91629,57805,48,757,28,1,0.49,0,1,High School,Personal,Married,0
32,75856,54648,24,350,8,6,0.51,6,0,Bachelor,Personal,Single,0
53,69252,61851,60,676,3,14,0.08,0,1,High School,Medical,Married,0
31,75809,36688,60,372,1,13,0.59,3,1,High School,Personal,Single,0
43,42259,98498,24,511,21,1,0.58,8,0,High School,Medical,Single,1
38,40655,34764,12,731,21,10,0.37,4,0,PhD,Medical,Single,0
25,53005,37470,48,467,8,12,0.2,6,1,Bachelor,Education,Divorced,0
46,51629,43501,60,630,19,3,0.41,6,0,Bachelor,Personal,Married,0
42,43610,62207,12,793,23,12,0.38,2,1,Bachelor,Medical,Married,0
58,77184,67157,24,442,12,8,0.18,7,0,Master,Business,Married,1
59,41602,8216,12,744,13,7,0.41,0,0,Bachelor,Personal,Single,0
22,105945,27072,24,693,28,8,0.53,3,0,Master,Business,Married,0
46,31110,98778,48,811,2,10,0.53,9,0,Bachelor,Personal,Single,1
57,26073,42132,12,627,17,10,0.09,3,1,Bachelor,Business,Married,0
38,120846,22861,48,558,8,2,0.17,1,0,Master,Business,Married,0
62,100818,69186,12,736,14,10,0.45,5,1,Master,Business,Single,0
45,30195,9960,24,648,21,7,0.57,0,1,High School,Education,Married,0
23,21537,23781,24,814,26,14,0.36,2,1,Bachelor,Home,Married,0
61,37138,36126,12,748,23,4,0.47,8,0,Bachelor,Business,Single,0
36,64328,27578,24,698,26,1,0.06,9,0,High School,Business,Married,0
53,145138,22883,36,513,9,11,0.42,5,0,Master,Education,Married,0
60,66202,34782,36,845,24,3,0.63,1,0,Bachelor,Business,Married,0
27,60164,61387,48,588,16,5,0.45,8,1,Bachelor,Business,Single,0
22,146545,21979,36,558,12,14,0.6,1,0,High School,Medical,Married,0
44,109743,38746,36,557,0,10,0.39,6,1,High School,Medical,Divorced,0
60,74659,71266,60,687,10,8,0.56,0,0,High School,Education,Married,0
38,106155,5056,60,844,4,2,0.12,4,0,High School,Personal,Married,0
55,69692,36457,60,564,8,2,0.12,6,1,Bachelor,Business,Single,1
62,140198,7243,60,612,6,8,0.12,2,0,Master,Business,Single,0
50,44845,60031,24,339,6,14,0.34,3,0,Bachelor,Business,Divorced,1
30,109846,6701,48,509,1,9,0.25,4,1,High School,Personal,Single,0
34,123435,61381,48,571,18,10,0.48,2,0,High School,Business,Divorced,0
27,50562,55438,36,435,19,13,0.59,5,1,Bachelor,Business,Single,1
27,48036,78839,48,359,17,13,0.42,2,1,Bachelor,Personal,Single,0
41,80752,85636,36,809,9,1,0.18,7,0,PhD,Home,Single,0
24,94233,71483,48,814,24,14,0.61,6,1,Master,Medical,Married,0
38,103049,25505,12,314,4,2,0.37,0,1,Master,Medical,Married,0
33,128575,11553,12,554,15,4,0.48,1,0,High School,Business,Divorced,0
22,88681,38525,48,834,28,12,0.58,3,0,Master,Business,Single,0
38,47818,85402,24,534,22,3,0.64,4,0,High School,Education,Single,1
24,50544,49348,36,430,26,1,0.35,9,1,Bachelor,Education,Married,0
47,82532,76187,48,316,24,4,0.53,3,1,Bachelor,Education,Married,0
36,98636,12273,36,484,4,11,0.39,3,0,Bachelor,Personal,Single,0
57,77705,69236,60,690,14,13,0.34,8,1,High School,Education,Single,0
53,40104,80569,48,722,21,11,0.37,3,1,Bachelor,Home,Single,0
53,144336,8535,24,741,15,2,0.34,3,0,High School,Personal,Married,0
25,147904,23677,60,311,3,10,0.3,3,0,High School,Business,Married,0
39,89603,88024,48,819,13,5,0.48,1,0,Bachelor,Business,Married,0
40,122499,5908,12,379,23,1,0.2,7,1,PhD,Education,Single,0
64,79025,75153,48,601,16,14,0.42,3,1,Master,Personal,Married,0
56,116264,93989,12,515,16,8,0.48,4,0,Bachelor,Medical,Single,0
61,52317,40079,12,547,20,10,0.59,7,1,High School,Personal,Single,1
35,51416,86556,48,840,15,2,0.25,3,0,High School,Medical,Married,0
54,62012,54323,48,571,25,11,0.57,4,0,High School,Personal,Married,0
35,125585,50320,12,432,8,3,0.62,4,0,PhD,Personal,Single,0
55,88045,97098,36,304,1,3,0.44,5,1,Bachelor,Medical,Divorced,0
25,41400,94909,60,841,10,4,0.51,6,1,Master,Medical,Married,0
45,68270,51105,24,440,14,7,0.29,2,1,Bachelor,Home,Single,1
50,92069,35164,48,782,2,13,0.62,9,1,Bachelor,Personal,Married,0
40,139415,6885,60,604,23,9,0.45,2,1,PhD,Business,Married,0
27,69833,62819,60,644,15,3,0.24,8,1,High School,Personal,Married,0
54,83644,6049,36,569,20,1,0.29,0,0,Bachelor,Personal,Divorced,0
61,100206,58281,60,407,18,11,0.42,9,0,Master,Personal,Married,0
40,89468,48271,48,773,21,10,0.19,7,0,Bachelor,Personal,Single,0
22,132899,71697,60,381,5,1,0.5,9,0,High School,Medical,Married,0
26,79473,71351,48,383,13,12,0.18,2,1,High School,Personal,Married,0
48,65809,41534,48,589,4,11,0.41,4,0,Master,Education,Married,0
37,58328,98034,12,370,4,6,0.47,2,0,High School,Education,Single,0
27,56784,63097,36,474,5,5,0.57,9,0,Master,Personal,Divorced,0
61,43723,58813,24,762,17,10,0.49,0,1,High School,Home,Married,0
34,80646,30037,12,694,21,7,0.53,9,0,Bachelor,Business,Married,0
56,86255,41007,24,390,17,7,0.6,4,0,Bachelor,Home,Married,1
40,20074,84478,48,768,18,3,0.41,7,0,Bachelor,Home,Married,0
33,144173,32278,12,733,1,7,0.56,4,0,Bachelor,Home,Single,0
37,46498,13272,60,548,16,9,0.19,3,1,Master,Medical,Married,0
64,85522,62183,60,540,27,8,0.54,8,1,Bachelor,Personal,Single,1
31,116881,43294,24,795,0,3,0.18,0,0,Master,Personal,Married,0
46,40541,78277,48,639,8,10,0.61,4,0,High School,Education,Married,1
41,65929,67509,24,770,12,5,0.25,0,1,High School,Business,Married,0
52,143199,9694,36,762,3,13,0.15,5,1,High School,Medical,Married,0
25,120453,63150,60,574,4,13,0.14,9,1,High School,Education,Single,0
44,46028,72470,12,314,25,14,0.16,8,1,Bachelor,Personal,Married,0
23,49545,26556,12,340,29,8,0.32,1,0,Bachelor,Personal,Divorced,1
43,99569,69471,12,507,22,2,0.36,3,1,Master,Personal,Married,0
58,51673,54855,60,359,17,14,0.6,7,0,High School,Education,Single,1
29,50974,54086,48,664,27,14,0.28,2,1,Bachelor,Personal,Divorced,0
28,78899,23907,60,539,26,7,0.18,6,0,Master,Education,Married,0
35,43097,76695,60,459,9,11,0.5,6,1,PhD,Education,Single,0
24,122511,53487,12,696,24,10,0.13,1,0,Master,Personal,Married,0
37,113144,34158,60,799,27,10,0.59,9,1,Master,Education,Married,1
40,84824,25293,12,508,3,7,0.3,3,1,Bachelor,Education,Single,0
39,43525,50761,48,432,25,11,0.42,0,0,Master,Business,Married,0
37,77804,38387,36,680,25,12,0.16,7,0,Bachelor,Home,Single,0
29,35043,45750,12,732,12,14,0.14,9,1,PhD,Personal,Married,0
54,61846,73602,24,688,12,13,0.53,9,0,High School,Business,Married,0
33,97261,26256,36,731,16,8,0.31,8,0,Master,Medical,Divorced,0
32,122240,10594,48,573,7,1,0.64,0,1,Bachelor,Business,Single,1
26,127611,7460,36,650,3,8,0.36,6,1,High School,Business,Single,0
48,70227,77356,12,433,22,14,0.56,0,1,High School,Education,Married,0
33,73028,59698,48,365,2,1,0.64,0,0,Master,Education,Married,0
38,57383,21191,24,504,10,3,0.22,8,1,Bachelor,Personal,Divorced,0
27,49483,89631,12,597,11,9,0.53,9,1,PhD,Business,Single,0
54,27265,15529,12,416,8,4,0.06,9,0,High School,Business,Married,0
26,42763,37175,48,566,14,10,0.46,5,0,Bachelor,Education,Single,1
49,95652,22675,48,448,12,13,0.5,0,1,High School,Education,Married,0
35,35733,48158,36,493,4,9,0.34,6,0,Bachelor,Education,Single,1
26,132196,51798,24,478,4,1,0.15,2,0,Bachelor,Education,Divorced,0
54,111038,75910,36,447,18,8,0.42,9,1,Bachelor,Personal,Single,1
62,57420,30976,36,764,10,3,0.59,3,0,High School,Personal,Married,1
40,141480,68116,12,304,8,11,0.61,3,0,High School,Business,Single,0
43,128777,83678,48,825,2,7,0.5,7,0,High School,Personal,Married,0
26,29247,67821,12,579,17,2,0.21,0,1,Master,Education,Married,0
23,43840,17204,24,798,26,13,0.57,7,0,High School,Education,Single,0
51,85149,60665,36,735,12,7,0.58,8,1,Bachelor,Personal,Single,0
60,41058,12394,24,515,24,7,0.27,6,1,Bachelor,Medical,Single,0
25,135229,69814,48,814,27,9,0.16,0,0,Master,Business,Single,0
54,54929,38593,48,436,11,2,0.57,6,1,High School,Personal,Single,0
34,104171,46964,60,579,8,8,0.58,5,1,High School,Personal,Married,0
41,111164,82188,24,431,9,5,0.11,4,1,Bachelor,Business,Married,1
28,51362,58365,12,692,27,10,0.63,4,0,PhD,Business,Married,0
36,106489,5443,24,780,12,9,0.37,0,1,Bachelor,Medical,Single,0
44,104664,94439,36,812,19,8,0.65,5,1,High School,Business,Single,0
35,67356,33180,48,718,19,3,0.32,3,1,Bachelor,Home,Married,0
44,97597,53791,48,501,12,3,0.37,0,1,PhD,Personal,Married,1
40,147880,91655,24,761,26,11,0.21,7,1,Bachelor,Education,Single,0
50,26041,80899,24,501,25,12,0.59,7,1,Bachelor,Medical,Single,0
41,98209,48665,24,451,28,10,0.32,3,1,Bachelor,Personal,Single,0
50,147037,8465,36,521,28,8,0.54,6,0,PhD,Personal,Single,0
45,81954,73247,36,378,21,9,0.1,2,0,Bachelor,Business,Married,0
39,81869,56559,12,499,8,2,0.52,7,0,Bachelor,Home,Single,0
31,41059,30198,24,398,23,3,0.34,6,1,High School,Education,Divorced,1
62,119864,59740,12,512,9,14,0.05,4,1,Bachelor,Education,Divorced,0
29,64722,27488,60,442,18,14,0.19,4,0,Bachelor,Education,Married,0
47,37548,43515,36,688,5,8,0.17,8,1,High School,Personal,Single,0
50,35078,94144,48,673,28,2,0.5,5,1,Master,Business,Single,0
31,25419,32898,60,351,6,8,0.34,5,0,Bachelor,Personal,Married,1
38,55490,6919,48,434,14,5,0.15,1,1,High School,Business,Single,0
23,96086,55070,60,710,21,6,0.2,4,0,PhD,Medical,Divorced,0
27,135158,67613,12,769,18,14,0.35,3,0,High School,Education,Single,0
26,78760,91135,12,411,13,10,0.06,9,1,Bachelor,Home,Married,0
49,50337,87501,36,824,29,12,0.3,2,0,Bachelor,Personal,Married,0
62,21468,52003,48,343,15,4,0.46,8,1,Master,Business,Married,1
26,44309,53478,60,696,13,3,0.36,6,1,Master,Medical,Married,0
39,86344,19434,24,560,28,8,0.41,3,0,Bachelor,Personal,Married,0
47,110283,51246,24,844,28,9,0.25,8,1,High School,Personal,Divorced,0
41,92255,41649,36,687,24,13,0.16,8,1,Bachelor,Business,Single,0
62,147006,64030,48,775,19,8,0.54,6,0,PhD,Business,Single,1
48,101899,58061,24,709,1,9,0.59,4,1,High School,Home,Single,0
33,48718,6999,36,315,8,1,0.36,8,1,Master,Business,Married,0
28,114337,19849,36,401,2,5,0.23,6,0,High School,Medical,Single,0
24,128895,81439,48,485,5,12,0.36,8,1,High School,Medical,Single,0
31,57841,57800,24,324,4,7,0.58,2,1,High School,Personal,Single,1
55,93548,10445,24,371,13,8,0.46,8,1,High School,Education,Married,1
46,103565,23040,24,317,28,14,0.57,0,0,PhD,Personal,Married,0
56,66660,69315,12,631,14,11,0.25,4,0,Master,Personal,Married,0
37,126553,5246,24,396,17,2,0.48,1,0,Bachelor,Medical,Single,0
23,70281,36153,60,311,16,12,0.44,0,1,Bachelor,Personal,Married,1
45,133451,10212,12,310,8,11,0.39,2,0,Bachelor,Business,Married,1
31,136041,8339,12,462,18,14,0.37,6,0,Master,Business,Married,0
59,20767,93678,12,582,22,4,0.38,2,0,Master,Personal,Single,0
43,23895,61238,12,540,24,7,0.56,9,0,High School,Business,Single,0
47,78026,24394,36,344,8,5,0.6,9,1,Bachelor,Business,Divorced,1
64,138142,58871,60,554,27,1,0.12,8,0,Bachelor,Business,Married,0
60,62968,82722,48,366,15,13,0.39,2,1,PhD,Home,Single,0
48,60097,39607,24,341,25,14,0.6,5,0,Bachelor,Business,Divorced,0
50,35332,57055,12,683,5,2,0.13,1,1,Master,Personal,Single,0
59,34621,9395,48,533,7,5,0.3,7,0,Master,Personal,Married,0
41,96870,20290,36,784,24,6,0.1,9,1,Bachelor,Education,Married,0
48,38174,92687,48,338,2,1,0.12,4,0,Master,Education,Single,1
62,144357,70078,12,310,21,12,0.59,1,1,Bachelor,Home,Single,1
41,119189,8691,60,708,4,3,0.32,6,0,Bachelor,Education,Married,0
40,60502,12470,48,407,6,6,0.46,2,1,Master,Personal,Married,1
41,56674,8841,12,393,22,6,0.13,4,0,High School,Personal,Single,0
56,57260,68197,12,383,24,7,0.06,8,1,High School,Business,Single,0
23,62498,60773,24,357,0,10,0.58,0,0,Bachelor,Education,Divorced,0
51,87609,22776,24,592,21,12,0.39,1,1,Bachelor,Personal,Single,0
55,69464,76596,60,315,20,14,0.06,4,0,PhD,Education,Single,0
43,91805,32584,24,776,3,14,0.65,3,0,PhD,Medical,Married,0
24,84919,9300,60,464,25,3,0.35,0,0,Bachelor,Education,Single,0
27,148564,8338,36,736,27,1,0.34,6,1,Bachelor,Education,Single,0
36,74469,67601,36,702,15,13,0.42,8,0,Bachelor,Medical,Divorced,0
48,37194,10487,24,685,26,7,0.05,0,0,Bachelor,Personal,Divorced,0
31,46811,41282,36,437,13,12,0.39,7,0,High School,Personal,Single,0
30,92377,81816,48,830,0,11,0.43,8,1,Bachelor,Personal,Divorced,0
54,145737,33804,48,592,3,3,0.23,1,1,Bachelor,Personal,Divorced,0
53,63723,14915,48,774,9,5,0.49,0,0,High School,Home,Married,0
27,120336,16158,36,761,10,4,0.28,5,0,Master,Personal,Married,0
62,95235,79157,48,672,6,12,0.48,6,1,Bachelor,Education,Single,0
57,131041,15547,60,461,3,1,0.14,1,1,High School,Education,Single,0
23,96298,93713,12,343,0,12,0.6,4,1,Bachelor,Education,Married,0
50,79238,7459,24,382,25,7,0.58,4,0,High School,Education,Married,1
25,148353,33768,60,838,0,14,0.14,6,0,High School,Business,Married,0
22,125433,68146,48,818,16,13,0.61,0,1,Master,Business,Single,0
40,137393,55870,12,710,26,4,0.38,9,0,Master,Home,Single,0
47,127092,55460,24,640,9,1,0.47,7,1,High School,Personal,Married,1
46,22147,87970,60,388,4,11,0.55,4,1,Master,Personal,Married,1
31,118919,65817,24,529,6,6,0.1,2,1,High School,Business,Single,0
36,119251,43247,36,317,24,4,0.15,8,1,High School,Business,Married,0
43,58445,20419,48,580,7,13,0.22,2,0,High School,Business,Married,0
42,73803,40577,60,721,1,4,0.34,6,1,High School,Home,Single,1
43,147253,7921,60,637,8,2,0.26,9,0,Bachelor,Medical,Single,0
57,81108,9676,12,565,3,1,0.35,6,0,Master,Medical,Single,1
55,126170,90961,12,654,11,3,0.16,9,1,High School,Business,Divorced,0
51,22013,54684,12,659,25,10,0.46,7,0,Bachelor,Personal,Married,0
46,105617,18463,24,516,10,5,0.08,9,0,Bachelor,Medical,Married,0
49,102410,30474,48,620,4,12,0.27,7,0,High School,Medical,Married,1
22,73502,45935,24,511,11,9,0.16,3,1,Bachelor,Business,Single,0
25,137116,72005,48,502,26,14,0.49,0,1,Bachelor,Medical,Single,0
28,57755,63596,60,452,20,7,0.58,3,1,High School,Home,Married,0
30,28733,77828,24,728,3,4,0.1,5,0,Bachelor,Business,Married,0
57,29479,95945,24,586,12,8,0.52,9,0,High School,Personal,Single,1
40,95361,94062,24,620,21,12,0.59,5,1,High School,Business,Single,0
22,41304,60152,36,735,0,4,0.63,5,0,Bachelor,Home,Married,0
31,55694,94001,48,795,17,6,0.4,6,1,Bachelor,Personal,Married,0
57,144232,97321,48,448,3,12,0.25,0,1,Bachelor,Education,Single,0
30,125586,91569,24,841,3,1,0.24,9,1,Bachelor,Education,Married,0
63,101171,77467,36,781,7,14,0.28,0,0,Bachelor,Personal,Divorced,0
53,134151,57576,24,625,24,6,0.42,6,0,Bachelor,Education,Single,0
53,106296,71627,48,328,27,10,0.34,3,1,Bachelor,Business,Married,0
27,29490,30772,60,558,19,5,0.44,5,1,PhD,Medical,Married,0
59,41252,21363,36,374,5,14,0.07,5,1,PhD,Education,Single,0
38,125290,33490,36,797,3,2,0.11,8,0,Bachelor,Medical,Married,1
31,26862,64004,24,715,3,1,0.64,1,1,High School,Personal,Divorced,0
48,130463,58806,60,639,27,13,0.65,3,1,Bachelor,Personal,Married,0
56,89959,5260,48,607,10,6,0.5,3,0,High School,Medical,Single,0
42,30450,80992,12,540,27,11,0.2,6,0,Bachelor,Business,Married,1
46,76022,27320,48,552,8,2,0.62,0,0,High School,Personal,Married,0
49,147898,83971,48,519,13,9,0.18,4,1,Bachelor,Personal,Single,0
36,81991,47145,60,696,3,9,0.49,3,0,High School,Business,Single,0
25,60927,68688,36,635,12,1,0.12,1,1,PhD,Personal,Divorced,0
50,120377,53581,48,328,5,5,0.44,4,1,High School,Education,Married,1
30,108090,97561,36,793,29,8,0.51,8,1,Bachelor,Education,Divorced,0
48,69853,98645,60,801,12,4,0.57,7,0,Master,Business,Single,0
47,51826,25754,60,453,24,3,0.49,8,1,High School,Home,Married,0
40,62879,74837,24,530,2,5,0.6,6,0,PhD,Personal,Single,0
49,77265,12207,12,401,22,5,0.36,9,0,Bachelor,Business,Single,0
38,92361,32920,60,476,6,8,0.46,6,0,PhD,Personal,Divorced,1
64,128956,92739,60,531,0,6,0.27,1,1,PhD,Medical,Single,0
62,97990,92081,36,311,10,2,0.06,2,0,High School,Home,Married,0
63,109787,29016,60,485,1,11,0.5,9,1,Master,Business,Divorced,0
41,106184,65522,48,565,4,1,0.57,7,1,High School,Business,Married,0
61,60736,79092,24,434,23,13,0.15,1,0,High School,Personal,Married,0
60,44530,59068,24,330,21,3,0.07,6,1,High School,Medical,Married,0
44,98052,25102,48,755,29,2,0.15,5,0,High School,Education,Married,1
53,67058,6924,60,558,13,4,0.59,9,0,Bachelor,Medical,Single,0
54,126080,90015,12,403,28,3,0.23,3,0,Bachelor,Personal,Single,0
26,94094,59333,60,730,12,9,0.19,3,0,Master,Business,Single,0
64,94255,89458,24,681,15,5,0.06,2,1,High School,Education,Single,0
55,24886,89196,12,768,22,4,0.23,5,0,PhD,Medical,Single,0
61,146598,51099,36,812,14,10,0.48,2,1,High School,Business,Single,0
32,113721,62346,36,506,2,9,0.63,8,1,High School,Business,Single,1
24,138623,80481,60,746,5,4,0.24,3,0,Bachelor,Home,Single,0
54,57387,55062,60,388,8,6,0.19,3,1,Master,Personal,Married,0
32,41575,5306,12,494,2,14,0.58,1,0,Master,Business,Single,0
37,132260,93495,12,713,29,10,0.56,1,0,Bachelor,Business,Married,0
39,128649,74767,60,421,12,1,0.25,6,0,High School,Personal,Divorced,0
51,59643,17207,24,761,28,13,0.09,4,1,High School,Business,Single,0
31,30100,44426,36,415,12,2,0.65,2,0,Bachelor,Education,Single,1
39,80356,11336,12,495,21,4,0.46,5,1,Bachelor,Business,Married,0
59,27856,80166,24,335,6,9,0.61,5,0,High School,Business,Divorced,1
40,58169,22256,60,366,4,6,0.26,0,1,Bachelor,Medical,Single,1
57,48804,54817,48,580,25,6,0.44,2,0,Bachelor,Home,Single,0
34,149557,38719,12,778,28,11,0.45,4,1,Bachelor,Medical,Single,0
24,55790,47017,48,310,7,9,0.57,6,0,High School,Medical,Married,0
31,50988,50704,24,621,7,12,0.65,3,1,Bachelor,Home,Divorced,0
59,129979,35013,36,539,21,4,0.12,7,0,High School,Medical,Married,1
22,96448,84991,24,359,6,3,0.43,2,1,High School,Home,Married,1
48,58506,75258,36,464,18,7,0.25,5,0,Master,Education,Married,1
29,133430,83348,24,488,28,12,0.54,5,1,Bachelor,Education,Single,0
63,107904,41776,12,786,6,7,0.5,8,0,Master,Education,Married,0
38,87306,15060,12,391,22,9,0.59,3,0,High School,Home,Single,1
30,32305,83592,48,588,3,6,0.26,6,0,Master,Education,Single,0
27,29969,11655,24,808,9,2,0.16,9,1,High School,Medical,Single,0
64,32404,93110,24,374,29,6,0.06,0,1,Master,Personal,Married,0
46,28989,54923,48,727,12,8,0.2,0,0,Bachelor,Home,Married,0
60,85305,83563,60,684,3,6,0.27,1,1,High School,Business,Married,0
49,55983,9030,24,352,29,9,0.62,3,0,High School,Personal,Single,1
54,130284,94779,24,474,18,4,0.34,5,0,High School,Medical,Single,0
58,59462,38289,24,773,9,3,0.38,3,0,Bachelor,Business,Single,0
30,39360,24739,60,660,6,11,0.58,5,1,PhD,Personal,Single,0
39,105657,66687,12,569,4,5,0.58,1,0,High School,Personal,Married,1
42,46287,41491,48,706,2,3,0.37,8,1,Bachelor,Personal,Single,0
23,85472,77115,60,423,21,11,0.12,2,1,Master,Personal,Married,0
64,135440,88778,36,675,27,12,0.21,6,0,Bachelor,Education,Married,0
59,128965,9781,36,691,21,2,0.32,0,1,Bachelor,Medical,Single,0
61,81313,25448,60,481,21,2,0.5,7,1,PhD,Business,Married,0
57,54160,56550,60,335,1,4,0.48,3,1,High School,Education,Single,1
64,26789,54294,12,511,28,3,0.44,4,0,Bachelor,Medical,Married,0
58,47181,26446,36,433,10,9,0.58,6,0,Master,Business,Divorced,0
36,34385,81579,48,790,9,14,0.53,2,1,High School,Education,Married,0
49,102597,90389,24,737,27,7,0.64,8,1,Bachelor,Business,Single,0
39,85641,90615,24,345,22,6,0.58,8,0,High School,Education,Married,1
55,64247,22101,12,700,12,10,0.17,7,0,High School,Personal,Married,0
43,106673,71178,12,787,6,12,0.08,0,1,High School,Home,Married,0
32,120250,33016,36,731,9,8,0.3,1,0,PhD,Personal,Married,0
34,25544,23932,48,727,27,9,0.42,1,0,Master,Business,Single,0
25,135783,49653,48,816,3,3,0.44,2,1,High School,Personal,Married,0
43,33275,95481,60,761,26,12,0.21,1,0,High School,Education,Married,0
28,125289,57802,12,480,21,10,0.57,0,1,Bachelor,Business,Divorced,0
64,83248,12549,24,444,19,7,0.25,4,1,Bachelor,Business,Single,1
45,54550,83933,24,564,15,9,0.6,5,1,Master,Personal,Single,0
25,73693,30362,36,705,19,1,0.33,6,1,PhD,Personal,Divorced,0
49,148924,52842,24,783,5,10,0.06,9,0,Master,Medical,Single,1
36,39641,51539,48,781,8,9,0.15,6,0,Bachelor,Personal,Married,0
22,91749,38717,48,536,27,14,0.11,1,0,High School,Medical,Single,0
24,144877,59596,12,824,12,7,0.08,6,0,High School,Business,Single,1
35,100021,28016,36,638,6,10,0.48,1,1,Bachelor,Personal,Single,0
59,35605,60200,24,567,17,14,0.17,1,0,Bachelor,Personal,Married,1
22,123173,85268,12,565,13,4,0.55,5,1,Master,Medical,Single,1
59,70713,65287,60,827,21,13,0.21,5,1,High School,Education,Single,0
59,40390,97447,60,391,29,11,0.07,7,1,High School,Personal,Single,1
42,95403,88402,24,547,4,12,0.54,4,0,Bachelor,Education,Single,0
50,78466,47607,24,318,21,6,0.33,4,1,PhD,Medical,Married,1
26,23981,32621,24,689,12,11,0.41,9,1,Master,Business,Single,0
31,29493,17823,48,687,23,11,0.25,0,0,High School,Education,Single,0
49,91218,34986,24,394,7,6,0.08,3,1,Master,Personal,Single,0
42,91318,69325,60,729,14,6,0.27,0,0,Bachelor,Personal,Married,0
28,135631,62771,24,336,18,2,0.36,9,0,Bachelor,Business,Single,0
24,139238,59973,36,692,8,5,0.06,4,1,High School,Medical,Married,0
41,115335,19690,60,590,5,7,0.39,7,1,Bachelor,Business,Single,0
40,127441,44107,36,602,22,6,0.59,0,0,Bachelor,Business,Single,0
56,36984,62888,60,700,24,3,0.18,2,0,Bachelor,Business,Married,0
25,145580,15956,12,643,13,11,0.61,0,1,Bachelor,Business,Divorced,0
26,131316,91839,60,817,28,12,0.11,5,1,High School,Business,Single,0
22,42760,61227,60,676,22,5,0.55,9,1,High School,Education,Married,1
25,111529,41533,36,464,9,13,0.55,0,1,Master,Personal,Married,0
33,21524,61234,36,312,8,8,0.2,9,1,Bachelor,Medical,Married,0
48,138454,72594,60,324,16,11,0.62,2,1,Bachelor,Personal,Divorced,0
63,69402,61901,60,422,12,5,0.3,4,1,High School,Education,Married,1
44,111656,16519,48,428,16,12,0.13,4,1,High School,Business,Divorced,0
46,85614,36115,12,846,18,10,0.41,1,1,High School,Medical,Divorced,0
42,55891,71266,12,608,12,3,0.65,2,1,High School,Medical,Married,0
45,111009,6832,24,735,8,9,0.59,8,0,Bachelor,Personal,Married,0
46,59832,46368,60,481,0,11,0.22,0,0,Master,Education,Married,0
53,65836,93425,60,342,0,3,0.4,0,0,High School,Personal,Single,0
53,93953,74715,60,703,4,2,0.12,1,0,Master,Personal,Married,0
26,33362,76835,60,562,7,6,0.33,7,1,Bachelor,Home,Married,0
57,86745,78366,12,369,17,8,0.36,5,0,High School,Personal,Single,1
63,57921,42570,36,591,3,6,0.24,3,1,Bachelor,Personal,Divorced,0
63,90434,92977,48,513,21,1,0.34,6,1,High School,Personal,Divorced,0
60,147717,11615,36,446,0,8,0.6,5,1,Bachelor,Business,Single,0
37,38562,77298,36,324,14,1,0.35,8,1,High School,Home,Married,0
54,84510,43311,12,622,19,9,0.55,5,1,Bachelor,Personal,Single,1
42,96407,95245,48,408,3,8,0.24,1,0,Bachelor,Business,Married,0
30,27610,28434,60,550,24,6,0.63,2,0,High School,Business,Married,1
27,129381,91879,12,781,8,2,0.11,8,0,High School,Business,Married,0
56,112918,20739,12,474,21,13,0.4,6,1,High School,Education,Married,0
60,35791,71202,48,646,23,9,0.52,5,0,Bachelor,Education,Divorced,0
43,78047,98419,24,469,27,8,0.54,4,0,Master,Business,Married,1
62,120848,84599,12,301,25,13,0.17,2,1,High School,Medical,Married,0
26,123826,38649,36,661,19,4,0.29,3,1,High School,Personal,Married,0
63,87906,52445,36,595,9,2,0.42,0,0,Bachelor,Personal,Divorced,0
44,39665,44470,60,501,23,13,0.24,4,1,High School,Home,Single,0
38,90246,79965,12,588,14,14,0.44,6,1,Bachelor,Education,Single,0
33,85864,53621,60,361,2,6,0.28,1,0,High School,Medical,Divorced,0
44,66451,37926,12,801,1,1,0.26,7,0,Master,Education,Married,0
37,123883,42997,48,425,21,7,0.11,9,1,Bachelor,Business,Divorced,1
24,106148,64940,12,348,4,1,0.07,5,1,High School,Education,Single,0
51,65890,45724,24,478,23,13,0.55,9,0,Bachelor,Personal,Divorced,1
43,26794,36704,36,792,0,6,0.34,2,0,Bachelor,Medical,Married,1
30,52888,33391,48,732,10,5,0.39,1,0,High School,Business,Married,0
50,26749,68291,36,601,11,12,0.27,7,1,High School,Home,Married,0
58,66531,94723,60,468,25,10,0.13,3,0,High School,Education,Single,0
44,135652,7526,48,568,2,14,0.32,6,0,Bachelor,Personal,Married,0
34,40608,29686,24,663,22,3,0.19,6,0,High School,Business,Married,0
53,100986,78339,36,399,28,6,0.55,9,1,Bachelor,Personal,Married,1
44,89211,11574,12,514,15,4,0.64,8,1,Bachelor,Education,Married,0
38,140382,13733,12,396,25,14,0.58,9,0,Master,Business,Married,0
61,103996,55290,12,847,13,12,0.37,7,1,Bachelor,Business,Single,0
42,76017,77793,48,636,11,6,0.43,7,0,Bachelor,Home,Married,1
23,123947,41051,24,658,19,4,0.62,6,0,Bachelor,Home,Single,1
58,77676,20909,24,589,25,1,0.37,9,0,PhD,Home,Single,0
27,31560,94682,24,695,15,5,0.43,4,1,High School,Personal,Married,0
39,74401,82338,36,659,20,8,0.43,8,0,High School,Education,Married,0
51,70468,78432,48,646,7,6,0.47,6,1,High School,Home,Married,0
43,135884,33133,12,423,16,10,0.43,2,1,Bachelor,Education,Married,0
54,52463,56571,36,837,16,9,0.45,5,0,High School,Personal,Divorced,0
51,51663,84062,24,721,27,4,0.49,2,1,High School,Medical,Single,0
38,133687,55908,12,635,6,10,0.54,5,0,Bachelor,Medical,Divorced,0
64,88706,16278,48,802,14,9,0.29,7,0,PhD,Education,Divorced,0
53,78773,56458,60,356,28,8,0.5,8,0,PhD,Personal,Married,1
63,53123,69265,24,375,27,3,0.11,1,0,Bachelor,Personal,Single,1
35,114346,61782,24,765,8,14,0.58,5,1,Bachelor,Education,Married,0
31,29718,60415,24,584,3,6,0.22,2,0,Master,Business,Single,0
57,146777,96087,24,685,7,4,0.29,6,0,Master,Education,Married,0
55,82637,59160,12,558,9,1,0.53,3,0,Master,Personal,Single,0
30,20028,59399,48,776,14,9,0.43,4,0,Bachelor,Personal,Married,0
63,82370,30298,36,310,22,4,0.24,9,1,High School,Business,Single,1
49,67599,27191,12,559,29,11,0.19,5,1,High School,Personal,Single,0
32,37397,61964,48,692,17,14,0.62,7,0,Master,Education,Single,0
35,129198,38092,36,668,13,5,0.1,1,1,High School,Business,Single,0
60,127323,94407,24,483,4,3,0.05,3,0,High School,Education,Married,0
40,65406,80257,48,315,8,4,0.45,3,0,Bachelor,Medical,Single,0
36,67657,67513,24,805,12,13,0.42,5,0,High School,Personal,Married,0
49,87560,56097,48,385,28,9,0.49,3,1,Master,Home,Married,1
45,143178,35279,60,309,24,7,0.49,4,0,High School,Medical,Single,1
29,124143,19404,24,776,18,8,0.57,4,1,High School,Education,Single,1
64,144745,75022,24,463,10,3,0.6,7,1,PhD,Home,Married,0
30,146896,40198,24,323,11,3,0.52,3,0,High School,Personal,Divorced,0
54,33503,99223,12,611,2,14,0.19,5,1,Master,Business,Married,0
54,74943,54997,36,537,1,7,0.33,6,0,Bachelor,Personal,Married,1
40,95839,83692,24,761,22,8,0.44,7,1,Bachelor,Business,Married,0
24,102674,5567,24,761,21,14,0.37,8,1,High School,Business,Married,0
31,45345,66032,12,537,14,5,0.15,9,1,Bachelor,Education,Divorced,0
61,138423,7179,12,321,4,1,0.4,7,1,High School,Personal,Married,0
63,70390,7019,60,479,6,3,0.58,3,0,PhD,Personal,Single,0
22,115041,86455,48,798,3,5,0.3,3,0,High School,Business,Married,0
50,79557,90239,24,774,4,3,0.45,9,0,High School,Personal,Single,0
55,85054,23704,48,638,24,14,0.42,4,0,Master,Medical,Married,0
34,21906,23030,12,830,15,1,0.28,2,0,Bachelor,Education,Married,1
22,60167,74445,12,461,14,7,0.39,1,0,Bachelor,Business,Married,0
55,27961,78551,60,360,26,1,0.18,1,0,Bachelor,Personal,Married,0
50,46140,8420,36,384,15,10,0.38,8,1,High School,Personal,Single,0
34,144098,64875,12,846,24,13,0.53,7,1,High School,Education,Divorced,0
50,139289,52653,24,789,3,6,0.51,5,0,PhD,Home,Single,0
60,78701,21740,60,304,5,6,0.26,8,0,High School,Business,Single,0
45,97567,70263,36,375,17,14,0.12,4,1,Bachelor,Medical,Married,0
47,100664,69559,60,552,2,7,0.53,9,1,Bachelor,Medical,Divorced,1
38,101199,24465,12,306,24,12,0.21,0,0,High School,Personal,Married,0
28,149856,56432,36,772,21,11,0.08,7,0,Bachelor,Home,Married,1
34,119764,9131,48,437,23,1,0.32,2,1,Bachelor,Business,Married,0
26,101218,15652,36,657,26,11,0.49,8,1,Master,Home,Single,1
47,142357,69973,24,462,4,3,0.54,0,1,High School,Business,Married,1
24,100729,92043,48,617,1,12,0.64,2,1,High School,Personal,Single,0
28,48561,52147,48,757,22,9,0.16,0,1,Master,Home,Divorced,0
60,70568,52671,24,552,15,2,0.23,0,0,High School,Personal,Single,0
22,129349,94342,48,500,5,14,0.42,5,1,Bachelor,Medical,Single,1
38,93302,24171,12,831,26,5,0.54,3,0,Master,Personal,Married,0
64,115380,91129,36,464,14,3,0.19,9,1,Bachelor,Education,Married,1
46,114968,60692,36,531,17,12,0.3,3,0,Bachelor,Business,Married,0
24,49504,63541,24,627,5,12,0.3,4,0,High School,Home,Single,0
36,136116,14470,12,537,12,13,0.51,2,0,Master,Personal,Single,0
50,57146,66344,48,419,23,5,0.19,1,0,High School,Business,Married,1
64,60297,49308,36,549,12,7,0.63,9,0,Master,Education,Married,1
53,106394,55639,36,635,0,1,0.36,7,1,High School,Home,Married,0
47,147173,26326,36,583,15,3,0.22,6,0,Master,Business,Married,0
37,145942,9597,36,497,3,11,0.22,9,1,Bachelor,Business,Married,1
46,88607,35788,60,715,16,13,0.06,3,0,High School,Business,Married,0
49,36939,70020,24,694,17,6,0.47,1,1,Bachelor,Personal,Married,0
30,110467,54477,48,450,15,7,0.52,8,0,High School,Medical,Single,0
22,70715,38071,48,564,0,10,0.07,7,0,High School,Personal,Married,0
50,64460,75603,24,519,5,3,0.4,3,1,High School,Education,Single,0
43,86576,66923,12,515,10,4,0.52,4,1,Master,Business,Married,1
37,88222,75560,24,614,5,6,0.28,9,1,High School,Personal,Married,1
62,32666,78251,36,515,16,5,0.31,5,1,PhD,Business,Single,0
62,82119,62492,36,634,3,11,0.27,3,1,High School,Medical,Married,0
28,55321,36770,24,658,13,9,0.24,1,0,Bachelor,Business,Single,0
35,21779,81762,24,460,29,13,0.34,4,0,Master,Personal,Divorced,0
50,33186,40399,48,810,13,12,0.15,0,0,PhD,Personal,Single,0
40,36459,83948,48,456,19,1,0.31,6,1,High School,Medical,Divorced,0
40,106246,62439,60,461,7,13,0.62,8,0,Bachelor,Business,Married,0
23,107755,49415,60,341,21,5,0.07,2,1,High School,Home,Single,0
62,25057,17569,36,479,1,11,0.15,5,0,Bachelor,Education,Single,1
36,80663,7369,60,602,4,1,0.52,8,1,Bachelor,Business,Single,0
24,38733,5528,60,629,3,8,0.13,3,1,High School,Education,Single,0
32,39157,35314,12,728,9,7,0.21,5,0,High School,Business,Single,0
51,55030,23047,24,649,19,5,0.32,2,1,High School,Home,Single,0
61,39613,24748,48,419,27,6,0.62,8,0,High School,Business,Single,0
39,128612,40109,60,374,23,4,0.16,6,0,High School,Personal,Married,0
23,135080,18919,48,422,20,9,0.6,6,1,Master,Education,Single,1
53,103028,52498,60,481,2,14,0.48,3,0,High School,Education,Married,0
29,106282,60808,60,556,15,3,0.45,5,1,Bachelor,Medical,Single,0
43,25188,85792,36,568,9,2,0.48,7,1,Master,Home,Divorced,0
27,127106,75441,12,792,27,7,0.07,5,0,Bachelor,Business,Married,0
33,148346,79420,24,479,14,13,0.11,5,1,Bachelor,Business,Married,0
61,49680,33906,24,448,3,2,0.25,3,1,Bachelor,Business,Single,0
57,123361,76486,36,817,0,13,0.09,7,0,Bachelor,Home,Married,0
36,80119,71896,36,447,21,6,0.64,9,1,Bachelor,Home,Single,1
49,122302,26946,24,308,26,11,0.4,7,1,PhD,Home,Divorced,1
39,94400,52020,24,477,28,8,0.34,8,1,PhD,Personal,Divorced,1
23,75718,79266,12,694,14,3,0.52,5,1,Bachelor,Business,Married,0
34,56445,27161,60,630,9,3,0.64,1,0,High School,Personal,Married,0
36,25796,32738,12,355,19,3,0.62,3,0,Bachelor,Business,Married,1
41,67218,8925,24,506,21,1,0.53,3,0,Bachelor,Personal,Single,0
50,59131,13463,60,404,17,9,0.28,7,0,Master,Personal,Married,0
63,28123,62153,24,846,15,5,0.09,4,0,Bachelor,Business,Single,1
50,28222,87948,12,654,20,9,0.11,3,0,Bachelor,Business,Married,1
24,44074,66009,12,788,26,5,0.05,7,1,Bachelor,Personal,Single,0
40,131958,92938,12,802,8,7,0.05,2,1,High School,Personal,Single,0
24,136088,96253,60,349,23,1,0.61,1,1,Master,Education,Married,1
35,49825,46552,48,386,18,9,0.61,3,1,High School,Personal,Single,0
61,56839,61271,48,602,16,1,0.45,0,1,Bachelor,Education,Married,0
25,127112,14797,24,300,9,4,0.49,0,0,High School,Business,Married,1
32,147514,91130,60,680,18,7,0.36,4,0,High School,Medical,Divorced,0
52,88322,76942,36,661,7,11,0.19,0,1,High School,Personal,Single,0
64,76321,18965,48,680,26,12,0.6,3,0,Master,Personal,Married,0
53,119174,18733,60,461,18,9,0.22,7,0,Bachelor,Education,Married,0
48,122500,58223,60,318,4,1,0.49,7,0,Bachelor,Home,Single,0
51,130100,31926,48,542,1,12,0.2,1,0,Master,Personal,Married,0
64,45988,33783,60,428,14,14,0.57,2,0,Bachelor,Personal,Single,1
23,55507,88360,60,475,16,13,0.44,2,1,Bachelor,Home,Single,0
30,119244,41394,48,708,26,11,0.44,0,1,Bachelor,Personal,Single,0
49,118644,69796,12,383,9,13,0.11,2,0,High School,Personal,Married,0
52,145788,33287,24,675,29,6,0.3,7,0,High School,Home,Single,0
55,115251,87104,36,521,20,11,0.36,5,0,High School,Medical,Single,0
36,43806,35436,24,624,20,10,0.23,4,1,Bachelor,Business,Married,0
46,56901,91916,12,750,21,11,0.58,9,0,High School,Home,Single,0
57,37043,95332,12,715,1,5,0.55,8,0,Bachelor,Education,Married,0
29,95761,78567,60,744,8,3,0.35,6,0,Bachelor,Personal,Single,0
30,29752,92483,24,624,1,10,0.25,5,0,High School,Education,Single,0
58,88993,8188,12,822,17,2,0.53,4,1,PhD,Business,Married,0
60,62616,96205,24,465,11,1,0.17,4,1,PhD,Education,Married,0
53,72127,11765,12,537,14,2,0.09,9,0,High School,Home,Married,0
38,94777,56626,36,312,20,12,0.08,8,1,Master,Personal,Married,0
56,20453,93707,12,556,24,13,0.07,9,0,Bachelor,Education,Divorced,0
58,95432,15807,24,813,19,4,0.34,5,1,Master,Business,Single,0
40,142872,15204,60,509,5,6,0.2,3,0,High School,Personal,Married,0
50,107362,97602,24,783,17,12,0.46,3,1,High School,Education,Married,0
28,30976,62944,48,664,29,5,0.44,3,0,Master,Education,Married,0
49,134176,47120,24,524,12,14,0.38,5,0,Master,Medical,Divorced,0
30,119122,27658,36,493,3,4,0.26,0,0,Bachelor,Medical,Married,0
49,90404,42081,36,495,11,8,0.56,8,0,Master,Education,Single,1
27,101932,39986,36,699,8,12,0.48,1,1,Bachelor,Business,Divorced,0
50,117170,84322,12,356,1,7,0.21,1,1,High School,Business,Single,0
38,97707,99819,36,512,15,14,0.35,4,1,High School,Business,Single,1
37,109647,55304,24,578,0,4,0.14,3,1,High School,Personal,Married,0
44,53688,70592,60,679,3,10,0.25,2,0,Master,Education,Single,0
52,106840,63548,36,416,14,13,0.65,4,1,PhD,Education,Single,0
24,137106,44986,24,750,19,13,0.18,6,1,Bachelor,Education,Divorced,0
42,127810,79095,12,709,0,5,0.47,9,1,Bachelor,Home,Single,0
47,124779,96594,12,666,19,12,0.19,1,1,Bachelor,Personal,Married,0
57,113789,93281,60,412,14,10,0.61,5,0,High School,Business,Single,0
63,116516,71151,60,463,2,5,0.24,3,0,High School,Education,Single,0
58,22017,78598,24,303,12,3,0.26,1,1,Bachelor,Education,Single,0
43,27957,33214,60,322,17,13,0.41,0,1,Bachelor,Personal,Married,0
63,134534,43745,60,391,12,9,0.4,7,0,Master,Business,Single,0
33,127724,47548,12,768,9,11,0.4,4,0,High School,Personal,Married,0
63,24792,15681,24,454,19,5,0.39,9,1,Bachelor,Medical,Married,1
34,75982,11984,60,506,23,12,0.24,1,1,Master,Medical,Married,1
32,33237,32579,24,380,6,13,0.31,7,1,High School,Personal,Single,1
37,71586,95810,36,782,24,10,0.41,2,1,Bachelor,Personal,Single,0
29,101787,59933,12,706,7,2,0.45,6,0,High School,Personal,Married,0
61,39252,32399,12,402,0,13,0.2,1,0,Bachelor,Personal,Married,1
61,30707,36481,12,539,27,4,0.47,6,0,Master,Personal,Married,0
23,54206,5944,48,564,17,12,0.6,3,0,High School,Personal,Married,0
51,114276,98993,24,332,11,4,0.5,9,0,Master,Business,Divorced,0
51,23543,14114,36,334,17,5,0.1,0,0,High School,Business,Single,0
33,64135,44846,60,548,27,8,0.33,4,1,High School,Education,Single,0
31,136469,88666,36,349,23,5,0.31,3,0,Bachelor,Business,Married,0
32,133824,82848,24,579,11,1,0.25,7,1,Master,Medical,Single,1
36,124647,37596,12,451,19,2,0.34,0,0,High School,Home,Divorced,0
37,55031,80287,48,836,8,3,0.31,1,1,High School,Business,Married,0
38,62929,11907,24,529,1,3,0.05,4,0,Bachelor,Personal,Single,1
47,85747,33114,24,587,13,10,0.19,9,0,Bachelor,Personal,Single,0
23,77851,30009,60,694,3,6,0.18,9,1,High School,Personal,Married,0
33,75311,89846,36,752,28,9,0.26,1,1,High School,Business,Married,0
47,132113,55241,36,332,28,10,0.15,0,1,Master,Education,Divorced,1
44,125331,40725,60,662,14,1,0.09,5,1,PhD,Business,Married,0
39,85867,23996,48,410,16,6,0.17,9,0,High School,Personal,Married,0
53,108780,11047,12,420,18,9,0.56,3,0,Bachelor,Medical,Single,0
59,77196,33767,12,315,5,4,0.53,4,0,High School,Personal,Single,0
24,93705,21347,48,822,8,10,0.32,2,0,Bachelor,Personal,Married,0
59,77894,29102,60,397,26,3,0.58,9,0,High School,Education,Divorced,1
24,107640,9263,24,415,16,13,0.19,5,1,High School,Personal,Married,0
51,127437,72438,36,770,14,6,0.4,3,0,Master,Education,Married,0
22,34591,35540,24,738,4,6,0.14,5,0,High School,Home,Married,0
51,117247,80726,36,580,27,13,0.55,4,1,High School,Medical,Married,1
53,68893,68769,24,648,17,2,0.13,1,0,PhD,Personal,Single,0
49,20727,45843,60,531,22,5,0.07,3,1,PhD,Business,Married,1
42,41359,32690,60,410,3,1,0.21,1,0,High School,Business,Married,0
34,63822,7994,48,651,20,13,0.59,4,0,Bachelor,Home,Single,0
48,121547,72546,24,311,23,9,0.13,2,0,Bachelor,Home,Married,0
57,135336,12377,24,787,1,9,0.25,5,1,Bachelor,Personal,Single,0
28,123399,83572,48,832,18,3,0.24,4,1,Master,Home,Married,0
43,132113,31467,48,584,26,5,0.53,1,1,Master,Personal,Married,0
31,108534,5048,60,844,4,3,0.3,9,0,Master,Business,Single,0
60,30929,41978,60,691,25,7,0.42,7,1,High School,Business,Married,0
36,148588,52606,24,469,3,13,0.29,5,0,Bachelor,Personal,Married,0
36,80091,86574,60,376,4,1,0.38,8,0,Bachelor,Medical,Divorced,0
25,100378,78414,60,596,18,5,0.09,2,1,High School,Business,Married,0
53,43519,98145,24,629,12,6,0.27,3,1,High School,Medical,Married,1
44,37393,54222,48,362,15,14,0.56,7,1,High School,Home,Single,0
27,54318,53115,24,569,11,11,0.46,6,0,High School,Medical,Married,1
45,94531,94606,12,515,8,12,0.64,7,1,High School,Business,Married,0
41,114192,45647,24,489,23,14,0.52,8,0,High School,Education,Married,0
58,67934,59607,12,374,15,7,0.32,7,0,High School,Business,Single,0
41,125796,62410,24,809,13,3,0.46,7,1,Bachelor,Medical,Married,0
33,130805,26996,12,392,21,7,0.52,5,0,Bachelor,Personal,Single,0
54,101103,59921,12,352,29,4,0.21,1,1,High School,Education,Single,0
49,48840,88697,24,795,0,10,0.09,6,0,Master,Medical,Divorced,0
29,138089,51022,60,393,19,11,0.29,3,0,Bachelor,Medical,Married,0
22,109367,45148,36,528,22,14,0.14,2,0,Master,Home,Married,0
58,33265,72764,60,549,25,6,0.22,3,1,Master,Personal,Married,0
43,25424,96901,12,690,20,5,0.62,3,0,High School,Business,Single,0
27,40625,95724,24,481,3,4,0.56,2,0,Bachelor,Business,Married,0
42,99622,13888,24,566,8,6,0.41,8,0,Bachelor,Business,Single,0
53,49187,93666,24,580,23,13,0.29,2,1,Bachelor,Business,Married,0
56,55929,44159,24,382,18,12,0.21,1,0,High School,Personal,Married,0
36,81892,47197,36,485,13,3,0.39,0,0,Master,Medical,Single,0
26,40539,89326,48,830,21,3,0.37,0,1,High School,Home,Single,0
27,76630,95360,12,647,11,5,0.52,4,0,PhD,Personal,Married,1
46,110639,29474,36,722,29,11,0.61,4,1,Master,Personal,Married,0
61,113410,22333,60,753,29,5,0.25,8,1,Bachelor,Personal,Married,0
50,29215,41355,48,566,27,9,0.17,3,1,High School,Business,Single,1
28,59385,78903,48,806,3,4,0.29,4,0,Bachelor,Medical,Married,0
61,107580,71258,24,441,6,5,0.31,5,0,High School,Personal,Single,0
34,97462,36145,36,615,16,12,0.07,9,0,High School,Education,Married,0
59,133396,80675,60,531,0,9,0.57,6,0,Master,Personal,Single,0
39,117037,54854,24,596,13,4,0.65,8,0,Bachelor,Home,Single,0
23,115310,72664,24,321,14,13,0.6,5,0,Bachelor,Medical,Married,1
29,45008,91153,12,683,11,3,0.57,0,1,Master,Home,Single,0
32,68928,98616,48,425,11,7,0.65,7,1,High School,Personal,Divorced,0
54,103096,40285,60,402,5,7,0.59,1,1,Bachelor,Business,Married,0
59,109876,22533,48,409,25,8,0.46,8,0,Bachelor,Personal,Divorced,0
48,44976,37624,36,771,26,4,0.15,6,1,Bachelor,Education,Single,0
41,133942,51996,12,364,28,4,0.14,6,1,Master,Personal,Single,1
33,144984,51947,24,771,12,14,0.08,9,0,PhD,Medical,Married,0
64,47626,32956,12,375,15,14,0.3,9,0,Bachelor,Education,Single,0
52,118256,56030,24,318,13,9,0.54,4,1,Bachelor,Education,Married,1
48,120537,63597,12,683,6,10,0.34,7,1,Bachelor,Medical,Married,0
53,79789,47443,24,489,28,7,0.27,9,0,Bachelor,Business,Married,0
31,24700,70464,48,659,24,3,0.12,0,1,Bachelor,Personal,Single,0
24,129331,8952,48,751,15,13,0.08,2,1,High School,Education,Married,0
48,83645,61880,48,378,22,9,0.29,8,0,High School,Home,Married,1
56,140594,57201,48,471,8,13,0.11,0,1,PhD,Education,Married,0
52,93396,47460,12,511,25,5,0.11,7,0,High School,Education,Single,0
36,27526,27796,24,744,13,4,0.29,5,0,Bachelor,Home,Married,0
37,123863,36746,48,448,24,1,0.35,9,1,Master,Business,Married,1
34,59500,91785,12,309,29,9,0.16,4,1,High School,Home,Married,0
56,88049,5015,24,841,29,6,0.46,5,0,Bachelor,Personal,Single,0
32,93366,54757,12,354,23,11,0.3,4,0,High School,Business,Married,0
42,100317,30957,48,479,6,2,0.11,8,1,PhD,Personal,Single,1
32,79117,86541,36,680,11,13,0.43,1,0,High School,Business,Married,0
51,76096,26292,12,721,2,7,0.26,9,1,Bachelor,Personal,Married,0
56,27910,36876,48,750,26,3,0.08,5,1,Bachelor,Personal,Married,1
43,101383,65727,60,392,13,6,0.62,3,0,Master,Personal,Married,0
59,91185,52046,24,819,18,8,0.39,2,1,High School,Business,Single,0
52,70248,19817,48,712,10,3,0.34,4,1,Bachelor,Personal,Married,0
35,94656,96006,60,693,4,13,0.57,1,0,High School,Medical,Single,0
45,21951,14759,12,630,22,12,0.61,2,1,High School,Personal,Single,1
53,85212,53432,12,732,12,12,0.18,6,0,Master,Business,Single,0
57,95701,11412,60,462,27,5,0.54,0,0,High School,Personal,Married,1
53,99888,62757,60,339,9,14,0.55,1,1,Bachelor,Personal,Single,0
36,95282,25504,24,384,6,6,0.08,2,0,Master,Medical,Divorced,0
64,129274,13507,12,390,16,1,0.48,9,0,Master,Medical,Single,1
56,114533,26050,60,783,15,10,0.09,6,1,Bachelor,Medical,Divorced,0
24,61954,9820,36,684,7,7,0.41,3,1,High School,Business,Divorced,0
37,109719,12835,36,492,16,4,0.45,7,1,Bachelor,Personal,Single,0
26,28804,98167,60,552,12,10,0.27,7,1,PhD,Personal,Divorced,0
42,112705,18587,24,543,29,11,0.58,0,0,Master,Education,Divorced,0
31,20595,62732,12,569,10,7,0.53,4,0,Bachelor,Medical,Single,0
40,49592,56921,36,318,19,7,0.61,0,0,PhD,Home,Divorced,1
46,60643,50499,60,339,17,11,0.24,6,1,Master,Personal,Single,0
25,143721,11840,60,815,4,5,0.06,3,0,Master,Business,Single,0
50,82665,70077,48,332,5,8,0.54,7,1,Bachelor,Personal,Married,0
40,40823,36440,60,749,19,8,0.18,7,1,Master,Medical,Single,0
64,25972,40183,24,838,13,5,0.33,8,1,Master,Personal,Single,0
23,35882,7389,36,618,11,5,0.54,5,0,High School,Business,Divorced,1
31,86394,60076,48,423,28,7,0.18,6,0,PhD,Home,Divorced,0
64,91055,71299,36,671,3,6,0.24,6,1,High School,Medical,Married,0
46,43769,94461,36,650,6,4,0.31,4,1,Bachelor,Personal,Married,0
41,45020,97085,24,622,10,2,0.21,6,1,Master,Personal,Divorced,0
40,62748,44023,60,787,19,8,0.33,8,1,Bachelor,Medical,Single,0
44,122621,55029,24,750,1,3,0.06,3,0,Master,Education,Divorced,1
45,105374,44941,60,652,3,2,0.18,1,0,Bachelor,Education,Single,0
32,64912,93993,48,415,6,12,0.55,7,1,Bachelor,Personal,Divorced,0
55,32879,58950,24,312,0,10,0.3,6,0,High School,Medical,Married,0
49,53798,91959,24,619,14,7,0.43,5,1,Bachelor,Medical,Divorced,0
26,127791,81054,12,464,19,10,0.19,6,1,Bachelor,Medical,Divorced,0
26,109826,70363,24,384,21,6,0.44,2,1,High School,Business,Divorced,0
42,66073,66742,12,547,23,8,0.65,5,1,Bachelor,Personal,Married,0
33,95791,50215,60,731,7,13,0.41,9,0,High School,Personal,Married,0
25,86983,52857,60,778,28,14,0.43,6,1,Master,Home,Married,0
63,63005,60476,60,667,24,6,0.12,6,0,High School,Personal,Single,0
41,114731,33173,12,656,4,7,0.29,4,1,Bachelor,Personal,Married,0
59,22850,14395,60,707,13,2,0.57,2,1,Bachelor,Personal,Single,0
46,48400,64768,36,644,17,10,0.55,1,0,High School,Medical,Divorced,0
35,144948,89743,24,478,2,14,0.36,6,0,Master,Medical,Single,0
32,31953,51229,12,724,1,2,0.59,3,0,Bachelor,Medical,Divorced,0
53,126410,31639,60,840,24,6,0.14,1,1,Bachelor,Education,Married,0
32,145155,67583,36,742,21,9,0.44,7,1,Bachelor,Home,Single,0
39,43535,33924,24,605,15,14,0.2,1,0,Bachelor,Personal,Divorced,0
48,95536,77969,24,666,13,3,0.44,5,0,Bachelor,Medical,Single,0
39,95039,35104,60,335,15,11,0.1,3,1,Master,Business,Married,0
44,141640,42594,36,762,10,10,0.62,8,1,Bachelor,Business,Married,0
32,101029,8664,12,445,27,14,0.52,4,0,Bachelor,Personal,Single,0
42,24055,15528,60,445,16,14,0.17,3,0,High School,Personal,Married,0
26,58170,33190,24,679,2,13,0.43,7,1,Master,Business,Married,0
44,145331,71033,24,467,22,8,0.51,2,1,PhD,Personal,Divorced,0
62,117944,66161,24,574,22,5,0.18,8,1,Bachelor,Business,Single,0
46,127585,78177,60,386,4,13,0.11,7,1,High School,Personal,Single,0
62,119976,75179,48,453,2,6,0.26,7,1,High School,Personal,Married,0
31,48251,75592,48,796,28,6,0.13,9,0,Bachelor,Medical,Married,0
43,24532,37899,48,614,14,11,0.39,4,1,High School,Home,Married,0
40,24924,75979,36,573,22,12,0.3,0,0,Master,Home,Single,1
22,68037,22241,60,561,4,10,0.33,9,1,Master,Education,Married,1
28,98082,51211,24,786,21,11,0.38,8,1,PhD,Medical,Divorced,0
25,112115,68472,36,753,2,13,0.64,1,1,High School,Medical,Single,0
22,91621,79248,48,742,5,3,0.53,0,1,PhD,Education,Single,0
36,97926,78757,12,561,22,11,0.43,5,0,Bachelor,Business,Married,1
61,98816,36346,36,842,13,11,0.27,0,1,High School,Personal,Single,0
33,109654,86196,36,404,23,5,0.07,9,1,Bachelor,Personal,Married,1
43,90400,82124,60,649,1,12,0.12,9,1,Bachelor,Medical,Single,0
43,127620,47220,36,737,17,1,0.49,9,0,PhD,Education,Single,0
38,119525,22942,60,468,29,2,0.27,6,1,High School,Business,Married,0
50,121164,54167,12,642,5,10,0.25,6,1,High School,Personal,Single,0
35,112385,41373,24,529,23,3,0.58,0,0,Bachelor,Personal,Married,1
41,113102,72143,24,322,4,4,0.34,9,1,PhD,Education,Divorced,1
54,30702,7016,48,580,13,13,0.59,4,0,PhD,Business,Married,0
64,126732,74110,48,818,16,9,0.58,2,0,High School,Business,Married,0
36,35385,51309,12,552,10,1,0.1,1,1,High School,Business,Single,0
33,29336,12274,24,703,0,3,0.62,4,1,Master,Education,Married,0
61,85421,20748,48,432,9,3,0.1,4,0,Bachelor,Home,Married,1
41,51225,25175,36,573,8,13,0.63,1,1,PhD,Home,Single,0
51,56021,16826,60,531,19,13,0.32,5,1,Master,Personal,Single,0
59,23782,88008,48,844,11,6,0.51,6,0,High School,Business,Single,1
24,108877,39129,12,378,25,5,0.47,0,0,Master,Business,Single,0
49,135454,75009,24,334,0,3,0.36,2,1,High School,Business,Married,0
47,137369,28490,12,794,26,4,0.42,3,1,Master,Education,Divorced,0
51,109630,46435,60,409,23,11,0.62,1,1,Bachelor,Personal,Married,0
34,69111,80017,60,620,17,7,0.61,9,1,PhD,Medical,Married,0
34,109402,13520,12,627,11,3,0.44,4,0,PhD,Business,Married,0
23,139774,96951,48,683,1,9,0.44,3,1,High School,Home,Single,0
58,142652,88106,48,663,0,8,0.2,1,1,High School,Personal,Married,0
59,104585,66877,24,531,0,13,0.55,0,1,Bachelor,Personal,Single,1
23,62719,24798,24,713,24,2,0.43,7,0,Master,Education,Single,0
57,116528,59638,36,593,28,5,0.55,1,0,Master,Education,Married,0
47,69037,74072,36,846,0,14,0.44,3,1,PhD,Education,Single,0
32,100103,72309,24,473,21,4,0.23,9,0,Bachelor,Home,Single,0
29,129987,34894,36,691,11,12,0.16,4,0,High School,Business,Single,1
61,145695,67963,12,401,6,13,0.1,1,1,High School,Business,Single,0
64,23513,59567,48,592,3,5,0.4,9,0,High School,Home,Married,0
43,135183,40326,36,384,20,3,0.22,8,0,Bachelor,Business,Single,0
41,33335,60059,36,500,19,10,0.43,1,1,Master,Business,Single,0
29,64140,10079,12,840,3,11,0.09,5,0,High School,Education,Single,0
50,124126,30838,60,596,25,1,0.28,6,0,Master,Education,Single,0
61,100373,92340,24,355,14,8,0.21,5,1,Bachelor,Business,Divorced,0
47,97658,52109,12,771,0,9,0.27,3,1,High School,Personal,Single,0
51,54840,90211,60,315,5,8,0.08,0,0,Bachelor,Business,Single,0
38,51007,30594,12,365,13,4,0.48,1,1,Bachelor,Personal,Married,0
41,76947,47749,48,771,25,12,0.12,9,1,Master,Home,Single,0
37,126833,41292,12,322,13,2,0.06,9,0,Bachelor,Personal,Married,1
64,138637,79534,12,785,9,4,0.62,5,0,High School,Personal,Single,1
28,140721,84233,48,714,6,14,0.17,7,1,Master,Education,Divorced,0
37,113220,56818,24,604,22,9,0.55,2,1,PhD,Education,Divorced,0
48,46393,18429,60,476,23,10,0.63,6,1,Bachelor,Education,Married,0
44,77480,62748,36,494,22,9,0.37,8,0,High School,Business,Married,0
45,137243,53807,24,312,21,5,0.37,3,0,High School,Medical,Married,0
30,108290,12140,12,465,11,5,0.27,6,0,High School,Business,Divorced,0
56,106335,68226,36,449,23,10,0.31,6,1,High School,Business,Married,0
41,124263,19901,48,640,18,3,0.34,9,0,Master,Medical,Single,0
58,29107,93815,24,473,8,14,0.14,8,0,High School,Personal,Single,0
63,148181,33525,60,466,2,6,0.27,2,1,Bachelor,Medical,Single,0
38,25993,25491,24,396,3,7,0.54,0,0,Bachelor,Business,Married,0
52,116341,73816,24,703,12,12,0.16,7,1,Master,Home,Single,0
29,113650,39980,36,376,9,10,0.49,3,1,High School,Personal,Married,0
36,123325,13078,48,536,13,14,0.44,1,1,Bachelor,Home,Single,0
52,144980,96654,48,590,5,12,0.08,4,1,High School,Education,Divorced,0
51,137595,94521,24,435,27,9,0.06,3,1,High School,Education,Married,0
41,72066,53704,48,666,29,7,0.26,0,0,High School,Business,Married,0
60,131850,21997,36,847,27,3,0.47,6,1,Bachelor,Home,Married,1
33,62942,84810,36,547,7,12,0.25,3,1,High School,Business,Divorced,0
38,36138,5868,60,513,18,13,0.45,7,1,Bachelor,Business,Single,0
63,138558,31398,48,369,28,7,0.45,8,1,High School,Medical,Single,0
51,147408,86578,60,628,9,13,0.53,7,0,PhD,Personal,Married,0
50,64527,26246,12,315,21,1,0.11,0,0,Bachelor,Personal,Married,0
40,29190,25561,36,786,4,2,0.4,7,0,Master,Medical,Married,0
32,112259,21254,24,473,4,4,0.09,4,0,High School,Personal,Single,0
55,139773,39512,36,573,4,7,0.16,0,1,Master,Medical,Single,0
28,98422,94532,12,823,8,9,0.25,8,1,Bachelor,Education,Single,0
55,75698,99154,24,518,28,5,0.47,8,1,High School,Business,Divorced,1
41,102315,82395,48,812,22,8,0.63,6,0,Master,Personal,Single,0
59,113710,62865,48,698,27,7,0.26,6,1,Master,Medical,Married,1
45,49086,28580,36,410,8,5,0.36,0,0,PhD,Medical,Married,0
31,37322,75959,24,763,14,13,0.21,8,1,Master,Business,Single,0
53,128132,77144,24,392,8,3,0.46,0,1,High School,Business,Single,0
36,145604,47485,60,750,28,3,0.27,6,0,High School,Personal,Single,1
58,120814,55621,12,695,13,13,0.34,8,1,Bachelor,Medical,Married,0
41,139324,55665,48,778,5,6,0.39,8,1,High School,Education,Single,0
24,103569,75412,36,615,29,10,0.46,4,1,Master,Personal,Single,0
58,105610,55603,24,652,21,11,0.09,5,1,Bachelor,Medical,Single,0
61,148921,26038,48,538,19,4,0.38,1,1,PhD,Medical,Single,0
29,23435,98542,36,403,7,3,0.31,1,0,Bachelor,Personal,Single,1
61,121505,19325,48,328,29,4,0.13,9,1,Bachelor,Medical,Single,0
44,73331,40892,36,388,1,3,0.17,8,1,High School,Medical,Single,0
61,48942,6753,48,674,4,13,0.58,0,0,High School,Home,Married,0
32,79635,22996,60,696,16,12,0.57,9,1,Master,Personal,Single,0
29,49059,73811,12,663,9,10,0.07,4,1,PhD,Business,Married,1
50,77557,79283,48,446,13,11,0.46,6,1,Bachelor,Home,Married,1
51,133457,50211,12,613,17,11,0.38,9,1,Master,Personal,Divorced,0
31,72389,67820,48,847,0,13,0.61,5,1,Bachelor,Business,Single,0
60,73014,5824,24,751,21,12,0.59,5,1,PhD,Business,Single,0
49,52826,18880,60,805,1,6,0.4,5,0,High School,Education,Divorced,0
57,50297,71617,60,785,27,13,0.13,7,0,Bachelor,Business,Married,0
34,63890,16517,12,400,3,7,0.33,6,1,Bachelor,Home,Single,0
53,41322,26683,24,406,12,4,0.49,4,1,Bachelor,Personal,Single,1
57,55739,21876,36,590,15,3,0.62,9,1,High School,Education,Divorced,1
58,29719,61354,60,648,4,3,0.27,1,1,Bachelor,Business,Single,0
47,99553,78802,24,526,22,11,0.52,9,1,Bachelor,Personal,Divorced,1
43,28314,81719,24,349,9,3,0.46,5,0,High School,Personal,Divorced,1
25,113831,91602,12,457,16,9,0.1,9,1,Bachelor,Home,Single,1
52,95164,83413,24,627,27,11,0.38,4,0,Bachelor,Education,Married,0
39,127658,14982,24,376,10,11,0.16,3,1,Master,Education,Married,0
59,97028,79504,36,753,4,14,0.46,9,0,Bachelor,Medical,Married,0
45,56113,31598,12,609,14,14,0.42,4,0,High School,Personal,Married,0
44,137174,19639,12,626,3,12,0.63,8,0,Bachelor,Education,Single,0
43,35357,75210,24,807,6,3,0.61,1,0,High School,Personal,Married,1
23,118865,74852,36,406,29,3,0.06,5,1,Bachelor,Education,Single,0
52,40365,14695,48,540,9,8,0.1,8,1,High School,Personal,Divorced,1
32,59029,53582,60,734,22,4,0.51,9,1,Bachelor,Medical,Married,1
49,21737,36094,12,327,23,7,0.46,4,1,High School,Education,Single,0
53,94632,65635,36,548,3,3,0.53,5,1,High School,Business,Single,0
26,105474,27187,36,663,19,8,0.21,9,0,PhD,Business,Divorced,0
59,98218,6214,24,832,25,3,0.56,3,1,PhD,Personal,Single,0
31,144606,28940,60,771,4,5,0.32,4,0,Bachelor,Home,Divorced,0
61,47499,49406,12,838,4,1,0.21,7,1,High School,Personal,Single,0
45,130027,96221,48,712,10,12,0.06,0,0,Master,Business,Married,0
56,130402,48481,24,464,18,5,0.57,0,1,Master,Personal,Divorced,0
44,148692,20977,12,347,4,6,0.37,9,0,Master,Home,Single,0
38,127430,49839,12,783,20,7,0.64,3,0,Bachelor,Education,Single,0
22,66157,62874,36,457,7,2,0.48,9,1,High School,Personal,Divorced,1
52,76247,63414,60,450,6,2,0.1,2,0,High School,Education,Married,0
52,148411,30538,48,524,7,14,0.4,4,0,Master,Home,Married,1
63,61034,61241,60,559,12,9,0.06,9,1,Master,Education,Married,0
63,20294,78501,36,686,4,10,0.38,7,0,Bachelor,Business,Married,0
55,118072,80133,48,555,27,1,0.26,0,0,High School,Personal,Married,0
30,44596,65481,48,360,26,2,0.44,4,1,Bachelor,Personal,Married,1
43,118185,32740,24,695,17,2,0.37,4,0,Master,Personal,Married,1
34,31434,68328,48,696,23,13,0.21,1,0,Bachelor,Education,Single,0
46,78382,77105,12,461,8,10,0.15,4,0,Bachelor,Medical,Divorced,0
39,58098,55643,60,679,1,7,0.29,7,0,High School,Medical,Married,0
33,24655,16881,60,742,15,6,0.64,9,1,High School,Medical,Single,0
61,103029,41996,24,648,13,9,0.31,6,1,Bachelor,Personal,Married,0
38,66228,37177,48,330,16,11,0.5,1,1,Master,Medical,Single,0
36,23771,42177,36,370,27,7,0.08,5,1,High School,Education,Married,0
63,94099,71126,12,696,5,3,0.28,9,1,High School,Business,Divorced,0
36,140811,61531,24,737,2,3,0.4,0,1,Bachelor,Education,Single,0
36,76799,31119,48,301,16,1,0.5,9,0,Bachelor,Personal,Divorced,0
60,82257,32915,36,434,12,8,0.37,9,0,Bachelor,Personal,Single,0
34,37558,7708,48,445,5,1,0.36,2,0,Bachelor,Business,Married,0
38,119468,43749,24,478,27,11,0.51,5,1,Master,Personal,Married,0
53,78436,49989,36,563,7,14,0.24,8,1,Master,Business,Single,0
30,127779,27106,36,610,24,2,0.1,0,0,High School,Business,Married,0
61,144891,22131,36,503,28,11,0.26,5,0,Bachelor,Home,Married,0
41,143725,51553,36,329,5,12,0.15,1,1,High School,Home,Single,0
47,112103,63144,48,358,27,7,0.63,8,0,Master,Home,Single,0
48,143400,11553,36,308,15,1,0.4,1,1,Master,Medical,Married,0
42,52376,22881,48,623,5,12,0.32,2,0,High School,Home,Married,0
39,139154,6379,36,466,16,4,0.6,1,1,High School,Education,Divorced,0
34,107458,95791,36,636,20,9,0.59,3,0,High School,Home,Single,0
37,97924,74306,24,678,2,8,0.3,3,1,Bachelor,Education,Divorced,0
30,49332,24726,48,541,22,11,0.57,9,0,High School,Medical,Married,1
33,66737,14088,48,459,11,14,0.09,0,1,Bachelor,Personal,Single,0
59,109031,39314,60,534,24,13,0.58,7,0,Bachelor,Education,Divorced,0
40,93970,60041,24,752,28,8,0.24,4,0,Bachelor,Home,Single,0
28,71952,21350,48,498,26,12,0.39,7,0,Master,Business,Married,0
56,40991,86397,24,776,5,3,0.21,5,1,Bachelor,Personal,Married,0
39,47472,84509,24,332,20,5,0.64,1,0,Master,Business,Married,0
37,79946,22769,24,707,6,4,0.09,6,0,High School,Education,Married,0
60,125566,52249,12,388,10,11,0.32,9,1,High School,Medical,Married,1
25,46849,87862,48,520,8,12,0.42,8,0,Bachelor,Business,Single,0
46,21541,51365,24,368,15,8,0.42,6,0,Bachelor,Personal,Married,0
53,149237,55185,12,593,4,11,0.49,4,0,High School,Home,Divorced,0
61,22765,7786,12,536,14,7,0.48,3,0,Bachelor,Medical,Married,1
34,63074,6620,36,459,20,14,0.53,7,0,High School,Personal,Divorced,1
38,122795,41303,36,589,25,7,0.19,5,0,Master,Medical,Married,0
58,49283,24589,48,832,3,10,0.27,4,0,Bachelor,Business,Married,1
27,121387,7882,36,634,4,10,0.28,6,1,Bachelor,Business,Married,0
40,140044,67248,48,801,6,7,0.62,2,0,PhD,Medical,Single,0
34,120161,54322,12,545,2,1,0.3,8,1,Master,Medical,Divorced,0
47,20769,29524,12,622,3,13,0.18,3,0,Bachelor,Business,Married,0
35,37806,14745,48,628,24,7,0.43,3,1,Bachelor,Personal,Divorced,0
52,110518,20861,36,846,14,4,0.31,7,1,Bachelor,Personal,Married,0
25,22972,96707,36,638,27,12,0.2,5,0,High School,Home,Divorced,0
60,38256,96735,48,470,1,3,0.48,0,1,High School,Medical,Married,0
29,123903,59261,60,409,23,13,0.17,1,0,High School,Business,Married,1
46,145574,7837,36,309,24,12,0.43,8,1,Master,Business,Divorced,0
34,38653,79135,24,501,4,13,0.31,5,1,High School,Business,Married,0
53,123579,86447,36,556,6,5,0.24,6,1,High School,Medical,Married,0
59,106669,59380,60,561,21,2,0.62,8,1,High School,Business,Single,0
59,59339,91089,12,729,16,8,0.24,2,0,Bachelor,Business,Divorced,0
49,45757,54831,12,806,7,12,0.26,4,0,Bachelor,Education,Single,0
51,123376,94349,12,365,8,12,0.57,4,1,Bachelor,Personal,Single,0
24,62399,43255,36,334,9,9,0.13,9,1,High School,Personal,Single,1
49,64013,34520,12,790,10,5,0.11,6,0,Master,Business,Married,0
24,117605,34541,60,553,0,3,0.22,1,1,Bachelor,Education,Single,1
55,34706,70772,60,316,14,10,0.4,3,1,Bachelor,Medical,Married,0
37,58231,32350,36,560,7,7,0.28,3,0,PhD,Business,Single,0
43,47909,49397,24,555,18,1,0.42,7,1,PhD,Personal,Married,0
53,125754,82085,36,723,11,10,0.15,9,1,Bachelor,Business,Single,0
59,145777,68865,12,800,5,3,0.21,2,1,PhD,Personal,Single,0
29,96631,60956,36,585,9,9,0.39,1,0,Bachelor,Personal,Married,0
29,77572,32453,60,306,23,2,0.18,8,1,High School,Education,Single,0
27,105879,67345,36,796,4,11,0.3,3,1,High School,Home,Single,0
35,83767,17906,36,498,23,14,0.39,8,0,Bachelor,Medical,Divorced,0
53,46469,19988,24,717,6,9,0.63,5,0,Bachelor,Medical,Single,0
56,21313,32723,60,351,6,11,0.1,0,0,Bachelor,Education,Single,0
31,27847,38800,48,542,22,1,0.33,2,0,Master,Medical,Single,1
24,70222,44107,48,518,24,4,0.29,6,0,Bachelor,Medical,Single,0
33,94702,32430,60,817,21,12,0.54,8,1,High School,Education,Single,0
52,29930,37535,48,408,21,10,0.59,7,1,High School,Business,Married,1
50,23285,73476,12,650,26,13,0.59,4,1,PhD,Personal,Single,0
26,143637,92329,48,365,8,6,0.28,7,1,Master,Business,Single,1
46,55863,82798,12,309,14,13,0.23,1,1,Bachelor,Home,Divorced,0
62,36704,57284,60,501,5,7,0.32,2,0,Master,Education,Married,0
52,38705,61232,48,513,15,3,0.26,7,0,Master,Personal,Single,0
42,20555,49420,48,367,6,9,0.48,8,0,PhD,Education,Married,0
41,41323,42710,12,626,14,4,0.18,9,0,Bachelor,Business,Single,0
60,90968,77497,12,349,22,5,0.45,7,1,Bachelor,Home,Married,1
43,86922,97035,36,316,1,8,0.61,3,0,High School,Personal,Married,0
25,73915,45498,24,822,28,12,0.22,5,1,PhD,Education,Divorced,1
34,129543,36283,48,605,27,14,0.46,4,1,PhD,Education,Single,0
63,30619,71169,24,691,7,3,0.14,3,0,Master,Home,Married,1
41,92390,77358,24,423,11,8,0.12,8,1,Bachelor,Education,Single,0
34,148918,67457,48,803,10,14,0.12,9,0,Bachelor,Medical,Married,0
38,128500,30968,12,524,5,14,0.13,2,0,Bachelor,Personal,Single,0
57,134337,67508,36,617,19,11,0.18,0,0,High School,Personal,Married,0
54,79274,68220,60,772,26,1,0.39,6,0,Bachelor,Business,Married,0
22,93173,90366,48,840,12,8,0.51,9,0,High School,Education,Divorced,0
36,41225,10738,48,657,22,14,0.13,7,1,PhD,Business,Divorced,1
34,131266,8098,60,782,15,13,0.57,2,1,Bachelor,Personal,Married,0
38,46739,78633,24,728,7,11,0.56,2,1,Master,Education,Single,0
45,67708,83672,36,796,16,11,0.49,5,0,Bachelor,Education,Married,0
29,148041,43244,24,771,25,12,0.31,1,1,High School,Business,Married,0
48,73019,13253,60,599,28,10,0.05,5,1,High School,Personal,Single,0
44,96154,59333,60,383,12,8,0.49,4,1,PhD,Home,Married,1
29,122097,55969,36,676,3,6,0.58,6,0,Master,Education,Single,0
29,27373,95744,60,612,19,5,0.25,8,0,High School,Personal,Single,0
47,55281,75423,60,619,9,9,0.48,8,1,High School,Education,Single,0
34,40187,49411,36,503,24,6,0.09,0,1,Bachelor,Business,Divorced,0
60,87863,80028,48,654,28,1,0.48,6,1,High School,Business,Single,0
58,117927,40421,24,593,21,12,0.09,2,1,High School,Business,Single,0
49,127113,6454,48,803,19,6,0.4,3,0,Bachelor,Medical,Divorced,0
46,104085,22522,48,444,15,1,0.41,1,1,Bachelor,Home,Married,0
37,137996,43575,24,838,28,6,0.23,0,1,Bachelor,Personal,Married,0
23,59220,8192,48,316,16,3,0.1,9,1,PhD,Personal,Single,1
39,142755,60268,36,338,7,6,0.62,2,0,Bachelor,Personal,Married,1
38,27642,86311,24,429,10,13,0.37,9,0,Master,Education,Single,0
51,99971,15402,12,414,24,6,0.4,8,1,High School,Personal,Married,1
60,75556,83610,48,749,4,1,0.42,0,0,High School,Medical,Married,0
34,53760,85781,60,344,20,13,0.58,2,0,High School,Business,Married,0
53,58192,41527,24,515,25,9,0.09,4,0,High School,Education,Married,0
50,144257,57181,12,714,15,8,0.59,2,1,PhD,Business,Married,0
51,24381,96472,60,564,23,2,0.19,3,0,PhD,Home,Married,0
39,116583,32002,12,739,7,2,0.1,3,1,Master,Personal,Married,0
34,39558,86219,48,680,20,5,0.44,0,0,Bachelor,Education,Single,0
64,50782,17460,60,600,15,10,0.64,5,0,Master,Education,Divorced,0
42,24782,35482,48,470,3,2,0.08,6,1,Bachelor,Education,Single,0
51,111417,21447,60,705,5,11,0.31,6,1,High School,Business,Married,0
42,74712,53228,24,654,25,1,0.37,5,0,Bachelor,Personal,Single,0
38,125764,88265,36,460,20,2,0.2,6,0,Bachelor,Education,Divorced,1
61,114945,55126,36,325,7,5,0.64,2,1,High School,Medical,Divorced,0
40,39462,25545,12,382,8,11,0.43,4,0,High School,Personal,Single,0
36,80030,60114,60,472,12,10,0.56,6,1,High School,Business,Married,1
30,88519,98740,48,369,16,14,0.3,9,1,Bachelor,Personal,Single,0
31,76411,80350,24,305,8,7,0.26,4,1,High School,Education,Single,0
52,75206,62801,24,494,12,5,0.38,9,0,Bachelor,Medical,Married,0
44,117469,18890,24,824,8,1,0.31,1,0,Bachelor,Education,Single,0
51,66950,57482,36,362,5,7,0.48,5,1,Bachelor,Business,Single,1
54,22523,68397,48,312,26,6,0.21,6,0,Master,Personal,Married,0
30,80926,6740,24,504,9,7,0.32,1,1,Bachelor,Medical,Married,0
22,29677,35121,24,339,4,2,0.59,9,0,Bachelor,Business,Single,1
56,95828,16218,12,464,6,5,0.5,7,0,Master,Personal,Single,1
32,35089,76591,60,330,10,14,0.15,4,0,Bachelor,Education,Single,0
55,24581,93241,60,828,23,8,0.58,7,0,Master,Personal,Single,0
37,31907,39722,60,697,8,13,0.4,2,1,Bachelor,Medical,Single,0
30,25609,54431,12,758,24,12,0.46,1,0,High School,Personal,Divorced,0
53,71153,56543,36,522,9,7,0.23,6,1,Bachelor,Business,Single,0
36,70539,47000,12,377,10,6,0.31,4,0,High School,Personal,Married,1
33,64143,76975,24,727,2,13,0.53,4,1,High School,Education,Divorced,0
54,42936,35921,48,724,28,6,0.25,7,0,High School,Business,Married,0
35,70182,93747,24,686,7,12,0.15,8,1,High School,Medical,Single,0
29,128261,35614,24,538,16,1,0.28,7,0,Bachelor,Business,Married,0
29,131259,66189,48,389,6,1,0.09,9,1,Master,Personal,Divorced,0
48,119524,22601,60,684,11,7,0.48,1,0,Master,Personal,Single,0
33,115042,98332,12,438,15,3,0.14,9,0,High School,Home,Single,0
22,33163,76543,36,823,14,6,0.22,6,0,Bachelor,Business,Single,0
64,146686,25514,24,543,20,12,0.58,4,1,High School,Education,Married,1
61,79758,88312,24,804,28,5,0.37,6,1,Bachelor,Home,Single,0
63,66057,72612,36,721,12,3,0.24,2,0,Master,Personal,Married,0
32,32537,95886,12,481,17,6,0.38,3,1,High School,Education,Married,1
60,42419,21292,24,494,17,3,0.18,6,0,PhD,Personal,Married,0
64,62578,36510,36,352,23,8,0.07,1,0,Master,Personal,Married,0
52,94991,33000,24,478,4,14,0.41,1,0,Master,Personal,Single,0
38,141211,35383,60,592,13,7,0.48,0,1,Bachelor,Medical,Married,0
54,142762,16785,60,674,27,9,0.58,0,1,Master,Business,Married,0
53,94599,45910,24,358,10,5,0.51,0,0,PhD,Personal,Married,0
50,20834,44028,24,353,2,12,0.61,5,1,Master,Personal,Single,0
42,52214,29855,60,544,16,1,0.64,4,1,Bachelor,Personal,Married,1
42,112934,29281,24,448,26,11,0.5,9,0,Bachelor,Medical,Married,1
61,143798,9841,12,667,22,10,0.57,7,0,High School,Business,Married,1
44,120028,65155,12,315,26,11,0.45,4,1,PhD,Home,Single,1
27,141286,31918,48,475,11,8,0.15,0,0,Master,Medical,Single,0
43,22413,61313,12,839,2,2,0.16,7,0,Bachelor,Medical,Married,0
59,29505,22443,24,705,22,6,0.12,5,1,Master,Personal,Married,0
58,140681,37250,24,766,27,1,0.62,7,1,Master,Personal,Married,0
29,122802,6922,36,428,1,6,0.45,1,1,High School,Education,Married,0
62,22105,36976,12,522,3,4,0.52,9,0,Bachelor,Business,Single,0
56,88104,16991,60,543,17,5,0.25,7,0,Bachelor,Business,Single,0
32,148303,58744,60,725,19,10,0.33,5,1,Master,Personal,Married,0
45,127634,27733,48,653,20,7,0.07,0,1,Bachelor,Home,Married,0
42,134897,7473,36,625,13,13,0.58,0,0,Bachelor,Personal,Married,0
23,78408,13108,60,302,7,6,0.56,9,1,Bachelor,Personal,Divorced,0
61,57679,33715,48,778,1,1,0.52,4,1,High School,Education,Married,0
40,136908,37210,12,380,25,9,0.08,6,0,High School,Personal,Single,0
60,134921,42317,36,343,18,6,0.15,3,0,High School,Personal,Married,0
49,119096,70516,36,454,9,6,0.25,9,1,High School,Personal,Married,0
38,99731,38362,24,835,27,9,0.21,4,1,Bachelor,Personal,Single,0
27,132205,59604,12,398,28,12,0.55,9,0,Bachelor,Personal,Divorced,1
40,85131,9889,36,696,4,10,0.17,2,0,High School,Personal,Married,0
59,84280,94557,48,470,10,5,0.37,1,0,Bachelor,Business,Married,0
49,35762,78748,60,447,27,11,0.39,1,0,Bachelor,Business,Divorced,0
23,137798,36971,12,422,27,6,0.31,4,1,High School,Business,Single,1
59,136854,55551,12,411,8,6,0.19,3,0,Bachelor,Education,Single,0
58,126830,8201,36,429,15,7,0.63,1,0,Master,Personal,Single,0
25,78703,94882,36,367,25,9,0.3,4,1,High School,Personal,Single,0
43,101434,42958,36,844,26,5,0.49,9,1,High School,Medical,Single,0
47,83079,84251,48,585,4,5,0.16,8,1,PhD,Education,Divorced,0
64,41577,10681,24,304,14,4,0.54,7,0,Bachelor,Personal,Divorced,0
57,21214,51870,36,417,13,10,0.18,8,1,Bachelor,Home,Married,0
34,106339,87256,24,529,8,4,0.46,8,0,Bachelor,Education,Married,0
53,68114,72203,24,459,19,12,0.35,7,0,Master,Personal,Single,0
38,109234,33152,12,593,25,8,0.14,8,1,Master,Home,Married,0
62,83230,55061,60,485,4,13,0.06,3,0,High School,Business,Single,0
57,143163,62619,60,523,14,2,0.61,7,1,Bachelor,Home,Single,1
40,52980,63235,48,451,8,10,0.13,1,1,Bachelor,Personal,Single,0
56,87194,78740,48,439,3,8,0.47,8,0,High School,Personal,Married,0
61,97806,42890,60,666,20,2,0.44,8,0,PhD,Education,Single,0
49,132333,95073,60,427,20,1,0.26,2,0,Bachelor,Personal,Single,0
22,57792,66401,12,650,3,10,0.16,5,1,Bachelor,Personal,Married,0
63,65807,16217,12,446,19,13,0.16,6,1,Master,Medical,Married,1
39,144297,53351,60,584,26,9,0.4,2,1,High School,Personal,Single,0
61,145266,38741,36,768,20,11,0.38,4,0,High School,Home,Single,0
54,42301,25654,36,517,27,8,0.58,0,1,Bachelor,Business,Divorced,0
33,25141,66314,12,735,21,6,0.43,2,1,Bachelor,Medical,Single,0
29,136482,6408,24,444,6,4,0.54,7,1,Master,Business,Married,1
45,124292,47903,60,576,14,2,0.07,2,0,High School,Business,Single,0
37,142984,89208,48,359,21,8,0.45,7,0,Bachelor,Business,Married,0
25,33777,6218,36,674,16,3,0.19,8,0,High School,Education,Married,0
59,58346,55572,24,703,17,10,0.2,5,1,Bachelor,Business,Married,0
48,74703,63798,36,413,6,4,0.48,6,1,High School,Personal,Single,0
30,114977,35105,24,794,29,5,0.53,5,0,Bachelor,Personal,Single,1
37,67819,74634,60,635,18,13,0.27,7,0,Master,Personal,Married,0
33,48469,70063,60,584,27,4,0.52,6,1,Master,Business,Married,0
52,23845,12619,60,428,9,11,0.32,9,1,Bachelor,Education,Married,1
45,130186,16939,12,614,26,8,0.56,0,1,Bachelor,Personal,Married,0
35,43290,23226,24,370,12,9,0.06,2,0,Bachelor,Personal,Married,0
46,132551,30322,48,644,1,14,0.1,2,0,Bachelor,Home,Divorced,0
55,50699,63215,48,397,21,14,0.52,2,0,Master,Education,Married,0
24,64252,21878,60,599,26,14,0.42,3,0,Master,Home,Married,0
45,118682,11560,48,475,19,1,0.39,0,1,PhD,Home,Married,0
63,23293,43278,36,374,27,2,0.42,1,1,Master,Personal,Married,1
30,138017,41212,24,442,10,12,0.61,4,1,High School,Home,Married,1
47,139496,99835,24,322,4,4,0.44,5,0,Bachelor,Personal,Married,0
41,129934,78079,24,480,5,1,0.44,8,0,Master,Home,Married,1
61,77089,28946,36,344,2,11,0.51,1,1,Master,Business,Married,1
31,131964,36740,12,768,0,6,0.57,8,0,Master,Business,Married,0
40,36608,12253,36,391,2,12,0.21,6,0,Bachelor,Education,Single,0
24,148713,84311,24,568,2,5,0.42,8,1,Bachelor,Medical,Single,0
45,86273,37813,24,333,21,13,0.4,3,0,High School,Education,Single,1
26,36619,69331,24,663,3,7,0.13,6,0,Bachelor,Business,Married,0
24,98006,32632,48,432,6,12,0.36,0,1,Bachelor,Personal,Divorced,0
48,135399,53365,12,681,28,6,0.09,7,1,PhD,Medical,Married,0
37,107908,72593,36,576,14,14,0.16,6,1,Master,Personal,Divorced,0
36,101653,38431,24,455,10,14,0.6,6,0,Master,Education,Single,1
56,34779,42436,60,686,17,3,0.12,1,1,High School,Business,Married,0
33,71040,23413,12,834,11,5,0.4,9,1,Bachelor,Business,Single,0
62,114830,43485,60,499,3,3,0.24,8,0,Bachelor,Education,Single,0
47,76325,73232,12,574,23,9,0.38,7,0,High School,Medical,Married,0
55,135947,21101,24,800,10,2,0.19,0,1,High School,Home,Single,0
44,41630,13831,12,758,5,6,0.32,0,1,Master,Personal,Single,0
52,125575,89583,12,349,25,9,0.57,4,0,High School,Home,Single,0
41,135436,56897,24,831,18,10,0.28,1,0,High School,Home,Married,0
33,32178,10004,60,391,25,7,0.26,0,0,Bachelor,Medical,Married,0
44,39935,93241,60,755,27,5,0.32,9,1,PhD,Medical,Single,1
25,67258,50924,48,638,17,2,0.11,7,0,Master,Education,Single,0
44,42784,26509,60,352,14,2,0.28,3,1,PhD,Personal,Single,0
22,83722,42170,60,795,2,4,0.05,1,1,Master,Education,Single,0
46,43027,48555,12,303,16,10,0.35,4,1,Bachelor,Education,Divorced,0
23,116544,19662,48,580,0,12,0.56,5,0,PhD,Home,Divorced,0
51,77853,70930,24,589,1,2,0.38,7,0,Bachelor,Education,Divorced,0
24,132167,52403,24,372,29,12,0.41,6,1,Bachelor,Medical,Married,0
42,87359,41365,36,436,18,13,0.07,6,1,Bachelor,Education,Divorced,0
46,92388,67188,48,692,28,13,0.57,0,0,Master,Personal,Married,0
41,98608,81060,12,507,8,8,0.28,2,1,Master,Personal,Divorced,0
43,96669,31673,36,559,7,10,0.63,2,0,Bachelor,Medical,Married,1
42,35111,68471,36,562,11,7,0.12,6,1,Bachelor,Personal,Married,1
54,52312,22156,24,804,26,7,0.62,1,0,Master,Personal,Single,0
59,149321,62287,60,849,26,3,0.43,9,1,High School,Education,Married,0
36,44161,6645,12,502,14,7,0.08,6,1,Master,Medical,Married,0
36,138920,64076,48,646,24,8,0.63,8,1,Bachelor,Education,Married,0
46,124823,99585,36,351,22,5,0.06,0,0,Bachelor,Medical,Married,0
42,145014,80351,12,655,6,1,0.49,1,0,Bachelor,Personal,Married,0
45,87313,55151,24,818,20,1,0.58,5,0,Bachelor,Personal,Single,0
26,70374,72384,36,662,15,12,0.16,1,1,Master,Education,Single,0
27,44014,38541,36,344,6,11,0.26,1,1,Master,Medical,Divorced,0
64,100308,77847,24,677,19,14,0.39,4,0,Bachelor,Business,Married,0
44,66389,92099,24,711,20,4,0.46,6,0,Master,Personal,Single,0
25,130163,85739,24,441,11,2,0.57,3,0,Bachelor,Education,Divorced,0
48,38161,55955,12,557,16,7,0.51,5,1,High School,Medical,Single,0
39,127800,14290,12,336,10,13,0.27,2,0,Bachelor,Personal,Married,0
