fare_pkr,trip_duration_min,driver_rating,surge_multiplier,effective_fare,fare_per_min,fare_efficiency,Month,DayOfWeek,Hour_of_Day,Quarter,Is_Weekend,Is_Holiday,City_Raw_Lahore,City_Raw_Other,City_Raw_Peshawar,City_Raw_Quetta,Vehicle_Raw_SUV,Vehicle_Raw_Sedan,Vehicle_Raw_Van,Weather_Raw_Foggy,Weather_Raw_Rainy,Weather_Raw_Unknown,Weather_Raw_Windy,is_peak_hour,is_night_ride,is_high_surge,hour_sin,hour_cos,month_sin,month_cos
411.86,11.2,4.0,1.0,411.86,36.7732,411.86,1,6,0,1,1,0,0,0,1,0,0,1,0,0,1,0,0,0,1,0,0.0,1.0,0.5,0.866025
664.7,21.6,4.2,1.0,664.7,30.7731,664.7,1,6,6,1,1,0,0,0,0,1,0,1,0,0,0,0,0,0,0,0,1.0,0.0,0.5,0.866025
576.36,33.3,4.3,1.0,576.36,17.3081,576.36,1,6,12,1,1,0,0,1,0,0,0,0,0,0,0,0,0,0,0,0,0.0,-1.0,0.5,0.866025
673.6,33.7,4.2,1.0,673.6,19.9881,673.6,1,6,18,1,1,0,0,0,0,1,0,0,0,1,0,0,0,1,0,0,-1.0,-0.0,0.5,0.866025
238.85,16.1,4.3,1.0,238.85,14.8354,238.85,1,0,0,1,0,0,0,0,0,1,0,1,0,0,0,1,0,0,1,0,0.0,1.0,0.5,0.866025
79.42,42.9,4.1,1.0,79.42,1.8513,79.42,1,0,6,1,0,0,1,0,0,0,0,1,0,1,0,0,0,0,0,0,1.0,0.0,0.5,0.866025
503.01,10.9,3.5,2.0,1006.02,46.1477,251.505,1,0,12,1,0,0,0,1,0,0,0,0,1,0,0,0,0,0,0,1,0.0,-1.0,0.5,0.866025
364.2,48.3,3.7,1.0,364.2,7.5404,364.2,1,0,18,1,0,0,0,1,0,0,0,0,0,0,0,0,0,1,0,0,-1.0,-0.0,0.5,0.866025
101.77,6.0,4.3,1.0,101.77,16.9617,101.77,1,1,0,1,0,0,0,1,0,0,0,1,0,0,0,0,0,0,1,0,0.0,1.0,0.5,0.866025
796.1,7.2,4.8,1.0,796.1,110.5694,796.1,1,1,6,1,0,0,0,0,0,1,0,1,0,0,1,0,0,0,0,0,1.0,0.0,0.5,0.866025
695.1,1.2,5.0,1.0,695.1,579.25,695.1,1,1,12,1,0,0,0,0,1,0,0,1,0,0,0,0,0,0,0,0,0.0,-1.0,0.5,0.866025
525.52,34.9,4.2,1.0,525.52,15.0579,525.52,1,1,18,1,0,0,0,1,0,0,1,0,0,0,0,0,0,1,0,0,-1.0,-0.0,0.5,0.866025
273.11,11.9,3.9,1.2,327.73,22.9504,227.5916666666667,1,2,0,1,0,0,0,0,0,1,0,1,0,0,0,0,1,0,1,0,0.0,1.0,0.5,0.866025
144.51,5.7,4.1,1.0,144.51,25.3526,144.51,1,2,6,1,0,0,1,0,0,0,0,0,1,0,0,0,0,0,0,0,1.0,0.0,0.5,0.866025
100.72,5.8,3.8,1.2,120.86,17.3655,83.93333333333334,1,2,12,1,0,0,0,0,1,0,0,0,0,0,1,0,0,0,0,0,0.0,-1.0,0.5,0.866025
324.75,51.0,4.7,1.2,389.7,6.3676,270.625,1,2,18,1,0,0,1,0,0,0,0,0,0,0,1,0,0,1,0,0,-1.0,-0.0,0.5,0.866025
620.05,39.5,5.0,1.0,620.05,15.6975,620.05,1,3,0,1,0,0,0,0,1,0,1,0,0,0,0,0,0,0,1,0,0.0,1.0,0.5,0.866025
366.28,17.7,4.0,1.0,366.28,20.6938,366.28,1,3,6,1,0,0,0,0,0,1,0,1,0,0,1,0,0,0,0,0,1.0,0.0,0.5,0.866025
565.22,21.1,3.7,1.5,847.83,26.7877,376.8133333333333,1,3,12,1,0,0,0,0,0,0,0,0,0,0,0,0,0,0,0,0,0.0,-1.0,0.5,0.866025
579.39,14.1,4.8,1.0,579.39,41.0915,579.39,1,3,18,1,0,0,0,0,1,0,0,0,0,0,1,0,0,1,0,0,-1.0,-0.0,0.5,0.866025
615.54,10.9,4.5,1.0,615.54,56.4716,615.54,1,4,0,1,0,0,1,0,0,0,0,0,0,0,0,0,0,0,1,0,0.0,1.0,0.5,0.866025
128.15,54.4,4.5,2.0,256.3,2.3557,64.075,1,4,6,1,0,0,0,0,0,1,1,0,0,0,1,0,0,0,0,1,1.0,0.0,0.5,0.866025
287.22,3.0,5.0,1.0,287.22,95.74,287.22,1,4,12,1,0,0,0,0,1,0,0,0,0,0,0,0,0,0,0,0,0.0,-1.0,0.5,0.866025
559.97,11.9,3.6,1.0,559.97,47.0563,559.97,1,4,18,1,0,0,0,0,0,0,0,0,0,0,1,0,0,1,0,0,-1.0,-0.0,0.5,0.866025
881.31,9.3,3.6,2.0,1762.62,94.7645,440.655,1,5,0,1,1,0,0,0,0,0,0,0,0,0,0,0,0,0,1,1,0.0,1.0,0.5,0.866025
760.57,15.2,4.2,1.0,760.57,50.0375,760.57,1,5,6,1,1,0,0,1,0,0,0,0,0,0,0,0,0,0,0,0,1.0,0.0,0.5,0.866025
511.73,13.5,4.3,1.0,511.73,37.9059,511.73,1,5,12,1,1,0,0,1,0,0,0,0,0,0,0,0,0,0,0,0,0.0,-1.0,0.5,0.866025
800.29,16.1,4.3,1.5,1200.44,49.7075,533.5266666666666,1,5,18,1,1,0,1,0,0,0,0,1,0,0,0,0,0,1,0,0,-1.0,-0.0,0.5,0.866025
509.74,3.3,5.0,1.5,764.61,154.4667,339.82666666666665,1,6,0,1,1,0,0,0,1,0,0,0,0,1,0,0,0,0,1,0,0.0,1.0,0.5,0.866025
171.11,15.8,4.1,1.0,171.11,10.8297,171.11,1,6,6,1,1,0,0,0,1,0,1,0,0,0,0,0,0,0,0,0,1.0,0.0,0.5,0.866025
610.33,6.1,4.0,1.0,610.33,100.0541,610.33,1,6,12,1,1,0,0,1,0,0,0,0,0,0,0,0,1,0,0,0,0.0,-1.0,0.5,0.866025
773.53,4.5,4.4,1.5,1160.3,171.8956,515.6866666666666,1,6,18,1,1,0,0,0,1,0,0,1,0,0,0,0,1,1,0,0,-1.0,-0.0,0.5,0.866025
1016.44,1.5,4.8,1.2,1219.73,677.6267,847.0333333333334,1,0,0,1,0,0,0,0,1,0,1,0,0,0,1,0,0,0,1,0,0.0,1.0,0.5,0.866025
319.73,31.6,3.9,1.0,319.73,10.118,319.73,1,0,6,1,0,0,0,0,0,0,0,1,0,0,0,0,0,0,0,0,1.0,0.0,0.5,0.866025
224.18,12.3,4.2,1.0,224.18,18.226,224.18,1,0,12,1,0,0,0,1,0,0,0,1,0,0,0,0,0,0,0,0,0.0,-1.0,0.5,0.866025
665.66,21.7,4.8,1.0,665.66,30.6756,665.66,1,0,18,1,0,0,0,0,0,1,0,0,0,0,1,0,0,1,0,0,-1.0,-0.0,0.5,0.866025
543.12,28.6,4.8,1.5,814.68,18.9902,362.08,1,1,0,1,0,0,0,1,0,0,0,0,0,0,0,0,0,0,1,0,0.0,1.0,0.5,0.866025
518.52,25.0,4.4,1.5,777.78,20.7408,345.68,1,1,6,1,0,0,0,0,0,1,0,1,0,0,0,0,0,0,0,0,1.0,0.0,0.5,0.866025
805.84,14.0,5.0,2.0,1611.68,57.56,402.92,1,1,12,1,0,0,0,0,0,0,0,0,1,0,1,0,0,0,0,1,0.0,-1.0,0.5,0.866025
664.37,10.8,5.0,1.5,996.56,61.5157,442.91333333333336,1,1,18,1,0,0,1,0,0,0,0,1,0,1,0,0,0,1,0,0,-1.0,-0.0,0.5,0.866025
569.01,10.4,3.6,1.0,569.01,54.7125,569.01,1,2,0,1,0,0,0,0,1,0,0,1,0,0,1,0,0,0,1,0,0.0,1.0,0.5,0.866025
342.31,22.5,3.5,1.0,342.31,15.2138,342.31,1,2,6,1,0,0,0,0,0,0,1,0,0,0,0,0,0,0,0,0,1.0,0.0,0.5,0.866025
637.75,15.0,4.7,1.2,765.3,42.5167,531.4583333333334,1,2,12,1,0,0,0,0,1,0,0,1,0,0,1,0,0,0,0,0,0.0,-1.0,0.5,0.866025
218.64,41.6,5.0,1.2,262.37,5.2558,182.2,1,2,18,1,0,0,1,0,0,0,0,0,0,0,0,0,0,1,0,0,-1.0,-0.0,0.5,0.866025
508.99,45.7,4.2,1.0,508.99,11.1376,508.99,1,3,0,1,0,0,1,0,0,0,0,1,0,0,0,0,0,0,1,0,0.0,1.0,0.5,0.866025
432.25,4.1,4.0,1.0,432.25,105.4268,432.25,1,3,6,1,0,0,0,0,0,0,0,0,1,1,0,0,0,0,0,0,1.0,0.0,0.5,0.866025
165.87,3.2,3.9,2.0,331.74,51.8344,82.935,1,3,12,1,0,0,1,0,0,0,0,0,0,0,0,0,0,0,0,1,0.0,-1.0,0.5,0.866025
543.92,21.9,3.7,1.0,543.92,24.8365,543.92,1,3,18,1,0,0,0,0,0,1,0,1,0,0,0,0,0,1,0,0,-1.0,-0.0,0.5,0.866025
320.12,7.9,4.9,1.0,320.12,40.5215,320.12,1,4,0,1,0,0,1,0,0,0,0,0,0,0,0,0,0,0,1,0,0.0,1.0,0.5,0.866025
537.26,0.4,4.1,1.2,644.71,1343.15,447.7166666666667,1,4,6,1,0,0,0,0,1,0,0,1,0,1,0,0,0,0,0,0,1.0,0.0,0.5,0.866025
254.61,48.3,4.5,1.2,305.53,5.2714,212.175,1,4,12,1,0,0,0,0,1,0,0,0,0,0,1,0,0,0,0,0,0.0,-1.0,0.5,0.866025
667.67,5.7,3.4,1.0,667.67,117.1351,667.67,1,4,18,1,0,0,0,0,1,0,0,1,0,0,1,0,0,1,0,0,-1.0,-0.0,0.5,0.866025
948.93,58.3,4.8,1.5,1423.4,16.2767,632.62,1,5,0,1,1,0,0,0,1,0,1,0,0,0,1,0,0,0,1,0,0.0,1.0,0.5,0.866025
218.69,27.8,4.6,1.0,218.69,7.8665,218.69,1,5,6,1,1,0,0,0,0,1,0,0,0,0,0,0,0,0,0,0,1.0,0.0,0.5,0.866025
254.41,31.6,3.6,1.0,254.41,8.0509,254.41,1,5,12,1,1,0,0,1,0,0,0,1,0,0,0,0,0,0,0,0,0.0,-1.0,0.5,0.866025
196.65,4.9,4.4,1.0,196.65,40.1327,196.65,1,5,18,1,1,0,0,0,0,0,1,0,0,0,0,0,0,1,0,0,-1.0,-0.0,0.5,0.866025
392.62,5.9,4.3,1.2,471.14,66.5458,327.18333333333334,1,6,0,1,1,0,0,0,1,0,0,0,1,0,0,0,0,0,1,0,0.0,1.0,0.5,0.866025
533.07,16.2,4.1,2.0,1066.14,32.9056,266.535,1,6,6,1,1,0,1,0,0,0,0,0,0,0,0,0,0,0,0,1,1.0,0.0,0.5,0.866025
618.49,4.2,2.8,1.5,927.74,147.2595,412.32666666666665,1,6,12,1,1,0,0,0,1,0,0,0,0,0,0,0,1,0,0,0,0.0,-1.0,0.5,0.866025
503.9,8.0,4.0,2.0,1007.8,62.9875,251.95,1,6,18,1,1,0,1,0,0,0,0,0,0,0,0,0,0,1,0,1,-1.0,-0.0,0.5,0.866025
609.11,8.5,4.5,1.0,609.11,71.66,609.11,1,0,0,1,0,0,1,0,0,0,0,0,1,0,0,0,0,0,1,0,0.0,1.0,0.5,0.866025
424.22,3.8,4.0,1.0,424.22,111.6368,424.22,1,0,6,1,0,0,0,0,1,0,0,0,1,0,0,1,0,0,0,0,1.0,0.0,0.5,0.866025
318.04,5.1,4.2,1.0,318.04,62.3608,318.04,1,0,12,1,0,0,0,0,0,1,0,1,0,0,0,0,0,0,0,0,0.0,-1.0,0.5,0.866025
258.13,34.2,5.0,1.0,258.13,7.5477,258.13,1,0,18,1,0,0,1,0,0,0,1,0,0,0,0,0,1,1,0,0,-1.0,-0.0,0.5,0.866025
400.37,4.0,4.3,1.5,600.56,100.0925,266.91333333333336,1,1,0,1,0,0,1,0,0,0,0,1,0,0,0,0,0,0,1,0,0.0,1.0,0.5,0.866025
261.82,0.6,3.3,1.2,314.18,436.3667,218.1833333333333,1,1,6,1,0,0,0,0,1,0,0,1,0,0,0,0,0,0,0,0,1.0,0.0,0.5,0.866025
524.99,21.8,4.2,2.0,1049.98,24.0821,262.495,1,1,12,1,0,0,1,0,0,0,0,0,0,0,1,0,0,0,0,1,0.0,-1.0,0.5,0.866025
264.26,82.0,4.3,1.0,264.26,3.2227,264.26,1,1,18,1,0,0,1,0,0,0,1,0,0,0,0,0,0,1,0,0,-1.0,-0.0,0.5,0.866025
337.18,8.9,3.9,1.0,337.18,37.8854,337.18,1,2,0,1,0,0,0,0,1,0,0,0,0,0,0,0,0,0,1,0,0.0,1.0,0.5,0.866025
735.91,2.8,4.7,1.0,735.91,262.825,735.91,1,2,6,1,0,0,0,0,1,0,1,0,0,0,0,0,0,0,0,0,1.0,0.0,0.5,0.866025
770.7,18.6,3.6,1.0,770.7,41.4355,770.7,1,2,12,1,0,0,0,0,0,0,1,0,0,0,1,0,0,0,0,0,0.0,-1.0,0.5,0.866025
758.79,52.1,4.2,1.0,758.79,14.5641,758.79,1,2,18,1,0,0,0,0,0,1,1,0,0,0,0,0,1,1,0,0,-1.0,-0.0,0.5,0.866025
427.91,33.7,3.6,1.0,427.91,12.6976,427.91,1,3,0,1,0,0,0,0,0,1,0,0,0,0,1,0,0,0,1,0,0.0,1.0,0.5,0.866025
325.15,21.4,4.2,1.0,325.15,15.1939,325.15,1,3,6,1,0,0,1,0,0,0,0,0,0,0,0,0,0,0,0,0,1.0,0.0,0.5,0.866025
565.41,8.3,4.7,1.0,565.41,68.1217,565.41,1,3,12,1,0,0,0,0,0,1,0,0,0,1,0,0,0,0,0,0,0.0,-1.0,0.5,0.866025
267.44,17.2,4.2,1.0,267.44,15.5488,267.44,1,3,18,1,0,0,1,0,0,0,0,0,0,0,0,0,0,1,0,0,-1.0,-0.0,0.5,0.866025
633.6,2.1,4.2,1.0,633.6,301.7143,633.6,1,4,0,1,0,0,0,0,0,0,0,0,0,0,0,0,0,0,1,0,0.0,1.0,0.5,0.866025
309.15,25.0,4.3,1.0,309.15,12.366,309.15,1,4,6,1,0,0,0,0,1,0,0,0,1,0,0,0,0,0,0,0,1.0,0.0,0.5,0.866025
391.6,28.4,4.3,1.0,391.6,13.7887,391.6,1,4,12,1,0,0,0,0,1,0,0,1,0,0,0,0,0,0,0,0,0.0,-1.0,0.5,0.866025
640.6,73.8,4.6,1.0,640.6,8.6802,640.6,1,4,18,1,0,0,0,0,1,0,0,0,0,0,0,0,0,1,0,0,-1.0,-0.0,0.5,0.866025
140.18,6.6,4.6,1.0,140.18,21.2394,140.18,1,5,0,1,1,0,0,0,0,1,0,0,0,0,1,0,0,0,1,0,0.0,1.0,0.5,0.866025
316.46,0.4,5.0,1.0,316.46,791.15,316.46,1,5,6,1,1,0,0,0,0,0,0,1,0,0,0,0,1,0,0,0,1.0,0.0,0.5,0.866025
530.67,17.4,4.4,1.0,530.67,30.4983,530.67,1,5,12,1,1,0,0,0,0,1,0,1,0,0,0,0,0,0,0,0,0.0,-1.0,0.5,0.866025
588.39,27.0,3.5,1.0,588.39,21.7922,588.39,1,5,18,1,1,0,0,0,0,1,0,1,0,0,0,0,0,1,0,0,-1.0,-0.0,0.5,0.866025
541.24,34.4,4.7,1.2,649.49,15.7337,451.03333333333336,1,6,0,1,1,0,0,0,0,0,0,0,1,0,0,0,0,0,1,0,0.0,1.0,0.5,0.866025
389.01,4.7,5.0,1.2,466.81,82.7681,324.175,1,6,6,1,1,0,0,0,0,0,0,1,0,0,0,0,0,0,0,0,1.0,0.0,0.5,0.866025
672.58,6.7,5.0,1.5,1008.87,100.3851,448.3866666666667,1,6,12,1,1,0,0,0,0,0,0,0,1,0,1,0,0,0,0,0,0.0,-1.0,0.5,0.866025
253.24,15.8,5.0,1.0,253.24,16.0278,253.24,1,6,18,1,1,0,0,0,0,0,1,0,0,0,0,0,0,1,0,0,-1.0,-0.0,0.5,0.866025
247.02,8.8,4.1,1.0,247.02,28.0705,247.02,1,0,0,1,0,0,0,0,1,0,0,0,0,1,0,0,0,0,1,0,0.0,1.0,0.5,0.866025
528.06,43.3,4.4,1.5,792.09,12.1954,352.04,1,0,6,1,0,0,0,1,0,0,0,0,1,0,0,0,0,0,0,0,1.0,0.0,0.5,0.866025
237.06,14.1,4.2,1.0,237.06,16.8128,237.06,1,0,12,1,0,0,0,1,0,0,0,0,0,0,0,0,0,0,0,0,0.0,-1.0,0.5,0.866025
965.0,35.4,4.1,1.2,1158.0,27.2599,804.1666666666667,1,0,18,1,0,0,0,0,0,0,1,0,0,0,0,0,0,1,0,0,-1.0,-0.0,0.5,0.866025
321.47,19.1,4.2,1.0,321.47,16.8309,321.47,1,1,0,1,0,0,0,1,0,0,0,0,0,0,0,0,0,0,1,0,0.0,1.0,0.5,0.866025
666.39,32.6,4.9,1.0,666.39,20.4414,666.39,1,1,6,1,0,0,0,1,0,0,1,0,0,0,0,0,0,0,0,0,1.0,0.0,0.5,0.866025
213.68,8.9,3.5,1.2,256.42,24.009,178.0666666666667,1,1,12,1,0,0,0,0,0,0,1,0,0,0,1,0,0,0,0,0,0.0,-1.0,0.5,0.866025
865.12,39.2,3.8,1.0,865.12,22.0694,865.12,1,1,18,1,0,0,0,1,0,0,1,0,0,0,0,0,0,1,0,0,-1.0,-0.0,0.5,0.866025
443.26,7.1,4.9,1.0,443.26,62.431,443.26,1,2,0,1,0,0,0,0,0,1,1,0,0,0,1,0,0,0,1,0,0.0,1.0,0.5,0.866025
316.69,17.4,5.0,1.0,316.69,18.2006,316.69,1,2,6,1,0,0,1,0,0,0,0,0,0,0,0,0,0,0,0,0,1.0,0.0,0.5,0.866025
374.77,5.3,4.0,1.0,374.77,70.7113,374.77,1,2,12,1,0,0,1,0,0,0,0,0,0,0,0,0,0,0,0,0,0.0,-1.0,0.5,0.866025
289.3,14.2,5.0,1.0,289.3,20.3732,289.3,1,2,18,1,0,0,0,0,0,0,0,1,0,0,0,0,0,1,0,0,-1.0,-0.0,0.5,0.866025
391.03,8.4,4.8,1.0,391.03,46.5512,391.03,1,3,0,1,0,0,0,0,1,0,0,0,0,1,0,0,0,0,1,0,0.0,1.0,0.5,0.866025
221.18,6.8,4.2,1.2,265.42,32.5265,184.3166666666667,1,3,6,1,0,0,0,0,0,0,0,1,0,0,0,0,0,0,0,0,1.0,0.0,0.5,0.866025
322.26,75.0,3.1,1.2,386.71,4.2968,268.55,1,3,12,1,0,0,0,0,1,0,0,0,0,0,1,0,0,0,0,0,0.0,-1.0,0.5,0.866025
660.09,3.8,3.5,1.0,660.09,173.7079,660.09,1,3,18,1,0,0,1,0,0,0,0,0,1,0,0,0,0,1,0,0,-1.0,-0.0,0.5,0.866025
489.91,34.1,4.0,2.0,979.82,14.3669,244.955,1,4,0,1,0,0,0,0,0,0,0,1,0,0,1,0,0,0,1,1,0.0,1.0,0.5,0.866025
250.33,91.2,4.7,1.0,250.33,2.7448,250.33,1,4,6,1,0,0,0,0,0,1,1,0,0,0,0,0,0,0,0,0,1.0,0.0,0.5,0.866025
398.14,0.4,4.7,1.0,398.14,995.35,398.14,1,4,12,1,0,0,0,1,0,0,0,0,0,0,1,0,0,0,0,0,0.0,-1.0,0.5,0.866025
775.04,26.4,4.1,1.5,1162.56,29.3576,516.6933333333333,1,4,18,1,0,0,0,0,1,0,1,0,0,0,1,0,0,1,0,0,-1.0,-0.0,0.5,0.866025
342.6,6.4,4.2,1.2,411.12,53.5312,285.50000000000006,1,5,0,1,1,0,0,1,0,0,0,0,1,0,0,0,1,0,1,0,0.0,1.0,0.5,0.866025
235.59,0.9,4.3,1.2,282.71,261.7667,196.325,1,5,6,1,1,0,0,1,0,0,0,1,0,0,0,0,0,0,0,0,1.0,0.0,0.5,0.866025
577.7,11.3,4.2,1.0,577.7,51.1239,577.7,1,5,12,1,1,0,0,0,0,0,0,1,0,0,0,0,0,0,0,0,0.0,-1.0,0.5,0.866025
105.87,60.2,4.4,1.0,105.87,1.7586,105.87,1,5,18,1,1,0,0,1,0,0,1,0,0,0,0,0,0,1,0,0,-1.0,-0.0,0.5,0.866025
379.26,0.3,4.3,1.5,568.89,1264.2,252.84,1,6,0,1,1,0,0,0,0,1,0,0,0,1,0,0,0,0,1,0,0.0,1.0,0.5,0.866025
808.4,19.5,3.5,1.0,808.4,41.4564,808.4,1,6,6,1,1,0,0,1,0,0,0,1,0,0,0,0,0,0,0,0,1.0,0.0,0.5,0.866025
392.22,15.3,4.2,1.2,470.66,25.6353,326.85,1,6,12,1,1,0,0,0,0,0,0,0,0,0,1,0,0,0,0,0,0.0,-1.0,0.5,0.866025
692.48,45.5,4.3,1.0,692.48,15.2193,692.48,1,6,18,1,1,0,0,0,0,1,0,0,0,0,0,0,0,1,0,0,-1.0,-0.0,0.5,0.866025
233.73,1.9,4.8,1.5,350.6,123.0158,155.82,1,0,0,1,0,0,1,0,0,0,0,0,0,0,0,0,0,0,1,0,0.0,1.0,0.5,0.866025
384.25,25.2,3.9,1.0,384.25,15.248,384.25,1,0,6,1,0,0,0,1,0,0,0,0,0,0,0,0,0,0,0,0,1.0,0.0,0.5,0.866025
365.36,25.1,4.4,1.0,365.36,14.5562,365.36,1,0,12,1,0,0,0,0,0,0,0,0,0,0,0,0,1,0,0,0,0.0,-1.0,0.5,0.866025
562.27,24.3,4.6,1.0,562.27,23.1387,562.27,1,0,18,1,0,0,1,0,0,0,0,0,0,0,1,0,0,1,0,0,-1.0,-0.0,0.5,0.866025
455.77,62.8,4.2,1.2,546.92,7.2575,379.8083333333333,1,1,0,1,0,0,1,0,0,0,0,0,1,0,0,0,1,0,1,0,0.0,1.0,0.5,0.866025
861.46,38.1,3.4,1.2,1033.75,22.6105,717.8833333333334,1,1,6,1,0,0,0,0,1,0,0,1,0,0,0,0,0,0,0,0,1.0,0.0,0.5,0.866025
332.45,0.9,4.8,1.0,332.45,369.3889,332.45,1,1,12,1,0,0,0,0,0,1,0,0,1,0,1,0,0,0,0,0,0.0,-1.0,0.5,0.866025
452.96,14.0,4.7,1.2,543.55,32.3543,377.4666666666666,1,1,18,1,0,0,0,1,0,0,0,1,0,0,1,0,0,1,0,0,-1.0,-0.0,0.5,0.866025
372.61,11.2,4.4,1.0,372.61,33.2688,372.61,2,2,0,1,0,0,0,0,0,0,0,0,0,0,0,0,0,0,1,0,0.0,1.0,0.866025,0.5
436.19,8.2,4.3,1.0,436.19,53.1939,436.19,2,2,6,1,0,0,0,0,1,0,0,1,0,1,0,0,0,0,0,0,1.0,0.0,0.866025,0.5
416.13,13.2,3.4,1.0,416.13,31.525,416.13,2,2,12,1,0,0,0,0,0,1,0,1,0,0,0,0,1,0,0,0,0.0,-1.0,0.866025,0.5
265.98,10.7,4.7,1.0,265.98,24.8579,265.98,2,2,18,1,0,0,0,0,1,0,0,0,0,1,0,0,0,1,0,0,-1.0,-0.0,0.866025,0.5
642.24,12.5,5.0,1.0,642.24,51.3792,642.24,2,3,0,1,0,0,0,0,0,1,0,1,0,0,1,0,0,0,1,0,0.0,1.0,0.866025,0.5
303.81,85.3,3.7,1.0,303.81,3.5617,303.81,2,3,6,1,0,0,0,0,0,1,0,0,0,0,0,0,0,0,0,0,1.0,0.0,0.866025,0.5
292.15,2.0,5.0,1.2,350.58,146.075,243.4583333333333,2,3,12,1,0,0,0,1,0,0,0,1,0,0,0,0,0,0,0,0,0.0,-1.0,0.866025,0.5
171.91,56.2,4.9,1.2,206.29,3.0589,143.25833333333333,2,3,18,1,0,0,0,0,0,1,0,1,0,0,0,0,1,1,0,0,-1.0,-0.0,0.866025,0.5
327.35,14.4,3.7,1.2,392.82,22.7326,272.7916666666667,2,4,0,1,0,0,0,0,1,0,0,0,0,0,0,0,0,0,1,0,0.0,1.0,0.866025,0.5
301.65,21.5,4.1,1.0,301.65,14.0302,301.65,2,4,6,1,0,0,0,0,0,1,0,0,0,0,1,0,0,0,0,0,1.0,0.0,0.866025,0.5
52.62,39.0,3.6,2.0,105.24,1.3492,26.31,2,4,12,1,0,0,0,1,0,0,1,0,0,0,1,0,0,0,0,1,0.0,-1.0,0.866025,0.5
120.18,9.8,4.3,1.2,144.22,12.2633,100.15,2,4,18,1,0,0,0,1,0,0,0,1,0,0,1,0,0,1,0,0,-1.0,-0.0,0.866025,0.5
390.16,12.4,4.5,1.0,390.16,31.4645,390.16,2,5,0,1,1,0,0,0,1,0,0,0,0,0,0,0,1,0,1,0,0.0,1.0,0.866025,0.5
842.57,11.6,3.6,1.5,1263.86,72.6353,561.7133333333334,2,5,6,1,1,0,1,0,0,0,0,0,1,0,0,0,0,0,0,0,1.0,0.0,0.866025,0.5
191.29,10.3,4.5,1.0,191.29,18.5718,191.29,2,5,12,1,1,0,1,0,0,0,0,0,0,0,0,0,0,0,0,0,0.0,-1.0,0.866025,0.5
432.11,57.1,4.6,1.0,432.11,7.5676,432.11,2,5,18,1,1,0,0,0,0,1,0,1,0,0,0,0,0,1,0,0,-1.0,-0.0,0.866025,0.5
385.31,38.8,4.6,1.0,385.31,9.9307,385.31,2,6,0,1,1,0,0,0,0,0,0,0,1,0,0,0,0,0,1,0,0.0,1.0,0.866025,0.5
600.26,2.5,4.5,1.0,600.26,240.104,600.26,2,6,6,1,1,0,0,0,0,1,0,0,0,0,0,0,0,0,0,0,1.0,0.0,0.866025,0.5
622.24,2.5,3.7,1.5,933.36,248.896,414.82666666666665,2,6,12,1,1,0,0,0,1,0,0,0,0,0,0,0,0,0,0,0,0.0,-1.0,0.866025,0.5
1144.14,12.3,4.2,1.0,1144.14,93.0195,1144.14,2,6,18,1,1,0,0,0,1,0,0,0,0,1,0,0,0,1,0,0,-1.0,-0.0,0.866025,0.5
499.0,2.3,4.5,1.0,499.0,216.9565,499.0,2,0,0,1,0,1,0,0,1,0,0,0,0,0,0,0,1,0,1,0,0.0,1.0,0.866025,0.5
280.2,21.2,5.0,2.0,560.4,13.217,140.1,2,0,6,1,0,1,0,0,1,0,0,0,0,0,0,0,0,0,0,1,1.0,0.0,0.866025,0.5
322.42,3.4,4.3,2.0,644.84,94.8294,161.21,2,0,12,1,0,1,0,0,1,0,0,1,0,0,0,0,0,0,0,1,0.0,-1.0,0.866025,0.5
340.34,16.3,4.5,1.2,408.41,20.8798,283.6166666666667,2,0,18,1,0,1,0,1,0,0,0,0,0,0,0,0,1,1,0,0,-1.0,-0.0,0.866025,0.5
308.41,0.2,3.8,1.0,308.41,1542.05,308.41,2,1,0,1,0,0,1,0,0,0,0,1,0,0,0,0,0,0,1,0,0.0,1.0,0.866025,0.5
944.32,8.4,3.7,1.0,944.32,112.419,944.32,2,1,6,1,0,0,0,0,1,0,0,0,1,0,0,1,0,0,0,0,1.0,0.0,0.866025,0.5
607.55,24.9,3.7,1.2,729.06,24.3996,506.2916666666666,2,1,12,1,0,0,0,0,0,0,1,0,0,0,0,0,0,0,0,0,0.0,-1.0,0.866025,0.5
161.52,14.6,4.1,1.0,161.52,11.063,161.52,2,1,18,1,0,0,0,0,0,0,0,1,0,0,1,0,0,1,0,0,-1.0,-0.0,0.866025,0.5
559.84,84.2,5.0,1.0,559.84,6.6489,559.84,2,2,0,1,0,0,0,0,0,0,0,0,0,0,0,0,0,0,1,0,0.0,1.0,0.866025,0.5
239.36,45.6,4.1,1.0,239.36,5.2491,239.36,2,2,6,1,0,0,0,0,0,0,0,1,0,0,0,1,0,0,0,0,1.0,0.0,0.866025,0.5
619.16,9.8,4.5,1.0,619.16,63.1796,619.16,2,2,12,1,0,0,0,1,0,0,0,1,0,0,0,0,0,0,0,0,0.0,-1.0,0.866025,0.5
746.15,1.0,4.6,1.0,746.15,746.15,746.15,2,2,18,1,0,0,0,0,0,0,0,1,0,0,0,0,0,1,0,0,-1.0,-0.0,0.866025,0.5
388.96,41.1,3.8,1.0,388.96,9.4637,388.96,2,3,0,1,0,0,0,0,1,0,0,0,0,0,0,0,0,0,1,0,0.0,1.0,0.866025,0.5
320.39,53.3,4.3,1.0,320.39,6.0111,320.39,2,3,6,1,0,0,0,0,0,1,1,0,0,0,0,0,0,0,0,0,1.0,0.0,0.866025,0.5
871.96,37.8,4.6,1.0,871.96,23.0677,871.96,2,3,12,1,0,0,0,0,0,0,0,1,0,0,1,0,0,0,0,0,0.0,-1.0,0.866025,0.5
298.05,3.0,4.5,1.0,298.05,99.35,298.05,2,3,18,1,0,0,0,1,0,0,0,0,0,0,1,0,0,1,0,0,-1.0,-0.0,0.866025,0.5
281.24,135.8,3.3,1.0,281.24,2.071,281.24,2,4,0,1,0,0,0,1,0,0,0,0,0,0,1,0,0,0,1,0,0.0,1.0,0.866025,0.5
255.81,6.6,4.6,1.2,306.97,38.7591,213.175,2,4,6,1,0,0,0,0,0,0,0,1,0,0,1,0,0,0,0,0,1.0,0.0,0.866025,0.5
421.27,28.3,4.0,1.5,631.9,14.8859,280.84666666666664,2,4,12,1,0,0,0,0,0,1,1,0,0,0,0,0,1,0,0,0,0.0,-1.0,0.866025,0.5
498.26,52.5,4.0,1.0,498.26,9.4907,498.26,2,4,18,1,0,0,0,0,0,0,1,0,0,1,0,0,0,1,0,0,-1.0,-0.0,0.866025,0.5
696.79,5.9,4.5,1.0,696.79,118.1,696.79,2,5,0,1,1,0,0,1,0,0,1,0,0,0,1,0,0,0,1,0,0.0,1.0,0.866025,0.5
572.52,52.6,5.0,1.0,572.52,10.8844,572.52,2,5,6,1,1,0,1,0,0,0,0,0,0,0,0,0,0,0,0,0,1.0,0.0,0.866025,0.5
567.94,8.1,4.2,1.0,567.94,70.116,567.94,2,5,12,1,1,0,0,0,1,0,0,1,0,0,0,0,0,0,0,0,0.0,-1.0,0.866025,0.5
801.98,82.4,4.9,1.0,801.98,9.7328,801.98,2,5,18,1,1,0,0,1,0,0,0,1,0,0,0,0,0,1,0,0,-1.0,-0.0,0.866025,0.5
249.02,7.3,3.6,1.0,249.02,34.1123,249.02,2,6,0,1,1,0,0,0,0,0,0,0,0,0,1,0,0,0,1,0,0.0,1.0,0.866025,0.5
184.46,67.5,4.4,1.2,221.35,2.7327,153.71666666666667,2,6,6,1,1,0,0,0,1,0,0,0,0,0,0,0,0,0,0,0,1.0,0.0,0.866025,0.5
586.45,1.2,4.0,1.2,703.74,488.7083,488.70833333333337,2,6,12,1,1,0,0,0,0,0,1,0,0,0,0,0,0,0,0,0,0.0,-1.0,0.866025,0.5
411.09,27.2,4.4,1.0,411.09,15.1136,411.09,2,6,18,1,1,0,0,0,0,0,0,0,0,1,0,0,0,1,0,0,-1.0,-0.0,0.866025,0.5
698.03,16.7,4.2,1.0,698.03,41.7982,698.03,2,0,0,1,0,1,1,0,0,0,0,1,0,1,0,0,0,0,1,0,0.0,1.0,0.866025,0.5
431.16,14.3,3.6,1.2,517.39,30.151,359.3,2,0,6,1,0,1,0,0,1,0,0,0,0,0,0,0,1,0,0,0,1.0,0.0,0.866025,0.5
314.49,5.6,3.9,1.0,314.49,56.1589,314.49,2,0,12,1,0,1,0,0,1,0,0,0,0,0,0,0,0,0,0,0,0.0,-1.0,0.866025,0.5
590.68,26.9,3.5,1.2,708.82,21.9584,492.2333333333333,2,0,18,1,0,1,1,0,0,0,0,0,0,0,1,0,0,1,0,0,-1.0,-0.0,0.866025,0.5
458.94,4.7,3.6,1.0,458.94,97.6468,458.94,2,1,0,1,0,0,0,1,0,0,0,0,1,0,0,0,0,0,1,0,0.0,1.0,0.866025,0.5
431.35,17.7,4.5,1.2,517.62,24.3701,359.45833333333337,2,1,6,1,0,0,0,0,0,0,1,0,0,0,0,0,0,0,0,0,1.0,0.0,0.866025,0.5
1248.6,6.4,4.2,1.5,1872.9,195.0937,832.4,2,1,12,1,0,0,0,0,0,1,0,0,1,0,0,0,0,0,0,0,0.0,-1.0,0.866025,0.5
772.07,68.5,4.4,2.0,1544.14,11.2711,386.035,2,1,18,1,0,0,0,0,0,0,0,1,0,0,0,0,0,1,0,1,-1.0,-0.0,0.866025,0.5
627.87,0.6,5.0,1.0,627.87,1046.45,627.87,2,2,0,1,0,0,0,0,0,0,0,0,0,0,0,0,0,0,1,0,0.0,1.0,0.866025,0.5
466.19,4.9,4.2,1.0,466.19,95.1408,466.19,2,2,6,1,0,0,0,1,0,0,0,1,0,1,0,0,0,0,0,0,1.0,0.0,0.866025,0.5
446.05,6.1,4.6,1.0,446.05,73.123,446.05,2,2,12,1,0,0,0,0,0,0,0,1,0,0,0,0,0,0,0,0,0.0,-1.0,0.866025,0.5
373.87,11.8,4.3,2.0,747.74,31.6839,186.935,2,2,18,1,0,0,1,0,0,0,1,0,0,0,1,0,0,1,0,1,-1.0,-0.0,0.866025,0.5
490.19,5.8,5.0,1.0,490.19,84.5155,490.19,2,3,0,1,0,0,1,0,0,0,0,0,0,0,0,0,0,0,1,0,0.0,1.0,0.866025,0.5
337.03,14.9,2.8,1.0,337.03,22.6195,337.03,2,3,6,1,0,0,0,0,1,0,0,1,0,0,0,0,0,0,0,0,1.0,0.0,0.866025,0.5
219.44,45.3,3.9,1.0,219.44,4.8442,219.44,2,3,12,1,0,0,0,0,0,1,0,0,0,0,0,0,0,0,0,0,0.0,-1.0,0.866025,0.5
428.64,27.4,4.6,1.0,428.64,15.6438,428.64,2,3,18,1,0,0,0,0,0,0,0,0,0,0,0,0,0,1,0,0,-1.0,-0.0,0.866025,0.5
510.3,19.1,3.9,1.0,510.3,26.7173,510.3,2,4,0,1,0,0,0,0,0,0,1,0,0,0,1,0,0,0,1,0,0.0,1.0,0.866025,0.5
698.83,2.1,4.6,1.0,698.83,332.7762,698.83,2,4,6,1,0,0,0,1,0,0,0,1,0,0,0,0,0,0,0,0,1.0,0.0,0.866025,0.5
282.14,26.1,4.3,1.0,282.14,10.81,282.14,2,4,12,1,0,0,1,0,0,0,0,0,0,0,0,0,0,0,0,0,0.0,-1.0,0.866025,0.5
447.86,4.0,4.7,1.0,447.86,111.965,447.86,2,4,18,1,0,0,0,0,0,1,0,0,0,0,0,0,0,1,0,0,-1.0,-0.0,0.866025,0.5
570.32,34.0,3.7,2.0,1140.64,16.7741,285.16,2,5,0,1,1,0,0,0,1,0,0,1,0,0,0,0,0,0,1,1,0.0,1.0,0.866025,0.5
564.04,6.3,4.4,1.2,676.85,89.5302,470.0333333333333,2,5,6,1,1,0,1,0,0,0,1,0,0,0,0,0,1,0,0,0,1.0,0.0,0.866025,0.5
921.19,11.9,4.5,1.5,1381.78,77.4109,614.1266666666667,2,5,12,1,1,0,0,0,1,0,1,0,0,0,0,0,0,0,0,0,0.0,-1.0,0.866025,0.5
377.69,9.5,4.4,1.0,377.69,39.7568,377.69,2,5,18,1,1,0,0,1,0,0,0,0,1,0,1,0,0,1,0,0,-1.0,-0.0,0.866025,0.5
269.12,43.1,4.4,1.2,322.94,6.2441,224.26666666666668,2,6,0,1,1,0,0,1,0,0,1,0,0,0,1,0,0,0,1,0,0.0,1.0,0.866025,0.5
462.86,3.0,4.9,1.0,462.86,154.2867,462.86,2,6,6,1,1,0,0,0,0,0,0,0,0,0,0,0,1,0,0,0,1.0,0.0,0.866025,0.5
387.99,18.3,3.5,1.0,387.99,21.2016,387.99,2,6,12,1,1,0,0,0,0,1,0,1,0,1,0,0,0,0,0,0,0.0,-1.0,0.866025,0.5
352.97,3.4,4.4,1.0,352.97,103.8147,352.97,2,6,18,1,1,0,0,0,1,0,0,1,0,0,1,0,0,1,0,0,-1.0,-0.0,0.866025,0.5
328.21,26.8,3.7,1.0,328.21,12.2466,328.21,2,0,0,1,0,1,1,0,0,0,0,0,0,0,1,0,0,0,1,0,0.0,1.0,0.866025,0.5
511.32,51.8,4.7,1.0,511.32,9.871,511.32,2,0,6,1,0,1,0,1,0,0,1,0,0,1,0,0,0,0,0,0,1.0,0.0,0.866025,0.5
304.13,12.5,3.9,2.0,608.26,24.3304,152.065,2,0,12,1,0,1,0,0,0,0,0,0,0,0,0,0,0,0,0,1,0.0,-1.0,0.866025,0.5
627.6,14.7,3.1,1.0,627.6,42.6939,627.6,2,0,18,1,0,1,0,0,0,0,0,0,1,0,0,0,0,1,0,0,-1.0,-0.0,0.866025,0.5
613.17,57.7,4.7,1.0,613.17,10.6269,613.17,2,1,0,1,0,0,0,0,1,0,0,1,0,0,0,0,0,0,1,0,0.0,1.0,0.866025,0.5
534.32,16.2,4.2,1.0,534.32,32.9827,534.32,2,1,6,1,0,0,0,1,0,0,0,1,0,1,0,0,0,0,0,0,1.0,0.0,0.866025,0.5
248.77,14.7,4.5,1.0,248.77,16.9231,248.77,2,1,12,1,0,0,0,0,0,1,0,1,0,1,0,0,0,0,0,0,0.0,-1.0,0.866025,0.5
499.87,19.0,5.0,1.0,499.87,26.3089,499.87,2,1,18,1,0,0,0,1,0,0,1,0,0,0,0,0,0,1,0,0,-1.0,-0.0,0.866025,0.5
721.46,25.7,4.5,1.0,721.46,28.0724,721.46,2,2,0,1,0,0,0,0,1,0,0,1,0,0,1,0,0,0,1,0,0.0,1.0,0.866025,0.5
649.63,2.5,4.4,1.2,779.56,259.852,541.3583333333333,2,2,6,1,0,0,0,0,1,0,0,1,0,0,0,0,0,0,0,0,1.0,0.0,0.866025,0.5
605.64,37.9,4.3,1.0,605.64,15.9799,605.64,2,2,12,1,0,0,0,1,0,0,0,0,0,0,0,0,0,0,0,0,0.0,-1.0,0.866025,0.5
444.47,12.6,3.7,1.0,444.47,35.2754,444.47,2,2,18,1,0,0,0,0,1,0,0,1,0,0,0,0,1,1,0,0,-1.0,-0.0,0.866025,0.5
434.46,1.7,4.2,1.2,521.35,255.5647,362.05,2,3,0,1,0,0,0,1,0,0,0,0,0,0,0,0,0,0,1,0,0.0,1.0,0.866025,0.5
778.17,33.9,5.0,1.5,1167.25,22.9549,518.78,2,3,6,1,0,0,1,0,0,0,1,0,0,0,0,0,0,0,0,0,1.0,0.0,0.866025,0.5
507.29,10.4,4.1,1.5,760.94,48.7779,338.1933333333333,2,3,12,1,0,0,0,1,0,0,0,1,0,0,1,0,0,0,0,0,0.0,-1.0,0.866025,0.5
510.45,2.3,4.2,1.2,612.54,221.9348,425.375,2,3,18,1,0,0,0,1,0,0,0,1,0,0,1,0,0,1,0,0,-1.0,-0.0,0.866025,0.5
1425.3,22.1,4.9,1.0,1425.3,64.4932,1425.3,2,4,0,1,0,0,0,0,1,0,0,0,0,0,0,0,0,0,1,0,0.0,1.0,0.866025,0.5
373.45,46.7,3.5,1.0,373.45,7.9968,373.45,2,4,6,1,0,0,0,0,1,0,0,0,0,0,1,0,0,0,0,0,1.0,0.0,0.866025,0.5
113.26,48.1,4.6,1.2,135.91,2.3547,94.38333333333334,2,4,12,1,0,0,0,0,0,0,1,0,0,0,0,0,0,0,0,0,0.0,-1.0,0.866025,0.5
402.03,69.6,3.5,1.5,603.04,5.7763,268.02,2,4,18,1,0,0,0,0,0,0,0,0,0,0,0,0,0,1,0,0,-1.0,-0.0,0.866025,0.5
414.18,44.5,4.5,1.0,414.18,9.3074,414.18,2,5,0,1,1,0,1,0,0,0,0,0,0,0,0,0,0,0,1,0,0.0,1.0,0.866025,0.5
503.56,0.0,4.3,1.0,503.56,0.0,503.56,2,5,6,1,1,0,0,0,0,0,0,0,0,0,1,0,0,0,0,0,1.0,0.0,0.866025,0.5
561.44,10.5,4.6,1.2,673.73,53.4705,467.86666666666673,2,5,12,1,1,0,0,1,0,0,0,0,1,0,0,0,0,0,0,0,0.0,-1.0,0.866025,0.5
126.88,37.5,3.8,1.0,126.88,3.3835,126.88,2,5,18,1,1,0,0,0,1,0,1,0,0,0,0,0,1,1,0,0,-1.0,-0.0,0.866025,0.5
567.09,10.0,4.0,1.0,567.09,56.709,567.09,2,6,0,1,1,0,0,0,0,0,0,0,0,1,0,0,0,0,1,0,0.0,1.0,0.866025,0.5
426.94,20.2,4.6,1.0,426.94,21.1356,426.94,2,6,6,1,1,0,0,0,0,0,0,0,0,0,0,0,1,0,0,0,1.0,0.0,0.866025,0.5
382.34,20.5,4.0,1.2,458.81,18.6507,318.6166666666667,2,6,12,1,1,0,1,0,0,0,0,0,0,0,0,0,0,0,0,0,0.0,-1.0,0.866025,0.5
165.73,10.0,4.7,2.0,331.46,16.573,82.865,2,6,18,1,1,0,1,0,0,0,1,0,0,0,0,0,1,1,0,1,-1.0,-0.0,0.866025,0.5
856.21,51.7,4.4,1.0,856.21,16.5611,856.21,2,0,0,1,0,1,0,1,0,0,0,1,0,0,0,0,0,0,1,0,0.0,1.0,0.866025,0.5
350.49,15.4,4.1,1.0,350.49,22.7591,350.49,2,0,6,1,0,1,0,0,1,0,0,0,0,0,0,0,0,0,0,0,1.0,0.0,0.866025,0.5
609.59,13.8,4.1,1.0,609.59,44.1732,609.59,2,0,12,1,0,1,1,0,0,0,0,0,0,0,0,0,0,0,0,0,0.0,-1.0,0.866025,0.5
279.91,131.9,4.3,1.0,279.91,2.1221,279.91,2,0,18,1,0,1,0,0,0,0,0,0,0,0,0,0,0,1,0,0,-1.0,-0.0,0.866025,0.5
514.47,15.0,4.2,1.0,514.47,34.298,514.47,2,1,0,1,0,0,0,0,1,0,0,1,0,0,1,0,0,0,1,0,0.0,1.0,0.866025,0.5
385.49,4.3,4.7,1.0,385.49,89.6488,385.49,2,1,6,1,0,0,0,0,1,0,1,0,0,0,0,0,0,0,0,0,1.0,0.0,0.866025,0.5
600.54,15.8,4.1,1.0,600.54,38.0089,600.54,2,1,12,1,0,0,0,0,0,0,0,0,0,0,0,0,0,0,0,0,0.0,-1.0,0.866025,0.5
378.85,37.0,4.0,1.2,454.62,10.2392,315.70833333333337,2,1,18,1,0,0,1,0,0,0,0,0,0,0,1,0,0,1,0,0,-1.0,-0.0,0.866025,0.5
272.88,33.0,4.8,1.2,327.46,8.2691,227.4,3,2,0,1,0,0,0,0,0,0,0,0,0,0,0,0,0,0,1,0,0.0,1.0,1.0,0.0
436.77,34.2,4.1,1.0,436.77,12.7711,436.77,3,2,6,1,0,0,0,0,1,0,0,0,1,0,1,0,0,0,0,0,1.0,0.0,1.0,0.0
425.76,27.1,4.0,1.0,425.76,15.7107,425.76,3,2,12,1,0,0,0,0,0,1,0,0,0,0,0,0,0,0,0,0,0.0,-1.0,1.0,0.0
497.79,6.5,3.1,2.0,995.58,76.5831,248.895,3,2,18,1,0,0,0,0,0,1,1,0,0,1,0,0,0,1,0,1,-1.0,-0.0,1.0,0.0
688.15,43.6,3.8,1.0,688.15,15.7833,688.15,3,3,0,1,0,0,0,1,0,0,0,1,0,1,0,0,0,0,1,0,0.0,1.0,1.0,0.0
240.05,49.3,3.9,1.2,288.06,4.8692,200.04166666666669,3,3,6,1,0,0,0,0,0,0,0,0,0,0,0,0,0,0,0,0,1.0,0.0,1.0,0.0
671.34,4.7,4.0,1.0,671.34,142.8383,671.34,3,3,12,1,0,0,0,0,0,0,0,0,0,0,0,0,0,0,0,0,0.0,-1.0,1.0,0.0
219.82,3.1,3.9,1.2,263.78,70.9097,183.1833333333333,3,3,18,1,0,0,0,1,0,0,0,0,0,0,0,0,0,1,0,0,-1.0,-0.0,1.0,0.0
589.37,81.7,4.8,1.2,707.24,7.2138,491.1416666666667,3,4,0,1,0,0,0,1,0,0,0,1,0,1,0,0,0,0,1,0,0.0,1.0,1.0,0.0
598.32,44.6,3.9,1.2,717.98,13.4152,498.6000000000001,3,4,6,1,0,0,0,1,0,0,1,0,0,0,0,0,0,0,0,0,1.0,0.0,1.0,0.0
340.89,49.2,3.9,1.5,511.34,6.9287,227.26,3,4,12,1,0,0,0,0,1,0,0,1,0,0,0,0,0,0,0,0,0.0,-1.0,1.0,0.0
287.66,47.8,4.4,2.0,575.32,6.018,143.83,3,4,18,1,0,0,0,0,0,0,0,1,0,0,0,0,0,1,0,1,-1.0,-0.0,1.0,0.0
279.5,17.2,3.7,1.0,279.5,16.25,279.5,3,5,0,1,1,0,0,0,1,0,0,0,0,0,0,0,0,0,1,0,0.0,1.0,1.0,0.0
457.62,22.9,5.0,1.0,457.62,19.9834,457.62,3,5,6,1,1,0,0,1,0,0,0,0,1,0,0,0,0,0,0,0,1.0,0.0,1.0,0.0
617.09,17.3,4.7,1.0,617.09,35.6699,617.09,3,5,12,1,1,0,0,0,0,0,1,0,0,1,0,0,0,0,0,0,0.0,-1.0,1.0,0.0
408.25,1.2,3.7,1.2,489.9,340.2083,340.20833333333337,3,5,18,1,1,0,0,0,1,0,0,0,0,0,0,0,0,1,0,0,-1.0,-0.0,1.0,0.0
105.28,30.1,4.8,1.2,126.34,3.4977,87.73333333333333,3,6,0,1,1,0,0,0,1,0,0,0,1,0,0,0,0,0,1,0,0.0,1.0,1.0,0.0
329.21,15.5,4.9,1.0,329.21,21.2394,329.21,3,6,6,1,1,0,0,1,0,0,0,1,0,1,0,0,0,0,0,0,1.0,0.0,1.0,0.0
323.11,23.0,3.7,1.0,323.11,14.0483,323.11,3,6,12,1,1,0,0,0,0,0,0,1,0,1,0,0,0,0,0,0,0.0,-1.0,1.0,0.0
559.6,15.4,3.7,1.2,671.52,36.3377,466.33333333333337,3,6,18,1,1,0,0,1,0,0,1,0,0,0,0,0,0,1,0,0,-1.0,-0.0,1.0,0.0
573.65,14.9,4.0,1.0,573.65,38.5,573.65,3,0,0,1,0,0,0,0,0,0,1,0,0,0,0,0,0,0,1,0,0.0,1.0,1.0,0.0
475.1,4.1,3.6,1.0,475.1,115.878,475.1,3,0,6,1,0,0,0,0,0,1,0,1,0,0,0,0,0,0,0,0,1.0,0.0,1.0,0.0
671.94,7.2,3.9,1.2,806.33,93.325,559.95,3,0,12,1,0,0,1,0,0,0,0,0,0,0,0,0,1,0,0,0,0.0,-1.0,1.0,0.0
696.01,3.8,4.1,1.0,696.01,183.1605,696.01,3,0,18,1,0,0,1,0,0,0,0,0,0,0,0,0,0,1,0,0,-1.0,-0.0,1.0,0.0
339.48,4.8,4.6,1.0,339.48,70.725,339.48,3,1,0,1,0,0,1,0,0,0,0,0,1,0,0,0,1,0,1,0,0.0,1.0,1.0,0.0
276.16,79.4,4.3,1.0,276.16,3.4781,276.16,3,1,6,1,0,0,0,1,0,0,0,0,0,0,1,0,0,0,0,0,1.0,0.0,1.0,0.0
422.8,3.7,4.2,1.0,422.8,114.2703,422.8,3,1,12,1,0,0,0,0,0,1,0,0,0,0,0,0,0,0,0,0,0.0,-1.0,1.0,0.0
474.63,6.9,4.1,1.0,474.63,68.787,474.63,3,1,18,1,0,0,0,0,0,0,0,1,0,0,0,0,0,1,0,0,-1.0,-0.0,1.0,0.0
330.6,19.6,3.6,1.0,330.6,16.8673,330.6,3,2,0,1,0,0,0,0,1,0,0,1,0,0,0,0,0,0,1,0,0.0,1.0,1.0,0.0
1593.3,20.7,4.6,1.0,1593.3,76.971,1593.3,3,2,6,1,0,0,0,0,0,0,0,1,0,0,0,0,0,0,0,0,1.0,0.0,1.0,0.0
832.37,3.7,4.6,1.0,832.37,224.9649,832.37,3,2,12,1,0,0,0,0,1,0,0,0,1,0,0,1,0,0,0,0,0.0,-1.0,1.0,0.0
314.56,34.7,4.0,1.0,314.56,9.0651,314.56,3,2,18,1,0,0,0,0,0,0,0,0,0,0,1,0,0,1,0,0,-1.0,-0.0,1.0,0.0
245.63,33.8,3.7,1.0,245.63,7.2672,245.63,3,3,0,1,0,0,0,0,0,1,0,0,0,0,0,0,1,0,1,0,0.0,1.0,1.0,0.0
301.27,6.0,5.0,2.0,602.54,50.2117,150.635,3,3,6,1,0,0,0,0,1,0,0,0,0,0,1,0,0,0,0,1,1.0,0.0,1.0,0.0
701.96,7.5,4.3,1.0,701.96,93.5947,701.96,3,3,12,1,0,0,0,1,0,0,1,0,0,0,1,0,0,0,0,0,0.0,-1.0,1.0,0.0
710.14,61.2,4.5,1.5,1065.21,11.6036,473.4266666666667,3,3,18,1,0,0,0,0,0,0,0,1,0,0,0,0,0,1,0,0,-1.0,-0.0,1.0,0.0
837.23,38.4,4.5,1.5,1255.84,21.8029,558.1533333333333,3,4,0,1,0,0,0,0,0,0,0,0,0,0,0,0,0,0,1,0,0.0,1.0,1.0,0.0
271.76,26.3,3.7,1.0,271.76,10.3331,271.76,3,4,6,1,0,0,0,0,1,0,1,0,0,0,0,0,0,0,0,0,1.0,0.0,1.0,0.0
558.52,1.9,5.0,1.2,670.22,293.9579,465.4333333333333,3,4,12,1,0,0,0,1,0,0,1,0,0,0,1,0,0,0,0,0,0.0,-1.0,1.0,0.0
285.42,11.9,4.1,1.0,285.42,23.9849,285.42,3,4,18,1,0,0,0,1,0,0,1,0,0,0,0,0,1,1,0,0,-1.0,-0.0,1.0,0.0
923.14,18.0,4.7,1.2,1107.77,51.2856,769.2833333333333,3,5,0,1,1,0,0,0,0,1,0,0,1,0,1,0,0,0,1,0,0.0,1.0,1.0,0.0
276.84,4.6,5.0,1.0,276.84,60.1826,276.84,3,5,6,1,1,0,0,1,0,0,0,0,0,0,0,0,0,0,0,0,1.0,0.0,1.0,0.0
215.09,13.1,4.3,1.5,322.64,16.4191,143.39333333333337,3,5,12,1,1,0,0,1,0,0,1,0,0,0,0,0,0,0,0,0,0.0,-1.0,1.0,0.0
237.97,20.2,3.7,1.0,237.97,11.7807,237.97,3,5,18,1,1,0,0,1,0,0,0,1,0,0,1,0,0,1,0,0,-1.0,-0.0,1.0,0.0
437.74,8.7,3.1,1.2,525.29,50.3149,364.78333333333336,3,6,0,1,1,0,1,0,0,0,1,0,0,0,0,0,0,0,1,0,0.0,1.0,1.0,0.0
612.87,33.4,4.3,1.0,612.87,18.3494,612.87,3,6,6,1,1,0,0,0,0,1,1,0,0,1,0,0,0,0,0,0,1.0,0.0,1.0,0.0
593.83,40.4,4.4,1.5,890.75,14.6988,395.8866666666667,3,6,12,1,1,0,0,0,0,0,1,0,0,1,0,0,0,0,0,0,0.0,-1.0,1.0,0.0
243.63,8.6,4.0,1.0,243.63,28.3291,243.63,3,6,18,1,1,0,0,0,1,0,0,1,0,0,1,0,0,1,0,0,-1.0,-0.0,1.0,0.0
359.68,40.1,4.4,1.2,431.62,8.9696,299.7333333333333,3,0,0,1,0,0,0,0,0,0,0,0,0,0,0,0,0,0,1,0,0.0,1.0,1.0,0.0
335.48,2.4,4.5,1.0,335.48,139.7833,335.48,3,0,6,1,0,0,0,0,0,1,0,1,0,0,0,0,0,0,0,0,1.0,0.0,1.0,0.0
224.61,40.0,4.8,1.0,224.61,5.6153,224.61,3,0,12,1,0,0,0,0,1,0,0,0,1,0,0,0,0,0,0,0,0.0,-1.0,1.0,0.0
331.33,3.6,4.2,1.2,397.6,92.0361,276.1083333333333,3,0,18,1,0,0,0,0,0,1,0,0,1,0,0,0,0,1,0,0,-1.0,-0.0,1.0,0.0
820.18,1.9,4.3,2.0,1640.36,431.6737,410.09,3,1,0,1,0,0,0,1,0,0,0,0,0,0,0,0,0,0,1,1,0.0,1.0,1.0,0.0
207.67,22.6,4.2,1.0,207.67,9.1889,207.67,3,1,6,1,0,0,0,0,1,0,0,0,0,0,1,0,0,0,0,0,1.0,0.0,1.0,0.0
490.38,14.0,4.3,1.5,735.57,35.0271,326.92,3,1,12,1,0,0,0,1,0,0,0,0,0,0,1,0,0,0,0,0,0.0,-1.0,1.0,0.0
829.21,52.5,4.0,1.2,995.05,15.7945,691.0083333333334,3,1,18,1,0,0,0,0,0,0,1,0,0,0,0,0,0,1,0,0,-1.0,-0.0,1.0,0.0
808.91,9.9,4.0,1.5,1213.36,81.7081,539.2733333333333,3,2,0,1,0,0,0,0,0,0,1,0,0,0,0,0,0,0,1,0,0.0,1.0,1.0,0.0
943.71,7.4,4.1,1.0,943.71,127.5284,943.71,3,2,6,1,0,0,0,0,1,0,0,0,0,0,0,0,0,0,0,0,1.0,0.0,1.0,0.0
513.93,15.3,4.4,1.0,513.93,33.5902,513.93,3,2,12,1,0,0,0,0,1,0,0,1,0,0,0,0,0,0,0,0,0.0,-1.0,1.0,0.0
551.02,13.4,3.9,1.5,826.53,41.1209,367.3466666666666,3,2,18,1,0,0,0,0,0,1,1,0,0,1,0,0,0,1,0,0,-1.0,-0.0,1.0,0.0
334.58,9.3,4.1,1.0,334.58,35.9763,334.58,3,3,0,1,0,0,0,0,0,1,1,0,0,0,0,0,0,0,1,0,0.0,1.0,1.0,0.0
205.08,26.0,5.0,1.0,205.08,7.8877,205.08,3,3,6,1,0,0,0,1,0,0,0,1,0,0,0,0,0,0,0,0,1.0,0.0,1.0,0.0
407.9,31.4,4.7,1.0,407.9,12.9904,407.9,3,3,12,1,0,0,0,0,1,0,0,1,0,0,0,0,0,0,0,0,0.0,-1.0,1.0,0.0
743.12,42.2,3.8,1.0,743.12,17.6095,743.12,3,3,18,1,0,0,0,0,0,0,0,1,0,1,0,0,0,1,0,0,-1.0,-0.0,1.0,0.0
104.13,79.3,4.7,1.2,124.96,1.3131,86.775,3,4,0,1,0,0,0,0,0,1,0,0,0,0,1,0,0,0,1,0,0.0,1.0,1.0,0.0
342.58,6.8,4.6,1.2,411.1,50.3794,285.4833333333333,3,4,6,1,0,0,0,0,0,1,0,1,0,0,0,0,0,0,0,0,1.0,0.0,1.0,0.0
577.05,27.7,4.2,1.0,577.05,20.8321,577.05,3,4,12,1,0,0,0,0,0,0,0,1,0,0,0,0,0,0,0,0,0.0,-1.0,1.0,0.0
440.72,11.0,3.9,1.0,440.72,40.0655,440.72,3,4,18,1,0,0,0,0,0,1,1,0,0,0,1,0,0,1,0,0,-1.0,-0.0,1.0,0.0
787.46,24.9,3.9,1.0,787.46,31.6249,787.46,3,5,0,1,1,0,0,1,0,0,0,1,0,0,0,0,1,0,1,0,0.0,1.0,1.0,0.0
706.63,14.2,4.4,1.0,706.63,49.7627,706.63,3,5,6,1,1,0,0,0,1,0,1,0,0,0,0,0,0,0,0,0,1.0,0.0,1.0,0.0
190.33,111.7,3.9,1.0,190.33,1.7039,190.33,3,5,12,1,1,0,0,0,0,0,0,0,0,1,0,0,0,0,0,0,0.0,-1.0,1.0,0.0
459.31,28.7,4.8,1.5,688.96,16.0038,306.20666666666665,3,5,18,1,1,0,0,0,1,0,0,1,0,0,0,0,1,1,0,0,-1.0,-0.0,1.0,0.0
292.99,67.0,5.0,1.2,351.59,4.373,244.15833333333336,3,6,0,1,1,0,0,0,0,1,0,0,0,0,0,0,1,0,1,0,0.0,1.0,1.0,0.0
290.96,39.6,4.3,1.0,290.96,7.3475,290.96,3,6,6,1,1,0,0,0,0,1,0,0,0,0,1,0,0,0,0,0,1.0,0.0,1.0,0.0
199.06,51.3,4.9,1.5,298.59,3.8803,132.70666666666668,3,6,12,1,1,0,0,0,0,0,1,0,0,0,1,0,0,0,0,0,0.0,-1.0,1.0,0.0
497.54,37.1,4.1,1.0,497.54,13.4108,497.54,3,6,18,1,1,0,0,1,0,0,0,0,1,0,0,0,0,1,0,0,-1.0,-0.0,1.0,0.0
795.33,13.5,3.9,1.2,954.4,58.9133,662.7750000000001,3,0,0,1,0,0,1,0,0,0,0,0,0,0,1,0,0,0,1,0,0.0,1.0,1.0,0.0
519.46,6.4,4.9,1.0,519.46,81.1656,519.46,3,0,6,1,0,0,0,0,0,0,0,1,0,0,0,0,0,0,0,0,1.0,0.0,1.0,0.0
191.75,10.2,5.0,1.2,230.1,18.799,159.79166666666669,3,0,12,1,0,0,1,0,0,0,1,0,0,0,1,0,0,0,0,0,0.0,-1.0,1.0,0.0
428.27,0.4,5.0,1.0,428.27,1070.675,428.27,3,0,18,1,0,0,1,0,0,0,0,0,0,0,0,0,0,1,0,0,-1.0,-0.0,1.0,0.0
566.02,16.3,4.5,1.0,566.02,34.7252,566.02,3,1,0,1,0,0,0,1,0,0,0,1,0,0,1,0,0,0,1,0,0.0,1.0,1.0,0.0
412.26,15.5,4.7,1.0,412.26,26.5974,412.26,3,1,6,1,0,0,1,0,0,0,1,0,0,1,0,0,0,0,0,0,1.0,0.0,1.0,0.0
514.9,16.4,4.5,1.0,514.9,31.3963,514.9,3,1,12,1,0,0,1,0,0,0,0,1,0,0,0,0,0,0,0,0,0.0,-1.0,1.0,0.0
305.88,80.3,4.3,1.0,305.88,3.8092,305.88,3,1,18,1,0,0,0,1,0,0,0,0,0,1,0,0,0,1,0,0,-1.0,-0.0,1.0,0.0
388.03,53.3,4.5,1.0,388.03,7.2801,388.03,3,2,0,1,0,0,1,0,0,0,0,0,0,0,0,0,0,0,1,0,0.0,1.0,1.0,0.0
375.75,3.9,4.7,1.0,375.75,96.3462,375.75,3,2,6,1,0,0,1,0,0,0,1,0,0,1,0,0,0,0,0,0,1.0,0.0,1.0,0.0
865.35,10.1,3.7,1.2,1038.42,85.6782,721.125,3,2,12,1,0,0,1,0,0,0,0,1,0,0,0,0,0,0,0,0,0.0,-1.0,1.0,0.0
246.57,12.1,4.2,1.0,246.57,20.3777,246.57,3,2,18,1,0,0,0,0,0,0,0,0,0,0,0,0,0,1,0,0,-1.0,-0.0,1.0,0.0
113.67,9.8,4.7,1.2,136.4,11.599,94.725,3,3,0,1,0,0,0,0,0,0,1,0,0,0,0,0,1,0,1,0,0.0,1.0,1.0,0.0
838.83,35.2,4.7,1.0,838.83,23.8304,838.83,3,3,6,1,0,0,0,0,0,0,0,0,0,0,0,0,0,0,0,0,1.0,0.0,1.0,0.0
467.15,16.3,4.7,2.0,934.3,28.6595,233.575,3,3,12,1,0,0,0,1,0,0,1,0,0,1,0,0,0,0,0,1,0.0,-1.0,1.0,0.0
218.14,18.7,4.4,2.0,436.28,11.6652,109.07,3,3,18,1,0,0,0,0,0,1,0,0,0,0,0,0,0,1,0,1,-1.0,-0.0,1.0,0.0
676.93,42.2,4.0,1.0,676.93,16.041,676.93,3,4,0,1,0,0,1,0,0,0,0,0,1,0,0,0,0,0,1,0,0.0,1.0,1.0,0.0
582.97,36.1,4.3,1.2,699.56,16.1488,485.8083333333334,3,4,6,1,0,0,1,0,0,0,0,0,0,0,0,0,0,0,0,0,1.0,0.0,1.0,0.0
933.07,3.1,4.3,1.0,933.07,300.9903,933.07,3,4,12,1,0,0,0,1,0,0,0,0,0,0,1,0,0,0,0,0,0.0,-1.0,1.0,0.0
485.76,27.5,4.4,2.0,971.52,17.664,242.88,3,4,18,1,0,0,1,0,0,0,0,0,0,0,0,0,0,1,0,1,-1.0,-0.0,1.0,0.0
1250.32,12.6,3.8,1.0,1250.32,99.2317,1250.32,3,5,0,1,1,0,0,0,0,0,0,0,0,0,0,0,0,0,1,0,0.0,1.0,1.0,0.0
414.14,7.7,4.2,1.0,414.14,53.7844,414.14,3,5,6,1,1,0,0,0,0,1,1,0,0,0,0,0,0,0,0,0,1.0,0.0,1.0,0.0
583.51,1.1,4.3,1.0,583.51,530.4636,583.51,3,5,12,1,1,0,0,0,1,0,0,0,1,0,0,0,0,0,0,0,0.0,-1.0,1.0,0.0
624.55,14.7,3.2,1.0,624.55,42.4864,624.55,3,5,18,1,1,0,1,0,0,0,0,0,0,0,0,0,1,1,0,0,-1.0,-0.0,1.0,0.0
1612.91,9.7,4.7,1.0,1612.91,166.2794,1612.91,3,6,0,1,1,0,0,0,0,0,0,1,0,0,0,0,1,0,1,0,0.0,1.0,1.0,0.0
349.63,6.4,4.4,1.2,419.56,54.6297,291.3583333333333,3,6,6,1,1,0,0,0,1,0,1,0,0,0,0,0,0,0,0,0,1.0,0.0,1.0,0.0
343.82,26.1,4.4,1.0,343.82,13.1732,343.82,3,6,12,1,1,0,0,0,0,1,1,0,0,0,1,0,0,0,0,0,0.0,-1.0,1.0,0.0
630.79,32.3,4.0,1.0,630.79,19.5291,630.79,3,6,18,1,1,0,0,0,1,0,0,1,0,0,0,0,0,1,0,0,-1.0,-0.0,1.0,0.0
207.35,6.2,4.6,1.0,207.35,33.4435,207.35,3,0,0,1,0,0,0,0,0,0,0,0,0,0,1,0,0,0,1,0,0.0,1.0,1.0,0.0
291.93,1.1,3.9,1.0,291.93,265.3909,291.93,3,0,6,1,0,0,0,0,1,0,0,1,0,1,0,0,0,0,0,0,1.0,0.0,1.0,0.0
408.27,41.6,4.0,1.0,408.27,9.8142,408.27,3,0,12,1,0,0,0,1,0,0,0,1,0,0,0,0,1,0,0,0,0.0,-1.0,1.0,0.0
918.93,0.2,4.6,1.5,1378.4,4594.65,612.62,3,0,18,1,0,0,0,0,1,0,0,0,0,0,0,0,0,1,0,0,-1.0,-0.0,1.0,0.0
631.0,60.9,4.5,1.0,631.0,10.3612,631.0,3,1,0,1,0,0,1,0,0,0,0,1,0,0,1,0,0,0,1,0,0.0,1.0,1.0,0.0
457.84,21.7,3.7,1.0,457.84,21.0986,457.84,3,1,6,1,0,0,1,0,0,0,0,0,0,0,0,0,0,0,0,0,1.0,0.0,1.0,0.0
332.57,8.5,5.0,1.0,332.57,39.1259,332.57,3,1,12,1,0,0,0,1,0,0,1,0,0,0,0,0,1,0,0,0,0.0,-1.0,1.0,0.0
1095.84,6.2,3.9,1.0,1095.84,176.7484,1095.84,3,1,18,1,0,0,0,0,0,0,0,0,0,0,0,0,0,1,0,0,-1.0,-0.0,1.0,0.0
426.83,0.2,4.2,1.2,512.2,2134.15,355.69166666666666,3,2,0,1,0,0,1,0,0,0,0,1,0,0,1,0,0,0,1,0,0.0,1.0,1.0,0.0
291.78,5.9,5.0,1.0,291.78,49.4542,291.78,3,2,6,1,0,0,0,0,0,1,0,1,0,0,1,0,0,0,0,0,1.0,0.0,1.0,0.0
1198.04,3.3,3.3,1.0,1198.04,363.0424,1198.04,3,2,12,1,0,0,1,0,0,0,0,1,0,0,1,0,0,0,0,0,0.0,-1.0,1.0,0.0
212.92,20.8,3.4,1.0,212.92,10.2365,212.92,3,2,18,1,0,0,1,0,0,0,0,0,0,0,0,0,0,1,0,0,-1.0,-0.0,1.0,0.0
807.3,4.0,4.5,1.0,807.3,201.825,807.3,3,3,0,1,0,0,0,0,0,0,0,1,0,0,0,0,1,0,1,0,0.0,1.0,1.0,0.0
443.34,16.5,3.1,1.0,443.34,26.8691,443.34,3,3,6,1,0,0,0,0,1,0,0,1,0,0,0,0,0,0,0,0,1.0,0.0,1.0,0.0
630.25,19.6,3.3,1.0,630.25,32.1556,630.25,3,3,12,1,0,0,1,0,0,0,0,1,0,0,1,0,0,0,0,0,0.0,-1.0,1.0,0.0
575.68,7.8,4.9,1.2,690.82,73.8051,479.7333333333333,3,3,18,1,0,0,0,1,0,0,0,1,0,0,0,0,0,1,0,0,-1.0,-0.0,1.0,0.0
625.81,0.8,4.1,1.0,625.81,782.2625,625.81,3,4,0,1,0,0,0,0,1,0,0,1,0,0,0,0,0,0,1,0,0.0,1.0,1.0,0.0
1251.36,0.8,5.0,1.0,1251.36,1564.2,1251.36,3,4,6,1,0,0,0,0,0,1,1,0,0,0,0,0,0,0,0,0,1.0,0.0,1.0,0.0
1157.3,0.6,3.8,1.0,1157.3,1928.8333,1157.3,3,4,12,1,0,0,0,0,0,0,0,0,0,0,0,0,0,0,0,0,0.0,-1.0,1.0,0.0
300.32,29.6,4.1,1.0,300.32,10.1459,300.32,3,4,18,1,0,0,0,0,0,1,1,0,0,0,0,0,0,1,0,0,-1.0,-0.0,1.0,0.0
564.94,8.4,4.6,1.0,564.94,67.2548,564.94,4,5,0,2,1,0,0,0,1,0,0,1,0,0,0,0,0,0,1,0,0.0,1.0,0.866025,-0.5
154.45,35.0,4.5,1.5,231.68,4.4129,102.96666666666664,4,5,6,2,1,0,0,0,1,0,0,0,0,0,0,0,0,0,0,0,1.0,0.0,0.866025,-0.5
659.02,12.4,4.2,1.5,988.53,53.1468,439.3466666666666,4,5,12,2,1,0,0,0,1,0,0,0,0,0,1,0,0,0,0,0,0.0,-1.0,0.866025,-0.5
734.86,13.3,4.0,1.0,734.86,55.2526,734.86,4,5,18,2,1,0,0,0,0,1,0,0,0,1,0,0,0,1,0,0,-1.0,-0.0,0.866025,-0.5
114.74,15.8,4.4,1.0,114.74,7.262,114.74,4,6,0,2,1,0,0,0,1,0,1,0,0,0,0,0,0,0,1,0,0.0,1.0,0.866025,-0.5
434.96,27.5,5.0,1.0,434.96,15.8167,434.96,4,6,6,2,1,0,0,0,0,1,1,0,0,0,0,0,0,0,0,0,1.0,0.0,0.866025,-0.5
629.69,7.0,4.7,1.0,629.69,89.9557,629.69,4,6,12,2,1,0,0,0,1,0,1,0,0,0,0,0,0,0,0,0,0.0,-1.0,0.866025,-0.5
525.72,2.9,4.0,1.2,630.86,181.2828,438.1,4,6,18,2,1,0,0,1,0,0,0,1,0,0,0,0,0,1,0,0,-1.0,-0.0,0.866025,-0.5
215.47,17.9,3.8,1.2,258.56,12.0374,179.55833333333334,4,0,0,2,0,0,0,0,1,0,0,1,0,0,1,0,0,0,1,0,0.0,1.0,0.866025,-0.5
229.33,8.7,4.0,1.5,344.0,26.3598,152.88666666666668,4,0,6,2,0,0,0,0,0,1,0,0,0,0,1,0,0,0,0,0,1.0,0.0,0.866025,-0.5
408.93,12.9,3.7,1.0,408.93,31.7,408.93,4,0,12,2,0,0,1,0,0,0,0,0,0,0,0,0,0,0,0,0,0.0,-1.0,0.866025,-0.5
349.61,22.9,4.4,1.0,349.61,15.2668,349.61,4,0,18,2,0,0,0,0,1,0,0,1,0,0,0,0,0,1,0,0,-1.0,-0.0,0.866025,-0.5
367.37,15.0,4.7,1.5,551.06,24.4913,244.91333333333333,4,1,0,2,0,0,1,0,0,0,0,0,0,0,0,0,0,0,1,0,0.0,1.0,0.866025,-0.5
198.19,21.3,4.3,1.2,237.83,9.3047,165.15833333333333,4,1,6,2,0,0,0,1,0,0,0,0,0,1,0,0,0,0,0,0,1.0,0.0,0.866025,-0.5
447.25,17.3,5.0,1.5,670.88,25.8526,298.1666666666667,4,1,12,2,0,0,0,0,0,0,0,1,0,0,0,0,1,0,0,0,0.0,-1.0,0.866025,-0.5
922.41,29.6,5.0,1.0,922.41,31.1625,922.41,4,1,18,2,0,0,0,1,0,0,1,0,0,0,0,0,0,1,0,0,-1.0,-0.0,0.866025,-0.5
220.9,26.9,4.5,1.0,220.9,8.2119,220.9,4,2,0,2,0,0,0,0,1,0,0,0,1,0,0,0,0,0,1,0,0.0,1.0,0.866025,-0.5
391.43,16.8,4.7,1.0,391.43,23.2994,391.43,4,2,6,2,0,0,1,0,0,0,0,0,1,1,0,0,0,0,0,0,1.0,0.0,0.866025,-0.5
595.44,25.0,3.8,1.0,595.44,23.8176,595.44,4,2,12,2,0,0,1,0,0,0,0,1,0,0,0,0,1,0,0,0,0.0,-1.0,0.866025,-0.5
170.64,45.5,4.1,1.0,170.64,3.7503,170.64,4,2,18,2,0,0,0,0,0,1,0,1,0,0,0,0,0,1,0,0,-1.0,-0.0,0.866025,-0.5
449.56,12.5,4.9,1.2,539.47,35.9648,374.6333333333333,4,3,0,2,0,0,1,0,0,0,0,1,0,0,0,0,0,0,1,0,0.0,1.0,0.866025,-0.5
723.94,11.7,4.0,1.0,723.94,61.8752,723.94,4,3,6,2,0,0,0,0,0,1,1,0,0,0,0,0,0,0,0,0,1.0,0.0,0.866025,-0.5
248.9,31.8,5.0,1.0,248.9,7.827,248.9,4,3,12,2,0,0,0,0,0,0,0,0,0,0,1,0,0,0,0,0,0.0,-1.0,0.866025,-0.5
471.98,19.2,4.9,1.2,566.38,24.5823,393.3166666666667,4,3,18,2,0,0,0,0,1,0,0,1,0,0,0,0,0,1,0,0,-1.0,-0.0,0.866025,-0.5
698.35,1.6,4.7,1.0,698.35,436.4688,698.35,4,4,0,2,0,0,0,0,0,1,1,0,0,0,0,0,0,0,1,0,0.0,1.0,0.866025,-0.5
1219.49,49.0,3.7,1.5,1829.24,24.8876,812.9933333333333,4,4,6,2,0,0,0,0,0,0,0,0,0,0,1,0,0,0,0,0,1.0,0.0,0.866025,-0.5
459.71,0.7,4.1,1.0,459.71,656.7286,459.71,4,4,12,2,0,0,1,0,0,0,0,1,0,0,0,0,0,0,0,0,0.0,-1.0,0.866025,-0.5
295.56,30.4,4.6,1.0,295.56,9.7224,295.56,4,4,18,2,0,0,1,0,0,0,0,1,0,0,0,1,0,1,0,0,-1.0,-0.0,0.866025,-0.5
140.22,31.3,3.8,2.0,280.44,4.4799,70.11,4,5,0,2,1,0,0,0,0,0,0,0,0,0,0,0,0,0,1,1,0.0,1.0,0.866025,-0.5
296.93,67.3,4.2,1.5,445.4,4.412,197.95333333333332,4,5,6,2,1,0,1,0,0,0,0,0,0,0,0,1,0,0,0,0,1.0,0.0,0.866025,-0.5
191.39,1.2,4.7,1.0,191.39,159.4917,191.39,4,5,12,2,1,0,0,0,0,0,0,0,0,0,1,0,0,0,0,0,0.0,-1.0,0.866025,-0.5
959.22,20.0,4.0,1.2,1151.06,47.961,799.35,4,5,18,2,1,0,0,0,0,1,0,0,0,0,0,0,0,1,0,0,-1.0,-0.0,0.866025,-0.5
677.57,12.3,3.9,1.0,677.57,55.087,677.57,4,6,0,2,1,0,0,0,0,1,0,0,0,0,0,0,1,0,1,0,0.0,1.0,0.866025,-0.5
229.3,8.8,3.4,1.0,229.3,26.0568,229.3,4,6,6,2,1,0,0,0,0,0,1,0,0,0,0,0,0,0,0,0,1.0,0.0,0.866025,-0.5
286.26,2.1,4.1,1.0,286.26,136.3143,286.26,4,6,12,2,1,0,0,0,0,1,0,0,0,0,0,0,0,0,0,0,0.0,-1.0,0.866025,-0.5
455.83,18.2,4.7,1.0,455.83,25.0456,455.83,4,6,18,2,1,0,0,0,0,1,0,1,0,0,1,0,0,1,0,0,-1.0,-0.0,0.866025,-0.5
721.25,14.3,3.9,1.5,1081.88,50.4371,480.8333333333333,4,0,0,2,0,0,0,0,0,1,0,0,0,0,0,0,0,0,1,0,0.0,1.0,0.866025,-0.5
565.64,2.4,4.3,1.2,678.77,235.6833,471.3666666666667,4,0,6,2,0,0,0,1,0,0,0,0,1,0,0,0,1,0,0,0,1.0,0.0,0.866025,-0.5
538.52,20.9,4.2,2.0,1077.04,25.7665,269.26,4,0,12,2,0,0,0,0,1,0,0,0,0,0,0,0,0,0,0,1,0.0,-1.0,0.866025,-0.5
487.98,29.5,4.0,1.2,585.58,16.5417,406.65,4,0,18,2,0,0,1,0,0,0,0,1,0,0,0,0,0,1,0,0,-1.0,-0.0,0.866025,-0.5
236.52,32.1,4.7,1.0,236.52,7.3682,236.52,4,1,0,2,0,0,0,1,0,0,1,0,0,0,0,0,0,0,1,0,0.0,1.0,0.866025,-0.5
458.9,51.9,5.0,1.2,550.68,8.842,382.4166666666667,4,1,6,2,0,0,0,0,0,1,1,0,0,0,0,0,0,0,0,0,1.0,0.0,0.866025,-0.5
430.9,11.6,4.8,2.0,861.8,37.1466,215.45,4,1,12,2,0,0,0,0,0,0,0,0,0,1,0,0,0,0,0,1,0.0,-1.0,0.866025,-0.5
189.78,67.3,4.0,1.2,227.74,2.8199,158.15,4,1,18,2,0,0,0,0,0,1,1,0,0,1,0,0,0,1,0,0,-1.0,-0.0,0.866025,-0.5
947.39,44.1,5.0,1.2,1136.87,21.4828,789.4916666666667,4,2,0,2,0,0,0,0,1,0,0,1,0,0,0,0,0,0,1,0,0.0,1.0,0.866025,-0.5
317.98,7.7,4.8,2.0,635.96,41.2961,158.99,4,2,6,2,0,0,0,0,0,1,0,1,0,0,0,0,0,0,0,1,1.0,0.0,0.866025,-0.5
192.9,3.8,4.1,1.0,192.9,50.7632,192.9,4,2,12,2,0,0,0,0,0,0,0,0,0,1,0,0,0,0,0,0,0.0,-1.0,0.866025,-0.5
347.2,12.6,3.9,1.2,416.64,27.5556,289.3333333333333,4,2,18,2,0,0,0,0,1,0,0,0,0,0,0,0,1,1,0,0,-1.0,-0.0,0.866025,-0.5
383.42,11.3,4.9,1.5,575.13,33.931,255.61333333333332,4,3,0,2,0,0,0,0,0,1,1,0,0,0,0,0,0,0,1,0,0.0,1.0,0.866025,-0.5
424.19,18.9,4.4,2.0,848.38,22.4439,212.095,4,3,6,2,0,0,0,0,1,0,0,1,0,0,0,0,0,0,0,1,1.0,0.0,0.866025,-0.5
380.05,19.3,3.9,1.0,380.05,19.6917,380.05,4,3,12,2,0,0,1,0,0,0,0,1,0,0,0,0,0,0,0,0,0.0,-1.0,0.866025,-0.5
436.73,30.5,4.2,1.0,436.73,14.319,436.73,4,3,18,2,0,0,1,0,0,0,1,0,0,1,0,0,0,1,0,0,-1.0,-0.0,0.866025,-0.5
475.28,15.7,4.1,1.2,570.34,30.2726,396.06666666666666,4,4,0,2,0,0,0,0,0,1,1,0,0,0,0,0,0,0,1,0,0.0,1.0,0.866025,-0.5
462.86,2.4,3.9,1.0,462.86,192.8583,462.86,4,4,6,2,0,0,0,0,1,0,0,0,0,0,0,0,0,0,0,0,1.0,0.0,0.866025,-0.5
536.53,43.0,4.8,1.2,643.84,12.4774,447.10833333333335,4,4,12,2,0,0,0,0,0,0,0,1,0,0,1,0,0,0,0,0,0.0,-1.0,0.866025,-0.5
552.67,8.2,4.7,1.0,552.67,67.3988,552.67,4,4,18,2,0,0,0,0,0,1,0,0,0,0,0,0,0,1,0,0,-1.0,-0.0,0.866025,-0.5
559.64,78.1,4.7,1.0,559.64,7.1657,559.64,4,5,0,2,1,0,1,0,0,0,1,0,0,0,0,0,0,0,1,0,0.0,1.0,0.866025,-0.5
629.65,2.8,4.7,1.0,629.65,224.875,629.65,4,5,6,2,1,0,1,0,0,0,0,1,0,0,0,0,0,0,0,0,1.0,0.0,0.866025,-0.5
299.31,69.9,3.8,1.0,299.31,4.282,299.31,4,5,12,2,1,0,0,0,0,1,0,0,1,0,0,0,0,0,0,0,0.0,-1.0,0.866025,-0.5
305.27,2.1,4.0,1.0,305.27,145.3667,305.27,4,5,18,2,1,0,0,0,1,0,0,0,0,0,0,0,0,1,0,0,-1.0,-0.0,0.866025,-0.5
722.89,5.8,5.0,1.0,722.89,124.6362,722.89,4,6,0,2,1,0,1,0,0,0,0,0,0,0,0,0,0,0,1,0,0.0,1.0,0.866025,-0.5
352.86,1.0,4.4,1.0,352.86,352.86,352.86,4,6,6,2,1,0,0,0,1,0,0,0,0,0,0,0,0,0,0,0,1.0,0.0,0.866025,-0.5
412.05,26.9,3.6,1.0,412.05,15.3178,412.05,4,6,12,2,1,0,1,0,0,0,0,0,0,0,1,0,0,0,0,0,0.0,-1.0,0.866025,-0.5
393.19,41.8,4.4,1.0,393.19,9.4065,393.19,4,6,18,2,1,0,1,0,0,0,0,0,0,1,0,0,0,1,0,0,-1.0,-0.0,0.866025,-0.5
1197.48,12.5,4.6,1.0,1197.48,95.7984,1197.48,4,0,0,2,0,0,0,1,0,0,0,0,1,0,1,0,0,0,1,0,0.0,1.0,0.866025,-0.5
271.79,58.0,4.6,1.0,271.79,4.686,271.79,4,0,6,2,0,0,1,0,0,0,0,0,0,0,0,0,0,0,0,0,1.0,0.0,0.866025,-0.5
268.95,19.6,3.8,1.2,322.74,13.7219,224.125,4,0,12,2,0,0,0,0,0,0,0,0,0,0,0,0,0,0,0,0,0.0,-1.0,0.866025,-0.5
437.51,21.9,5.0,1.0,437.51,19.9776,437.51,4,0,18,2,0,0,0,0,0,1,1,0,0,0,0,0,0,1,0,0,-1.0,-0.0,0.866025,-0.5
399.03,41.1,3.5,1.0,399.03,9.7088,399.03,4,1,0,2,0,0,0,0,0,1,0,1,0,0,0,0,0,0,1,0,0.0,1.0,0.866025,-0.5
228.05,7.7,4.4,1.2,273.66,29.6169,190.04166666666669,4,1,6,2,0,0,0,0,1,0,1,0,0,0,0,0,0,0,0,0,1.0,0.0,0.866025,-0.5
419.21,9.6,5.0,1.0,419.21,43.6677,419.21,4,1,12,2,0,0,1,0,0,0,0,0,0,0,1,0,0,0,0,0,0.0,-1.0,0.866025,-0.5
443.69,52.0,4.6,2.0,887.38,8.5325,221.845,4,1,18,2,0,0,0,0,0,0,0,1,0,0,0,0,0,1,0,1,-1.0,-0.0,0.866025,-0.5
334.14,50.9,4.7,1.2,400.97,6.5646,278.45,4,2,0,2,0,0,0,0,1,0,0,0,0,0,0,0,0,0,1,0,0.0,1.0,0.866025,-0.5
406.29,82.5,3.8,1.0,406.29,4.9247,406.29,4,2,6,2,0,0,0,1,0,0,0,0,0,0,0,0,0,0,0,0,1.0,0.0,0.866025,-0.5
286.39,51.1,4.5,1.0,286.39,5.6045,286.39,4,2,12,2,0,0,0,0,1,0,0,0,1,0,1,0,0,0,0,0,0.0,-1.0,0.866025,-0.5
228.36,3.0,4.3,1.0,228.36,76.12,228.36,4,2,18,2,0,0,0,0,1,0,0,0,0,0,0,0,0,1,0,0,-1.0,-0.0,0.866025,-0.5
351.44,38.2,3.7,1.0,351.44,9.2,351.44,4,3,0,2,0,0,1,0,0,0,0,1,0,0,1,0,0,0,1,0,0.0,1.0,0.866025,-0.5
248.65,11.6,4.7,1.0,248.65,21.4353,248.65,4,3,6,2,0,0,0,1,0,0,0,1,0,0,0,0,0,0,0,0,1.0,0.0,0.866025,-0.5
203.57,103.2,3.9,1.0,203.57,1.9726,203.57,4,3,12,2,0,0,0,0,1,0,0,0,0,1,0,0,0,0,0,0,0.0,-1.0,0.866025,-0.5
136.79,14.1,3.9,1.2,164.15,9.7014,113.99166666666666,4,3,18,2,0,0,0,0,0,0,1,0,0,1,0,0,0,1,0,0,-1.0,-0.0,0.866025,-0.5
492.18,17.8,4.5,1.0,492.18,27.6506,492.18,4,4,0,2,0,0,0,0,0,0,0,0,0,0,0,0,0,0,1,0,0.0,1.0,0.866025,-0.5
345.21,16.6,4.2,1.0,345.21,20.7958,345.21,4,4,6,2,0,0,0,0,0,1,0,1,0,0,0,0,0,0,0,0,1.0,0.0,0.866025,-0.5
724.99,8.5,4.4,1.2,869.99,85.2929,604.1583333333334,4,4,12,2,0,0,0,1,0,0,0,0,1,0,0,0,0,0,0,0,0.0,-1.0,0.866025,-0.5
126.31,1.7,4.2,1.0,126.31,74.3,126.31,4,4,18,2,0,0,0,1,0,0,0,1,0,0,0,0,0,1,0,0,-1.0,-0.0,0.866025,-0.5
360.55,49.7,5.0,1.0,360.55,7.2545,360.55,4,5,0,2,1,0,0,0,0,1,0,0,1,0,1,0,0,0,1,0,0.0,1.0,0.866025,-0.5
490.98,35.7,3.8,1.0,490.98,13.7529,490.98,4,5,6,2,1,0,0,0,1,0,0,0,0,1,0,0,0,0,0,0,1.0,0.0,0.866025,-0.5
309.55,3.3,4.1,1.0,309.55,93.803,309.55,4,5,12,2,1,0,0,1,0,0,0,1,0,0,1,0,0,0,0,0,0.0,-1.0,0.866025,-0.5
430.58,33.0,4.5,2.0,861.16,13.0479,215.29,4,5,18,2,1,0,0,0,0,0,0,0,0,1,0,0,0,1,0,1,-1.0,-0.0,0.866025,-0.5
137.47,21.6,3.8,1.0,137.47,6.3644,137.47,4,6,0,2,1,0,0,0,0,0,1,0,0,0,0,0,0,0,1,0,0.0,1.0,0.866025,-0.5
348.67,11.6,3.8,1.0,348.67,30.0578,348.67,4,6,6,2,1,0,1,0,0,0,0,0,1,0,0,0,0,0,0,0,1.0,0.0,0.866025,-0.5
272.75,6.4,4.4,1.0,272.75,42.6172,272.75,4,6,12,2,1,0,0,1,0,0,0,0,0,0,1,0,0,0,0,0,0.0,-1.0,0.866025,-0.5
688.82,43.2,4.7,1.0,688.82,15.9449,688.82,4,6,18,2,1,0,0,0,1,0,0,1,0,0,0,0,0,1,0,0,-1.0,-0.0,0.866025,-0.5
475.24,26.5,4.8,1.0,475.24,17.9336,475.24,4,0,0,2,0,0,0,0,0,1,0,0,0,0,1,0,0,0,1,0,0.0,1.0,0.866025,-0.5
641.93,17.5,4.3,1.5,962.9,36.6817,427.9533333333333,4,0,6,2,0,0,0,0,0,1,0,1,0,0,0,0,0,0,0,0,1.0,0.0,0.866025,-0.5
763.94,20.7,4.0,1.5,1145.91,36.9053,509.29333333333335,4,0,12,2,0,0,0,0,1,0,0,1,0,0,0,0,0,0,0,0,0.0,-1.0,0.866025,-0.5
333.68,2.1,4.4,1.0,333.68,158.8952,333.68,4,0,18,2,0,0,1,0,0,0,0,0,1,0,0,0,1,1,0,0,-1.0,-0.0,0.866025,-0.5
465.09,14.1,4.3,1.0,465.09,32.9851,465.09,4,1,0,2,0,0,0,0,0,1,0,1,0,0,0,0,0,0,1,0,0.0,1.0,0.866025,-0.5
235.79,4.7,4.4,1.2,282.95,50.1681,196.49166666666667,4,1,6,2,0,0,0,1,0,0,0,0,0,0,0,0,1,0,0,0,1.0,0.0,0.866025,-0.5
528.12,5.1,4.9,1.0,528.12,103.5529,528.12,4,1,12,2,0,0,1,0,0,0,0,0,0,0,0,0,1,0,0,0,0.0,-1.0,0.866025,-0.5
566.35,23.8,3.8,1.0,566.35,23.7962,566.35,4,1,18,2,0,0,0,1,0,0,0,0,0,0,0,1,0,1,0,0,-1.0,-0.0,0.866025,-0.5
510.3,53.3,4.0,1.0,510.3,9.5741,510.3,4,2,0,2,0,0,0,0,0,0,0,0,0,0,1,0,0,0,1,0,0.0,1.0,0.866025,-0.5
333.48,11.4,4.8,1.0,333.48,29.2526,333.48,4,2,6,2,0,0,1,0,0,0,0,0,0,0,1,0,0,0,0,0,1.0,0.0,0.866025,-0.5
990.72,5.1,3.6,1.0,990.72,194.2588,990.72,4,2,12,2,0,0,0,0,0,1,1,0,0,1,0,0,0,0,0,0,0.0,-1.0,0.866025,-0.5
443.1,23.0,4.0,1.2,531.72,19.2652,369.25000000000006,4,2,18,2,0,0,1,0,0,0,0,1,0,0,0,0,0,1,0,0,-1.0,-0.0,0.866025,-0.5
1518.01,45.1,3.9,1.2,1821.61,33.6588,1265.0083333333334,4,3,0,2,0,0,1,0,0,0,0,1,0,0,0,0,0,0,1,0,0.0,1.0,0.866025,-0.5
236.58,30.4,3.5,1.0,236.58,7.7822,236.58,4,3,6,2,0,0,1,0,0,0,0,0,0,0,1,0,0,0,0,0,1.0,0.0,0.866025,-0.5
592.83,44.7,4.2,1.0,592.83,13.2624,592.83,4,3,12,2,0,0,1,0,0,0,1,0,0,0,0,0,0,0,0,0,0.0,-1.0,0.866025,-0.5
698.86,16.9,4.7,1.5,1048.29,41.3527,465.9066666666667,4,3,18,2,0,0,0,1,0,0,1,0,0,0,0,0,0,1,0,0,-1.0,-0.0,0.866025,-0.5
239.22,30.7,4.4,1.0,239.22,7.7922,239.22,4,4,0,2,0,0,0,0,0,0,0,0,0,0,0,0,0,0,1,0,0.0,1.0,0.866025,-0.5
383.56,3.3,4.7,1.5,575.34,116.2303,255.70666666666668,4,4,6,2,0,0,0,0,1,0,1,0,0,0,1,0,0,0,0,0,1.0,0.0,0.866025,-0.5
190.62,9.4,4.9,1.0,190.62,20.2787,190.62,4,4,12,2,0,0,1,0,0,0,0,1,0,1,0,0,0,0,0,0,0.0,-1.0,0.866025,-0.5
778.22,10.9,4.3,1.0,778.22,71.3963,778.22,4,4,18,2,0,0,0,0,0,1,0,0,0,0,0,0,0,1,0,0,-1.0,-0.0,0.866025,-0.5
416.98,15.8,5.0,1.0,416.98,26.3911,416.98,4,5,0,2,1,0,1,0,0,0,0,1,0,0,0,0,1,0,1,0,0.0,1.0,0.866025,-0.5
273.42,58.2,4.1,1.5,410.13,4.6979,182.28,4,5,6,2,1,0,0,0,0,1,0,1,0,0,1,0,0,0,0,0,1.0,0.0,0.866025,-0.5
703.29,45.6,4.2,1.0,703.29,15.423,703.29,4,5,12,2,1,0,0,1,0,0,0,0,0,1,0,0,0,0,0,0,0.0,-1.0,0.866025,-0.5
436.95,3.2,3.9,1.0,436.95,136.5469,436.95,4,5,18,2,1,0,0,0,0,1,0,0,1,0,1,0,0,1,0,0,-1.0,-0.0,0.866025,-0.5
656.41,4.2,4.6,1.0,656.41,156.2881,656.41,4,6,0,2,1,0,0,0,1,0,1,0,0,0,1,0,0,0,1,0,0.0,1.0,0.866025,-0.5
544.77,9.7,4.2,1.5,817.16,56.1619,363.18,4,6,6,2,1,0,0,0,0,0,0,1,0,0,0,0,0,0,0,0,1.0,0.0,0.866025,-0.5
253.3,7.6,4.3,2.0,506.6,33.3289,126.65,4,6,12,2,1,0,0,0,0,1,0,1,0,1,0,0,0,0,0,1,0.0,-1.0,0.866025,-0.5
327.49,21.0,4.2,2.0,654.98,15.5948,163.745,4,6,18,2,1,0,0,0,0,1,0,1,0,0,0,0,0,1,0,1,-1.0,-0.0,0.866025,-0.5
277.59,51.3,4.2,2.0,555.18,5.4111,138.795,5,0,0,2,0,0,0,0,0,0,0,1,0,1,0,0,0,0,1,1,0.0,1.0,0.5,-0.866025
227.51,72.1,4.4,1.0,227.51,3.1555,227.51,5,0,6,2,0,0,0,0,1,0,0,1,0,0,0,0,1,0,0,0,1.0,0.0,0.5,-0.866025
162.03,23.3,4.1,1.0,162.03,6.9541,162.03,5,0,12,2,0,0,1,0,0,0,0,0,0,0,0,0,0,0,0,0,0.0,-1.0,0.5,-0.866025
1087.6,40.1,4.1,1.0,1087.6,27.1222,1087.6,5,0,18,2,0,0,0,0,0,1,0,1,0,0,0,0,0,1,0,0,-1.0,-0.0,0.5,-0.866025
505.61,16.4,4.8,1.0,505.61,30.8299,505.61,5,1,0,2,0,0,0,0,0,0,1,0,0,0,1,0,0,0,1,0,0.0,1.0,0.5,-0.866025
543.07,5.1,4.2,1.5,814.6,106.4843,362.0466666666667,5,1,6,2,0,0,0,1,0,0,0,1,0,0,0,0,0,0,0,0,1.0,0.0,0.5,-0.866025
741.68,16.4,4.5,1.5,1112.52,45.2244,494.4533333333333,5,1,12,2,0,0,0,0,0,0,0,0,0,1,0,0,0,0,0,0,0.0,-1.0,0.5,-0.866025
325.73,17.8,3.9,1.0,325.73,18.2994,325.73,5,1,18,2,0,0,0,1,0,0,1,0,0,0,0,0,0,1,0,0,-1.0,-0.0,0.5,-0.866025
198.89,29.8,4.1,1.2,238.67,6.6742,165.74166666666667,5,2,0,2,0,0,0,0,1,0,0,0,0,0,0,0,0,0,1,0,0.0,1.0,0.5,-0.866025
628.25,5.5,3.7,1.5,942.38,114.2273,418.8333333333333,5,2,6,2,0,0,1,0,0,0,0,0,0,0,0,0,1,0,0,0,1.0,0.0,0.5,-0.866025
217.89,10.1,5.0,1.0,217.89,21.5733,217.89,5,2,12,2,0,0,0,0,0,0,0,0,0,0,1,0,0,0,0,0,0.0,-1.0,0.5,-0.866025
620.93,10.0,5.0,1.0,620.93,62.093,620.93,5,2,18,2,0,0,0,0,0,1,0,0,0,1,0,0,0,1,0,0,-1.0,-0.0,0.5,-0.866025
181.22,70.5,4.6,1.0,181.22,2.5705,181.22,5,3,0,2,0,0,0,0,1,0,1,0,0,0,0,0,0,0,1,0,0.0,1.0,0.5,-0.866025
208.95,12.9,5.0,1.0,208.95,16.1977,208.95,5,3,6,2,0,0,0,0,0,0,0,1,0,0,1,0,0,0,0,0,1.0,0.0,0.5,-0.866025
308.52,31.0,4.7,1.0,308.52,9.9523,308.52,5,3,12,2,0,0,0,0,0,1,0,0,0,0,1,0,0,0,0,0,0.0,-1.0,0.5,-0.866025
609.48,30.6,4.2,1.0,609.48,19.9176,609.48,5,3,18,2,0,0,0,0,0,0,1,0,0,0,1,0,0,1,0,0,-1.0,-0.0,0.5,-0.866025
926.63,6.8,4.5,1.0,926.63,136.2691,926.63,5,4,0,2,0,0,0,1,0,0,1,0,0,0,1,0,0,0,1,0,0.0,1.0,0.5,-0.866025
542.63,18.7,5.0,2.0,1085.26,29.0176,271.315,5,4,6,2,0,0,0,0,0,0,1,0,0,0,1,0,0,0,0,1,1.0,0.0,0.5,-0.866025
315.08,49.4,3.9,1.0,315.08,6.3781,315.08,5,4,12,2,0,0,0,0,0,0,0,0,0,0,0,0,0,0,0,0,0.0,-1.0,0.5,-0.866025
684.1,14.2,3.7,1.0,684.1,48.1761,684.1,5,4,18,2,0,0,0,0,0,0,0,1,0,0,0,0,0,1,0,0,-1.0,-0.0,0.5,-0.866025
177.98,63.9,4.5,2.0,355.96,2.7853,88.99,5,5,0,2,1,0,0,0,1,0,0,0,1,0,1,0,0,0,1,1,0.0,1.0,0.5,-0.866025
260.94,5.3,4.0,1.0,260.94,49.234,260.94,5,5,6,2,1,0,0,0,0,0,1,0,0,0,0,0,0,0,0,0,1.0,0.0,0.5,-0.866025
458.54,1.7,3.2,1.0,458.54,269.7294,458.54,5,5,12,2,1,0,0,0,0,1,0,0,0,0,1,0,0,0,0,0,0.0,-1.0,0.5,-0.866025
638.41,48.9,3.7,1.5,957.62,13.0554,425.6066666666666,5,5,18,2,1,0,0,1,0,0,0,0,0,0,0,0,0,1,0,0,-1.0,-0.0,0.5,-0.866025
393.77,41.4,4.1,1.0,393.77,9.5114,393.77,5,6,0,2,1,0,0,1,0,0,0,1,0,0,1,0,0,0,1,0,0.0,1.0,0.5,-0.866025
371.99,107.9,4.3,1.2,446.39,3.4475,309.9916666666667,5,6,6,2,1,0,0,0,0,0,0,0,1,0,1,0,0,0,0,0,1.0,0.0,0.5,-0.866025
383.49,25.0,4.3,1.0,383.49,15.3396,383.49,5,6,12,2,1,0,0,0,1,0,0,1,0,0,0,0,0,0,0,0,0.0,-1.0,0.5,-0.866025
738.43,60.7,5.0,1.0,738.43,12.1652,738.43,5,6,18,2,1,0,0,0,1,0,0,1,0,0,0,0,0,1,0,0,-1.0,-0.0,0.5,-0.866025
287.63,38.6,4.2,1.0,287.63,7.4516,287.63,5,0,0,2,0,0,0,0,0,1,0,0,0,0,0,0,0,0,1,0,0.0,1.0,0.5,-0.866025
251.24,40.9,4.4,1.0,251.24,6.1428,251.24,5,0,6,2,0,0,0,0,0,0,0,1,0,0,1,0,0,0,0,0,1.0,0.0,0.5,-0.866025
380.33,18.5,3.5,1.2,456.4,20.5584,316.94166666666666,5,0,12,2,0,0,0,1,0,0,1,0,0,1,0,0,0,0,0,0,0.0,-1.0,0.5,-0.866025
788.73,10.6,4.3,1.2,946.48,74.4085,657.2750000000001,5,0,18,2,0,0,0,0,1,0,0,0,0,0,0,0,0,1,0,0,-1.0,-0.0,0.5,-0.866025
305.7,60.0,4.5,2.0,611.4,5.095,152.85,5,1,0,2,0,0,0,0,0,0,1,0,0,0,1,0,0,0,1,1,0.0,1.0,0.5,-0.866025
382.86,12.4,4.3,1.2,459.43,30.8758,319.05,5,1,6,2,0,0,0,0,1,0,0,0,1,0,0,0,0,0,0,0,1.0,0.0,0.5,-0.866025
176.24,17.0,3.8,1.0,176.24,10.3671,176.24,5,1,12,2,0,0,0,0,1,0,0,0,0,0,0,0,0,0,0,0,0.0,-1.0,0.5,-0.866025
391.24,13.0,4.5,1.5,586.86,30.0954,260.82666666666665,5,1,18,2,0,0,0,1,0,0,0,1,0,0,0,0,1,1,0,0,-1.0,-0.0,0.5,-0.866025
493.33,18.3,4.0,1.2,592.0,26.9579,411.10833333333335,5,2,0,2,0,0,1,0,0,0,0,0,0,0,0,0,0,0,1,0,0.0,1.0,0.5,-0.866025
218.08,14.0,4.2,1.2,261.7,15.5771,181.73333333333332,5,2,6,2,0,0,0,0,0,1,1,0,0,0,0,0,0,0,0,0,1.0,0.0,0.5,-0.866025
739.11,1.1,4.6,1.5,1108.66,671.9182,492.74,5,2,12,2,0,0,0,0,0,1,0,1,0,0,0,0,0,0,0,0,0.0,-1.0,0.5,-0.866025
490.11,47.0,5.0,1.0,490.11,10.4279,490.11,5,2,18,2,0,0,0,1,0,0,0,1,0,0,0,0,0,1,0,0,-1.0,-0.0,0.5,-0.866025
331.43,12.9,4.2,1.0,331.43,25.6922,331.43,5,3,0,2,0,0,0,0,1,0,1,0,0,0,0,0,0,0,1,0,0.0,1.0,0.5,-0.866025
491.97,19.6,5.0,1.2,590.36,25.1005,409.975,5,3,6,2,0,0,0,0,0,0,0,0,0,0,0,0,0,0,0,0,1.0,0.0,0.5,-0.866025
558.58,3.3,3.3,1.0,558.58,169.2667,558.58,5,3,12,2,0,0,0,0,1,0,0,0,1,0,1,0,0,0,0,0,0.0,-1.0,0.5,-0.866025
148.29,0.1,4.4,1.0,148.29,1482.9,148.29,5,3,18,2,0,0,0,1,0,0,0,1,0,0,0,0,0,1,0,0,-1.0,-0.0,0.5,-0.866025
501.53,6.2,4.1,1.2,601.84,80.8919,417.94166666666666,5,4,0,2,0,0,0,0,0,1,0,0,0,0,0,0,0,0,1,0,0.0,1.0,0.5,-0.866025
775.11,26.8,4.0,1.0,775.11,28.922,775.11,5,4,6,2,0,0,0,0,1,0,0,1,0,0,0,0,0,0,0,0,1.0,0.0,0.5,-0.866025
285.42,2.3,4.6,1.0,285.42,124.0957,285.42,5,4,12,2,0,0,0,0,0,1,1,0,0,0,0,0,0,0,0,0,0.0,-1.0,0.5,-0.866025
335.21,52.7,4.2,1.0,335.21,6.3607,335.21,5,4,18,2,0,0,0,0,0,0,0,0,0,0,1,0,0,1,0,0,-1.0,-0.0,0.5,-0.866025
364.95,5.3,3.3,1.2,437.94,68.8585,304.125,5,5,0,2,1,0,0,0,0,1,1,0,0,0,0,0,1,0,1,0,0.0,1.0,0.5,-0.866025
641.95,5.0,3.5,1.0,641.95,128.39,641.95,5,5,6,2,1,0,0,0,0,1,0,0,1,0,0,0,0,0,0,0,1.0,0.0,0.5,-0.866025
239.55,4.4,4.7,1.2,287.46,54.4432,199.62500000000003,5,5,12,2,1,0,1,0,0,0,0,0,0,1,0,0,0,0,0,0,0.0,-1.0,0.5,-0.866025
545.81,0.3,3.5,1.0,545.81,1819.3667,545.81,5,5,18,2,1,0,1,0,0,0,0,0,1,0,1,0,0,1,0,0,-1.0,-0.0,0.5,-0.866025
368.55,32.5,4.7,1.0,368.55,11.34,368.55,5,6,0,2,1,0,1,0,0,0,0,0,0,0,1,0,0,0,1,0,0.0,1.0,0.5,-0.866025
947.96,45.8,4.4,1.0,947.96,20.6978,947.96,5,6,6,2,1,0,0,0,0,1,0,0,0,0,0,0,0,0,0,0,1.0,0.0,0.5,-0.866025
379.83,21.0,4.2,1.2,455.8,18.0871,316.525,5,6,12,2,1,0,0,1,0,0,0,0,0,0,0,0,0,0,0,0,0.0,-1.0,0.5,-0.866025
103.26,4.6,4.3,1.0,103.26,22.4478,103.26,5,6,18,2,1,0,0,0,0,1,1,0,0,0,0,0,0,1,0,0,-1.0,-0.0,0.5,-0.866025
596.64,7.4,4.6,2.0,1193.28,80.627,298.32,5,0,0,2,0,0,0,1,0,0,0,1,0,0,1,0,0,0,1,1,0.0,1.0,0.5,-0.866025
532.03,14.2,3.7,2.0,1064.06,37.4669,266.015,5,0,6,2,0,0,0,1,0,0,0,0,0,0,0,0,0,0,0,1,1.0,0.0,0.5,-0.866025
479.64,67.9,4.3,1.5,719.46,7.0639,319.76,5,0,12,2,0,0,1,0,0,0,0,1,0,0,0,0,1,0,0,0,0.0,-1.0,0.5,-0.866025
764.74,6.3,3.7,2.0,1529.48,121.3873,382.37,5,0,18,2,0,0,0,0,1,0,0,1,0,0,0,0,0,1,0,1,-1.0,-0.0,0.5,-0.866025
161.44,28.9,4.4,1.0,161.44,5.5862,161.44,5,1,0,2,0,0,0,0,0,0,0,0,0,0,0,0,0,0,1,0,0.0,1.0,0.5,-0.866025
263.1,12.7,4.6,1.0,263.1,20.7165,263.1,5,1,6,2,0,0,1,0,0,0,1,0,0,0,1,0,0,0,0,0,1.0,0.0,0.5,-0.866025
429.46,7.8,4.4,1.2,515.35,55.059,357.8833333333333,5,1,12,2,0,0,1,0,0,0,1,0,0,0,0,0,0,0,0,0,0.0,-1.0,0.5,-0.866025
466.74,13.4,4.6,1.2,560.09,34.8313,388.9500000000001,5,1,18,2,0,0,0,0,1,0,0,1,0,0,0,0,0,1,0,0,-1.0,-0.0,0.5,-0.866025
397.72,1.6,3.9,1.5,596.58,248.575,265.1466666666667,5,2,0,2,0,0,0,0,0,0,0,0,1,0,1,0,0,0,1,0,0.0,1.0,0.5,-0.866025
177.81,35.3,4.3,1.2,213.37,5.0371,148.175,5,2,6,2,0,0,0,0,0,1,0,1,0,0,0,0,1,0,0,0,1.0,0.0,0.5,-0.866025
336.95,6.1,4.2,2.0,673.9,55.2377,168.475,5,2,12,2,0,0,0,0,0,1,0,0,1,0,1,0,0,0,0,1,0.0,-1.0,0.5,-0.866025
915.41,28.4,4.1,1.0,915.41,32.2327,915.41,5,2,18,2,0,0,1,0,0,0,0,1,0,0,1,0,0,1,0,0,-1.0,-0.0,0.5,-0.866025
233.12,1.6,3.9,1.5,349.68,145.7,155.41333333333333,5,3,0,2,0,0,0,0,0,0,0,1,0,0,1,0,0,0,1,0,0.0,1.0,0.5,-0.866025
424.59,68.3,4.1,1.2,509.51,6.2165,353.825,5,3,6,2,0,0,1,0,0,0,0,0,0,0,0,0,1,0,0,0,1.0,0.0,0.5,-0.866025
546.82,4.7,3.7,1.2,656.18,116.3447,455.6833333333334,5,3,12,2,0,0,0,1,0,0,1,0,0,0,0,0,0,0,0,0,0.0,-1.0,0.5,-0.866025
632.79,47.2,3.5,1.0,632.79,13.4066,632.79,5,3,18,2,0,0,1,0,0,0,0,1,0,0,0,0,0,1,0,0,-1.0,-0.0,0.5,-0.866025
595.22,36.5,3.9,1.2,714.26,16.3074,496.0166666666667,5,4,0,2,0,0,1,0,0,0,0,0,0,0,0,0,0,0,1,0,0.0,1.0,0.5,-0.866025
324.0,75.6,4.6,1.5,486.0,4.2857,216.0,5,4,6,2,0,0,0,0,0,1,0,0,0,0,0,0,0,0,0,0,1.0,0.0,0.5,-0.866025
262.47,14.3,4.4,1.0,262.47,18.3545,262.47,5,4,12,2,0,0,0,0,0,1,0,1,0,0,1,0,0,0,0,0,0.0,-1.0,0.5,-0.866025
951.67,28.6,3.7,1.2,1142.0,33.2752,793.0583333333333,5,4,18,2,0,0,0,0,0,1,0,1,0,0,1,0,0,1,0,0,-1.0,-0.0,0.5,-0.866025
663.31,10.2,4.1,1.0,663.31,65.0304,663.31,5,5,0,2,1,0,0,1,0,0,1,0,0,0,1,0,0,0,1,0,0.0,1.0,0.5,-0.866025
445.35,4.5,4.6,2.0,890.7,98.9667,222.675,5,5,6,2,1,0,0,0,0,1,1,0,0,0,0,0,0,0,0,1,1.0,0.0,0.5,-0.866025
829.17,12.9,4.1,1.0,829.17,64.2767,829.17,5,5,12,2,1,0,0,0,0,0,0,0,0,0,1,0,0,0,0,0,0.0,-1.0,0.5,-0.866025
175.93,4.0,3.6,1.0,175.93,43.9825,175.93,5,5,18,2,1,0,0,0,1,0,1,0,0,0,0,0,0,1,0,0,-1.0,-0.0,0.5,-0.866025
199.59,88.4,5.0,1.0,199.59,2.2578,199.59,5,6,0,2,1,0,0,0,0,0,0,0,0,0,1,0,0,0,1,0,0.0,1.0,0.5,-0.866025
105.3,2.2,4.2,1.2,126.36,47.8636,87.75,5,6,6,2,1,0,0,0,0,0,1,0,0,0,1,0,0,0,0,0,1.0,0.0,0.5,-0.866025
464.06,19.6,3.7,1.0,464.06,23.6765,464.06,5,6,12,2,1,0,0,0,0,1,1,0,0,0,0,0,0,0,0,0,0.0,-1.0,0.5,-0.866025
475.22,21.7,4.4,1.2,570.26,21.8995,396.0166666666667,5,6,18,2,1,0,0,0,1,0,0,1,0,0,0,0,0,1,0,0,-1.0,-0.0,0.5,-0.866025
188.89,17.0,4.3,2.0,377.78,11.1112,94.445,5,0,0,2,0,0,0,0,1,0,1,0,0,0,0,0,0,0,1,1,0.0,1.0,0.5,-0.866025
651.56,23.9,3.5,1.5,977.34,27.2619,434.3733333333333,5,0,6,2,0,0,0,0,1,0,0,0,0,1,0,0,0,0,0,0,1.0,0.0,0.5,-0.866025
132.64,2.7,4.3,1.0,132.64,49.1259,132.64,5,0,12,2,0,0,0,1,0,0,0,1,0,0,0,0,1,0,0,0,0.0,-1.0,0.5,-0.866025
515.53,17.8,4.8,2.0,1031.06,28.9624,257.765,5,0,18,2,0,0,0,0,0,1,1,0,0,0,1,0,0,1,0,1,-1.0,-0.0,0.5,-0.866025
574.56,7.4,4.2,1.2,689.47,77.6432,478.8,5,1,0,2,0,0,0,0,1,0,0,1,0,0,0,0,0,0,1,0,0.0,1.0,0.5,-0.866025
461.27,62.0,3.3,1.0,461.27,7.4398,461.27,5,1,6,2,0,0,0,1,0,0,0,0,0,0,0,0,0,0,0,0,1.0,0.0,0.5,-0.866025
173.57,31.6,4.5,1.0,173.57,5.4927,173.57,5,1,12,2,0,0,1,0,0,0,0,1,0,0,1,0,0,0,0,0,0.0,-1.0,0.5,-0.866025
760.77,79.1,4.6,1.0,760.77,9.6178,760.77,5,1,18,2,0,0,1,0,0,0,1,0,0,0,1,0,0,1,0,0,-1.0,-0.0,0.5,-0.866025
329.76,0.8,4.0,1.5,494.64,412.2,219.84,5,2,0,2,0,0,0,1,0,0,0,0,0,0,0,0,0,0,1,0,0.0,1.0,0.5,-0.866025
330.32,7.4,4.0,1.0,330.32,44.6378,330.32,5,2,6,2,0,0,0,1,0,0,0,0,0,0,0,0,0,0,0,0,1.0,0.0,0.5,-0.866025
296.29,4.8,5.0,1.0,296.29,61.7271,296.29,5,2,12,2,0,0,0,0,0,1,1,0,0,0,1,0,0,0,0,0,0.0,-1.0,0.5,-0.866025
605.36,0.2,4.0,1.2,726.43,3026.8,504.4666666666667,5,2,18,2,0,0,0,0,0,1,1,0,0,0,0,0,0,1,0,0,-1.0,-0.0,0.5,-0.866025
321.53,6.1,3.7,1.0,321.53,52.7098,321.53,5,3,0,2,0,0,1,0,0,0,0,0,0,0,0,0,0,0,1,0,0.0,1.0,0.5,-0.866025
220.87,25.0,4.3,1.2,265.04,8.8348,184.0583333333333,5,3,6,2,0,0,0,0,1,0,0,0,0,0,0,0,0,0,0,0,1.0,0.0,0.5,-0.866025
688.91,5.8,4.6,1.2,826.69,118.7776,574.0916666666667,5,3,12,2,0,0,1,0,0,0,0,0,0,0,0,0,0,0,0,0,0.0,-1.0,0.5,-0.866025
419.4,15.6,4.6,1.0,419.4,26.8846,419.4,5,3,18,2,0,0,0,0,1,0,0,0,0,1,0,0,0,1,0,0,-1.0,-0.0,0.5,-0.866025
700.73,48.1,3.1,1.5,1051.1,14.5682,467.15333333333336,5,4,0,2,0,0,0,0,1,0,0,1,0,0,0,0,1,0,1,0,0.0,1.0,0.5,-0.866025
435.4,26.0,4.0,1.0,435.4,16.7462,435.4,5,4,6,2,0,0,0,0,0,1,1,0,0,0,1,0,0,0,0,0,1.0,0.0,0.5,-0.866025
285.52,11.0,4.9,1.0,285.52,25.9564,285.52,5,4,12,2,0,0,0,0,0,0,0,1,0,0,0,0,0,0,0,0,0.0,-1.0,0.5,-0.866025
145.29,10.3,4.5,1.2,174.35,14.1058,121.075,5,4,18,2,0,0,0,0,0,0,0,1,0,0,0,0,0,1,0,0,-1.0,-0.0,0.5,-0.866025
465.06,13.4,3.7,1.0,465.06,34.706,465.06,5,5,0,2,1,0,0,1,0,0,0,0,0,0,0,0,0,0,1,0,0.0,1.0,0.5,-0.866025
365.36,4.3,4.9,2.0,730.72,84.9674,182.68,5,5,6,2,1,0,0,0,0,1,1,0,0,0,0,0,0,0,0,1,1.0,0.0,0.5,-0.866025
617.76,22.1,4.8,1.0,617.76,27.9529,617.76,5,5,12,2,1,0,0,0,1,0,0,1,0,0,1,0,0,0,0,0,0.0,-1.0,0.5,-0.866025
313.64,10.0,4.2,1.0,313.64,31.364,313.64,5,5,18,2,1,0,0,0,0,0,0,0,1,0,0,0,0,1,0,0,-1.0,-0.0,0.5,-0.866025
523.31,42.1,4.7,2.0,1046.62,12.4302,261.655,5,6,0,2,1,0,0,0,1,0,0,1,0,0,0,0,0,0,1,1,0.0,1.0,0.5,-0.866025
426.35,31.1,5.0,1.0,426.35,13.709,426.35,5,6,6,2,1,0,0,0,0,0,0,0,0,0,0,0,0,0,0,0,1.0,0.0,0.5,-0.866025
272.06,20.7,3.8,1.2,326.47,13.143,226.71666666666667,5,6,12,2,1,0,0,0,0,0,0,1,0,0,0,0,0,0,0,0,0.0,-1.0,0.5,-0.866025
327.03,10.0,4.6,1.0,327.03,32.703,327.03,5,6,18,2,1,0,0,0,0,0,0,0,0,0,0,0,0,1,0,0,-1.0,-0.0,0.5,-0.866025
197.01,5.2,5.0,1.5,295.52,37.8865,131.34,5,0,0,2,0,0,0,0,0,1,0,1,0,0,0,0,0,0,1,0,0.0,1.0,0.5,-0.866025
984.18,32.9,4.6,1.0,984.18,29.9143,984.18,5,0,6,2,0,0,1,0,0,0,0,0,0,0,0,0,1,0,0,0,1.0,0.0,0.5,-0.866025
517.69,14.7,3.9,1.0,517.69,35.217,517.69,5,0,12,2,0,0,0,0,1,0,0,0,0,0,0,0,0,0,0,0,0.0,-1.0,0.5,-0.866025
189.42,5.6,4.4,1.0,189.42,33.825,189.42,5,0,18,2,0,0,0,0,0,1,1,0,0,0,0,0,0,1,0,0,-1.0,-0.0,0.5,-0.866025
959.41,4.8,5.0,1.0,959.41,199.8771,959.41,5,1,0,2,0,0,0,0,0,1,0,0,0,1,0,0,0,0,1,0,0.0,1.0,0.5,-0.866025
231.33,4.0,3.8,1.2,277.6,57.8325,192.775,5,1,6,2,0,0,0,0,0,1,1,0,0,0,0,0,1,0,0,0,1.0,0.0,0.5,-0.866025
310.78,33.0,4.3,1.0,310.78,9.4176,310.78,5,1,12,2,0,0,0,0,0,1,0,0,0,0,1,0,0,0,0,0,0.0,-1.0,0.5,-0.866025
379.26,5.7,4.2,1.0,379.26,66.5368,379.26,5,1,18,2,0,0,0,0,0,1,0,1,0,1,0,0,0,1,0,0,-1.0,-0.0,0.5,-0.866025
431.65,16.5,4.0,1.0,431.65,26.1606,431.65,5,2,0,2,0,0,0,1,0,0,0,1,0,0,0,0,0,0,1,0,0.0,1.0,0.5,-0.866025
609.65,13.2,4.4,1.2,731.58,46.1856,508.0416666666667,5,2,6,2,0,0,0,0,1,0,0,1,0,0,0,0,0,0,0,0,1.0,0.0,0.5,-0.866025
125.08,19.1,4.2,1.5,187.62,6.5487,83.38666666666667,5,2,12,2,0,0,0,0,0,1,0,0,0,0,0,0,0,0,0,0,0.0,-1.0,0.5,-0.866025
435.14,46.1,4.6,1.0,435.14,9.439,435.14,5,2,18,2,0,0,0,0,1,0,0,0,0,0,1,0,0,1,0,0,-1.0,-0.0,0.5,-0.866025
369.12,44.5,4.9,1.0,369.12,8.2948,369.12,6,3,0,2,0,0,0,1,0,0,0,0,0,0,1,0,0,0,1,0,0.0,1.0,0.0,-1.0
469.29,13.2,3.7,1.0,469.29,35.5523,469.29,6,3,6,2,0,0,0,1,0,0,0,0,0,0,0,0,0,0,0,0,1.0,0.0,0.0,-1.0
359.66,0.3,4.3,1.2,431.59,1198.8667,299.7166666666667,6,3,12,2,0,0,0,0,1,0,0,1,0,0,0,0,0,0,0,0,0.0,-1.0,0.0,-1.0
334.78,12.2,4.3,1.0,334.78,27.441,334.78,6,3,18,2,0,0,0,0,0,0,0,0,1,0,1,0,0,1,0,0,-1.0,-0.0,0.0,-1.0
402.11,20.5,4.4,1.0,402.11,19.6151,402.11,6,4,0,2,0,0,1,0,0,0,1,0,0,0,0,0,0,0,1,0,0.0,1.0,0.0,-1.0
933.43,18.0,4.3,1.2,1120.12,51.8572,777.8583333333333,6,4,6,2,0,0,0,0,0,0,1,0,0,0,0,1,0,0,0,0,1.0,0.0,0.0,-1.0
338.22,23.2,3.8,1.5,507.33,14.5784,225.48,6,4,12,2,0,0,0,0,0,0,1,0,0,0,1,0,0,0,0,0,0.0,-1.0,0.0,-1.0
743.92,3.7,5.0,1.0,743.92,201.0595,743.92,6,4,18,2,0,0,0,0,0,0,0,1,0,0,1,0,0,1,0,0,-1.0,-0.0,0.0,-1.0
459.3,22.9,5.0,1.2,551.16,20.0568,382.75,6,5,0,2,1,0,0,0,0,1,0,0,0,0,1,0,0,0,1,0,0.0,1.0,0.0,-1.0
448.51,4.4,4.6,1.0,448.51,101.9341,448.51,6,5,6,2,1,0,0,1,0,0,0,0,1,0,0,1,0,0,0,0,1.0,0.0,0.0,-1.0
471.55,30.5,4.6,2.0,943.1,15.4607,235.775,6,5,12,2,1,0,0,0,0,0,0,1,0,0,0,0,0,0,0,1,0.0,-1.0,0.0,-1.0
545.95,9.1,4.4,1.0,545.95,59.9945,545.95,6,5,18,2,1,0,0,1,0,0,0,1,0,0,1,0,0,1,0,0,-1.0,-0.0,0.0,-1.0
352.15,27.2,4.8,1.0,352.15,12.9467,352.15,6,6,0,2,1,0,0,0,1,0,0,0,0,0,1,0,0,0,1,0,0.0,1.0,0.0,-1.0
718.97,1.1,3.1,1.5,1078.46,653.6091,479.3133333333333,6,6,6,2,1,0,1,0,0,0,0,1,0,0,0,0,0,0,0,0,1.0,0.0,0.0,-1.0
546.62,11.5,4.3,1.0,546.62,47.5322,546.62,6,6,12,2,1,0,0,0,1,0,0,1,0,0,0,0,0,0,0,0,0.0,-1.0,0.0,-1.0
207.15,26.9,4.0,1.0,207.15,7.7007,207.15,6,6,18,2,1,0,0,0,1,0,1,0,0,0,0,0,0,1,0,0,-1.0,-0.0,0.0,-1.0
103.86,5.7,4.4,1.0,103.86,18.2211,103.86,6,0,0,2,0,0,0,0,0,1,0,1,0,0,0,0,0,0,1,0,0.0,1.0,0.0,-1.0
919.36,34.9,4.8,1.5,1379.04,26.3427,612.9066666666666,6,0,6,2,0,0,1,0,0,0,0,0,0,0,1,0,0,0,0,0,1.0,0.0,0.0,-1.0
479.11,21.9,4.3,1.0,479.11,21.8772,479.11,6,0,12,2,0,0,0,0,1,0,0,0,1,1,0,0,0,0,0,0,0.0,-1.0,0.0,-1.0
192.71,19.5,4.1,1.5,289.06,9.8826,128.47333333333333,6,0,18,2,0,0,0,0,1,0,0,0,0,0,0,0,0,1,0,0,-1.0,-0.0,0.0,-1.0
337.97,9.6,3.6,1.0,337.97,35.2052,337.97,6,1,0,2,0,0,1,0,0,0,0,1,0,0,0,0,0,0,1,0,0.0,1.0,0.0,-1.0
663.15,14.5,4.2,1.0,663.15,45.7345,663.15,6,1,6,2,0,0,1,0,0,0,0,0,0,0,0,0,1,0,0,0,1.0,0.0,0.0,-1.0
389.85,20.0,4.6,1.0,389.85,19.4925,389.85,6,1,12,2,0,0,0,0,1,0,1,0,0,0,0,0,0,0,0,0,0.0,-1.0,0.0,-1.0
408.22,14.1,3.9,1.0,408.22,28.9518,408.22,6,1,18,2,0,0,1,0,0,0,0,0,1,0,0,0,0,1,0,0,-1.0,-0.0,0.0,-1.0
603.37,26.4,3.3,1.2,724.04,22.8549,502.8083333333333,6,2,0,2,0,0,0,0,1,0,0,0,0,0,1,0,0,0,1,0,0.0,1.0,0.0,-1.0
502.18,12.5,5.0,1.2,602.62,40.1744,418.48333333333335,6,2,6,2,0,0,0,0,1,0,1,0,0,0,0,1,0,0,0,0,1.0,0.0,0.0,-1.0
566.43,5.0,4.5,1.0,566.43,113.286,566.43,6,2,12,2,0,0,0,0,0,1,0,0,0,0,0,1,0,0,0,0,0.0,-1.0,0.0,-1.0
600.24,5.3,4.2,1.0,600.24,113.2528,600.24,6,2,18,2,0,0,0,0,0,0,0,0,1,0,0,0,0,1,0,0,-1.0,-0.0,0.0,-1.0
289.89,0.1,5.0,1.2,347.87,2898.9,241.575,6,3,0,2,0,0,0,0,1,0,1,0,0,0,0,0,0,0,1,0,0.0,1.0,0.0,-1.0
304.82,7.9,4.4,1.5,457.23,38.5848,203.2133333333333,6,3,6,2,0,0,0,1,0,0,1,0,0,0,1,0,0,0,0,0,1.0,0.0,0.0,-1.0
271.1,30.4,5.0,1.2,325.32,8.9178,225.91666666666669,6,3,12,2,0,0,0,0,0,0,0,0,0,0,0,0,0,0,0,0,0.0,-1.0,0.0,-1.0
313.89,34.8,4.9,1.5,470.84,9.0198,209.26,6,3,18,2,0,0,0,0,0,0,0,0,1,0,0,0,0,1,0,0,-1.0,-0.0,0.0,-1.0
400.08,5.0,3.7,1.0,400.08,80.016,400.08,6,4,0,2,0,0,0,0,0,0,1,0,0,0,1,0,0,0,1,0,0.0,1.0,0.0,-1.0
415.2,70.3,4.5,1.5,622.8,5.9061,276.8,6,4,6,2,0,0,0,0,0,1,0,0,0,1,0,0,0,0,0,0,1.0,0.0,0.0,-1.0
816.79,15.4,5.0,1.0,816.79,53.0383,816.79,6,4,12,2,0,0,0,0,1,0,1,0,0,0,0,0,0,0,0,0,0.0,-1.0,0.0,-1.0
490.16,54.8,3.8,1.0,490.16,8.9445,490.16,6,4,18,2,0,0,0,0,0,1,0,0,0,0,0,0,0,1,0,0,-1.0,-0.0,0.0,-1.0
404.16,27.0,3.8,1.5,606.24,14.9689,269.44,6,5,0,2,1,0,0,0,1,0,1,0,0,0,1,0,0,0,1,0,0.0,1.0,0.0,-1.0
239.28,28.2,3.9,2.0,478.56,8.4851,119.64,6,5,6,2,1,0,0,0,0,1,0,0,0,0,0,0,0,0,0,1,1.0,0.0,0.0,-1.0
363.63,2.0,4.7,1.2,436.36,181.815,303.02500000000003,6,5,12,2,1,0,0,0,0,1,1,0,0,0,0,0,0,0,0,0,0.0,-1.0,0.0,-1.0
953.47,5.5,4.4,1.0,953.47,173.3582,953.47,6,5,18,2,1,0,0,1,0,0,0,1,0,0,1,0,0,1,0,0,-1.0,-0.0,0.0,-1.0
946.07,0.2,3.3,1.0,946.07,4730.35,946.07,6,6,0,2,1,0,0,0,0,1,0,0,0,1,0,0,0,0,1,0,0.0,1.0,0.0,-1.0
361.3,27.7,4.5,1.0,361.3,13.0433,361.3,6,6,6,2,1,0,1,0,0,0,0,0,0,1,0,0,0,0,0,0,1.0,0.0,0.0,-1.0
156.87,9.3,4.2,1.5,235.3,16.8677,104.58,6,6,12,2,1,0,0,1,0,0,0,0,0,0,1,0,0,0,0,0,0.0,-1.0,0.0,-1.0
336.36,34.0,4.2,1.0,336.36,9.8929,336.36,6,6,18,2,1,0,0,0,0,1,0,1,0,0,1,0,0,1,0,0,-1.0,-0.0,0.0,-1.0
821.15,9.1,3.9,1.5,1231.72,90.2363,547.4333333333333,6,0,0,2,0,0,0,0,0,0,0,0,0,0,0,0,0,0,1,0,0.0,1.0,0.0,-1.0
401.51,37.6,4.5,1.0,401.51,10.6785,401.51,6,0,6,2,0,0,1,0,0,0,0,1,0,0,1,0,0,0,0,0,1.0,0.0,0.0,-1.0
603.68,3.1,4.8,1.5,905.52,194.7355,402.4533333333333,6,0,12,2,0,0,1,0,0,0,0,0,0,0,0,0,0,0,0,0,0.0,-1.0,0.0,-1.0
425.55,4.2,4.0,2.0,851.1,101.3214,212.775,6,0,18,2,0,0,1,0,0,0,0,0,0,0,0,0,0,1,0,1,-1.0,-0.0,0.0,-1.0
183.72,9.2,3.5,1.0,183.72,19.9696,183.72,6,1,0,2,0,0,0,1,0,0,1,0,0,0,1,0,0,0,1,0,0.0,1.0,0.0,-1.0
433.32,11.6,4.1,1.0,433.32,37.3552,433.32,6,1,6,2,0,0,0,0,0,1,0,0,0,0,1,0,0,0,0,0,1.0,0.0,0.0,-1.0
643.22,9.4,4.7,1.5,964.83,68.4277,428.8133333333333,6,1,12,2,0,0,0,0,0,1,0,0,1,0,0,0,0,0,0,0,0.0,-1.0,0.0,-1.0
311.53,31.7,4.1,1.0,311.53,9.8274,311.53,6,1,18,2,0,0,0,0,0,0,1,0,0,0,0,0,1,1,0,0,-1.0,-0.0,0.0,-1.0
634.93,2.2,3.6,1.2,761.92,288.6045,529.1083333333333,6,2,0,2,0,0,0,0,0,0,0,1,0,0,0,0,0,0,1,0,0.0,1.0,0.0,-1.0
447.28,9.5,4.7,1.2,536.74,47.0821,372.73333333333335,6,2,6,2,0,0,1,0,0,0,0,1,0,0,0,0,0,0,0,0,1.0,0.0,0.0,-1.0
618.38,39.9,5.0,1.0,618.38,15.4982,618.38,6,2,12,2,0,0,0,0,0,0,1,0,0,0,0,0,0,0,0,0,0.0,-1.0,0.0,-1.0
505.79,1.5,4.3,1.5,758.68,337.1933,337.1933333333333,6,2,18,2,0,0,0,1,0,0,0,0,0,0,1,0,0,1,0,0,-1.0,-0.0,0.0,-1.0
248.18,62.8,3.5,1.0,248.18,3.9519,248.18,6,3,0,2,0,0,0,0,0,1,0,0,0,0,1,0,0,0,1,0,0.0,1.0,0.0,-1.0
365.58,94.4,4.1,2.0,731.16,3.8727,182.79,6,3,6,2,0,0,1,0,0,0,0,0,0,0,0,0,0,0,0,1,1.0,0.0,0.0,-1.0
359.43,2.0,4.4,1.0,359.43,179.715,359.43,6,3,12,2,0,0,0,0,0,0,1,0,0,0,1,0,0,0,0,0,0.0,-1.0,0.0,-1.0
303.64,7.6,3.9,1.2,364.37,39.9526,253.03333333333333,6,3,18,2,0,0,0,1,0,0,0,0,0,0,0,0,0,1,0,0,-1.0,-0.0,0.0,-1.0
485.95,10.2,4.6,1.0,485.95,47.6422,485.95,6,4,0,2,0,0,0,1,0,0,0,1,0,0,1,0,0,0,1,0,0.0,1.0,0.0,-1.0
1037.02,33.0,3.8,1.0,1037.02,31.4248,1037.02,6,4,6,2,0,0,0,0,0,0,0,0,1,0,0,0,0,0,0,0,1.0,0.0,0.0,-1.0
719.43,19.9,4.3,1.0,719.43,36.1523,719.43,6,4,12,2,0,0,0,0,0,1,1,0,0,0,0,0,0,0,0,0,0.0,-1.0,0.0,-1.0
766.49,22.7,4.2,1.2,919.79,33.7661,638.7416666666667,6,4,18,2,0,0,0,0,0,0,0,1,0,0,0,0,1,1,0,0,-1.0,-0.0,0.0,-1.0
293.73,31.2,4.6,1.0,293.73,9.4144,293.73,6,5,0,2,1,0,1,0,0,0,0,0,0,0,0,0,0,0,1,0,0.0,1.0,0.0,-1.0
772.71,2.8,4.3,1.5,1159.06,275.9679,515.14,6,5,6,2,1,0,0,0,0,0,1,0,0,0,0,0,0,0,0,0,1.0,0.0,0.0,-1.0
897.33,39.4,4.2,1.0,897.33,22.7749,897.33,6,5,12,2,1,0,0,1,0,0,0,1,0,0,1,0,0,0,0,0,0.0,-1.0,0.0,-1.0
288.51,26.9,3.9,1.2,346.21,10.7253,240.425,6,5,18,2,1,0,0,0,0,0,0,0,0,0,0,0,1,1,0,0,-1.0,-0.0,0.0,-1.0
533.91,18.9,4.3,1.2,640.69,28.2492,444.925,6,6,0,2,1,0,0,0,0,1,0,0,0,0,0,0,0,0,1,0,0.0,1.0,0.0,-1.0
540.95,48.5,4.2,1.0,540.95,11.1536,540.95,6,6,6,2,1,0,0,0,1,0,0,0,1,0,0,0,0,0,0,0,1.0,0.0,0.0,-1.0
379.44,26.5,3.9,1.0,379.44,14.3185,379.44,6,6,12,2,1,0,0,0,0,0,0,1,0,0,0,0,0,0,0,0,0.0,-1.0,0.0,-1.0
466.57,5.0,4.4,1.0,466.57,93.314,466.57,6,6,18,2,1,0,0,0,0,1,1,0,0,0,0,0,0,1,0,0,-1.0,-0.0,0.0,-1.0
554.12,12.4,4.5,1.0,554.12,44.6871,554.12,6,0,0,2,0,0,0,0,0,1,1,0,0,0,0,0,0,0,1,0,0.0,1.0,0.0,-1.0
392.66,15.0,4.1,1.0,392.66,26.1773,392.66,6,0,6,2,0,0,0,1,0,0,0,1,0,0,1,0,0,0,0,0,1.0,0.0,0.0,-1.0
702.74,1.2,4.8,1.2,843.29,585.6167,585.6166666666667,6,0,12,2,0,0,0,0,0,1,0,1,0,0,0,0,1,0,0,0,0.0,-1.0,0.0,-1.0
207.81,68.0,4.4,1.0,207.81,3.056,207.81,6,0,18,2,0,0,0,0,0,1,0,1,0,0,0,0,0,1,0,0,-1.0,-0.0,0.0,-1.0
358.62,3.0,3.7,1.2,430.34,119.54,298.85,6,1,0,2,0,0,0,0,0,1,0,0,0,0,0,0,0,0,1,0,0.0,1.0,0.0,-1.0
609.61,26.3,5.0,2.0,1219.22,23.1791,304.805,6,1,6,2,0,0,0,0,0,1,0,1,0,0,0,0,0,0,0,1,1.0,0.0,0.0,-1.0
983.53,15.5,4.3,1.0,983.53,63.4535,983.53,6,1,12,2,0,0,1,0,0,0,1,0,0,0,0,0,0,0,0,0,0.0,-1.0,0.0,-1.0
724.4,0.6,4.8,1.2,869.28,1207.3333,603.6666666666666,6,1,18,2,0,0,1,0,0,0,0,1,0,1,0,0,0,1,0,0,-1.0,-0.0,0.0,-1.0
461.76,56.9,4.5,1.0,461.76,8.1153,461.76,6,2,0,2,0,0,0,1,0,0,1,0,0,0,0,0,0,0,1,0,0.0,1.0,0.0,-1.0
402.43,42.0,3.1,1.5,603.64,9.5817,268.2866666666667,6,2,6,2,0,0,0,0,0,0,0,1,0,0,0,0,0,0,0,0,1.0,0.0,0.0,-1.0
369.26,16.3,4.8,1.0,369.26,22.654,369.26,6,2,12,2,0,0,0,0,0,1,0,1,0,0,1,0,0,0,0,0,0.0,-1.0,0.0,-1.0
370.41,5.7,4.3,1.2,444.49,64.9842,308.675,6,2,18,2,0,0,0,0,0,0,0,1,0,0,0,0,0,1,0,0,-1.0,-0.0,0.0,-1.0
144.7,2.9,4.5,2.0,289.4,49.8966,72.35,6,3,0,2,0,0,0,0,0,0,0,1,0,0,1,0,0,0,1,1,0.0,1.0,0.0,-1.0
963.79,9.9,4.6,1.0,963.79,97.3525,963.79,6,3,6,2,0,0,0,1,0,0,1,0,0,0,0,0,0,0,0,0,1.0,0.0,0.0,-1.0
417.97,6.5,5.0,1.2,501.56,64.3031,348.3083333333334,6,3,12,2,0,0,0,0,0,1,0,0,0,1,0,0,0,0,0,0,0.0,-1.0,0.0,-1.0
278.74,15.5,4.0,1.0,278.74,17.9832,278.74,6,3,18,2,0,0,0,0,0,1,0,1,0,0,0,0,1,1,0,0,-1.0,-0.0,0.0,-1.0
529.78,74.7,4.0,1.0,529.78,7.0921,529.78,6,4,0,2,0,0,0,0,1,0,0,0,0,0,1,0,0,0,1,0,0.0,1.0,0.0,-1.0
290.84,18.8,3.9,1.2,349.01,15.4702,242.36666666666665,6,4,6,2,0,0,0,0,0,0,0,0,0,0,0,0,1,0,0,0,1.0,0.0,0.0,-1.0
670.14,48.5,3.8,1.0,670.14,13.8173,670.14,6,4,12,2,0,0,0,0,0,0,0,1,0,0,0,0,0,0,0,0,0.0,-1.0,0.0,-1.0
283.56,23.2,3.8,1.2,340.27,12.2224,236.3,6,4,18,2,0,0,1,0,0,0,0,1,0,0,0,0,0,1,0,0,-1.0,-0.0,0.0,-1.0
623.28,14.2,3.4,1.0,623.28,43.893,623.28,6,5,0,2,1,0,0,0,1,0,0,0,1,0,1,0,0,0,1,0,0.0,1.0,0.0,-1.0
366.46,42.4,4.5,1.5,549.69,8.6429,244.30666666666664,6,5,6,2,1,0,1,0,0,0,0,1,0,0,1,0,0,0,0,0,1.0,0.0,0.0,-1.0
495.39,14.0,5.0,1.0,495.39,35.385,495.39,6,5,12,2,1,0,1,0,0,0,1,0,0,0,0,0,0,0,0,0,0.0,-1.0,0.0,-1.0
646.57,44.7,5.0,1.0,646.57,14.4647,646.57,6,5,18,2,1,0,1,0,0,0,0,1,0,0,0,0,0,1,0,0,-1.0,-0.0,0.0,-1.0
323.54,7.6,3.9,1.0,323.54,42.5711,323.54,6,6,0,2,1,0,0,1,0,0,0,1,0,0,0,0,0,0,1,0,0.0,1.0,0.0,-1.0
638.91,3.0,4.2,1.0,638.91,212.97,638.91,6,6,6,2,1,0,0,1,0,0,0,0,0,0,0,0,0,0,0,0,1.0,0.0,0.0,-1.0
148.73,42.5,4.9,1.0,148.73,3.4995,148.73,6,6,12,2,1,0,1,0,0,0,0,0,0,0,0,0,0,0,0,0,0.0,-1.0,0.0,-1.0
863.57,19.5,4.5,1.0,863.57,44.2856,863.57,6,6,18,2,1,0,0,0,1,0,0,0,0,0,1,0,0,1,0,0,-1.0,-0.0,0.0,-1.0
692.84,48.4,4.4,1.0,692.84,14.3149,692.84,6,0,0,2,0,0,0,0,0,0,0,1,0,0,0,0,0,0,1,0,0.0,1.0,0.0,-1.0
410.6,61.1,4.2,1.0,410.6,6.7201,410.6,6,0,6,2,0,0,0,0,1,0,0,0,0,0,0,0,0,0,0,0,1.0,0.0,0.0,-1.0
753.5,1.2,4.3,1.0,753.5,627.9167,753.5,6,0,12,2,0,0,0,0,0,1,0,0,0,0,1,0,0,0,0,0,0.0,-1.0,0.0,-1.0
715.36,15.3,3.8,1.0,715.36,46.7556,715.36,6,0,18,2,0,0,0,1,0,0,0,0,0,0,1,0,0,1,0,0,-1.0,-0.0,0.0,-1.0
429.89,10.3,4.5,1.0,429.89,41.7369,429.89,6,1,0,2,0,0,0,0,0,0,0,0,1,1,0,0,0,0,1,0,0.0,1.0,0.0,-1.0
427.53,21.6,4.5,2.0,855.06,19.7931,213.765,6,1,6,2,0,0,0,0,0,0,0,0,0,0,1,0,0,0,0,1,1.0,0.0,0.0,-1.0
260.26,34.7,4.3,1.0,260.26,7.5003,260.26,6,1,12,2,0,0,0,0,0,1,0,1,0,0,0,0,0,0,0,0,0.0,-1.0,0.0,-1.0
441.69,7.2,4.7,1.0,441.69,61.3458,441.69,6,1,18,2,0,0,0,0,0,1,0,0,0,1,0,0,0,1,0,0,-1.0,-0.0,0.0,-1.0
180.2,17.9,4.3,1.0,180.2,10.067,180.2,6,2,0,2,0,0,1,0,0,0,0,1,0,0,0,0,0,0,1,0,0.0,1.0,0.0,-1.0
619.49,27.1,4.0,1.5,929.24,22.8594,412.9933333333333,6,2,6,2,0,0,0,1,0,0,0,0,0,0,0,0,0,0,0,0,1.0,0.0,0.0,-1.0
626.05,3.2,4.3,1.0,626.05,195.6406,626.05,6,2,12,2,0,0,0,1,0,0,0,0,0,0,1,0,0,0,0,0,0.0,-1.0,0.0,-1.0
150.15,37.0,3.5,1.2,180.18,4.0581,125.125,6,2,18,2,0,0,0,0,1,0,0,1,0,0,0,0,1,1,0,0,-1.0,-0.0,0.0,-1.0
823.18,20.5,4.6,1.0,823.18,40.1551,823.18,6,3,0,2,0,0,1,0,0,0,0,0,0,0,0,0,0,0,1,0,0.0,1.0,0.0,-1.0
308.51,65.7,4.7,1.0,308.51,4.6957,308.51,6,3,6,2,0,0,1,0,0,0,0,0,0,0,0,0,0,0,0,0,1.0,0.0,0.0,-1.0
1460.35,9.1,4.0,1.5,2190.52,160.478,973.5666666666666,6,3,12,2,0,0,1,0,0,0,0,0,0,0,0,0,0,0,0,0,0.0,-1.0,0.0,-1.0
482.58,2.5,3.9,1.0,482.58,193.032,482.58,6,3,18,2,0,0,1,0,0,0,0,0,0,0,0,0,0,1,0,0,-1.0,-0.0,0.0,-1.0
827.12,15.5,4.0,1.0,827.12,53.3626,827.12,6,4,0,2,0,0,0,1,0,0,0,0,0,0,0,0,0,0,1,0,0.0,1.0,0.0,-1.0
255.63,2.0,4.3,1.5,383.44,127.815,170.42,6,4,6,2,0,0,0,1,0,0,0,0,0,0,1,0,0,0,0,0,1.0,0.0,0.0,-1.0
366.04,76.8,4.4,1.2,439.25,4.7661,305.03333333333336,6,4,12,2,0,0,1,0,0,0,1,0,0,0,0,0,0,0,0,0,0.0,-1.0,0.0,-1.0
322.67,0.9,5.0,1.5,484.0,358.5222,215.11333333333332,6,4,18,2,0,0,0,0,1,0,0,1,0,0,0,0,1,1,0,0,-1.0,-0.0,0.0,-1.0
178.24,30.8,5.0,1.2,213.89,5.787,148.53333333333336,7,5,0,3,1,0,0,0,0,0,0,1,0,0,1,0,0,0,1,0,0.0,1.0,-0.5,-0.866025
208.2,16.4,4.7,1.2,249.84,12.6951,173.5,7,5,6,3,1,0,0,0,0,0,0,0,0,0,1,0,0,0,0,0,1.0,0.0,-0.5,-0.866025
402.46,10.1,4.3,1.5,603.69,39.8475,268.3066666666667,7,5,12,3,1,0,0,0,1,0,0,0,1,1,0,0,0,0,0,0,0.0,-1.0,-0.5,-0.866025
520.69,1.5,3.8,1.0,520.69,347.1267,520.69,7,5,18,3,1,0,1,0,0,0,0,0,0,0,0,0,0,1,0,0,-1.0,-0.0,-0.5,-0.866025
240.58,21.4,5.0,1.2,288.7,11.2421,200.48333333333332,7,6,0,3,1,0,0,1,0,0,0,0,0,0,0,0,0,0,1,0,0.0,1.0,-0.5,-0.866025
354.36,19.4,4.2,1.2,425.23,18.266,295.3,7,6,6,3,1,0,0,0,0,0,0,1,0,0,1,0,0,0,0,0,1.0,0.0,-0.5,-0.866025
290.02,7.3,4.4,1.0,290.02,39.7288,290.02,7,6,12,3,1,0,0,0,0,1,0,0,0,1,0,0,0,0,0,0,0.0,-1.0,-0.5,-0.866025
416.32,53.0,4.6,1.0,416.32,7.8551,416.32,7,6,18,3,1,0,0,0,0,1,0,0,0,0,1,0,0,1,0,0,-1.0,-0.0,-0.5,-0.866025
596.36,8.0,4.3,1.0,596.36,74.545,596.36,7,0,0,3,0,0,0,0,1,0,0,1,0,0,0,0,0,0,1,0,0.0,1.0,-0.5,-0.866025
453.55,13.1,4.9,1.2,544.26,34.6221,377.95833333333337,7,0,6,3,0,0,1,0,0,0,1,0,0,0,0,0,1,0,0,0,1.0,0.0,-0.5,-0.866025
315.32,17.3,4.5,1.0,315.32,18.2266,315.32,7,0,12,3,0,0,0,0,0,0,0,1,0,0,0,0,0,0,0,0,0.0,-1.0,-0.5,-0.866025
703.81,2.3,4.8,2.0,1407.62,306.0043,351.905,7,0,18,3,0,0,1,0,0,0,1,0,0,1,0,0,0,1,0,1,-1.0,-0.0,-0.5,-0.866025
512.29,59.2,4.5,1.0,512.29,8.6535,512.29,7,1,0,3,0,0,0,0,0,0,0,0,1,0,0,0,1,0,1,0,0.0,1.0,-0.5,-0.866025
460.3,10.3,4.3,1.2,552.36,44.6893,383.58333333333337,7,1,6,3,0,0,0,0,1,0,0,0,0,0,0,0,0,0,0,0,1.0,0.0,-0.5,-0.866025
242.27,1.9,4.3,1.0,242.27,127.5105,242.27,7,1,12,3,0,0,0,0,1,0,0,0,0,0,1,0,0,0,0,0,0.0,-1.0,-0.5,-0.866025
667.68,10.8,4.3,1.2,801.22,61.8222,556.4,7,1,18,3,0,0,0,0,0,1,0,0,0,0,0,0,0,1,0,0,-1.0,-0.0,-0.5,-0.866025
537.95,20.2,3.7,1.2,645.54,26.6312,448.29166666666674,7,2,0,3,0,0,1,0,0,0,0,1,0,0,0,0,0,0,1,0,0.0,1.0,-0.5,-0.866025
551.85,15.9,3.8,1.2,662.22,34.7075,459.87500000000006,7,2,6,3,0,0,0,0,0,1,0,1,0,0,0,0,0,0,0,0,1.0,0.0,-0.5,-0.866025
382.55,26.1,4.7,1.5,573.83,14.6571,255.03333333333333,7,2,12,3,0,0,1,0,0,0,0,0,1,0,1,0,0,0,0,0,0.0,-1.0,-0.5,-0.866025
347.64,1.3,3.7,1.5,521.46,267.4154,231.76,7,2,18,3,0,0,0,0,0,1,1,0,0,0,0,0,1,1,0,0,-1.0,-0.0,-0.5,-0.866025
966.21,7.4,4.1,1.0,966.21,130.5689,966.21,7,3,0,3,0,0,0,1,0,0,0,1,0,0,1,0,0,0,1,0,0.0,1.0,-0.5,-0.866025
344.88,37.6,3.8,1.0,344.88,9.1723,344.88,7,3,6,3,0,0,0,1,0,0,0,0,0,0,0,0,0,0,0,0,1.0,0.0,-0.5,-0.866025
215.73,1.8,4.1,1.2,258.88,119.85,179.775,7,3,12,3,0,0,0,1,0,0,1,0,0,1,0,0,0,0,0,0,0.0,-1.0,-0.5,-0.866025
471.96,42.6,4.3,1.0,471.96,11.0789,471.96,7,3,18,3,0,0,0,1,0,0,0,0,1,0,0,0,1,1,0,0,-1.0,-0.0,-0.5,-0.866025
428.05,2.1,4.1,1.0,428.05,203.8333,428.05,7,4,0,3,0,0,0,0,0,0,1,0,0,0,0,0,0,0,1,0,0.0,1.0,-0.5,-0.866025
719.36,39.6,3.6,1.0,719.36,18.1657,719.36,7,4,6,3,0,0,0,1,0,0,0,0,0,0,0,0,1,0,0,0,1.0,0.0,-0.5,-0.866025
397.67,9.8,4.2,1.0,397.67,40.5786,397.67,7,4,12,3,0,0,0,0,1,0,0,1,0,0,0,0,0,0,0,0,0.0,-1.0,-0.5,-0.866025
587.0,20.8,4.3,1.0,587.0,28.2212,587.0,7,4,18,3,0,0,0,0,1,0,0,0,0,1,0,0,0,1,0,0,-1.0,-0.0,-0.5,-0.866025
850.75,3.7,4.0,1.5,1276.12,229.9324,567.1666666666666,7,5,0,3,1,0,0,0,0,0,0,0,0,0,0,0,0,0,1,0,0.0,1.0,-0.5,-0.866025
522.42,1.5,4.7,1.0,522.42,348.28,522.42,7,5,6,3,1,0,0,1,0,0,0,0,0,0,0,0,0,0,0,0,1.0,0.0,-0.5,-0.866025
249.06,5.4,4.8,1.0,249.06,46.1222,249.06,7,5,12,3,1,0,0,1,0,0,0,1,0,0,0,0,0,0,0,0,0.0,-1.0,-0.5,-0.866025
145.83,3.0,3.6,1.0,145.83,48.61,145.83,7,5,18,3,1,0,0,1,0,0,0,1,0,0,1,0,0,1,0,0,-1.0,-0.0,-0.5,-0.866025
529.77,8.2,5.0,1.5,794.66,64.6061,353.18,7,6,0,3,1,0,0,0,0,1,0,0,0,0,0,0,0,0,1,0,0.0,1.0,-0.5,-0.866025
357.56,15.9,4.0,2.0,715.12,22.4881,178.78,7,6,6,3,1,0,1,0,0,0,0,0,0,0,0,0,0,0,0,1,1.0,0.0,-0.5,-0.866025
488.14,19.5,4.0,1.2,585.77,25.0328,406.78333333333336,7,6,12,3,1,0,0,0,0,1,0,1,0,0,1,0,0,0,0,0,0.0,-1.0,-0.5,-0.866025
429.68,34.3,3.9,1.0,429.68,12.5271,429.68,7,6,18,3,1,0,1,0,0,0,0,0,0,0,0,0,1,1,0,0,-1.0,-0.0,-0.5,-0.866025
213.12,23.5,4.3,2.0,426.24,9.0689,106.56,7,0,0,3,0,0,0,1,0,0,0,0,0,0,0,0,0,0,1,1,0.0,1.0,-0.5,-0.866025
396.53,20.6,5.0,1.2,475.84,19.249,330.44166666666666,7,0,6,3,0,0,0,1,0,0,0,1,0,0,0,0,0,0,0,0,1.0,0.0,-0.5,-0.866025
241.33,11.7,3.5,1.5,362.0,20.6265,160.88666666666668,7,0,12,3,0,0,0,0,0,1,1,0,0,0,0,0,0,0,0,0,0.0,-1.0,-0.5,-0.866025
331.26,14.1,3.3,1.2,397.51,23.4936,276.05,7,0,18,3,0,0,0,0,0,1,0,0,0,0,0,0,0,1,0,0,-1.0,-0.0,-0.5,-0.866025
666.61,11.8,4.4,1.0,666.61,56.4924,666.61,7,1,0,3,0,0,1,0,0,0,0,0,0,1,0,0,0,0,1,0,0.0,1.0,-0.5,-0.866025
446.8,40.6,4.6,1.0,446.8,11.0049,446.8,7,1,6,3,0,0,0,0,1,0,0,0,0,1,0,0,0,0,0,0,1.0,0.0,-0.5,-0.866025
569.71,5.8,4.3,1.0,569.71,98.2259,569.71,7,1,12,3,0,0,1,0,0,0,0,0,1,0,0,1,0,0,0,0,0.0,-1.0,-0.5,-0.866025
465.1,0.1,4.6,1.0,465.1,4651.0,465.1,7,1,18,3,0,0,0,0,0,1,0,1,0,0,0,0,0,1,0,0,-1.0,-0.0,-0.5,-0.866025
370.73,23.2,3.7,1.2,444.88,15.9797,308.9416666666667,7,2,0,3,0,0,0,0,0,1,0,1,0,0,1,0,0,0,1,0,0.0,1.0,-0.5,-0.866025
488.82,5.0,3.8,1.5,733.23,97.764,325.88,7,2,6,3,0,0,0,0,0,0,0,0,0,0,1,0,0,0,0,0,1.0,0.0,-0.5,-0.866025
162.46,48.6,4.4,1.2,194.95,3.3428,135.38333333333335,7,2,12,3,0,0,0,0,0,1,0,1,0,1,0,0,0,0,0,0,0.0,-1.0,-0.5,-0.866025
620.55,43.1,5.0,1.0,620.55,14.3979,620.55,7,2,18,3,0,0,0,0,0,0,0,0,0,0,1,0,0,1,0,0,-1.0,-0.0,-0.5,-0.866025
274.49,1.8,4.6,1.0,274.49,152.4944,274.49,7,3,0,3,0,0,0,0,1,0,0,1,0,0,1,0,0,0,1,0,0.0,1.0,-0.5,-0.866025
552.27,2.5,4.6,1.0,552.27,220.908,552.27,7,3,6,3,0,0,1,0,0,0,0,0,1,0,1,0,0,0,0,0,1.0,0.0,-0.5,-0.866025
363.17,15.0,3.8,1.0,363.17,24.2113,363.17,7,3,12,3,0,0,1,0,0,0,0,1,0,0,0,0,0,0,0,0,0.0,-1.0,-0.5,-0.866025
213.2,20.7,4.5,1.0,213.2,10.2995,213.2,7,3,18,3,0,0,0,0,0,0,1,0,0,0,0,0,1,1,0,0,-1.0,-0.0,-0.5,-0.866025
300.71,7.1,3.7,1.2,360.85,42.3535,250.59166666666667,7,4,0,3,0,0,1,0,0,0,1,0,0,0,0,0,0,0,1,0,0.0,1.0,-0.5,-0.866025
553.67,27.8,5.0,1.0,553.67,19.9162,553.67,7,4,6,3,0,0,0,0,0,1,0,0,0,0,1,0,0,0,0,0,1.0,0.0,-0.5,-0.866025
1119.68,19.9,3.8,2.0,2239.36,56.2653,559.84,7,4,12,3,0,0,0,1,0,0,0,0,1,0,0,0,0,0,0,1,0.0,-1.0,-0.5,-0.866025
415.87,8.6,3.9,1.0,415.87,48.357,415.87,7,4,18,3,0,0,0,0,0,0,0,0,0,0,1,0,0,1,0,0,-1.0,-0.0,-0.5,-0.866025
1054.19,0.6,3.6,1.5,1581.28,1756.9833,702.7933333333334,7,5,0,3,1,0,1,0,0,0,0,1,0,0,1,0,0,0,1,0,0.0,1.0,-0.5,-0.866025
162.2,30.5,4.3,1.0,162.2,5.318,162.2,7,5,6,3,1,0,0,0,0,0,0,0,0,0,0,0,0,0,0,0,1.0,0.0,-0.5,-0.866025
377.74,5.3,4.3,1.0,377.74,71.2717,377.74,7,5,12,3,1,0,0,0,0,0,0,0,0,0,0,0,0,0,0,0,0.0,-1.0,-0.5,-0.866025
416.05,39.6,5.0,1.2,499.26,10.5063,346.70833333333337,7,5,18,3,1,0,0,1,0,0,0,1,0,0,1,0,0,1,0,0,-1.0,-0.0,-0.5,-0.866025
567.93,12.0,4.7,1.2,681.52,47.3275,473.275,7,6,0,3,1,0,0,0,0,1,0,0,0,0,1,0,0,0,1,0,0.0,1.0,-0.5,-0.866025
307.02,18.9,3.9,1.0,307.02,16.2444,307.02,7,6,6,3,1,0,0,0,0,0,0,1,0,0,0,0,0,0,0,0,1.0,0.0,-0.5,-0.866025
511.39,45.4,4.7,1.0,511.39,11.2641,511.39,7,6,12,3,1,0,1,0,0,0,0,1,0,0,0,0,0,0,0,0,0.0,-1.0,-0.5,-0.866025
387.5,43.8,3.7,1.0,387.5,8.847,387.5,7,6,18,3,1,0,0,0,1,0,0,0,0,0,1,0,0,1,0,0,-1.0,-0.0,-0.5,-0.866025
769.71,10.2,3.9,1.2,923.65,75.4618,641.4250000000001,7,0,0,3,0,0,0,0,0,0,0,0,0,0,0,0,0,0,1,0,0.0,1.0,-0.5,-0.866025
472.18,5.2,4.4,1.5,708.27,90.8038,314.7866666666667,7,0,6,3,0,0,0,0,0,0,0,1,0,0,0,0,0,0,0,0,1.0,0.0,-0.5,-0.866025
1399.2,32.8,3.7,1.0,1399.2,42.6585,1399.2,7,0,12,3,0,0,0,1,0,0,0,0,0,0,0,0,0,0,0,0,0.0,-1.0,-0.5,-0.866025
389.1,12.5,4.8,1.0,389.1,31.128,389.1,7,0,18,3,0,0,0,0,0,1,1,0,0,0,0,0,0,1,0,0,-1.0,-0.0,-0.5,-0.866025
745.3,4.7,5.0,1.5,1117.95,158.5745,496.8666666666666,7,1,0,3,0,0,0,0,1,0,0,1,0,0,0,0,0,0,1,0,0.0,1.0,-0.5,-0.866025
861.46,51.7,4.2,1.0,861.46,16.6627,861.46,7,1,6,3,0,0,1,0,0,0,1,0,0,0,0,0,0,0,0,0,1.0,0.0,-0.5,-0.866025
84.11,4.9,4.0,1.2,100.93,17.1653,70.09166666666667,7,1,12,3,0,0,0,0,1,0,0,1,0,0,0,0,0,0,0,0,0.0,-1.0,-0.5,-0.866025
616.68,0.6,4.2,1.0,616.68,1027.8,616.68,7,1,18,3,0,0,1,0,0,0,0,1,0,0,0,0,0,1,0,0,-1.0,-0.0,-0.5,-0.866025
210.76,0.5,4.0,1.0,210.76,421.52,210.76,7,2,0,3,0,0,0,0,0,1,0,1,0,0,0,0,0,0,1,0,0.0,1.0,-0.5,-0.866025
381.82,21.4,4.4,1.0,381.82,17.8421,381.82,7,2,6,3,0,0,1,0,0,0,0,0,0,0,0,0,0,0,0,0,1.0,0.0,-0.5,-0.866025
230.33,23.8,3.6,1.0,230.33,9.6777,230.33,7,2,12,3,0,0,0,1,0,0,0,0,0,0,0,0,0,0,0,0,0.0,-1.0,-0.5,-0.866025
776.31,8.2,4.5,1.0,776.31,94.672,776.31,7,2,18,3,0,0,0,1,0,0,1,0,0,1,0,0,0,1,0,0,-1.0,-0.0,-0.5,-0.866025
316.6,8.5,5.0,1.2,379.92,37.2471,263.83333333333337,7,3,0,3,0,0,0,1,0,0,0,1,0,0,0,0,0,0,1,0,0.0,1.0,-0.5,-0.866025
156.49,9.1,3.3,1.2,187.79,17.1967,130.40833333333336,7,3,6,3,0,0,0,1,0,0,1,0,0,0,0,0,0,0,0,0,1.0,0.0,-0.5,-0.866025
477.94,25.1,3.7,1.2,573.53,19.0414,398.28333333333336,7,3,12,3,0,0,0,0,1,0,1,0,0,0,0,0,0,0,0,0,0.0,-1.0,-0.5,-0.866025
833.08,1.3,4.1,1.2,999.7,640.8308,694.2333333333333,7,3,18,3,0,0,0,0,0,1,1,0,0,0,0,0,0,1,0,0,-1.0,-0.0,-0.5,-0.866025
232.07,58.2,4.6,1.0,232.07,3.9875,232.07,7,4,0,3,0,0,1,0,0,0,0,0,1,0,1,0,0,0,1,0,0.0,1.0,-0.5,-0.866025
656.76,5.5,4.7,1.0,656.76,119.4109,656.76,7,4,6,3,0,0,1,0,0,0,0,1,0,0,1,0,0,0,0,0,1.0,0.0,-0.5,-0.866025
131.41,176.6,4.7,1.5,197.12,0.7441,87.60666666666667,7,4,12,3,0,0,0,1,0,0,0,0,0,1,0,0,0,0,0,0,0.0,-1.0,-0.5,-0.866025
862.35,4.1,3.5,1.0,862.35,210.3293,862.35,7,4,18,3,0,0,0,1,0,0,0,1,0,0,1,0,0,1,0,0,-1.0,-0.0,-0.5,-0.866025
527.58,32.5,4.0,1.0,527.58,16.2332,527.58,7,5,0,3,1,0,0,0,0,0,0,0,0,0,0,0,1,0,1,0,0.0,1.0,-0.5,-0.866025
218.35,5.6,3.8,1.0,218.35,38.9911,218.35,7,5,6,3,1,0,0,0,0,1,0,1,0,0,0,0,0,0,0,0,1.0,0.0,-0.5,-0.866025
627.34,1.9,4.3,1.0,627.34,330.1789,627.34,7,5,12,3,1,0,0,0,1,0,1,0,0,0,0,0,0,0,0,0,0.0,-1.0,-0.5,-0.866025
326.24,45.7,4.3,1.0,326.24,7.1387,326.24,7,5,18,3,1,0,1,0,0,0,0,1,0,0,0,0,0,1,0,0,-1.0,-0.0,-0.5,-0.866025
260.41,43.1,3.6,1.5,390.62,6.042,173.60666666666668,7,6,0,3,1,0,0,0,0,0,0,0,0,0,0,0,0,0,1,0,0.0,1.0,-0.5,-0.866025
322.45,11.4,4.1,1.5,483.67,28.2851,214.96666666666667,7,6,6,3,1,0,0,0,0,0,0,0,0,0,0,0,0,0,0,0,1.0,0.0,-0.5,-0.866025
596.23,26.7,4.6,1.5,894.34,22.3307,397.4866666666667,7,6,12,3,1,0,1,0,0,0,0,1,0,0,1,0,0,0,0,0,0.0,-1.0,-0.5,-0.866025
251.27,17.9,4.0,2.0,502.54,14.0374,125.635,7,6,18,3,1,0,0,0,1,0,0,0,0,0,0,0,0,1,0,1,-1.0,-0.0,-0.5,-0.866025
101.32,42.2,4.2,1.5,151.98,2.4009,67.54666666666667,7,0,0,3,0,0,0,0,0,0,1,0,0,0,0,0,1,0,1,0,0.0,1.0,-0.5,-0.866025
331.37,8.3,5.0,1.0,331.37,39.9241,331.37,7,0,6,3,0,0,0,0,0,0,0,0,0,1,0,0,0,0,0,0,1.0,0.0,-0.5,-0.866025
792.02,16.3,5.0,1.0,792.02,48.5902,792.02,7,0,12,3,0,0,0,0,0,1,0,0,0,0,0,0,0,0,0,0,0.0,-1.0,-0.5,-0.866025
786.8,14.6,3.2,1.2,944.16,53.8904,655.6666666666666,7,0,18,3,0,0,0,0,1,0,0,0,0,0,0,0,0,1,0,0,-1.0,-0.0,-0.5,-0.866025
322.2,9.6,4.4,1.0,322.2,33.5625,322.2,7,1,0,3,0,0,0,0,0,0,0,1,0,0,0,0,0,0,1,0,0.0,1.0,-0.5,-0.866025
316.06,48.9,5.0,1.0,316.06,6.4634,316.06,7,1,6,3,0,0,0,0,1,0,0,1,0,0,0,0,0,0,0,0,1.0,0.0,-0.5,-0.866025
305.62,4.0,4.5,1.0,305.62,76.405,305.62,7,1,12,3,0,0,1,0,0,0,0,0,0,0,0,0,0,0,0,0,0.0,-1.0,-0.5,-0.866025
298.36,3.6,4.3,1.0,298.36,82.8778,298.36,7,1,18,3,0,0,0,1,0,0,0,0,0,0,0,0,0,1,0,0,-1.0,-0.0,-0.5,-0.866025
309.52,18.9,5.0,1.0,309.52,16.3767,309.52,7,2,0,3,0,0,0,0,0,0,0,1,0,0,0,0,0,0,1,0,0.0,1.0,-0.5,-0.866025
489.63,23.6,4.4,1.0,489.63,20.747,489.63,7,2,6,3,0,0,0,0,0,1,0,0,0,0,0,0,0,0,0,0,1.0,0.0,-0.5,-0.866025
801.46,4.8,4.7,1.0,801.46,166.9708,801.46,7,2,12,3,0,0,1,0,0,0,0,1,0,0,0,0,1,0,0,0,0.0,-1.0,-0.5,-0.866025
251.03,10.9,4.2,1.5,376.54,23.0303,167.35333333333332,7,2,18,3,0,0,0,0,1,0,0,1,0,0,1,0,0,1,0,0,-1.0,-0.0,-0.5,-0.866025
277.63,64.4,4.4,1.0,277.63,4.311,277.63,7,3,0,3,0,0,1,0,0,0,0,0,0,0,0,0,1,0,1,0,0.0,1.0,-0.5,-0.866025
518.03,6.2,4.3,1.5,777.04,83.5532,345.3533333333333,7,3,6,3,0,0,0,0,0,0,0,0,0,0,0,0,0,0,0,0,1.0,0.0,-0.5,-0.866025
613.27,24.3,4.7,1.0,613.27,25.2374,613.27,7,3,12,3,0,0,0,0,1,0,0,0,1,0,0,0,0,0,0,0,0.0,-1.0,-0.5,-0.866025
180.17,29.6,4.1,1.0,180.17,6.0868,180.17,7,3,18,3,0,0,0,1,0,0,0,1,0,0,1,0,0,1,0,0,-1.0,-0.0,-0.5,-0.866025
946.97,13.1,4.1,1.0,946.97,72.2878,946.97,7,4,0,3,0,0,1,0,0,0,0,1,0,0,0,0,0,0,1,0,0.0,1.0,-0.5,-0.866025
364.22,61.0,3.3,1.0,364.22,5.9708,364.22,7,4,6,3,0,0,0,0,0,0,0,0,0,0,0,0,0,0,0,0,1.0,0.0,-0.5,-0.866025
190.46,29.4,4.1,1.2,228.55,6.4782,158.71666666666667,7,4,12,3,0,0,0,0,0,1,0,1,0,0,1,0,0,0,0,0,0.0,-1.0,-0.5,-0.866025
174.96,13.5,4.8,1.2,209.95,12.96,145.8,7,4,18,3,0,0,0,0,1,0,0,0,0,0,1,0,0,1,0,0,-1.0,-0.0,-0.5,-0.866025
168.72,18.5,4.5,1.2,202.46,9.12,140.6,7,5,0,3,1,0,1,0,0,0,0,1,0,0,0,0,0,0,1,0,0.0,1.0,-0.5,-0.866025
738.24,26.0,3.8,2.0,1476.48,28.3938,369.12,7,5,6,3,1,0,1,0,0,0,0,0,1,0,0,0,0,0,0,1,1.0,0.0,-0.5,-0.866025
448.68,19.7,3.3,1.0,448.68,22.7756,448.68,7,5,12,3,1,0,0,1,0,0,0,0,0,0,0,0,0,0,0,0,0.0,-1.0,-0.5,-0.866025
741.58,46.4,4.2,1.0,741.58,15.9823,741.58,7,5,18,3,1,0,0,1,0,0,0,0,0,0,0,0,0,1,0,0,-1.0,-0.0,-0.5,-0.866025
406.0,9.7,4.8,1.0,406.0,41.8557,406.0,7,6,0,3,1,0,0,0,0,1,0,0,0,0,0,0,0,0,1,0,0.0,1.0,-0.5,-0.866025
731.32,7.8,4.1,1.0,731.32,93.759,731.32,7,6,6,3,1,0,0,0,0,1,0,0,0,0,0,0,0,0,0,0,1.0,0.0,-0.5,-0.866025
400.76,5.3,3.6,1.0,400.76,75.6151,400.76,7,6,12,3,1,0,0,0,0,0,0,0,0,0,0,0,0,0,0,0,0.0,-1.0,-0.5,-0.866025
53.45,0.8,4.0,1.0,53.45,66.8125,53.45,7,6,18,3,1,0,0,0,0,0,0,0,0,0,0,0,1,1,0,0,-1.0,-0.0,-0.5,-0.866025
566.74,1.0,4.5,1.0,566.74,566.74,566.74,7,0,0,3,0,0,0,0,0,1,1,0,0,0,1,0,0,0,1,0,0.0,1.0,-0.5,-0.866025
420.38,44.9,4.9,1.0,420.38,9.3626,420.38,7,0,6,3,0,0,0,0,0,1,0,1,0,0,1,0,0,0,0,0,1.0,0.0,-0.5,-0.866025
388.2,25.0,4.2,1.0,388.2,15.528,388.2,7,0,12,3,0,0,0,0,1,0,0,0,0,0,0,0,0,0,0,0,0.0,-1.0,-0.5,-0.866025
264.96,23.8,4.8,1.2,317.95,11.1328,220.8,7,0,18,3,0,0,0,1,0,0,0,0,1,0,0,0,0,1,0,0,-1.0,-0.0,-0.5,-0.866025
605.73,21.0,4.8,1.2,726.88,28.8443,504.775,8,1,0,3,0,0,0,0,0,0,0,0,0,0,0,0,0,0,1,0,0.0,1.0,-0.866025,-0.5
232.69,41.6,3.7,1.2,279.23,5.5935,193.90833333333333,8,1,6,3,0,0,0,1,0,0,0,0,1,0,0,0,0,0,0,0,1.0,0.0,-0.866025,-0.5
605.22,14.4,4.9,1.2,726.26,42.0292,504.35,8,1,12,3,0,0,0,1,0,0,0,0,0,0,0,0,0,0,0,0,0.0,-1.0,-0.866025,-0.5
459.11,45.0,4.4,1.0,459.11,10.2024,459.11,8,1,18,3,0,0,0,0,0,1,1,0,0,0,1,0,0,1,0,0,-1.0,-0.0,-0.866025,-0.5
613.29,9.8,3.7,1.0,613.29,62.5806,613.29,8,2,0,3,0,0,0,0,1,0,0,1,0,0,1,0,0,0,1,0,0.0,1.0,-0.866025,-0.5
479.42,57.5,5.0,1.0,479.42,8.3377,479.42,8,2,6,3,0,0,1,0,0,0,1,0,0,0,0,0,0,0,0,0,1.0,0.0,-0.866025,-0.5
770.98,26.4,4.2,1.5,1156.47,29.2038,513.9866666666667,8,2,12,3,0,0,0,0,1,0,0,0,1,0,0,0,0,0,0,0,0.0,-1.0,-0.866025,-0.5
539.32,6.5,3.3,1.2,647.18,82.9723,449.4333333333334,8,2,18,3,0,0,0,0,1,0,0,0,0,0,0,0,1,1,0,0,-1.0,-0.0,-0.866025,-0.5
464.07,18.3,3.9,1.0,464.07,25.359,464.07,8,3,0,3,0,0,0,1,0,0,0,0,1,0,0,0,0,0,1,0,0.0,1.0,-0.866025,-0.5
93.7,16.8,3.8,1.0,93.7,5.5774,93.7,8,3,6,3,0,0,0,0,1,0,0,0,0,0,0,0,0,0,0,0,1.0,0.0,-0.866025,-0.5
786.46,3.3,4.0,2.0,1572.92,238.3212,393.23,8,3,12,3,0,0,0,0,0,0,0,0,0,0,0,0,0,0,0,1,0.0,-1.0,-0.866025,-0.5
167.57,19.7,4.1,1.0,167.57,8.5061,167.57,8,3,18,3,0,0,0,1,0,0,0,0,0,0,1,0,0,1,0,0,-1.0,-0.0,-0.866025,-0.5
200.93,8.3,4.2,1.5,301.4,24.2084,133.95333333333335,8,4,0,3,0,0,0,0,0,0,0,1,0,0,0,0,1,0,1,0,0.0,1.0,-0.866025,-0.5
642.12,1.2,4.2,1.0,642.12,535.1,642.12,8,4,6,3,0,0,1,0,0,0,0,0,0,0,0,0,0,0,0,0,1.0,0.0,-0.866025,-0.5
440.26,65.3,4.3,1.0,440.26,6.7421,440.26,8,4,12,3,0,0,0,1,0,0,0,1,0,1,0,0,0,0,0,0,0.0,-1.0,-0.866025,-0.5
171.98,22.6,4.6,1.2,206.38,7.6097,143.31666666666666,8,4,18,3,0,0,1,0,0,0,0,1,0,1,0,0,0,1,0,0,-1.0,-0.0,-0.866025,-0.5
315.82,46.1,3.9,1.2,378.98,6.8508,263.18333333333334,8,5,0,3,1,0,0,1,0,0,1,0,0,0,0,0,0,0,1,0,0.0,1.0,-0.866025,-0.5
765.96,24.8,4.9,1.2,919.15,30.8855,638.3000000000001,8,5,6,3,1,0,0,0,0,1,1,0,0,0,0,0,0,0,0,0,1.0,0.0,-0.866025,-0.5
472.14,9.7,3.7,1.0,472.14,48.6742,472.14,8,5,12,3,1,0,0,0,1,0,0,1,0,0,0,0,0,0,0,0,0.0,-1.0,-0.866025,-0.5
445.86,15.8,4.6,1.0,445.86,28.219,445.86,8,5,18,3,1,0,0,0,0,1,0,0,0,0,0,0,1,1,0,0,-1.0,-0.0,-0.866025,-0.5
295.03,24.8,5.0,1.2,354.04,11.8964,245.8583333333333,8,6,0,3,1,0,1,0,0,0,0,0,0,0,0,0,0,0,1,0,0.0,1.0,-0.866025,-0.5
653.48,71.0,4.3,1.0,653.48,9.2039,653.48,8,6,6,3,1,0,0,0,1,0,0,0,0,0,1,0,0,0,0,0,1.0,0.0,-0.866025,-0.5
412.31,6.4,4.4,1.0,412.31,64.4234,412.31,8,6,12,3,1,0,0,1,0,0,0,0,0,0,0,0,0,0,0,0,0.0,-1.0,-0.866025,-0.5
593.49,45.7,3.8,1.5,890.24,12.9867,395.66,8,6,18,3,1,0,0,0,1,0,0,0,0,0,1,0,0,1,0,0,-1.0,-0.0,-0.866025,-0.5
278.46,56.7,4.0,1.0,278.46,4.9111,278.46,8,0,0,3,0,0,0,0,0,0,0,0,0,0,0,0,0,0,1,0,0.0,1.0,-0.866025,-0.5
1122.71,24.4,5.0,1.0,1122.71,46.0127,1122.71,8,0,6,3,0,0,0,0,1,0,0,0,1,0,1,0,0,0,0,0,1.0,0.0,-0.866025,-0.5
835.17,58.9,4.7,1.2,1002.2,14.1795,695.975,8,0,12,3,0,0,0,0,0,0,0,1,0,1,0,0,0,0,0,0,0.0,-1.0,-0.866025,-0.5
469.57,11.2,4.5,2.0,939.14,41.9259,234.785,8,0,18,3,0,0,0,0,1,0,0,0,0,1,0,0,0,1,0,1,-1.0,-0.0,-0.866025,-0.5
522.31,67.3,3.3,1.0,522.31,7.7609,522.31,8,1,0,3,0,0,0,0,0,0,0,1,0,1,0,0,0,0,1,0,0.0,1.0,-0.866025,-0.5
317.46,26.7,3.9,1.0,317.46,11.8899,317.46,8,1,6,3,0,0,1,0,0,0,0,0,0,0,0,0,0,0,0,0,1.0,0.0,-0.866025,-0.5
617.16,0.9,4.3,1.5,925.74,685.7333,411.44,8,1,12,3,0,0,0,0,0,1,0,1,0,0,1,0,0,0,0,0,0.0,-1.0,-0.866025,-0.5
107.47,52.2,4.5,1.5,161.2,2.0588,71.64666666666666,8,1,18,3,0,0,0,1,0,0,0,1,0,0,0,0,0,1,0,0,-1.0,-0.0,-0.866025,-0.5
939.73,14.6,4.6,1.2,1127.68,64.3651,783.1083333333333,8,2,0,3,0,0,0,0,1,0,0,1,0,0,0,0,0,0,1,0,0.0,1.0,-0.866025,-0.5
599.27,13.6,4.4,1.0,599.27,44.064,599.27,8,2,6,3,0,0,0,0,0,1,0,1,0,0,0,0,0,0,0,0,1.0,0.0,-0.866025,-0.5
248.14,18.4,4.0,1.0,248.14,13.4859,248.14,8,2,12,3,0,0,0,1,0,0,0,0,1,0,0,0,0,0,0,0,0.0,-1.0,-0.866025,-0.5
928.32,3.6,4.5,1.2,1113.98,257.8667,773.6,8,2,18,3,0,0,0,1,0,0,1,0,0,0,0,0,0,1,0,0,-1.0,-0.0,-0.866025,-0.5
1074.53,13.9,3.5,1.5,1611.8,77.3043,716.3533333333334,8,3,0,3,0,0,0,0,0,0,0,1,0,0,0,0,1,0,1,0,0.0,1.0,-0.866025,-0.5
536.6,39.1,4.3,1.5,804.9,13.7238,357.7333333333333,8,3,6,3,0,0,1,0,0,0,0,1,0,0,0,0,0,0,0,0,1.0,0.0,-0.866025,-0.5
281.08,0.3,3.9,1.0,281.08,936.9333,281.08,8,3,12,3,0,0,1,0,0,0,0,1,0,0,1,0,0,0,0,0,0.0,-1.0,-0.866025,-0.5
449.47,7.0,4.4,1.0,449.47,64.21,449.47,8,3,18,3,0,0,0,0,0,1,0,0,0,0,0,0,0,1,0,0,-1.0,-0.0,-0.866025,-0.5
575.5,0.1,3.5,1.0,575.5,5755.0,575.5,8,4,0,3,0,0,1,0,0,0,0,0,0,0,0,0,0,0,1,0,0.0,1.0,-0.866025,-0.5
514.22,11.8,4.4,2.0,1028.44,43.578,257.11,8,4,6,3,0,0,0,0,1,0,0,0,0,0,0,0,0,0,0,1,1.0,0.0,-0.866025,-0.5
248.16,28.7,3.8,1.2,297.79,8.6467,206.8,8,4,12,3,0,0,1,0,0,0,0,1,0,0,0,0,1,0,0,0,0.0,-1.0,-0.866025,-0.5
570.3,35.3,3.9,1.0,570.3,16.1558,570.3,8,4,18,3,0,0,0,0,0,1,0,1,0,1,0,0,0,1,0,0,-1.0,-0.0,-0.866025,-0.5
761.56,63.9,4.9,1.0,761.56,11.918,761.56,8,5,0,3,1,0,1,0,0,0,0,0,0,0,0,0,1,0,1,0,0.0,1.0,-0.866025,-0.5
215.36,20.6,4.3,1.0,215.36,10.4544,215.36,8,5,6,3,1,0,0,0,1,0,0,0,1,0,0,0,1,0,0,0,1.0,0.0,-0.866025,-0.5
230.44,6.5,3.8,1.0,230.44,35.4523,230.44,8,5,12,3,1,0,0,0,0,0,0,0,1,0,0,0,0,0,0,0,0.0,-1.0,-0.866025,-0.5
310.36,56.7,4.4,1.5,465.54,5.4737,206.90666666666667,8,5,18,3,1,0,0,0,0,1,1,0,0,0,0,0,0,1,0,0,-1.0,-0.0,-0.866025,-0.5
392.6,32.8,3.6,1.2,471.12,11.9695,327.1666666666667,8,6,0,3,1,0,0,0,0,0,0,1,0,0,1,0,0,0,1,0,0.0,1.0,-0.866025,-0.5
661.76,18.8,4.5,1.0,661.76,35.2,661.76,8,6,6,3,1,0,0,0,0,0,1,0,0,0,0,0,0,0,0,0,1.0,0.0,-0.866025,-0.5
757.4,26.2,4.9,1.0,757.4,28.9084,757.4,8,6,12,3,1,0,0,0,0,0,0,0,0,0,0,0,0,0,0,0,0.0,-1.0,-0.866025,-0.5
274.32,56.8,4.6,1.5,411.48,4.8296,182.88,8,6,18,3,1,0,0,1,0,0,1,0,0,0,0,0,0,1,0,0,-1.0,-0.0,-0.866025,-0.5
487.48,27.4,5.0,1.0,487.48,17.7912,487.48,8,0,0,3,0,0,0,1,0,0,0,0,0,0,1,0,0,0,1,0,0.0,1.0,-0.866025,-0.5
742.35,10.1,3.3,1.0,742.35,73.5,742.35,8,0,6,3,0,0,0,0,0,0,1,0,0,0,1,0,0,0,0,0,1.0,0.0,-0.866025,-0.5
1154.44,27.5,4.4,2.0,2308.88,41.9796,577.22,8,0,12,3,0,0,0,0,0,1,0,0,0,0,0,0,0,0,0,1,0.0,-1.0,-0.866025,-0.5
486.18,0.9,3.6,1.5,729.27,540.2,324.12,8,0,18,3,0,0,0,0,1,0,1,0,0,0,0,0,0,1,0,0,-1.0,-0.0,-0.866025,-0.5
499.84,10.7,4.2,1.5,749.76,46.714,333.22666666666663,8,1,0,3,0,0,0,0,1,0,0,0,1,0,1,0,0,0,1,0,0.0,1.0,-0.866025,-0.5
538.26,11.5,4.3,1.0,538.26,46.8052,538.26,8,1,6,3,0,0,1,0,0,0,0,0,0,0,1,0,0,0,0,0,1.0,0.0,-0.866025,-0.5
370.95,4.0,5.0,1.0,370.95,92.7375,370.95,8,1,12,3,0,0,0,0,0,1,0,1,0,0,0,0,0,0,0,0,0.0,-1.0,-0.866025,-0.5
467.34,0.5,4.3,1.0,467.34,934.68,467.34,8,1,18,3,0,0,0,1,0,0,0,0,1,0,1,0,0,1,0,0,-1.0,-0.0,-0.866025,-0.5
125.26,3.1,4.3,1.0,125.26,40.4065,125.26,8,2,0,3,0,0,0,0,0,0,0,1,0,0,0,0,0,0,1,0,0.0,1.0,-0.866025,-0.5
318.41,23.4,4.8,1.2,382.09,13.6073,265.3416666666667,8,2,6,3,0,0,1,0,0,0,1,0,0,0,0,0,0,0,0,0,1.0,0.0,-0.866025,-0.5
565.86,35.7,4.3,1.0,565.86,15.8504,565.86,8,2,12,3,0,0,0,0,1,0,0,1,0,0,1,0,0,0,0,0,0.0,-1.0,-0.866025,-0.5
265.42,97.7,5.0,1.2,318.5,2.7167,221.18333333333337,8,2,18,3,0,0,0,1,0,0,0,0,0,0,1,0,0,1,0,0,-1.0,-0.0,-0.866025,-0.5
669.45,9.4,4.6,1.0,669.45,71.2181,669.45,8,3,0,3,0,0,0,1,0,0,0,0,0,0,0,0,0,0,1,0,0.0,1.0,-0.866025,-0.5
154.14,20.1,4.7,1.0,154.14,7.6687,154.14,8,3,6,3,0,0,0,0,0,0,0,0,0,0,1,0,0,0,0,0,1.0,0.0,-0.866025,-0.5
656.67,60.9,3.4,2.0,1313.34,10.7828,328.335,8,3,12,3,0,0,0,0,1,0,1,0,0,0,1,0,0,0,0,1,0.0,-1.0,-0.866025,-0.5
655.79,4.0,5.0,1.0,655.79,163.9475,655.79,8,3,18,3,0,0,0,0,0,1,0,0,0,0,1,0,0,1,0,0,-1.0,-0.0,-0.866025,-0.5
1164.72,27.8,4.0,1.0,1164.72,41.8964,1164.72,8,4,0,3,0,0,0,1,0,0,0,1,0,0,1,0,0,0,1,0,0.0,1.0,-0.866025,-0.5
363.14,30.9,4.3,1.0,363.14,11.7521,363.14,8,4,6,3,0,0,0,0,0,0,0,1,0,0,1,0,0,0,0,0,1.0,0.0,-0.866025,-0.5
440.45,2.1,4.0,1.0,440.45,209.7381,440.45,8,4,12,3,0,0,0,0,0,1,0,1,0,0,0,0,0,0,0,0,0.0,-1.0,-0.866025,-0.5
894.58,43.5,3.8,1.0,894.58,20.5651,894.58,8,4,18,3,0,0,0,0,1,0,1,0,0,0,0,0,0,1,0,0,-1.0,-0.0,-0.866025,-0.5
838.38,36.9,3.7,1.0,838.38,22.7203,838.38,8,5,0,3,1,0,0,1,0,0,0,0,1,0,0,0,0,0,1,0,0.0,1.0,-0.866025,-0.5
718.47,0.7,4.4,1.2,862.16,1026.3857,598.725,8,5,6,3,1,0,0,0,0,1,0,1,0,0,0,0,0,0,0,0,1.0,0.0,-0.866025,-0.5
523.15,2.1,3.3,1.5,784.72,249.119,348.76666666666665,8,5,12,3,1,0,0,0,0,1,1,0,0,0,1,0,0,0,0,0,0.0,-1.0,-0.866025,-0.5
882.61,1.1,4.2,1.0,882.61,802.3727,882.61,8,5,18,3,1,0,0,0,0,1,1,0,0,0,0,0,0,1,0,0,-1.0,-0.0,-0.866025,-0.5
1369.1,9.0,4.8,1.0,1369.1,152.1222,1369.1,8,6,0,3,1,0,0,1,0,0,0,1,0,0,0,0,0,0,1,0,0.0,1.0,-0.866025,-0.5
592.24,15.7,4.6,1.2,710.69,37.7223,493.53333333333336,8,6,6,3,1,0,0,1,0,0,0,0,1,0,0,0,0,0,0,0,1.0,0.0,-0.866025,-0.5
451.43,16.7,4.5,1.0,451.43,27.0317,451.43,8,6,12,3,1,0,1,0,0,0,0,0,0,0,0,0,0,0,0,0,0.0,-1.0,-0.866025,-0.5
627.76,6.9,3.9,1.2,753.31,90.9797,523.1333333333333,8,6,18,3,1,0,0,0,1,0,0,0,0,0,0,0,0,1,0,0,-1.0,-0.0,-0.866025,-0.5
482.69,53.4,3.5,1.2,579.23,9.0391,402.2416666666667,8,0,0,3,0,0,0,0,0,0,1,0,0,0,1,0,0,0,1,0,0.0,1.0,-0.866025,-0.5
380.22,10.1,4.8,1.0,380.22,37.6455,380.22,8,0,6,3,0,0,0,0,0,1,0,1,0,0,0,0,0,0,0,0,1.0,0.0,-0.866025,-0.5
670.86,1.0,4.1,1.5,1006.29,670.86,447.24,8,0,12,3,0,0,1,0,0,0,1,0,0,0,1,0,0,0,0,0,0.0,-1.0,-0.866025,-0.5
335.33,7.9,4.3,1.5,503.0,42.4468,223.5533333333333,8,0,18,3,0,0,0,0,0,0,1,0,0,0,0,0,1,1,0,0,-1.0,-0.0,-0.866025,-0.5
586.19,16.7,4.2,1.5,879.29,35.1012,390.79333333333335,8,1,0,3,0,0,1,0,0,0,0,0,0,0,0,0,0,0,1,0,0.0,1.0,-0.866025,-0.5
176.42,11.5,4.6,1.0,176.42,15.3409,176.42,8,1,6,3,0,0,0,1,0,0,1,0,0,0,0,0,0,0,0,0,1.0,0.0,-0.866025,-0.5
960.46,7.0,5.0,1.0,960.46,137.2086,960.46,8,1,12,3,0,0,0,0,0,1,0,1,0,0,0,0,0,0,0,0,0.0,-1.0,-0.866025,-0.5
285.58,3.1,5.0,1.5,428.37,92.1226,190.38666666666663,8,1,18,3,0,0,0,0,0,0,0,1,0,0,1,0,0,1,0,0,-1.0,-0.0,-0.866025,-0.5
198.79,37.6,3.1,1.0,198.79,5.287,198.79,8,2,0,3,0,0,0,0,0,0,0,1,0,0,1,0,0,0,1,0,0.0,1.0,-0.866025,-0.5
824.15,122.3,4.1,1.5,1236.22,6.7388,549.4333333333333,8,2,6,3,0,0,0,0,0,0,0,0,1,0,0,0,0,0,0,0,1.0,0.0,-0.866025,-0.5
900.4,8.8,3.6,1.0,900.4,102.3182,900.4,8,2,12,3,0,0,0,0,0,0,0,0,0,0,0,1,0,0,0,0,0.0,-1.0,-0.866025,-0.5
517.76,10.6,4.8,1.0,517.76,48.8453,517.76,8,2,18,3,0,0,0,0,0,0,0,1,0,1,0,0,0,1,0,0,-1.0,-0.0,-0.866025,-0.5
418.5,21.2,4.3,1.2,502.2,19.7406,348.75,8,3,0,3,0,0,1,0,0,0,0,1,0,0,0,0,0,0,1,0,0.0,1.0,-0.866025,-0.5
367.82,27.9,4.6,1.2,441.38,13.1835,306.51666666666665,8,3,6,3,0,0,0,0,0,1,1,0,0,0,0,0,0,0,0,0,1.0,0.0,-0.866025,-0.5
503.56,10.9,4.1,1.2,604.27,46.1982,419.6333333333333,8,3,12,3,0,0,0,1,0,0,0,1,0,1,0,0,0,0,0,0,0.0,-1.0,-0.866025,-0.5
430.8,51.8,3.8,2.0,861.6,8.3166,215.4,8,3,18,3,0,0,0,1,0,0,0,0,0,0,1,0,0,1,0,1,-1.0,-0.0,-0.866025,-0.5
403.66,18.1,3.9,1.0,403.66,22.3017,403.66,8,4,0,3,0,0,0,1,0,0,0,0,0,1,0,0,0,0,1,0,0.0,1.0,-0.866025,-0.5
268.64,13.2,3.5,1.0,268.64,20.3515,268.64,8,4,6,3,0,0,0,1,0,0,0,0,0,0,1,0,0,0,0,0,1.0,0.0,-0.866025,-0.5
226.1,22.9,3.7,1.5,339.15,9.8734,150.73333333333332,8,4,12,3,0,0,1,0,0,0,1,0,0,1,0,0,0,0,0,0,0.0,-1.0,-0.866025,-0.5
460.41,67.2,3.6,1.0,460.41,6.8513,460.41,8,4,18,3,0,0,0,0,1,0,0,0,0,0,0,0,0,1,0,0,-1.0,-0.0,-0.866025,-0.5
495.75,34.8,3.8,1.2,594.9,14.2457,413.125,8,5,0,3,1,0,0,0,0,1,0,0,0,0,1,0,0,0,1,0,0.0,1.0,-0.866025,-0.5
294.77,0.9,3.8,1.0,294.77,327.5222,294.77,8,5,6,3,1,0,0,0,0,0,0,0,1,0,0,0,1,0,0,0,1.0,0.0,-0.866025,-0.5
318.27,8.9,4.5,1.0,318.27,35.7607,318.27,8,5,12,3,1,0,0,0,1,0,0,0,0,0,1,0,0,0,0,0,0.0,-1.0,-0.866025,-0.5
495.15,14.0,4.5,1.0,495.15,35.3679,495.15,8,5,18,3,1,0,0,1,0,0,0,0,1,0,0,0,0,1,0,0,-1.0,-0.0,-0.866025,-0.5
264.66,8.3,4.5,1.0,264.66,31.8867,264.66,8,6,0,3,1,0,0,0,1,0,0,1,0,0,0,0,0,0,1,0,0.0,1.0,-0.866025,-0.5
732.2,26.5,4.9,1.5,1098.3,27.6302,488.1333333333334,8,6,6,3,1,0,0,0,0,1,1,0,0,0,0,0,0,0,0,0,1.0,0.0,-0.866025,-0.5
574.52,38.5,4.3,1.2,689.42,14.9226,478.76666666666665,8,6,12,3,1,0,0,0,0,0,0,0,0,0,0,0,0,0,0,0,0.0,-1.0,-0.866025,-0.5
293.24,28.9,3.9,1.2,351.89,10.1467,244.36666666666667,8,6,18,3,1,0,0,0,0,0,0,0,0,0,0,0,0,1,0,0,-1.0,-0.0,-0.866025,-0.5
559.93,99.9,5.0,1.0,559.93,5.6049,559.93,8,0,0,3,0,0,0,0,0,1,1,0,0,0,1,0,0,0,1,0,0.0,1.0,-0.866025,-0.5
268.34,7.0,4.8,1.0,268.34,38.3343,268.34,8,0,6,3,0,0,0,0,0,1,1,0,0,0,1,0,0,0,0,0,1.0,0.0,-0.866025,-0.5
657.3,45.7,4.4,1.0,657.3,14.3829,657.3,8,0,12,3,0,0,0,1,0,0,1,0,0,0,0,0,0,0,0,0,0.0,-1.0,-0.866025,-0.5
274.34,32.0,4.3,1.0,274.34,8.5731,274.34,8,0,18,3,0,0,0,0,0,0,0,0,0,0,1,0,0,1,0,0,-1.0,-0.0,-0.866025,-0.5
414.22,9.9,4.4,1.0,414.22,41.8404,414.22,8,1,0,3,0,0,0,0,1,0,1,0,0,0,0,0,0,0,1,0,0.0,1.0,-0.866025,-0.5
474.83,29.1,4.2,1.0,474.83,16.3172,474.83,8,1,6,3,0,0,1,0,0,0,1,0,0,0,0,0,0,0,0,0,1.0,0.0,-0.866025,-0.5
893.64,2.4,4.4,1.0,893.64,372.35,893.64,8,1,12,3,0,0,1,0,0,0,0,1,0,0,0,0,0,0,0,0,0.0,-1.0,-0.866025,-0.5
284.33,34.3,4.5,1.0,284.33,8.2895,284.33,8,1,18,3,0,0,0,0,0,1,1,0,0,0,0,0,0,1,0,0,-1.0,-0.0,-0.866025,-0.5
277.84,16.7,3.9,1.0,277.84,16.6371,277.84,8,2,0,3,0,0,0,1,0,0,1,0,0,0,0,0,0,0,1,0,0.0,1.0,-0.866025,-0.5
183.19,7.6,3.5,1.0,183.19,24.1039,183.19,8,2,6,3,0,0,1,0,0,0,0,1,0,0,0,0,0,0,0,0,1.0,0.0,-0.866025,-0.5
1024.18,23.5,3.3,1.0,1024.18,43.5821,1024.18,8,2,12,3,0,0,0,0,0,0,0,0,0,0,0,0,0,0,0,0,0.0,-1.0,-0.866025,-0.5
448.05,22.6,4.7,1.0,448.05,19.8252,448.05,8,2,18,3,0,0,0,0,0,1,0,1,0,1,0,0,0,1,0,0,-1.0,-0.0,-0.866025,-0.5
740.96,5.2,3.5,2.0,1481.92,142.4923,370.48,8,3,0,3,0,0,0,0,1,0,0,0,0,0,0,0,0,0,1,1,0.0,1.0,-0.866025,-0.5
321.37,0.7,4.5,1.0,321.37,459.1,321.37,8,3,6,3,0,0,0,0,0,1,0,1,0,0,1,0,0,0,0,0,1.0,0.0,-0.866025,-0.5
337.84,12.5,3.7,1.5,506.76,27.0272,225.22666666666663,8,3,12,3,0,0,0,0,1,0,0,1,0,0,1,0,0,0,0,0,0.0,-1.0,-0.866025,-0.5
429.53,18.5,3.7,1.0,429.53,23.2178,429.53,8,3,18,3,0,0,0,0,0,1,0,0,0,0,1,0,0,1,0,0,-1.0,-0.0,-0.866025,-0.5
436.2,46.0,3.9,1.5,654.3,9.4826,290.8,9,4,0,3,0,0,0,0,0,1,0,0,0,0,0,0,1,0,1,0,0.0,1.0,-1.0,-0.0
616.43,58.0,4.4,1.0,616.43,10.6281,616.43,9,4,6,3,0,0,0,0,0,1,0,0,0,0,0,0,0,0,0,0,1.0,0.0,-1.0,-0.0
454.79,16.6,3.7,1.2,545.75,27.397,378.9916666666667,9,4,12,3,0,0,0,0,1,0,1,0,0,0,0,0,0,0,0,0,0.0,-1.0,-1.0,-0.0
359.98,30.8,4.0,1.0,359.98,11.6877,359.98,9,4,18,3,0,0,0,0,1,0,0,0,1,1,0,0,0,1,0,0,-1.0,-0.0,-1.0,-0.0
1033.73,12.7,4.3,1.2,1240.48,81.3961,861.4416666666667,9,5,0,3,1,0,0,0,0,1,0,0,0,0,0,0,0,0,1,0,0.0,1.0,-1.0,-0.0
266.57,30.2,3.7,1.0,266.57,8.8268,266.57,9,5,6,3,1,0,1,0,0,0,0,0,1,0,1,0,0,0,0,0,1.0,0.0,-1.0,-0.0
285.2,5.0,5.0,1.0,285.2,57.04,285.2,9,5,12,3,1,0,0,1,0,0,0,1,0,0,1,0,0,0,0,0,0.0,-1.0,-1.0,-0.0
268.72,10.2,3.4,1.2,322.46,26.3451,223.93333333333337,9,5,18,3,1,0,0,1,0,0,0,0,0,0,1,0,0,1,0,0,-1.0,-0.0,-1.0,-0.0
628.38,22.1,4.2,1.0,628.38,28.4335,628.38,9,6,0,3,1,0,0,1,0,0,0,0,0,0,0,0,1,0,1,0,0.0,1.0,-1.0,-0.0
551.31,0.4,4.9,2.0,1102.62,1378.275,275.655,9,6,6,3,1,0,0,0,1,0,0,1,0,0,0,0,1,0,0,1,1.0,0.0,-1.0,-0.0
404.57,28.2,3.6,1.0,404.57,14.3465,404.57,9,6,12,3,1,0,0,0,1,0,1,0,0,0,1,0,0,0,0,0,0.0,-1.0,-1.0,-0.0
260.97,39.7,4.2,1.0,260.97,6.5736,260.97,9,6,18,3,1,0,1,0,0,0,1,0,0,0,0,0,0,1,0,0,-1.0,-0.0,-1.0,-0.0
473.79,11.2,4.4,1.2,568.55,42.3027,394.8250000000001,9,0,0,3,0,0,0,1,0,0,0,0,0,1,0,0,0,0,1,0,0.0,1.0,-1.0,-0.0
672.18,13.1,3.9,1.0,672.18,51.3115,672.18,9,0,6,3,0,0,0,1,0,0,0,0,0,0,0,0,0,0,0,0,1.0,0.0,-1.0,-0.0
911.86,41.9,4.3,1.0,911.86,21.7628,911.86,9,0,12,3,0,0,0,0,0,1,0,1,0,0,0,0,0,0,0,0,0.0,-1.0,-1.0,-0.0
313.87,32.9,4.6,1.2,376.64,9.5401,261.55833333333334,9,0,18,3,0,0,0,0,1,0,0,0,0,1,0,0,0,1,0,0,-1.0,-0.0,-1.0,-0.0
403.82,7.5,4.1,1.2,484.58,53.8427,336.51666666666665,9,1,0,3,0,0,0,1,0,0,0,0,0,0,0,0,0,0,1,0,0.0,1.0,-1.0,-0.0
548.62,8.6,4.7,2.0,1097.24,63.793,274.31,9,1,6,3,0,0,1,0,0,0,0,0,0,0,0,0,0,0,0,1,1.0,0.0,-1.0,-0.0
358.03,25.0,4.5,1.0,358.03,14.3212,358.03,9,1,12,3,0,0,1,0,0,0,1,0,0,0,0,0,0,0,0,0,0.0,-1.0,-1.0,-0.0
200.98,18.2,4.0,1.0,200.98,11.0429,200.98,9,1,18,3,0,0,0,1,0,0,0,0,1,1,0,0,0,1,0,0,-1.0,-0.0,-1.0,-0.0
404.9,3.9,4.9,1.0,404.9,103.8205,404.9,9,2,0,3,0,0,0,0,1,0,0,1,0,0,0,0,0,0,1,0,0.0,1.0,-1.0,-0.0
216.39,8.2,3.9,1.0,216.39,26.389,216.39,9,2,6,3,0,0,1,0,0,0,0,0,1,0,1,0,0,0,0,0,1.0,0.0,-1.0,-0.0
700.81,50.7,4.7,1.2,840.97,13.8227,584.0083333333333,9,2,12,3,0,0,0,0,0,1,0,0,0,0,0,0,0,0,0,0,0.0,-1.0,-1.0,-0.0
373.48,25.6,3.9,1.0,373.48,14.5891,373.48,9,2,18,3,0,0,1,0,0,0,0,1,0,0,1,0,0,1,0,0,-1.0,-0.0,-1.0,-0.0
426.11,93.9,4.1,1.0,426.11,4.5379,426.11,9,3,0,3,0,0,0,0,0,0,0,0,0,0,1,0,0,0,1,0,0.0,1.0,-1.0,-0.0
289.39,32.0,4.2,1.0,289.39,9.0434,289.39,9,3,6,3,0,0,0,0,0,0,0,1,0,0,0,0,0,0,0,0,1.0,0.0,-1.0,-0.0
434.72,62.6,4.5,1.2,521.66,6.9444,362.2666666666667,9,3,12,3,0,0,0,0,1,0,0,0,1,0,0,0,0,0,0,0,0.0,-1.0,-1.0,-0.0
804.04,5.4,3.1,1.5,1206.06,148.8963,536.0266666666666,9,3,18,3,0,0,0,1,0,0,0,1,0,0,0,0,0,1,0,0,-1.0,-0.0,-1.0,-0.0
738.72,32.5,4.5,1.2,886.46,22.7298,615.6,9,4,0,3,0,0,0,0,1,0,0,0,0,0,0,0,1,0,1,0,0.0,1.0,-1.0,-0.0
236.12,0.4,4.2,1.0,236.12,590.3,236.12,9,4,6,3,0,0,0,0,1,0,0,1,0,0,1,0,0,0,0,0,1.0,0.0,-1.0,-0.0
64.69,24.4,4.4,1.2,77.63,2.6512,53.90833333333333,9,4,12,3,0,0,0,0,1,0,0,0,0,0,0,0,1,0,0,0,0.0,-1.0,-1.0,-0.0
406.54,13.9,4.6,1.2,487.85,29.2475,338.78333333333336,9,4,18,3,0,0,0,0,1,0,1,0,0,0,0,0,0,1,0,0,-1.0,-0.0,-1.0,-0.0
374.85,9.4,4.5,1.0,374.85,39.8777,374.85,9,5,0,3,1,0,0,0,0,1,0,1,0,0,1,0,0,0,1,0,0.0,1.0,-1.0,-0.0
362.71,43.6,3.3,1.0,362.71,8.319,362.71,9,5,6,3,1,0,0,0,0,1,0,1,0,0,1,0,0,0,0,0,1.0,0.0,-1.0,-0.0
324.91,42.4,3.8,1.0,324.91,7.663,324.91,9,5,12,3,1,0,1,0,0,0,0,1,0,0,1,0,0,0,0,0,0.0,-1.0,-1.0,-0.0
232.98,0.5,4.5,1.0,232.98,465.96,232.98,9,5,18,3,1,0,0,0,0,0,0,1,0,0,0,0,1,1,0,0,-1.0,-0.0,-1.0,-0.0
1204.7,20.7,4.4,1.5,1807.05,58.1981,803.1333333333333,9,6,0,3,1,0,0,0,1,0,0,0,0,0,0,0,0,0,1,0,0.0,1.0,-1.0,-0.0
1023.72,10.1,3.9,1.0,1023.72,101.3584,1023.72,9,6,6,3,1,0,1,0,0,0,0,1,0,0,0,0,0,0,0,0,1.0,0.0,-1.0,-0.0
354.44,11.8,4.7,1.0,354.44,30.0373,354.44,9,6,12,3,1,0,0,0,0,0,0,0,0,0,1,0,0,0,0,0,0.0,-1.0,-1.0,-0.0
470.36,39.2,4.2,1.5,705.54,11.999,313.5733333333333,9,6,18,3,1,0,0,1,0,0,1,0,0,0,1,0,0,1,0,0,-1.0,-0.0,-1.0,-0.0
707.0,8.2,4.7,1.5,1060.5,86.2195,471.3333333333333,9,0,0,3,0,0,0,0,0,1,1,0,0,0,1,0,0,0,1,0,0.0,1.0,-1.0,-0.0
469.57,63.0,4.9,1.2,563.48,7.4535,391.3083333333333,9,0,6,3,0,0,0,0,0,0,1,0,0,0,0,0,0,0,0,0,1.0,0.0,-1.0,-0.0
339.33,4.4,4.4,1.0,339.33,77.1205,339.33,9,0,12,3,0,0,0,1,0,0,0,1,0,0,0,0,0,0,0,0,0.0,-1.0,-1.0,-0.0
203.15,23.9,4.6,1.0,203.15,8.5,203.15,9,0,18,3,0,0,0,0,0,0,0,1,0,0,0,0,0,1,0,0,-1.0,-0.0,-1.0,-0.0
442.81,24.5,4.0,1.0,442.81,18.0739,442.81,9,1,0,3,0,0,0,0,0,1,0,0,0,0,0,0,0,0,1,0,0.0,1.0,-1.0,-0.0
218.33,6.4,4.7,1.0,218.33,34.1141,218.33,9,1,6,3,0,0,0,0,0,1,1,0,0,0,1,0,0,0,0,0,1.0,0.0,-1.0,-0.0
777.11,8.6,4.4,1.0,777.11,90.3616,777.11,9,1,12,3,0,0,1,0,0,0,0,0,0,0,1,0,0,0,0,0,0.0,-1.0,-1.0,-0.0
432.62,39.6,4.2,1.0,432.62,10.9247,432.62,9,1,18,3,0,0,0,0,1,0,0,1,0,0,0,0,0,1,0,0,-1.0,-0.0,-1.0,-0.0
570.84,31.6,3.7,1.0,570.84,18.0646,570.84,9,2,0,3,0,0,0,0,0,0,0,0,0,0,0,0,0,0,1,0,0.0,1.0,-1.0,-0.0
368.89,8.8,4.1,1.0,368.89,41.9193,368.89,9,2,6,3,0,0,0,0,0,0,0,0,0,0,0,0,0,0,0,0,1.0,0.0,-1.0,-0.0
659.4,16.8,3.7,1.0,659.4,39.25,659.4,9,2,12,3,0,0,0,1,0,0,0,1,0,0,0,0,0,0,0,0,0.0,-1.0,-1.0,-0.0
310.23,1.4,4.7,1.2,372.28,221.5929,258.52500000000003,9,2,18,3,0,0,0,0,0,1,0,0,0,0,1,0,0,1,0,0,-1.0,-0.0,-1.0,-0.0
510.36,5.2,4.9,1.2,612.43,98.1462,425.3,9,3,0,3,0,0,0,0,0,0,1,0,0,0,0,0,1,0,1,0,0.0,1.0,-1.0,-0.0
361.63,14.6,4.8,1.0,361.63,24.7692,361.63,9,3,6,3,0,0,0,0,0,1,0,0,0,0,0,0,0,0,0,0,1.0,0.0,-1.0,-0.0
390.98,2.0,5.0,1.0,390.98,195.49,390.98,9,3,12,3,0,0,0,0,0,0,0,0,0,0,1,0,0,0,0,0,0.0,-1.0,-1.0,-0.0
702.45,40.8,4.1,1.0,702.45,17.2169,702.45,9,3,18,3,0,0,1,0,0,0,0,1,0,1,0,0,0,1,0,0,-1.0,-0.0,-1.0,-0.0
288.15,27.8,4.6,1.0,288.15,10.3651,288.15,9,4,0,3,0,0,0,0,1,0,0,0,0,1,0,0,0,0,1,0,0.0,1.0,-1.0,-0.0
528.13,63.3,3.7,1.0,528.13,8.3433,528.13,9,4,6,3,0,0,0,0,0,0,0,0,0,0,0,0,0,0,0,0,1.0,0.0,-1.0,-0.0
822.72,26.0,4.2,1.5,1234.08,31.6431,548.48,9,4,12,3,0,0,0,0,0,1,1,0,0,0,0,0,1,0,0,0,0.0,-1.0,-1.0,-0.0
689.83,62.0,3.6,2.0,1379.66,11.1263,344.915,9,4,18,3,0,0,1,0,0,0,0,0,0,0,0,0,0,1,0,1,-1.0,-0.0,-1.0,-0.0
315.13,17.8,4.6,1.2,378.16,17.7039,262.6083333333333,9,5,0,3,1,0,0,0,0,0,1,0,0,0,0,0,0,0,1,0,0.0,1.0,-1.0,-0.0
564.58,20.2,4.1,1.5,846.87,27.9495,376.3866666666667,9,5,6,3,1,0,0,1,0,0,0,0,0,0,0,0,0,0,0,0,1.0,0.0,-1.0,-0.0
154.22,83.0,3.3,1.2,185.06,1.8581,128.51666666666668,9,5,12,3,1,0,0,0,1,0,0,0,0,0,0,0,0,0,0,0,0.0,-1.0,-1.0,-0.0
714.2,22.6,4.0,1.0,714.2,31.6018,714.2,9,5,18,3,1,0,0,0,0,0,1,0,0,0,0,0,0,1,0,0,-1.0,-0.0,-1.0,-0.0
1367.08,0.7,5.0,2.0,2734.16,1952.9714,683.54,9,6,0,3,1,0,1,0,0,0,0,0,0,0,0,0,0,0,1,1,0.0,1.0,-1.0,-0.0
513.07,28.3,4.5,1.0,513.07,18.1297,513.07,9,6,6,3,1,0,0,1,0,0,0,0,0,0,0,0,0,0,0,0,1.0,0.0,-1.0,-0.0
842.83,51.9,4.7,1.2,1011.4,16.2395,702.3583333333333,9,6,12,3,1,0,1,0,0,0,0,0,0,1,0,0,0,0,0,0,0.0,-1.0,-1.0,-0.0
197.63,34.9,4.4,1.0,197.63,5.6628,197.63,9,6,18,3,1,0,1,0,0,0,0,0,0,1,0,0,0,1,0,0,-1.0,-0.0,-1.0,-0.0
247.36,19.3,4.2,1.0,247.36,12.8166,247.36,9,0,0,3,0,0,0,1,0,0,1,0,0,0,0,0,0,0,1,0,0.0,1.0,-1.0,-0.0
368.17,24.5,4.3,1.2,441.8,15.0273,306.80833333333334,9,0,6,3,0,0,1,0,0,0,0,0,0,1,0,0,0,0,0,0,1.0,0.0,-1.0,-0.0
404.72,101.7,4.4,1.0,404.72,3.9795,404.72,9,0,12,3,0,0,0,1,0,0,1,0,0,1,0,0,0,0,0,0,0.0,-1.0,-1.0,-0.0
514.71,2.1,3.8,1.0,514.71,245.1,514.71,9,0,18,3,0,0,0,0,0,0,1,0,0,0,1,0,0,1,0,0,-1.0,-0.0,-1.0,-0.0
315.96,24.2,4.7,1.0,315.96,13.0562,315.96,9,1,0,3,0,0,0,1,0,0,0,1,0,0,0,0,0,0,1,0,0.0,1.0,-1.0,-0.0
472.88,7.3,4.9,1.0,472.88,64.7781,472.88,9,1,6,3,0,0,0,1,0,0,0,0,1,0,1,0,0,0,0,0,1.0,0.0,-1.0,-0.0
701.76,22.5,4.2,2.0,1403.52,31.1893,350.88,9,1,12,3,0,0,0,0,1,0,0,0,0,0,0,0,1,0,0,1,0.0,-1.0,-1.0,-0.0
563.55,20.6,4.0,1.2,676.26,27.3568,469.625,9,1,18,3,0,0,0,1,0,0,0,0,1,0,1,0,0,1,0,0,-1.0,-0.0,-1.0,-0.0
361.88,3.7,3.9,1.0,361.88,97.8054,361.88,9,2,0,3,0,0,0,1,0,0,0,0,0,0,0,0,0,0,1,0,0.0,1.0,-1.0,-0.0
633.42,5.1,5.0,1.0,633.42,124.2,633.42,9,2,6,3,0,0,0,0,0,0,0,1,0,0,0,0,0,0,0,0,1.0,0.0,-1.0,-0.0
353.68,21.4,4.1,1.5,530.52,16.5271,235.78666666666663,9,2,12,3,0,0,0,0,1,0,0,1,0,0,1,0,0,0,0,0,0.0,-1.0,-1.0,-0.0
459.71,3.0,4.6,1.0,459.71,153.2367,459.71,9,2,18,3,0,0,0,0,0,1,0,0,0,0,0,0,0,1,0,0,-1.0,-0.0,-1.0,-0.0
684.04,6.8,4.2,1.0,684.04,100.5941,684.04,9,3,0,3,0,0,0,0,0,0,0,1,0,0,0,0,0,0,1,0,0.0,1.0,-1.0,-0.0
399.16,39.7,4.2,1.0,399.16,10.0544,399.16,9,3,6,3,0,0,0,0,0,0,1,0,0,0,0,0,0,0,0,0,1.0,0.0,-1.0,-0.0
216.53,8.7,3.9,1.5,324.8,24.8885,144.35333333333332,9,3,12,3,0,0,0,0,0,1,0,0,0,1,0,0,0,0,0,0,0.0,-1.0,-1.0,-0.0
453.17,14.7,3.8,1.0,453.17,30.8279,453.17,9,3,18,3,0,0,0,1,0,0,0,0,0,1,0,0,0,1,0,0,-1.0,-0.0,-1.0,-0.0
687.02,62.3,4.7,1.0,687.02,11.0276,687.02,9,4,0,3,0,0,1,0,0,0,1,0,0,0,0,0,0,0,1,0,0.0,1.0,-1.0,-0.0
718.11,5.7,3.8,1.0,718.11,125.9842,718.11,9,4,6,3,0,0,0,0,1,0,0,1,0,0,0,0,1,0,0,0,1.0,0.0,-1.0,-0.0
241.65,10.9,4.5,1.0,241.65,22.1697,241.65,9,4,12,3,0,0,1,0,0,0,0,0,1,0,0,0,0,0,0,0,0.0,-1.0,-1.0,-0.0
620.9,20.5,4.3,1.0,620.9,30.2878,620.9,9,4,18,3,0,0,0,0,0,1,1,0,0,0,1,0,0,1,0,0,-1.0,-0.0,-1.0,-0.0
386.82,31.0,4.7,1.0,386.82,12.4781,386.82,9,5,0,3,1,0,0,0,0,0,0,0,1,0,1,0,0,0,1,0,0.0,1.0,-1.0,-0.0
870.42,51.0,4.0,1.0,870.42,17.0671,870.42,9,5,6,3,1,0,0,0,0,0,1,0,0,1,0,0,0,0,0,0,1.0,0.0,-1.0,-0.0
219.16,54.4,4.8,1.0,219.16,4.0287,219.16,9,5,12,3,1,0,0,0,1,0,0,0,0,0,0,0,1,0,0,0,0.0,-1.0,-1.0,-0.0
615.11,33.0,4.2,1.0,615.11,18.6397,615.11,9,5,18,3,1,0,0,0,0,0,0,0,0,0,0,0,0,1,0,0,-1.0,-0.0,-1.0,-0.0
365.03,5.7,5.0,1.5,547.54,64.0404,243.35333333333327,9,6,0,3,1,0,0,0,0,0,1,0,0,1,0,0,0,0,1,0,0.0,1.0,-1.0,-0.0
318.65,0.6,3.5,1.5,477.98,531.0833,212.4333333333333,9,6,6,3,1,0,0,0,1,0,0,1,0,0,0,0,0,0,0,0,1.0,0.0,-1.0,-0.0
699.14,10.7,5.0,1.0,699.14,65.3402,699.14,9,6,12,3,1,0,0,0,1,0,0,0,0,0,1,0,0,0,0,0,0.0,-1.0,-1.0,-0.0
753.32,3.4,4.2,1.0,753.32,221.5647,753.32,9,6,18,3,1,0,0,0,0,1,0,0,0,0,1,0,0,1,0,0,-1.0,-0.0,-1.0,-0.0
127.08,27.3,4.4,1.0,127.08,4.6549,127.08,9,0,0,3,0,0,0,0,0,0,0,0,1,0,1,0,0,0,1,0,0.0,1.0,-1.0,-0.0
705.3,23.8,4.0,1.2,846.36,29.6345,587.75,9,0,6,3,0,0,0,0,0,0,0,1,0,0,0,0,0,0,0,0,1.0,0.0,-1.0,-0.0
424.46,1.0,3.5,1.2,509.35,424.46,353.71666666666664,9,0,12,3,0,0,0,0,0,1,0,1,0,1,0,0,0,0,0,0,0.0,-1.0,-1.0,-0.0
446.65,39.9,4.0,1.0,446.65,11.1942,446.65,9,0,18,3,0,0,0,1,0,0,0,1,0,0,0,0,0,1,0,0,-1.0,-0.0,-1.0,-0.0
212.21,6.3,4.1,1.2,254.65,33.6841,176.84166666666667,9,1,0,3,0,0,0,1,0,0,0,0,0,0,0,0,0,0,1,0,0.0,1.0,-1.0,-0.0
594.97,12.5,4.4,1.2,713.96,47.5976,495.8083333333334,9,1,6,3,0,0,0,1,0,0,0,0,0,0,1,0,0,0,0,0,1.0,0.0,-1.0,-0.0
1219.5,24.3,4.9,2.0,2439.0,50.1852,609.75,9,1,12,3,0,0,0,0,0,1,0,0,0,0,0,0,0,0,0,1,0.0,-1.0,-1.0,-0.0
329.31,12.3,4.4,1.0,329.31,26.7732,329.31,9,1,18,3,0,0,0,0,0,0,0,0,0,1,0,0,0,1,0,0,-1.0,-0.0,-1.0,-0.0
788.62,12.8,4.4,1.0,788.62,61.6109,788.62,9,2,0,3,0,0,0,0,0,1,1,0,0,0,0,0,0,0,1,0,0.0,1.0,-1.0,-0.0
438.24,1.5,4.5,1.0,438.24,292.16,438.24,9,2,6,3,0,0,0,0,0,1,0,1,0,0,0,0,0,0,0,0,1.0,0.0,-1.0,-0.0
336.44,11.3,3.4,1.5,504.66,29.7735,224.2933333333333,9,2,12,3,0,0,0,1,0,0,1,0,0,1,0,0,0,0,0,0,0.0,-1.0,-1.0,-0.0
188.67,31.8,3.5,1.2,226.4,5.933,157.225,9,2,18,3,0,0,1,0,0,0,1,0,0,0,0,0,0,1,0,0,-1.0,-0.0,-1.0,-0.0
843.64,54.3,3.6,1.0,843.64,15.5366,843.64,9,3,0,3,0,0,0,0,0,0,0,0,0,0,0,0,0,0,1,0,0.0,1.0,-1.0,-0.0
466.03,11.7,4.1,1.0,466.03,39.8316,466.03,9,3,6,3,0,0,0,1,0,0,0,1,0,0,1,0,0,0,0,0,1.0,0.0,-1.0,-0.0
345.8,12.1,3.4,1.0,345.8,28.5785,345.8,9,3,12,3,0,0,1,0,0,0,0,1,0,0,0,0,0,0,0,0,0.0,-1.0,-1.0,-0.0
376.97,26.7,4.0,1.0,376.97,14.1187,376.97,9,3,18,3,0,0,1,0,0,0,1,0,0,0,1,0,0,1,0,0,-1.0,-0.0,-1.0,-0.0
618.62,62.9,3.6,1.0,618.62,9.835,618.62,9,4,0,3,0,0,0,0,1,0,0,0,0,0,0,0,0,0,1,0,0.0,1.0,-1.0,-0.0
345.5,6.8,4.5,1.0,345.5,50.8088,345.5,9,4,6,3,0,0,0,0,0,0,0,1,0,1,0,0,0,0,0,0,1.0,0.0,-1.0,-0.0
259.7,12.8,4.5,1.0,259.7,20.2891,259.7,9,4,12,3,0,0,1,0,0,0,0,1,0,0,0,1,0,0,0,0,0.0,-1.0,-1.0,-0.0
414.39,35.0,4.1,1.2,497.27,11.8397,345.325,9,4,18,3,0,0,0,1,0,0,0,0,0,0,1,0,0,1,0,0,-1.0,-0.0,-1.0,-0.0
407.81,20.7,3.4,1.0,407.81,19.701,407.81,9,5,0,3,1,0,0,0,1,0,0,0,0,0,0,0,0,0,1,0,0.0,1.0,-1.0,-0.0
403.15,2.6,4.2,1.0,403.15,155.0577,403.15,9,5,6,3,1,0,0,0,0,0,0,1,0,1,0,0,0,0,0,0,1.0,0.0,-1.0,-0.0
347.95,21.7,4.5,1.0,347.95,16.0346,347.95,9,5,12,3,1,0,0,0,0,1,1,0,0,0,1,0,0,0,0,0,0.0,-1.0,-1.0,-0.0
802.02,4.5,4.7,1.5,1203.03,178.2267,534.68,9,5,18,3,1,0,0,1,0,0,0,0,0,0,1,0,0,1,0,0,-1.0,-0.0,-1.0,-0.0
1437.78,15.7,5.0,1.0,1437.78,91.5783,1437.78,10,6,0,4,1,0,1,0,0,0,0,1,0,0,0,0,0,0,1,0,0.0,1.0,-0.866025,0.5
241.99,16.6,4.9,1.5,362.98,14.5777,161.32666666666668,10,6,6,4,1,0,1,0,0,0,0,0,0,1,0,0,0,0,0,0,1.0,0.0,-0.866025,0.5
114.49,46.0,4.4,1.0,114.49,2.4889,114.49,10,6,12,4,1,0,0,1,0,0,1,0,0,0,1,0,0,0,0,0,0.0,-1.0,-0.866025,0.5
388.12,13.7,4.2,2.0,776.24,28.3299,194.06,10,6,18,4,1,0,1,0,0,0,0,0,0,0,0,0,0,1,0,1,-1.0,-0.0,-0.866025,0.5
123.64,7.2,3.9,1.5,185.46,17.1722,82.42666666666666,10,0,0,4,0,0,0,0,1,0,1,0,0,0,0,0,0,0,1,0,0.0,1.0,-0.866025,0.5
177.6,5.8,5.0,1.0,177.6,30.6207,177.6,10,0,6,4,0,0,0,0,0,0,0,0,0,1,0,0,0,0,0,0,1.0,0.0,-0.866025,0.5
332.41,45.6,4.4,2.0,664.82,7.2897,166.205,10,0,12,4,0,0,0,0,1,0,0,0,0,0,0,0,0,0,0,1,0.0,-1.0,-0.866025,0.5
616.4,4.1,4.6,1.0,616.4,150.3415,616.4,10,0,18,4,0,0,1,0,0,0,0,0,0,0,0,0,1,1,0,0,-1.0,-0.0,-0.866025,0.5
385.79,12.2,4.0,1.0,385.79,31.6221,385.79,10,1,0,4,0,0,0,0,0,1,0,0,0,0,1,0,0,0,1,0,0.0,1.0,-0.866025,0.5
94.74,4.6,3.7,1.0,94.74,20.5957,94.74,10,1,6,4,0,0,0,0,0,0,0,1,0,0,1,0,0,0,0,0,1.0,0.0,-0.866025,0.5
383.14,32.7,4.1,1.0,383.14,11.7168,383.14,10,1,12,4,0,0,0,0,0,0,0,0,0,0,0,0,0,0,0,0,0.0,-1.0,-0.866025,0.5
398.23,14.1,4.1,1.2,477.88,28.2433,331.8583333333333,10,1,18,4,0,0,0,1,0,0,1,0,0,0,0,0,0,1,0,0,-1.0,-0.0,-0.866025,0.5
401.72,9.5,4.4,1.2,482.06,42.2863,334.7666666666667,10,2,0,4,0,0,0,1,0,0,0,0,0,0,0,0,1,0,1,0,0.0,1.0,-0.866025,0.5
743.76,9.9,3.9,1.0,743.76,75.1273,743.76,10,2,6,4,0,0,0,0,0,1,0,0,0,0,0,0,0,0,0,0,1.0,0.0,-0.866025,0.5
682.91,42.1,4.3,1.0,682.91,16.2211,682.91,10,2,12,4,0,0,0,0,0,0,0,0,0,0,1,0,0,0,0,0,0.0,-1.0,-0.866025,0.5
456.81,17.8,4.9,1.0,456.81,25.6635,456.81,10,2,18,4,0,0,0,0,0,1,0,0,0,0,0,0,0,1,0,0,-1.0,-0.0,-0.866025,0.5
1102.46,27.8,3.5,1.2,1322.95,39.6568,918.7166666666668,10,3,0,4,0,0,0,1,0,0,0,0,0,0,0,0,0,0,1,0,0.0,1.0,-0.866025,0.5
331.92,50.0,3.2,1.0,331.92,6.6384,331.92,10,3,6,4,0,0,0,1,0,0,0,1,0,0,0,0,0,0,0,0,1.0,0.0,-0.866025,0.5
411.56,51.0,4.9,1.5,617.34,8.0698,274.37333333333333,10,3,12,4,0,0,0,0,0,0,0,1,0,0,0,0,0,0,0,0,0.0,-1.0,-0.866025,0.5
434.42,8.8,3.6,1.0,434.42,49.3659,434.42,10,3,18,4,0,0,0,0,1,0,0,1,0,0,0,0,1,1,0,0,-1.0,-0.0,-0.866025,0.5
187.43,67.0,4.1,1.0,187.43,2.7975,187.43,10,4,0,4,0,0,1,0,0,0,0,1,0,0,0,0,0,0,1,0,0.0,1.0,-0.866025,0.5
439.13,0.6,4.6,1.5,658.7,731.8833,292.75333333333333,10,4,6,4,0,0,0,1,0,0,0,1,0,0,0,0,0,0,0,0,1.0,0.0,-0.866025,0.5
166.42,10.4,4.3,1.0,166.42,16.0019,166.42,10,4,12,4,0,0,0,1,0,0,0,0,0,0,0,1,0,0,0,0,0.0,-1.0,-0.866025,0.5
304.26,49.8,4.3,1.0,304.26,6.1096,304.26,10,4,18,4,0,0,0,0,1,0,0,1,0,0,0,0,0,1,0,0,-1.0,-0.0,-0.866025,0.5
467.4,7.1,4.3,1.0,467.4,65.831,467.4,10,5,0,4,1,0,0,0,1,0,0,0,1,0,0,0,0,0,1,0,0.0,1.0,-0.866025,0.5
205.77,7.0,5.0,1.0,205.77,29.3957,205.77,10,5,6,4,1,0,0,0,0,1,0,1,0,1,0,0,0,0,0,0,1.0,0.0,-0.866025,0.5
520.3,7.9,5.0,2.0,1040.6,65.8608,260.15,10,5,12,4,1,0,0,0,0,1,0,1,0,0,0,0,0,0,0,1,0.0,-1.0,-0.866025,0.5
278.21,20.8,4.0,1.0,278.21,13.3755,278.21,10,5,18,4,1,0,1,0,0,0,0,0,0,0,0,0,0,1,0,0,-1.0,-0.0,-0.866025,0.5
361.21,12.7,4.8,1.0,361.21,28.4417,361.21,10,6,0,4,1,0,1,0,0,0,1,0,0,0,0,0,0,0,1,0,0.0,1.0,-0.866025,0.5
566.34,28.5,4.6,1.0,566.34,19.8716,566.34,10,6,6,4,1,0,0,0,0,0,1,0,0,0,0,0,1,0,0,0,1.0,0.0,-0.866025,0.5
421.37,49.6,4.3,1.0,421.37,8.4954,421.37,10,6,12,4,1,0,0,0,0,1,0,1,0,0,0,0,0,0,0,0,0.0,-1.0,-0.866025,0.5
514.24,24.7,3.8,1.2,617.09,20.8194,428.53333333333336,10,6,18,4,1,0,0,1,0,0,0,0,1,0,0,0,0,1,0,0,-1.0,-0.0,-0.866025,0.5
548.91,5.0,4.5,2.0,1097.82,109.782,274.455,10,0,0,4,0,0,0,0,0,1,0,0,0,0,1,0,0,0,1,1,0.0,1.0,-0.866025,0.5
417.79,59.4,4.1,1.5,626.69,7.0335,278.5266666666667,10,0,6,4,0,0,0,1,0,0,0,0,0,0,1,0,0,0,0,0,1.0,0.0,-0.866025,0.5
529.2,6.8,4.1,1.0,529.2,77.8235,529.2,10,0,12,4,0,0,0,0,1,0,1,0,0,0,0,0,0,0,0,0,0.0,-1.0,-0.866025,0.5
301.48,3.6,3.9,1.0,301.48,83.7444,301.48,10,0,18,4,0,0,0,0,0,1,1,0,0,0,0,0,0,1,0,0,-1.0,-0.0,-0.866025,0.5
562.86,2.1,4.8,1.0,562.86,268.0286,562.86,10,1,0,4,0,0,0,0,1,0,0,0,0,0,1,0,0,0,1,0,0.0,1.0,-0.866025,0.5
389.43,18.2,3.9,1.2,467.32,21.3973,324.52500000000003,10,1,6,4,0,0,1,0,0,0,0,0,0,0,0,0,0,0,0,0,1.0,0.0,-0.866025,0.5
812.31,2.7,3.9,1.0,812.31,300.8556,812.31,10,1,12,4,0,0,1,0,0,0,0,0,0,1,0,0,0,0,0,0,0.0,-1.0,-0.866025,0.5
472.4,3.3,4.7,1.0,472.4,143.1515,472.4,10,1,18,4,0,0,0,0,0,0,0,0,0,0,1,0,0,1,0,0,-1.0,-0.0,-0.866025,0.5
325.22,7.8,4.2,1.5,487.83,41.6949,216.81333333333336,10,2,0,4,0,0,0,0,0,1,1,0,0,0,0,0,0,0,1,0,0.0,1.0,-0.866025,0.5
567.82,7.3,4.2,1.0,567.82,77.7836,567.82,10,2,6,4,0,0,0,0,1,0,0,1,0,0,0,0,0,0,0,0,1.0,0.0,-0.866025,0.5
829.8,20.4,4.8,1.0,829.8,40.6765,829.8,10,2,12,4,0,0,0,1,0,0,0,0,0,0,0,0,0,0,0,0,0.0,-1.0,-0.866025,0.5
341.26,37.3,5.0,1.0,341.26,9.1491,341.26,10,2,18,4,0,0,1,0,0,0,0,0,0,0,1,0,0,1,0,0,-1.0,-0.0,-0.866025,0.5
310.77,31.5,3.2,1.0,310.77,9.8657,310.77,10,3,0,4,0,0,1,0,0,0,0,0,0,0,0,0,0,0,1,0,0.0,1.0,-0.866025,0.5
70.93,6.7,4.2,1.0,70.93,10.5866,70.93,10,3,6,4,0,0,0,1,0,0,0,0,0,0,0,0,0,0,0,0,1.0,0.0,-0.866025,0.5
471.8,6.2,3.6,1.0,471.8,76.0968,471.8,10,3,12,4,0,0,0,0,1,0,0,1,0,0,1,0,0,0,0,0,0.0,-1.0,-0.866025,0.5
369.21,74.3,4.1,1.0,369.21,4.9692,369.21,10,3,18,4,0,0,0,0,1,0,0,0,1,0,0,0,1,1,0,0,-1.0,-0.0,-0.866025,0.5
566.63,0.2,4.3,1.0,566.63,2833.15,566.63,10,4,0,4,0,0,0,0,0,1,1,0,0,0,0,0,0,0,1,0,0.0,1.0,-0.866025,0.5
572.77,46.6,4.1,1.2,687.32,12.2912,477.3083333333333,10,4,6,4,0,0,0,0,0,1,0,0,0,0,0,0,1,0,0,0,1.0,0.0,-0.866025,0.5
192.53,4.9,3.8,1.0,192.53,39.2918,192.53,10,4,12,4,0,0,0,0,0,0,1,0,0,0,0,0,0,0,0,0,0.0,-1.0,-0.866025,0.5
681.43,64.7,3.8,1.2,817.72,10.5321,567.8583333333333,10,4,18,4,0,0,1,0,0,0,1,0,0,0,0,0,0,1,0,0,-1.0,-0.0,-0.866025,0.5
286.41,9.2,4.7,1.0,286.41,31.1315,286.41,10,5,0,4,1,0,0,0,0,1,1,0,0,0,0,0,0,0,1,0,0.0,1.0,-0.866025,0.5
342.29,12.8,5.0,1.0,342.29,26.7414,342.29,10,5,6,4,1,0,0,0,1,0,0,1,0,0,0,0,0,0,0,0,1.0,0.0,-0.866025,0.5
98.81,27.0,3.3,2.0,197.62,3.6596,49.405,10,5,12,4,1,0,0,1,0,0,0,0,0,0,0,0,0,0,0,1,0.0,-1.0,-0.866025,0.5
521.8,19.5,4.1,1.0,521.8,26.759,521.8,10,5,18,4,1,0,0,0,1,0,0,0,0,0,0,0,0,1,0,0,-1.0,-0.0,-0.866025,0.5
232.79,8.4,4.7,1.0,232.79,27.7131,232.79,10,6,0,4,1,0,1,0,0,0,0,0,0,0,0,0,1,0,1,0,0.0,1.0,-0.866025,0.5
312.52,17.8,4.3,1.5,468.78,17.5573,208.34666666666664,10,6,6,4,1,0,0,0,1,0,0,0,0,1,0,0,0,0,0,0,1.0,0.0,-0.866025,0.5
220.45,28.9,3.7,1.0,220.45,7.628,220.45,10,6,12,4,1,0,0,0,0,0,0,0,0,0,1,0,0,0,0,0,0.0,-1.0,-0.866025,0.5
710.83,1.0,4.1,1.0,710.83,710.83,710.83,10,6,18,4,1,0,1,0,0,0,0,1,0,0,0,0,0,1,0,0,-1.0,-0.0,-0.866025,0.5
358.18,0.2,4.5,1.0,358.18,1790.9,358.18,10,0,0,4,0,0,0,1,0,0,1,0,0,0,0,0,0,0,1,0,0.0,1.0,-0.866025,0.5
208.01,13.5,4.1,1.2,249.61,15.4081,173.34166666666667,10,0,6,4,0,0,0,0,0,0,0,1,0,0,0,0,0,0,0,0,1.0,0.0,-0.866025,0.5
216.74,3.1,4.3,1.5,325.11,69.9161,144.49333333333334,10,0,12,4,0,0,1,0,0,0,0,0,0,0,1,0,0,0,0,0,0.0,-1.0,-0.866025,0.5
653.34,24.0,4.3,1.0,653.34,27.2225,653.34,10,0,18,4,0,0,0,1,0,0,0,0,1,0,0,0,1,1,0,0,-1.0,-0.0,-0.866025,0.5
272.21,5.3,4.0,1.0,272.21,51.3604,272.21,10,1,0,4,0,0,0,0,0,0,0,0,1,0,0,0,0,0,1,0,0.0,1.0,-0.866025,0.5
338.09,12.5,4.7,1.0,338.09,27.0472,338.09,10,1,6,4,0,0,0,0,0,0,1,0,0,0,0,0,0,0,0,0,1.0,0.0,-0.866025,0.5
448.69,4.8,4.1,1.0,448.69,93.4771,448.69,10,1,12,4,0,0,1,0,0,0,0,0,1,0,0,0,0,0,0,0,0.0,-1.0,-0.866025,0.5
371.58,17.5,3.8,1.0,371.58,21.2331,371.58,10,1,18,4,0,0,0,0,0,1,0,1,0,0,0,0,0,1,0,0,-1.0,-0.0,-0.866025,0.5
139.26,2.7,5.0,1.0,139.26,51.5778,139.26,10,2,0,4,0,0,0,0,0,0,0,0,1,0,0,0,0,0,1,0,0.0,1.0,-0.866025,0.5
597.26,0.5,4.3,1.0,597.26,1194.52,597.26,10,2,6,4,0,0,0,0,0,0,0,0,0,0,1,0,0,0,0,0,1.0,0.0,-0.866025,0.5
386.27,1.2,3.0,1.0,386.27,321.8917,386.27,10,2,12,4,0,0,0,1,0,0,0,0,0,0,1,0,0,0,0,0,0.0,-1.0,-0.866025,0.5
511.26,67.9,4.9,2.0,1022.52,7.5296,255.63,10,2,18,4,0,0,0,0,1,0,0,0,0,0,0,0,0,1,0,1,-1.0,-0.0,-0.866025,0.5
619.28,3.4,4.9,1.0,619.28,182.1412,619.28,10,3,0,4,0,0,1,0,0,0,0,0,0,0,0,0,0,0,1,0,0.0,1.0,-0.866025,0.5
119.18,27.1,4.5,1.0,119.18,4.3978,119.18,10,3,6,4,0,0,1,0,0,0,0,0,0,0,0,0,1,0,0,0,1.0,0.0,-0.866025,0.5
622.15,1.5,4.6,1.0,622.15,414.7667,622.15,10,3,12,4,0,0,0,0,0,1,0,1,0,0,0,0,0,0,0,0,0.0,-1.0,-0.866025,0.5
1299.98,2.5,5.0,2.0,2599.96,519.992,649.99,10,3,18,4,0,0,0,0,0,1,1,0,0,0,0,0,0,1,0,1,-1.0,-0.0,-0.866025,0.5
539.06,15.6,3.8,1.2,646.87,34.5551,449.2166666666666,10,4,0,4,0,0,1,0,0,0,0,1,0,0,0,0,0,0,1,0,0.0,1.0,-0.866025,0.5
818.69,13.8,4.4,1.2,982.43,59.3254,682.2416666666668,10,4,6,4,0,0,0,0,0,1,0,0,0,0,0,0,0,0,0,0,1.0,0.0,-0.866025,0.5
698.88,66.6,5.0,1.0,698.88,10.4937,698.88,10,4,12,4,0,0,0,1,0,0,1,0,0,0,0,0,0,0,0,0,0.0,-1.0,-0.866025,0.5
610.76,63.7,5.0,1.5,916.14,9.5881,407.17333333333335,10,4,18,4,0,0,1,0,0,0,0,1,0,1,0,0,0,1,0,0,-1.0,-0.0,-0.866025,0.5
711.24,33.3,4.1,1.0,711.24,21.3586,711.24,10,5,0,4,1,0,0,0,0,1,0,0,0,0,0,0,0,0,1,0,0.0,1.0,-0.866025,0.5
771.28,20.3,5.0,1.0,771.28,37.9941,771.28,10,5,6,4,1,0,1,0,0,0,0,1,0,0,0,0,0,0,0,0,1.0,0.0,-0.866025,0.5
786.54,13.4,4.7,1.0,786.54,58.697,786.54,10,5,12,4,1,0,0,0,1,0,0,0,0,0,1,0,0,0,0,0,0.0,-1.0,-0.866025,0.5
216.39,9.7,5.0,1.5,324.58,22.3082,144.26,10,5,18,4,1,0,0,0,0,0,0,0,0,0,0,0,0,1,0,0,-1.0,-0.0,-0.866025,0.5
733.01,64.7,4.7,1.2,879.61,11.3294,610.8416666666667,10,6,0,4,1,0,1,0,0,0,0,0,1,1,0,0,0,0,1,0,0.0,1.0,-0.866025,0.5
383.33,20.3,4.5,1.5,575.0,18.8833,255.5533333333333,10,6,6,4,1,0,0,0,0,0,0,0,0,1,0,0,0,0,0,0,1.0,0.0,-0.866025,0.5
800.61,19.0,5.0,2.0,1601.22,42.1374,400.305,10,6,12,4,1,0,0,0,0,1,0,1,0,0,0,0,0,0,0,1,0.0,-1.0,-0.866025,0.5
562.85,5.8,4.0,1.0,562.85,97.0431,562.85,10,6,18,4,1,0,0,0,0,0,1,0,0,0,1,0,0,1,0,0,-1.0,-0.0,-0.866025,0.5
214.53,1.1,5.0,1.0,214.53,195.0273,214.53,10,0,0,4,0,0,1,0,0,0,1,0,0,0,0,0,0,0,1,0,0.0,1.0,-0.866025,0.5
855.25,63.9,5.0,1.0,855.25,13.3842,855.25,10,0,6,4,0,0,0,0,1,0,0,0,0,0,0,0,1,0,0,0,1.0,0.0,-0.866025,0.5
287.18,8.3,5.0,1.5,430.77,34.6,191.45333333333332,10,0,12,4,0,0,0,0,0,1,0,0,0,0,0,0,0,0,0,0,0.0,-1.0,-0.866025,0.5
373.36,12.9,4.3,1.0,373.36,28.9426,373.36,10,0,18,4,0,0,1,0,0,0,0,0,0,0,0,0,1,1,0,0,-1.0,-0.0,-0.866025,0.5
954.68,2.7,4.4,1.5,1432.02,353.5852,636.4533333333333,10,1,0,4,0,0,0,0,0,1,0,1,0,0,1,0,0,0,1,0,0.0,1.0,-0.866025,0.5
474.0,39.9,3.7,1.0,474.0,11.8797,474.0,10,1,6,4,0,0,0,1,0,0,0,1,0,0,0,0,0,0,0,0,1.0,0.0,-0.866025,0.5
364.75,0.6,4.1,1.0,364.75,607.9167,364.75,10,1,12,4,0,0,0,0,0,0,0,0,0,0,0,0,0,0,0,0,0.0,-1.0,-0.866025,0.5
423.01,39.5,4.6,1.0,423.01,10.7091,423.01,10,1,18,4,0,0,0,1,0,0,0,0,1,0,0,0,1,1,0,0,-1.0,-0.0,-0.866025,0.5
360.62,3.3,3.6,1.0,360.62,109.2788,360.62,10,2,0,4,0,0,1,0,0,0,0,1,0,1,0,0,0,0,1,0,0.0,1.0,-0.866025,0.5
652.72,47.9,4.2,1.5,979.08,13.6267,435.1466666666667,10,2,6,4,0,0,0,0,1,0,0,0,0,0,0,0,0,0,0,0,1.0,0.0,-0.866025,0.5
366.55,28.8,5.0,1.0,366.55,12.7274,366.55,10,2,12,4,0,0,0,0,0,1,0,1,0,0,1,0,0,0,0,0,0.0,-1.0,-0.866025,0.5
430.57,4.0,4.2,1.0,430.57,107.6425,430.57,10,2,18,4,0,0,0,0,0,0,0,1,0,0,0,0,0,1,0,0,-1.0,-0.0,-0.866025,0.5
586.88,18.4,4.8,1.0,586.88,31.8957,586.88,10,3,0,4,0,0,0,0,0,1,0,0,0,0,0,0,0,0,1,0,0.0,1.0,-0.866025,0.5
554.4,8.2,4.6,1.0,554.4,67.6098,554.4,10,3,6,4,0,0,1,0,0,0,0,0,0,0,0,0,0,0,0,0,1.0,0.0,-0.866025,0.5
300.5,4.3,4.1,1.0,300.5,69.8837,300.5,10,3,12,4,0,0,0,0,0,1,1,0,0,0,0,0,0,0,0,0,0.0,-1.0,-0.866025,0.5
656.69,43.1,4.2,1.0,656.69,15.2364,656.69,10,3,18,4,0,0,0,0,0,0,0,1,0,1,0,0,0,1,0,0,-1.0,-0.0,-0.866025,0.5
331.65,11.4,4.4,1.5,497.48,29.0921,221.1,10,4,0,4,0,0,1,0,0,0,0,1,0,0,0,0,0,0,1,0,0.0,1.0,-0.866025,0.5
244.27,11.2,3.3,1.0,244.27,21.8098,244.27,10,4,6,4,0,0,0,0,0,1,0,1,0,1,0,0,0,0,0,0,1.0,0.0,-0.866025,0.5
147.83,4.1,4.8,1.0,147.83,36.0561,147.83,10,4,12,4,0,0,0,0,1,0,0,0,0,0,0,0,0,0,0,0,0.0,-1.0,-0.866025,0.5
400.46,10.6,4.2,1.0,400.46,37.7792,400.46,10,4,18,4,0,0,1,0,0,0,0,0,0,0,0,0,0,1,0,0,-1.0,-0.0,-0.866025,0.5
167.71,45.2,4.8,1.0,167.71,3.7104,167.71,10,5,0,4,1,0,1,0,0,0,0,1,0,0,0,0,0,0,1,0,0.0,1.0,-0.866025,0.5
277.55,9.9,4.3,1.0,277.55,28.0354,277.55,10,5,6,4,1,0,0,0,1,0,0,0,0,0,0,0,0,0,0,0,1.0,0.0,-0.866025,0.5
436.28,66.6,4.2,1.0,436.28,6.5508,436.28,10,5,12,4,1,0,0,1,0,0,0,0,0,0,0,0,0,0,0,0,0.0,-1.0,-0.866025,0.5
762.94,64.3,4.4,1.0,762.94,11.8653,762.94,10,5,18,4,1,0,0,0,0,0,1,0,0,0,0,0,0,1,0,0,-1.0,-0.0,-0.866025,0.5
378.64,3.4,4.4,1.2,454.37,111.3647,315.53333333333336,10,6,0,4,1,0,0,1,0,0,0,0,1,0,1,0,0,0,1,0,0.0,1.0,-0.866025,0.5
189.96,4.3,5.0,1.0,189.96,44.1767,189.96,10,6,6,4,1,0,0,0,0,1,1,0,0,0,0,0,0,0,0,0,1.0,0.0,-0.866025,0.5
415.62,43.7,4.3,1.2,498.74,9.5108,346.35,10,6,12,4,1,0,0,0,1,0,1,0,0,0,0,0,0,0,0,0,0.0,-1.0,-0.866025,0.5
748.2,11.0,4.4,2.0,1496.4,68.0182,374.1,10,6,18,4,1,0,0,1,0,0,0,0,0,0,0,0,0,1,0,1,-1.0,-0.0,-0.866025,0.5
374.01,0.1,3.7,1.0,374.01,3740.1,374.01,10,0,0,4,0,0,1,0,0,0,0,0,1,1,0,0,0,0,1,0,0.0,1.0,-0.866025,0.5
827.45,7.0,4.3,1.0,827.45,118.2071,827.45,10,0,6,4,0,0,0,0,0,1,0,0,0,0,0,0,1,0,0,0,1.0,0.0,-0.866025,0.5
435.0,20.0,5.0,1.0,435.0,21.75,435.0,10,0,12,4,0,0,0,0,0,1,0,0,1,0,0,0,0,0,0,0,0.0,-1.0,-0.866025,0.5
623.34,35.3,4.5,1.0,623.34,17.6584,623.34,10,0,18,4,0,0,0,1,0,0,0,0,1,0,0,0,0,1,0,0,-1.0,-0.0,-0.866025,0.5
492.11,3.1,3.8,1.5,738.16,158.7452,328.0733333333333,10,1,0,4,0,0,0,1,0,0,1,0,0,0,0,0,0,0,1,0,0.0,1.0,-0.866025,0.5
807.57,2.6,3.8,1.2,969.08,310.6038,672.975,10,1,6,4,0,0,0,0,1,0,0,0,1,0,0,0,1,0,0,0,1.0,0.0,-0.866025,0.5
1138.97,56.1,3.9,1.0,1138.97,20.3025,1138.97,10,1,12,4,0,0,0,0,0,0,0,1,0,0,0,0,0,0,0,0,0.0,-1.0,-0.866025,0.5
340.64,30.6,4.8,1.0,340.64,11.132,340.64,10,1,18,4,0,0,0,1,0,0,0,0,0,0,0,0,0,1,0,0,-1.0,-0.0,-0.866025,0.5
477.5,19.6,4.3,1.0,477.5,24.3622,477.5,11,2,0,4,0,0,0,1,0,0,0,1,0,0,0,0,0,0,1,0,0.0,1.0,-0.5,0.866025
762.67,32.3,2.6,1.0,762.67,23.6121,762.67,11,2,6,4,0,0,1,0,0,0,0,1,0,0,0,0,0,0,0,0,1.0,0.0,-0.5,0.866025
500.92,12.3,4.3,1.2,601.1,40.7252,417.4333333333333,11,2,12,4,0,0,0,0,0,1,0,0,0,0,0,0,0,0,0,0,0.0,-1.0,-0.5,0.866025
143.21,31.3,4.4,1.0,143.21,4.5754,143.21,11,2,18,4,0,0,0,0,0,0,0,1,0,0,1,0,0,1,0,0,-1.0,-0.0,-0.5,0.866025
377.1,10.2,3.8,1.0,377.1,36.9706,377.1,11,3,0,4,0,0,1,0,0,0,0,0,1,0,0,0,0,0,1,0,0.0,1.0,-0.5,0.866025
498.74,6.2,4.1,1.2,598.49,80.4419,415.6166666666667,11,3,6,4,0,0,0,0,1,0,0,0,0,0,1,0,0,0,0,0,1.0,0.0,-0.5,0.866025
917.37,28.7,5.0,1.0,917.37,31.9641,917.37,11,3,12,4,0,0,0,0,1,0,1,0,0,0,0,0,0,0,0,0,0.0,-1.0,-0.5,0.866025
464.22,12.0,4.5,1.0,464.22,38.685,464.22,11,3,18,4,0,0,0,1,0,0,0,0,1,0,0,0,0,1,0,0,-1.0,-0.0,-0.5,0.866025
267.18,87.6,4.1,1.0,267.18,3.05,267.18,11,4,0,4,0,0,0,1,0,0,0,0,1,0,0,0,1,0,1,0,0.0,1.0,-0.5,0.866025
504.8,9.5,4.2,1.0,504.8,53.1368,504.8,11,4,6,4,0,0,0,0,1,0,0,0,1,0,0,0,0,0,0,0,1.0,0.0,-0.5,0.866025
871.51,56.0,4.3,1.2,1045.81,15.5627,726.2583333333333,11,4,12,4,0,0,0,1,0,0,0,1,0,1,0,0,0,0,0,0,0.0,-1.0,-0.5,0.866025
311.94,59.5,4.4,1.5,467.91,5.2427,207.96,11,4,18,4,0,0,0,0,0,0,0,0,1,0,0,0,0,1,0,0,-1.0,-0.0,-0.5,0.866025
334.0,6.1,3.6,1.0,334.0,54.7541,334.0,11,5,0,4,1,0,0,1,0,0,1,0,0,0,0,0,0,0,1,0,0.0,1.0,-0.5,0.866025
314.59,35.2,4.0,2.0,629.18,8.9372,157.295,11,5,6,4,1,0,0,0,0,1,0,0,0,0,0,0,1,0,0,1,1.0,0.0,-0.5,0.866025
205.23,12.5,4.8,1.0,205.23,16.4184,205.23,11,5,12,4,1,0,0,1,0,0,0,1,0,0,0,0,0,0,0,0,0.0,-1.0,-0.5,0.866025
453.57,54.9,4.3,1.2,544.28,8.2617,377.975,11,5,18,4,1,0,1,0,0,0,1,0,0,1,0,0,0,1,0,0,-1.0,-0.0,-0.5,0.866025
426.43,13.2,3.9,1.5,639.64,32.3053,284.2866666666667,11,6,0,4,1,0,0,0,0,0,0,0,0,0,0,0,0,0,1,0,0.0,1.0,-0.5,0.866025
153.38,30.0,3.9,1.0,153.38,5.1127,153.38,11,6,6,4,1,0,1,0,0,0,0,1,0,1,0,0,0,0,0,0,1.0,0.0,-0.5,0.866025
278.93,13.8,4.7,1.5,418.4,20.2123,185.95333333333332,11,6,12,4,1,0,1,0,0,0,0,1,0,0,0,0,0,0,0,0,0.0,-1.0,-0.5,0.866025
484.58,5.7,4.0,1.0,484.58,85.014,484.58,11,6,18,4,1,0,0,0,0,1,0,0,0,0,0,0,0,1,0,0,-1.0,-0.0,-0.5,0.866025
615.98,4.9,4.6,1.0,615.98,125.7102,615.98,11,0,0,4,0,0,0,0,0,0,0,1,0,0,1,0,0,0,1,0,0.0,1.0,-0.5,0.866025
700.29,12.2,4.0,1.2,840.35,57.4008,583.575,11,0,6,4,0,0,0,0,0,0,1,0,0,0,0,0,1,0,0,0,1.0,0.0,-0.5,0.866025
640.96,31.0,3.7,1.5,961.44,20.6761,427.3066666666667,11,0,12,4,0,0,0,0,0,0,0,1,0,0,0,0,1,0,0,0,0.0,-1.0,-0.5,0.866025
439.61,20.4,4.4,1.5,659.42,21.5495,293.0733333333333,11,0,18,4,0,0,0,0,0,0,0,0,0,1,0,0,0,1,0,0,-1.0,-0.0,-0.5,0.866025
185.29,25.7,4.3,1.2,222.35,7.2097,154.40833333333333,11,1,0,4,0,0,0,0,0,0,0,0,0,1,0,0,0,0,1,0,0.0,1.0,-0.5,0.866025
390.24,7.3,4.6,1.0,390.24,53.4575,390.24,11,1,6,4,0,0,0,0,0,1,0,0,0,0,0,0,0,0,0,0,1.0,0.0,-0.5,0.866025
88.53,14.4,4.7,1.0,88.53,6.1479,88.53,11,1,12,4,0,0,0,1,0,0,0,0,1,0,0,0,0,0,0,0,0.0,-1.0,-0.5,0.866025
485.77,1.0,4.1,2.0,971.54,485.77,242.885,11,1,18,4,0,0,1,0,0,0,0,0,0,0,0,0,0,1,0,1,-1.0,-0.0,-0.5,0.866025
306.09,37.4,4.5,1.0,306.09,8.1842,306.09,11,2,0,4,0,0,0,0,0,0,0,1,0,0,0,0,0,0,1,0,0.0,1.0,-0.5,0.866025
117.1,101.1,4.1,1.2,140.52,1.1583,97.58333333333331,11,2,6,4,0,0,0,1,0,0,0,0,0,0,0,0,0,0,0,0,1.0,0.0,-0.5,0.866025
531.53,11.5,4.6,1.0,531.53,46.22,531.53,11,2,12,4,0,0,0,1,0,0,0,0,0,0,0,0,0,0,0,0,0.0,-1.0,-0.5,0.866025
866.32,0.2,4.4,1.2,1039.58,4331.6,721.9333333333334,11,2,18,4,0,0,1,0,0,0,1,0,0,0,0,0,0,1,0,0,-1.0,-0.0,-0.5,0.866025
169.08,4.1,4.0,1.0,169.08,41.239,169.08,11,3,0,4,0,0,0,0,0,1,1,0,0,0,1,0,0,0,1,0,0.0,1.0,-0.5,0.866025
553.64,23.3,3.9,2.0,1107.28,23.7614,276.82,11,3,6,4,0,0,0,0,1,0,0,0,0,0,0,0,0,0,0,1,1.0,0.0,-0.5,0.866025
355.66,20.8,4.4,1.0,355.66,17.099,355.66,11,3,12,4,0,0,0,0,1,0,0,1,0,0,0,0,0,0,0,0,0.0,-1.0,-0.5,0.866025
287.03,34.1,4.9,2.0,574.06,8.4173,143.515,11,3,18,4,0,0,0,1,0,0,0,0,0,0,0,0,0,1,0,1,-1.0,-0.0,-0.5,0.866025
287.39,6.4,4.8,1.0,287.39,44.9047,287.39,11,4,0,4,0,0,1,0,0,0,0,1,0,0,1,0,0,0,1,0,0.0,1.0,-0.5,0.866025
355.61,31.7,4.3,1.0,355.61,11.218,355.61,11,4,6,4,0,0,0,0,1,0,0,1,0,0,1,0,0,0,0,0,1.0,0.0,-0.5,0.866025
354.91,25.6,3.9,1.2,425.89,13.8637,295.7583333333334,11,4,12,4,0,0,0,1,0,0,0,0,0,0,1,0,0,0,0,0,0.0,-1.0,-0.5,0.866025
430.54,8.6,4.0,1.2,516.65,50.0628,358.78333333333336,11,4,18,4,0,0,0,0,0,1,0,0,0,0,0,0,0,1,0,0,-1.0,-0.0,-0.5,0.866025
271.58,17.3,4.0,1.5,407.37,15.6983,181.0533333333333,11,5,0,4,1,0,0,0,1,0,0,0,0,0,0,0,0,0,1,0,0.0,1.0,-0.5,0.866025
303.4,3.5,3.4,1.0,303.4,86.6857,303.4,11,5,6,4,1,0,0,1,0,0,0,0,1,0,0,0,0,0,0,0,1.0,0.0,-0.5,0.866025
579.67,13.3,4.7,1.0,579.67,43.5842,579.67,11,5,12,4,1,0,0,1,0,0,0,0,1,0,0,0,0,0,0,0,0.0,-1.0,-0.5,0.866025
257.97,46.9,4.1,1.0,257.97,5.5004,257.97,11,5,18,4,1,0,0,0,0,0,0,0,0,0,0,0,0,1,0,0,-1.0,-0.0,-0.5,0.866025
501.8,12.0,4.5,1.0,501.8,41.8167,501.8,11,6,0,4,1,0,0,0,0,1,1,0,0,0,0,0,0,0,1,0,0.0,1.0,-0.5,0.866025
365.5,40.3,4.1,2.0,731.0,9.0695,182.75,11,6,6,4,1,0,0,0,0,0,0,0,0,0,0,0,0,0,0,1,1.0,0.0,-0.5,0.866025
326.26,19.6,4.3,1.0,326.26,16.6459,326.26,11,6,12,4,1,0,1,0,0,0,0,0,0,0,0,0,1,0,0,0,0.0,-1.0,-0.5,0.866025
1003.4,4.7,4.0,1.0,1003.4,213.4894,1003.4,11,6,18,4,1,0,0,0,0,0,1,0,0,0,0,0,1,1,0,0,-1.0,-0.0,-0.5,0.866025
208.04,19.1,4.3,1.0,208.04,10.8921,208.04,11,0,0,4,0,0,0,0,0,0,0,0,1,0,0,0,0,0,1,0,0.0,1.0,-0.5,0.866025
895.79,15.5,3.9,1.0,895.79,57.7929,895.79,11,0,6,4,0,0,0,0,1,0,0,0,1,0,0,0,0,0,0,0,1.0,0.0,-0.5,0.866025
660.55,11.2,4.3,1.0,660.55,58.9777,660.55,11,0,12,4,0,0,0,1,0,0,0,1,0,0,0,0,0,0,0,0,0.0,-1.0,-0.5,0.866025
310.49,2.8,5.0,1.0,310.49,110.8893,310.49,11,0,18,4,0,0,0,0,0,1,0,0,0,0,0,0,0,1,0,0,-1.0,-0.0,-0.5,0.866025
669.96,11.9,4.6,1.0,669.96,56.2992,669.96,11,1,0,4,0,0,0,0,0,0,1,0,0,0,0,0,1,0,1,0,0.0,1.0,-0.5,0.866025
65.02,1.7,4.4,1.0,65.02,38.2471,65.02,11,1,6,4,0,0,0,0,0,1,0,0,0,0,0,0,0,0,0,0,1.0,0.0,-0.5,0.866025
294.43,2.3,3.6,2.0,588.86,128.013,147.215,11,1,12,4,0,0,0,0,0,0,0,1,0,0,1,0,0,0,0,1,0.0,-1.0,-0.5,0.866025
259.99,11.8,4.6,1.0,259.99,22.0331,259.99,11,1,18,4,0,0,1,0,0,0,0,0,0,0,0,0,0,1,0,0,-1.0,-0.0,-0.5,0.866025
534.72,8.0,4.6,1.0,534.72,66.84,534.72,11,2,0,4,0,0,0,0,0,0,0,1,0,0,0,0,1,0,1,0,0.0,1.0,-0.5,0.866025
622.01,57.1,4.4,2.0,1244.02,10.8933,311.005,11,2,6,4,0,0,0,0,1,0,0,0,0,0,0,0,0,0,0,1,1.0,0.0,-0.5,0.866025
530.36,10.4,4.4,1.2,636.43,50.9962,441.9666666666667,11,2,12,4,0,0,0,1,0,0,0,0,0,0,1,0,0,0,0,0,0.0,-1.0,-0.5,0.866025
469.18,31.2,4.2,2.0,938.36,15.0378,234.59,11,2,18,4,0,0,1,0,0,0,0,0,1,0,0,0,0,1,0,1,-1.0,-0.0,-0.5,0.866025
692.04,16.6,4.6,2.0,1384.08,41.6892,346.02,11,3,0,4,0,0,0,0,0,0,0,0,0,0,1,0,0,0,1,1,0.0,1.0,-0.5,0.866025
643.76,26.8,5.0,1.0,643.76,24.0209,643.76,11,3,6,4,0,0,0,0,0,1,0,1,0,0,0,0,0,0,0,0,1.0,0.0,-0.5,0.866025
306.37,6.6,4.5,1.2,367.64,46.4197,255.3083333333333,11,3,12,4,0,0,1,0,0,0,0,0,0,0,0,0,0,0,0,0,0.0,-1.0,-0.5,0.866025
325.37,62.6,3.8,1.0,325.37,5.1976,325.37,11,3,18,4,0,0,1,0,0,0,0,0,0,0,0,0,1,1,0,0,-1.0,-0.0,-0.5,0.866025
625.64,16.6,3.9,1.0,625.64,37.6892,625.64,11,4,0,4,0,0,0,0,0,0,0,0,0,0,0,0,1,0,1,0,0.0,1.0,-0.5,0.866025
428.36,39.2,4.7,1.5,642.54,10.9276,285.5733333333333,11,4,6,4,0,0,1,0,0,0,0,0,0,1,0,0,0,0,0,0,1.0,0.0,-0.5,0.866025
443.72,10.0,3.8,1.0,443.72,44.372,443.72,11,4,12,4,0,0,0,0,0,1,1,0,0,0,1,0,0,0,0,0,0.0,-1.0,-0.5,0.866025
473.76,2.3,4.4,1.2,568.51,205.9826,394.8,11,4,18,4,0,0,1,0,0,0,0,0,0,1,0,0,0,1,0,0,-1.0,-0.0,-0.5,0.866025
147.34,24.6,4.1,1.2,176.81,5.9894,122.78333333333336,11,5,0,4,1,0,0,0,0,1,0,0,1,0,0,0,0,0,1,0,0.0,1.0,-0.5,0.866025
298.82,0.2,3.8,1.0,298.82,1494.1,298.82,11,5,6,4,1,0,0,0,0,0,0,1,0,0,0,0,0,0,0,0,1.0,0.0,-0.5,0.866025
557.92,14.2,4.7,1.5,836.88,39.2901,371.94666666666666,11,5,12,4,1,0,0,1,0,0,0,1,0,0,0,0,0,0,0,0,0.0,-1.0,-0.5,0.866025
297.44,4.7,4.7,1.0,297.44,63.2851,297.44,11,5,18,4,1,0,1,0,0,0,0,1,0,0,1,0,0,1,0,0,-1.0,-0.0,-0.5,0.866025
387.59,21.7,3.6,1.0,387.59,17.8613,387.59,11,6,0,4,1,0,0,1,0,0,0,1,0,0,0,0,0,0,1,0,0.0,1.0,-0.5,0.866025
556.12,85.4,4.5,1.5,834.18,6.5119,370.7466666666666,11,6,6,4,1,0,0,0,0,1,1,0,0,0,0,0,0,0,0,0,1.0,0.0,-0.5,0.866025
711.17,13.7,4.5,1.0,711.17,51.9102,711.17,11,6,12,4,1,0,1,0,0,0,0,0,0,0,1,0,0,0,0,0,0.0,-1.0,-0.5,0.866025
753.21,37.4,4.7,1.2,903.85,20.1393,627.6750000000001,11,6,18,4,1,0,0,0,1,0,0,0,0,1,0,0,0,1,0,0,-1.0,-0.0,-0.5,0.866025
774.36,15.6,4.4,1.0,774.36,49.6385,774.36,11,0,0,4,0,0,0,1,0,0,1,0,0,0,0,0,0,0,1,0,0.0,1.0,-0.5,0.866025
407.11,15.1,5.0,1.0,407.11,26.9609,407.11,11,0,6,4,0,0,1,0,0,0,0,0,1,0,0,0,0,0,0,0,1.0,0.0,-0.5,0.866025
385.15,58.6,4.2,1.5,577.72,6.5725,256.76666666666665,11,0,12,4,0,0,0,1,0,0,1,0,0,0,0,0,0,0,0,0,0.0,-1.0,-0.5,0.866025
223.21,48.6,4.2,1.0,223.21,4.5928,223.21,11,0,18,4,0,0,1,0,0,0,0,1,0,0,0,0,0,1,0,0,-1.0,-0.0,-0.5,0.866025
868.78,33.9,3.8,1.0,868.78,25.6277,868.78,11,1,0,4,0,0,0,0,0,0,1,0,0,0,0,0,0,0,1,0,0.0,1.0,-0.5,0.866025
376.58,7.7,3.8,1.0,376.58,48.9065,376.58,11,1,6,4,0,0,0,1,0,0,0,1,0,0,1,0,0,0,0,0,1.0,0.0,-0.5,0.866025
858.72,17.3,3.8,1.5,1288.08,49.637,572.48,11,1,12,4,0,0,0,0,1,0,0,1,0,0,1,0,0,0,0,0,0.0,-1.0,-0.5,0.866025
508.73,5.6,4.4,1.0,508.73,90.8446,508.73,11,1,18,4,0,0,0,0,1,0,0,0,0,0,1,0,0,1,0,0,-1.0,-0.0,-0.5,0.866025
727.54,12.9,4.2,1.5,1091.31,56.3984,485.0266666666666,11,2,0,4,0,0,0,0,0,1,0,1,0,0,0,0,0,0,1,0,0.0,1.0,-0.5,0.866025
421.63,14.6,4.5,1.0,421.63,28.8788,421.63,11,2,6,4,0,0,1,0,0,0,0,0,0,1,0,0,0,0,0,0,1.0,0.0,-0.5,0.866025
583.92,39.2,3.7,1.2,700.7,14.8959,486.6,11,2,12,4,0,0,0,1,0,0,0,0,0,0,0,0,0,0,0,0,0.0,-1.0,-0.5,0.866025
739.82,49.8,3.9,2.0,1479.64,14.8558,369.91,11,2,18,4,0,0,0,0,0,1,1,0,0,0,0,0,0,1,0,1,-1.0,-0.0,-0.5,0.866025
334.98,11.8,3.9,1.0,334.98,28.3881,334.98,11,3,0,4,0,0,0,1,0,0,0,0,0,1,0,0,0,0,1,0,0.0,1.0,-0.5,0.866025
776.4,0.4,5.0,1.0,776.4,1941.0,776.4,11,3,6,4,0,0,1,0,0,0,0,0,0,0,0,0,0,0,0,0,1.0,0.0,-0.5,0.866025
240.93,43.5,4.2,1.2,289.12,5.5386,200.775,11,3,12,4,0,0,0,0,1,0,0,0,0,0,0,0,0,0,0,0,0.0,-1.0,-0.5,0.866025
990.39,4.2,4.3,1.2,1188.47,235.8071,825.325,11,3,18,4,0,0,0,0,0,0,0,0,1,1,0,0,0,1,0,0,-1.0,-0.0,-0.5,0.866025
474.72,21.4,4.3,1.0,474.72,22.1832,474.72,11,4,0,4,0,0,0,0,1,0,0,1,0,0,0,0,0,0,1,0,0.0,1.0,-0.5,0.866025
301.43,0.6,5.0,1.2,361.72,502.3833,251.1916666666667,11,4,6,4,0,0,0,0,0,1,0,1,0,0,1,0,0,0,0,0,1.0,0.0,-0.5,0.866025
654.11,11.2,3.5,1.2,784.93,58.4027,545.0916666666667,11,4,12,4,0,0,0,0,0,0,1,0,0,0,0,0,0,0,0,0,0.0,-1.0,-0.5,0.866025
520.76,93.8,4.3,1.5,781.14,5.5518,347.17333333333335,11,4,18,4,0,0,0,0,0,1,1,0,0,0,1,0,0,1,0,0,-1.0,-0.0,-0.5,0.866025
152.36,2.3,3.5,1.2,182.83,66.2435,126.96666666666668,11,5,0,4,1,0,1,0,0,0,0,0,0,0,0,0,0,0,1,0,0.0,1.0,-0.5,0.866025
355.71,12.1,3.1,1.0,355.71,29.3975,355.71,11,5,6,4,1,0,0,0,0,0,0,1,0,0,0,0,0,0,0,0,1.0,0.0,-0.5,0.866025
247.69,8.1,3.9,2.0,495.38,30.579,123.845,11,5,12,4,1,0,0,0,0,1,1,0,0,0,1,0,0,0,0,1,0.0,-1.0,-0.5,0.866025
260.29,51.8,4.5,1.0,260.29,5.0249,260.29,11,5,18,4,1,0,1,0,0,0,0,1,0,0,0,0,0,1,0,0,-1.0,-0.0,-0.5,0.866025
255.08,44.8,3.9,1.0,255.08,5.6938,255.08,11,6,0,4,1,0,0,0,1,0,0,0,0,0,0,0,0,0,1,0,0.0,1.0,-0.5,0.866025
570.14,6.0,4.5,1.0,570.14,95.0233,570.14,11,6,6,4,1,0,1,0,0,0,1,0,0,0,0,0,0,0,0,0,1.0,0.0,-0.5,0.866025
679.12,1.9,4.4,1.0,679.12,357.4316,679.12,11,6,12,4,1,0,0,1,0,0,0,1,0,0,0,0,0,0,0,0,0.0,-1.0,-0.5,0.866025
286.36,21.7,4.2,1.0,286.36,13.1963,286.36,11,6,18,4,1,0,1,0,0,0,0,0,0,0,0,0,0,1,0,0,-1.0,-0.0,-0.5,0.866025
127.66,9.0,4.9,1.0,127.66,14.1844,127.66,11,0,0,4,0,0,1,0,0,0,0,1,0,0,0,0,0,0,1,0,0.0,1.0,-0.5,0.866025
88.02,24.5,4.0,1.0,88.02,3.5927,88.02,11,0,6,4,0,0,0,1,0,0,0,0,0,0,0,0,1,0,0,0,1.0,0.0,-0.5,0.866025
1105.18,0.7,4.5,1.2,1326.22,1578.8286,920.9833333333336,11,0,12,4,0,0,0,0,0,1,0,0,0,0,0,0,0,0,0,0,0.0,-1.0,-0.5,0.866025
477.34,3.1,3.4,1.0,477.34,153.9806,477.34,11,0,18,4,0,0,0,0,0,1,1,0,0,0,0,0,0,1,0,0,-1.0,-0.0,-0.5,0.866025
656.52,25.5,4.3,1.0,656.52,25.7459,656.52,11,1,0,4,0,0,1,0,0,0,0,0,0,0,0,0,0,0,1,0,0.0,1.0,-0.5,0.866025
396.59,5.3,4.2,1.0,396.59,74.8283,396.59,11,1,6,4,0,0,0,1,0,0,0,1,0,0,0,0,0,0,0,0,1.0,0.0,-0.5,0.866025
110.16,42.9,3.7,1.0,110.16,2.5678,110.16,11,1,12,4,0,0,0,1,0,0,0,1,0,0,0,0,1,0,0,0,0.0,-1.0,-0.5,0.866025
542.05,1.3,4.5,1.0,542.05,416.9615,542.05,11,1,18,4,0,0,0,0,1,0,0,0,0,0,0,0,0,1,0,0,-1.0,-0.0,-0.5,0.866025
938.69,5.3,3.9,1.0,938.69,177.1113,938.69,11,2,0,4,0,0,0,0,0,1,0,0,1,0,0,0,1,0,1,0,0.0,1.0,-0.5,0.866025
310.68,144.0,5.0,2.0,621.36,2.1575,155.34,11,2,6,4,0,0,0,0,0,0,0,0,0,0,0,0,0,0,0,1,1.0,0.0,-0.5,0.866025
101.83,12.5,3.1,1.5,152.74,8.1464,67.88666666666667,11,2,12,4,0,0,0,0,0,1,0,0,0,0,1,0,0,0,0,0,0.0,-1.0,-0.5,0.866025
222.46,26.7,4.4,1.5,333.69,8.3318,148.30666666666667,11,2,18,4,0,0,0,0,0,1,0,0,0,0,0,0,0,1,0,0,-1.0,-0.0,-0.5,0.866025
672.37,4.4,4.3,1.0,672.37,152.8114,672.37,11,3,0,4,0,0,0,0,1,0,0,0,0,1,0,0,0,0,1,0,0.0,1.0,-0.5,0.866025
518.74,20.7,4.2,1.0,518.74,25.0599,518.74,11,3,6,4,0,0,0,0,0,0,0,0,0,0,1,0,0,0,0,0,1.0,0.0,-0.5,0.866025
778.0,28.5,4.0,1.0,778.0,27.2982,778.0,11,3,12,4,0,0,0,0,1,0,1,0,0,0,0,0,0,0,0,0,0.0,-1.0,-0.5,0.866025
442.02,8.3,4.3,1.2,530.42,53.2554,368.35,11,3,18,4,0,0,0,0,0,0,0,0,1,0,0,0,0,1,0,0,-1.0,-0.0,-0.5,0.866025
616.76,38.8,4.8,1.0,616.76,15.8959,616.76,12,4,0,4,0,0,1,0,0,0,0,0,0,0,0,0,0,0,1,0,0.0,1.0,-0.0,1.0
350.14,20.3,3.5,1.0,350.14,17.2483,350.14,12,4,6,4,0,0,0,0,0,0,0,1,0,0,0,0,1,0,0,0,1.0,0.0,-0.0,1.0
232.71,10.8,3.9,1.0,232.71,21.5472,232.71,12,4,12,4,0,0,0,0,1,0,1,0,0,0,0,0,0,0,0,0,0.0,-1.0,-0.0,1.0
617.61,17.9,3.8,1.0,617.61,34.5034,617.61,12,4,18,4,0,0,0,0,0,1,1,0,0,0,0,0,0,1,0,0,-1.0,-0.0,-0.0,1.0
677.84,18.9,3.8,2.0,1355.68,35.8646,338.92,12,5,0,4,1,0,0,0,0,0,0,1,0,0,1,0,0,0,1,1,0.0,1.0,-0.0,1.0
314.69,4.0,4.5,1.2,377.63,78.6725,262.2416666666667,12,5,6,4,1,0,0,0,0,0,0,0,0,0,0,0,0,0,0,0,1.0,0.0,-0.0,1.0
896.89,11.3,4.6,1.5,1345.34,79.3708,597.9266666666666,12,5,12,4,1,0,0,1,0,0,0,0,0,0,0,0,1,0,0,0,0.0,-1.0,-0.0,1.0
909.23,9.3,4.8,1.0,909.23,97.7667,909.23,12,5,18,4,1,0,0,0,0,1,1,0,0,0,1,0,0,1,0,0,-1.0,-0.0,-0.0,1.0
255.98,11.3,4.6,1.5,383.97,22.6531,170.65333333333334,12,6,0,4,1,0,1,0,0,0,1,0,0,0,1,0,0,0,1,0,0.0,1.0,-0.0,1.0
262.78,31.5,4.6,1.2,315.34,8.3422,218.9833333333333,12,6,6,4,1,0,0,0,1,0,0,0,0,1,0,0,0,0,0,0,1.0,0.0,-0.0,1.0
269.83,14.5,3.6,2.0,539.66,18.609,134.915,12,6,12,4,1,0,1,0,0,0,0,0,0,0,0,0,0,0,0,1,0.0,-1.0,-0.0,1.0
411.56,62.0,5.0,1.0,411.56,6.6381,411.56,12,6,18,4,1,0,0,0,0,1,0,0,1,0,0,0,0,1,0,0,-1.0,-0.0,-0.0,1.0
359.21,7.6,4.2,1.0,359.21,47.2645,359.21,12,0,0,4,0,0,0,0,0,0,1,0,0,0,0,0,0,0,1,0,0.0,1.0,-0.0,1.0
203.12,11.8,4.8,1.2,243.74,17.2136,169.26666666666668,12,0,6,4,0,0,0,0,0,0,0,0,1,0,0,0,0,0,0,0,1.0,0.0,-0.0,1.0
274.27,34.0,3.6,1.0,274.27,8.0668,274.27,12,0,12,4,0,0,0,0,0,1,1,0,0,0,1,0,0,0,0,0,0.0,-1.0,-0.0,1.0
111.73,17.4,4.2,1.5,167.6,6.4213,74.48666666666666,12,0,18,4,0,0,0,0,0,0,0,0,0,0,0,0,1,1,0,0,-1.0,-0.0,-0.0,1.0
125.36,17.4,4.8,2.0,250.72,7.2046,62.68,12,1,0,4,0,0,0,0,0,0,0,1,0,0,0,0,0,0,1,1,0.0,1.0,-0.0,1.0
179.87,1.2,4.3,1.0,179.87,149.8917,179.87,12,1,6,4,0,0,0,0,0,0,0,1,0,0,0,0,0,0,0,0,1.0,0.0,-0.0,1.0
1074.81,11.2,3.9,1.0,1074.81,95.9652,1074.81,12,1,12,4,0,0,0,0,1,0,0,0,0,0,0,0,1,0,0,0,0.0,-1.0,-0.0,1.0
1010.24,6.9,5.0,1.0,1010.24,146.4116,1010.24,12,1,18,4,0,0,0,0,1,0,0,1,0,0,0,0,0,1,0,0,-1.0,-0.0,-0.0,1.0
635.61,160.9,3.7,1.5,953.42,3.9503,423.74,12,2,0,4,0,0,0,1,0,0,1,0,0,0,0,0,0,0,1,0,0.0,1.0,-0.0,1.0
316.49,8.1,4.3,1.2,379.79,39.0728,263.7416666666667,12,2,6,4,0,0,1,0,0,0,0,0,0,0,0,0,0,0,0,0,1.0,0.0,-0.0,1.0
178.05,47.5,4.6,1.0,178.05,3.7484,178.05,12,2,12,4,0,0,0,0,0,1,1,0,0,0,0,0,1,0,0,0,0.0,-1.0,-0.0,1.0
437.18,24.8,5.0,1.0,437.18,17.6282,437.18,12,2,18,4,0,0,0,0,0,1,0,1,0,0,1,0,0,1,0,0,-1.0,-0.0,-0.0,1.0
549.66,9.2,4.1,1.0,549.66,59.7457,549.66,12,3,0,4,0,0,0,0,0,1,0,0,1,0,1,0,0,0,1,0,0.0,1.0,-0.0,1.0
289.06,17.3,4.2,1.2,346.87,16.7087,240.88333333333333,12,3,6,4,0,0,0,1,0,0,0,0,0,1,0,0,0,0,0,0,1.0,0.0,-0.0,1.0
534.78,40.4,4.1,1.0,534.78,13.2371,534.78,12,3,12,4,0,0,0,0,1,0,0,0,0,0,0,1,0,0,0,0,0.0,-1.0,-0.0,1.0
221.23,47.3,4.4,1.0,221.23,4.6772,221.23,12,3,18,4,0,0,0,1,0,0,0,1,0,0,0,0,0,1,0,0,-1.0,-0.0,-0.0,1.0
320.08,3.8,4.6,1.2,384.1,84.2316,266.7333333333333,12,4,0,4,0,0,0,0,0,1,0,0,0,1,0,0,0,0,1,0,0.0,1.0,-0.0,1.0
383.34,9.1,4.8,1.0,383.34,42.1253,383.34,12,4,6,4,0,0,1,0,0,0,1,0,0,0,0,0,0,0,0,0,1.0,0.0,-0.0,1.0
1025.18,9.0,4.7,1.0,1025.18,113.9089,1025.18,12,4,12,4,0,0,0,0,0,0,1,0,0,0,1,0,0,0,0,0,0.0,-1.0,-0.0,1.0
272.01,0.9,4.1,1.0,272.01,302.2333,272.01,12,4,18,4,0,0,0,0,1,0,0,0,0,0,0,0,1,1,0,0,-1.0,-0.0,-0.0,1.0
548.28,20.1,4.7,1.0,548.28,27.2776,548.28,12,5,0,4,1,0,0,0,1,0,0,1,0,0,1,0,0,0,1,0,0.0,1.0,-0.0,1.0
248.9,42.5,4.3,1.0,248.9,5.8565,248.9,12,5,6,4,1,0,0,1,0,0,0,1,0,0,1,0,0,0,0,0,1.0,0.0,-0.0,1.0
229.5,10.6,4.7,2.0,459.0,21.6509,114.75,12,5,12,4,1,0,0,0,1,0,0,0,0,1,0,0,0,0,0,1,0.0,-1.0,-0.0,1.0
288.34,29.6,4.7,1.5,432.51,9.7412,192.22666666666663,12,5,18,4,1,0,0,0,0,1,0,0,1,1,0,0,0,1,0,0,-1.0,-0.0,-0.0,1.0
445.15,21.7,5.0,1.5,667.72,20.5138,296.76666666666665,12,6,0,4,1,0,0,0,0,1,1,0,0,0,0,0,0,0,1,0,0.0,1.0,-0.0,1.0
955.15,10.4,4.1,2.0,1910.3,91.8413,477.575,12,6,6,4,1,0,0,1,0,0,0,1,0,0,0,0,0,0,0,1,1.0,0.0,-0.0,1.0
312.69,3.3,4.0,1.0,312.69,94.7545,312.69,12,6,12,4,1,0,0,0,0,1,1,0,0,0,0,0,0,0,0,0,0.0,-1.0,-0.0,1.0
680.44,27.2,4.5,1.0,680.44,25.0162,680.44,12,6,18,4,1,0,1,0,0,0,0,1,0,0,1,0,0,1,0,0,-1.0,-0.0,-0.0,1.0
1050.54,42.4,4.9,1.0,1050.54,24.7769,1050.54,12,0,0,4,0,0,0,1,0,0,0,0,1,0,0,0,0,0,1,0,0.0,1.0,-0.0,1.0
501.67,25.5,4.3,1.5,752.5,19.6733,334.44666666666666,12,0,6,4,0,0,1,0,0,0,0,1,0,0,1,0,0,0,0,0,1.0,0.0,-0.0,1.0
742.55,0.4,4.9,1.2,891.06,1856.375,618.7916666666666,12,0,12,4,0,0,0,0,0,0,1,0,0,0,0,0,0,0,0,0,0.0,-1.0,-0.0,1.0
279.57,5.4,4.6,1.0,279.57,51.7722,279.57,12,0,18,4,0,0,1,0,0,0,1,0,0,0,1,0,0,1,0,0,-1.0,-0.0,-0.0,1.0
540.85,1.6,4.2,1.0,540.85,338.0312,540.85,12,1,0,4,0,0,0,0,0,0,0,0,0,0,0,0,0,0,1,0,0.0,1.0,-0.0,1.0
611.64,18.6,4.6,1.0,611.64,32.8839,611.64,12,1,6,4,0,0,0,0,0,0,1,0,0,0,1,0,0,0,0,0,1.0,0.0,-0.0,1.0
197.35,31.1,4.1,1.0,197.35,6.3457,197.35,12,1,12,4,0,0,1,0,0,0,0,0,0,0,0,0,0,0,0,0,0.0,-1.0,-0.0,1.0
264.1,2.6,4.4,1.5,396.15,101.5769,176.0666666666667,12,1,18,4,0,0,0,1,0,0,0,0,0,0,0,0,0,1,0,0,-1.0,-0.0,-0.0,1.0
374.43,40.1,3.8,1.0,374.43,9.3374,374.43,12,2,0,4,0,0,0,0,0,1,0,0,0,0,0,0,0,0,1,0,0.0,1.0,-0.0,1.0
292.85,17.8,4.3,1.5,439.28,16.4522,195.23333333333332,12,2,6,4,0,0,0,0,0,1,0,0,1,0,1,0,0,0,0,0,1.0,0.0,-0.0,1.0
397.98,25.8,4.8,1.0,397.98,15.4256,397.98,12,2,12,4,0,0,0,0,0,0,1,0,0,0,0,0,0,0,0,0,0.0,-1.0,-0.0,1.0
180.49,78.2,4.7,1.2,216.59,2.3081,150.40833333333336,12,2,18,4,0,0,0,0,0,0,1,0,0,0,0,0,0,1,0,0,-1.0,-0.0,-0.0,1.0
998.96,1.9,4.6,2.0,1997.92,525.7684,499.48,12,3,0,4,0,0,0,1,0,0,1,0,0,0,0,0,1,0,1,1,0.0,1.0,-0.0,1.0
715.54,50.9,4.4,1.5,1073.31,14.0578,477.0266666666666,12,3,6,4,0,0,0,0,1,0,0,1,0,0,1,0,0,0,0,0,1.0,0.0,-0.0,1.0
1851.1,3.0,4.4,1.0,1851.1,617.0333,1851.1,12,3,12,4,0,0,1,0,0,0,0,0,1,0,0,0,1,0,0,0,0.0,-1.0,-0.0,1.0
211.52,11.0,3.7,1.0,211.52,19.2291,211.52,12,3,18,4,0,0,0,0,0,0,0,1,0,0,0,0,0,1,0,0,-1.0,-0.0,-0.0,1.0
551.67,41.9,4.2,1.0,551.67,13.1663,551.67,12,4,0,4,0,0,0,0,0,1,0,0,0,0,0,0,0,0,1,0,0.0,1.0,-0.0,1.0
294.39,52.1,4.4,1.0,294.39,5.6505,294.39,12,4,6,4,0,0,0,1,0,0,0,0,0,1,0,0,0,0,0,0,1.0,0.0,-0.0,1.0
228.72,15.5,3.7,1.2,274.46,14.7561,190.6,12,4,12,4,0,0,1,0,0,0,1,0,0,0,0,0,0,0,0,0,0.0,-1.0,-0.0,1.0
695.39,19.8,3.4,2.0,1390.78,35.1207,347.695,12,4,18,4,0,0,0,1,0,0,1,0,0,0,1,0,0,1,0,1,-1.0,-0.0,-0.0,1.0
452.76,27.1,4.9,1.0,452.76,16.707,452.76,12,5,0,4,1,0,1,0,0,0,0,0,0,0,0,0,0,0,1,0,0.0,1.0,-0.0,1.0
360.9,39.3,4.3,1.0,360.9,9.1832,360.9,12,5,6,4,1,0,1,0,0,0,0,0,0,0,0,0,0,0,0,0,1.0,0.0,-0.0,1.0
509.44,2.9,4.3,1.0,509.44,175.669,509.44,12,5,12,4,1,0,0,0,0,0,1,0,0,0,0,0,0,0,0,0,0.0,-1.0,-0.0,1.0
270.56,36.5,4.6,1.5,405.84,7.4126,180.3733333333333,12,5,18,4,1,0,0,1,0,0,0,0,0,0,0,0,0,1,0,0,-1.0,-0.0,-0.0,1.0
265.45,14.4,3.8,2.0,530.9,18.434,132.725,12,6,0,4,1,0,0,1,0,0,1,0,0,0,0,0,0,0,1,1,0.0,1.0,-0.0,1.0
300.35,13.2,4.1,1.0,300.35,22.7538,300.35,12,6,6,4,1,0,0,0,0,1,0,0,1,0,0,0,0,0,0,0,1.0,0.0,-0.0,1.0
765.12,12.1,5.0,1.0,765.12,63.2331,765.12,12,6,12,4,1,0,0,0,0,1,0,1,0,0,0,0,1,0,0,0,0.0,-1.0,-0.0,1.0
734.12,15.7,4.1,1.2,880.94,46.7592,611.7666666666667,12,6,18,4,1,0,0,0,0,0,0,0,0,0,0,0,0,1,0,0,-1.0,-0.0,-0.0,1.0
205.72,63.8,4.3,1.2,246.86,3.2245,171.43333333333334,12,0,0,4,0,0,0,0,0,0,1,0,0,0,1,0,0,0,1,0,0.0,1.0,-0.0,1.0
977.42,17.5,4.0,1.0,977.42,55.8526,977.42,12,0,6,4,0,0,0,0,1,0,1,0,0,1,0,0,0,0,0,0,1.0,0.0,-0.0,1.0
432.8,67.4,3.9,1.5,649.2,6.4214,288.53333333333336,12,0,12,4,0,0,0,0,0,1,0,1,0,0,1,0,0,0,0,0,0.0,-1.0,-0.0,1.0
547.01,4.4,4.9,2.0,1094.02,124.3205,273.505,12,0,18,4,0,0,1,0,0,0,0,0,1,0,0,0,0,1,0,1,-1.0,-0.0,-0.0,1.0
294.92,28.3,3.1,1.0,294.92,10.4212,294.92,12,1,0,4,0,0,0,1,0,0,0,0,0,0,1,0,0,0,1,0,0.0,1.0,-0.0,1.0
444.86,36.8,4.1,1.0,444.86,12.0886,444.86,12,1,6,4,0,0,0,0,0,0,0,1,0,0,1,0,0,0,0,0,1.0,0.0,-0.0,1.0
227.91,25.0,4.4,1.0,227.91,9.1164,227.91,12,1,12,4,0,0,0,1,0,0,1,0,0,0,1,0,0,0,0,0,0.0,-1.0,-0.0,1.0
283.6,20.5,5.0,1.0,283.6,13.8341,283.6,12,1,18,4,0,0,0,1,0,0,1,0,0,0,1,0,0,1,0,0,-1.0,-0.0,-0.0,1.0
666.6,18.3,3.7,1.0,666.6,36.4262,666.6,12,2,0,4,0,0,0,0,1,0,0,0,0,0,0,0,1,0,1,0,0.0,1.0,-0.0,1.0
674.45,43.4,3.6,1.0,674.45,15.5403,674.45,12,2,6,4,0,0,0,0,0,1,1,0,0,0,1,0,0,0,0,0,1.0,0.0,-0.0,1.0
559.93,37.9,3.9,1.0,559.93,14.7739,559.93,12,2,12,4,0,0,0,0,0,0,0,1,0,0,0,0,0,0,0,0,0.0,-1.0,-0.0,1.0
348.48,2.9,4.7,1.0,348.48,120.1655,348.48,12,2,18,4,0,0,0,1,0,0,0,0,0,0,1,0,0,1,0,0,-1.0,-0.0,-0.0,1.0
203.63,41.5,4.4,1.0,203.63,4.9067,203.63,12,3,0,4,0,0,0,0,0,0,0,0,0,0,0,0,0,0,1,0,0.0,1.0,-0.0,1.0
811.41,11.8,3.6,1.0,811.41,68.7636,811.41,12,3,6,4,0,0,1,0,0,0,1,0,0,1,0,0,0,0,0,0,1.0,0.0,-0.0,1.0
699.6,6.4,4.3,1.2,839.52,109.3125,583.0,12,3,12,4,0,0,0,0,1,0,0,0,0,0,0,0,0,0,0,0,0.0,-1.0,-0.0,1.0
138.32,44.8,5.0,1.2,165.98,3.0875,115.26666666666668,12,3,18,4,0,0,1,0,0,0,0,0,0,0,0,0,0,1,0,0,-1.0,-0.0,-0.0,1.0
680.32,12.4,4.4,1.0,680.32,54.8645,680.32,12,4,0,4,0,0,0,0,0,0,0,0,0,1,0,0,0,0,1,0,0.0,1.0,-0.0,1.0
360.78,36.3,4.4,1.0,360.78,9.9388,360.78,12,4,6,4,0,0,0,0,0,0,1,0,0,0,1,0,0,0,0,0,1.0,0.0,-0.0,1.0
621.98,6.7,4.4,1.5,932.97,92.8328,414.65333333333336,12,4,12,4,0,0,0,0,0,1,0,1,0,0,0,0,0,0,0,0,0.0,-1.0,-0.0,1.0
181.92,0.1,4.5,1.0,181.92,1819.2,181.92,12,4,18,4,0,0,0,1,0,0,1,0,0,0,0,0,0,1,0,0,-1.0,-0.0,-0.0,1.0
303.58,15.1,3.7,2.0,607.16,20.1046,151.79,12,5,0,4,1,0,0,1,0,0,0,0,0,1,0,0,0,0,1,1,0.0,1.0,-0.0,1.0
462.08,2.3,4.2,1.0,462.08,200.9043,462.08,12,5,6,4,1,0,1,0,0,0,0,1,0,0,0,0,0,0,0,0,1.0,0.0,-0.0,1.0
999.16,30.9,4.2,1.2,1198.99,32.3353,832.6333333333333,12,5,12,4,1,0,0,0,1,0,0,1,0,1,0,0,0,0,0,0,0.0,-1.0,-0.0,1.0
462.7,7.1,4.1,1.0,462.7,65.169,462.7,12,5,18,4,1,0,0,1,0,0,1,0,0,0,0,0,0,1,0,0,-1.0,-0.0,-0.0,1.0
749.7,12.9,4.6,1.2,899.64,58.1163,624.7500000000001,12,6,0,4,1,0,0,0,0,1,0,0,1,0,1,0,0,0,1,0,0.0,1.0,-0.0,1.0
495.52,2.0,4.0,1.5,743.28,247.76,330.34666666666664,12,6,6,4,1,0,1,0,0,0,0,0,0,1,0,0,0,0,0,0,1.0,0.0,-0.0,1.0
486.36,7.4,4.1,2.0,972.72,65.7243,243.18,12,6,12,4,1,0,1,0,0,0,0,1,0,0,0,0,0,0,0,1,0.0,-1.0,-0.0,1.0
575.42,33.5,3.7,2.0,1150.84,17.1767,287.71,12,6,18,4,1,0,0,0,0,1,0,0,0,0,0,0,0,1,0,1,-1.0,-0.0,-0.0,1.0
426.71,3.6,4.5,1.0,426.71,118.5306,426.71,12,0,0,4,0,0,0,0,1,0,0,1,0,0,0,0,0,0,1,0,0.0,1.0,-0.0,1.0
658.52,22.9,4.8,1.0,658.52,28.7563,658.52,12,0,6,4,0,0,0,0,0,1,0,0,0,0,1,0,0,0,0,0,1.0,0.0,-0.0,1.0
237.69,54.9,4.1,1.0,237.69,4.3295,237.69,12,0,12,4,0,0,0,0,1,0,0,0,0,0,0,0,0,0,0,0,0.0,-1.0,-0.0,1.0
428.26,25.1,4.7,1.0,428.26,17.0622,428.26,12,0,18,4,0,0,0,0,0,1,0,0,0,0,1,0,0,1,0,0,-1.0,-0.0,-0.0,1.0
1041.8,36.7,4.2,1.0,1041.8,28.3869,1041.8,12,1,0,4,0,0,0,0,0,1,0,1,0,0,0,0,0,0,1,0,0.0,1.0,-0.0,1.0
765.34,2.5,3.0,1.5,1148.01,306.136,510.2266666666667,12,1,6,4,0,0,0,0,0,0,0,0,0,0,0,0,0,0,0,0,1.0,0.0,-0.0,1.0
517.96,6.4,4.3,1.5,776.94,80.9312,345.3066666666667,12,1,12,4,0,0,1,0,0,0,1,0,0,0,0,0,0,0,0,0,0.0,-1.0,-0.0,1.0
712.81,49.5,4.2,1.0,712.81,14.4002,712.81,12,1,18,4,0,0,0,0,0,1,0,1,0,0,0,0,0,1,0,0,-1.0,-0.0,-0.0,1.0
904.71,27.6,4.4,1.0,904.71,32.7793,904.71,12,2,0,4,0,0,0,0,0,1,0,0,0,0,1,0,0,0,1,0,0.0,1.0,-0.0,1.0
126.65,22.4,4.4,1.0,126.65,5.654,126.65,12,2,6,4,0,0,0,1,0,0,1,0,0,1,0,0,0,0,0,0,1.0,0.0,-0.0,1.0
379.39,24.0,4.0,1.2,455.27,15.8079,316.15833333333336,12,2,12,4,0,0,1,0,0,0,0,0,0,0,1,0,0,0,0,0,0.0,-1.0,-0.0,1.0
303.0,11.8,5.0,1.0,303.0,25.678,303.0,12,2,18,4,0,0,0,1,0,0,0,1,0,0,0,0,0,1,0,0,-1.0,-0.0,-0.0,1.0
190.02,1.0,4.3,1.5,285.03,190.02,126.68,12,3,0,4,0,0,1,0,0,0,0,1,0,0,0,0,1,0,1,0,0.0,1.0,-0.0,1.0
1116.63,33.8,4.2,1.2,1339.96,33.0364,930.525,12,3,6,4,0,0,0,1,0,0,0,0,0,0,1,0,0,0,0,0,1.0,0.0,-0.0,1.0
589.44,25.0,4.7,1.2,707.33,23.5776,491.2000000000001,12,3,12,4,0,0,0,0,0,1,0,0,0,0,0,0,1,0,0,0,0.0,-1.0,-0.0,1.0
700.24,14.1,4.3,1.0,700.24,49.6624,700.24,12,3,18,4,0,0,0,0,0,1,0,0,0,0,0,0,0,1,0,0,-1.0,-0.0,-0.0,1.0
310.38,50.6,5.0,1.0,310.38,6.134,310.38,12,4,0,4,0,0,0,0,0,0,0,0,1,0,0,0,0,0,1,0,0.0,1.0,-0.0,1.0
375.04,9.0,4.3,2.0,750.08,41.6711,187.52,12,4,6,4,0,0,0,1,0,0,0,1,0,0,0,0,0,0,0,1,1.0,0.0,-0.0,1.0
438.83,7.7,4.5,1.2,526.6,56.9909,365.69166666666666,12,4,12,4,0,0,0,0,1,0,0,1,0,0,1,0,0,0,0,0,0.0,-1.0,-0.0,1.0
538.14,45.4,3.9,2.0,1076.28,11.8533,269.07,12,4,18,4,0,0,0,0,0,0,0,1,0,0,0,0,0,1,0,1,-1.0,-0.0,-0.0,1.0
646.21,35.1,4.7,1.0,646.21,18.4105,646.21,12,5,0,4,1,0,0,1,0,0,0,0,0,0,0,0,0,0,1,0,0.0,1.0,-0.0,1.0
144.89,15.9,4.5,1.2,173.87,9.1126,120.74166666666666,12,5,6,4,1,0,0,1,0,0,0,1,0,0,0,0,0,0,0,0,1.0,0.0,-0.0,1.0
625.52,3.1,4.1,1.0,625.52,201.7806,625.52,12,5,12,4,1,0,0,0,0,0,1,0,0,0,1,0,0,0,0,0,0.0,-1.0,-0.0,1.0
388.45,5.3,3.9,1.2,466.14,73.2925,323.7083333333333,12,5,18,4,1,0,0,0,0,1,0,0,0,0,1,0,0,1,0,0,-1.0,-0.0,-0.0,1.0
922.54,23.5,3.6,1.2,1107.05,39.257,768.7833333333333,12,6,0,4,1,0,0,1,0,0,0,0,0,0,0,0,0,0,1,0,0.0,1.0,-0.0,1.0
830.03,10.7,4.5,1.2,996.04,77.5729,691.6916666666667,12,6,6,4,1,0,0,0,0,1,0,0,0,0,0,0,0,0,0,0,1.0,0.0,-0.0,1.0
510.41,39.8,3.6,1.2,612.49,12.8244,425.3416666666667,12,6,12,4,1,0,0,0,0,0,0,1,0,0,1,0,0,0,0,0,0.0,-1.0,-0.0,1.0
447.44,65.9,5.0,1.0,447.44,6.7897,447.44,12,6,18,4,1,0,0,0,0,1,0,0,1,0,0,0,1,1,0,0,-1.0,-0.0,-0.0,1.0
372.73,36.0,3.7,2.0,745.46,10.3536,186.365,1,0,0,1,0,0,1,0,0,0,0,0,0,0,1,0,0,0,1,1,0.0,1.0,0.5,0.866025
539.73,10.4,4.2,2.0,1079.46,51.8971,269.865,1,0,6,1,0,0,0,0,1,0,0,1,0,0,0,0,1,0,0,1,1.0,0.0,0.5,0.866025
808.12,34.2,3.9,1.0,808.12,23.6292,808.12,1,0,12,1,0,0,0,1,0,0,0,0,0,0,1,0,0,0,0,0,0.0,-1.0,0.5,0.866025
452.81,9.5,4.3,2.0,905.62,47.6642,226.405,1,0,18,1,0,0,0,0,1,0,0,0,1,0,1,0,0,1,0,1,-1.0,-0.0,0.5,0.866025
324.06,4.0,4.3,1.0,324.06,81.015,324.06,1,1,0,1,0,0,0,0,0,1,0,0,0,0,0,0,0,0,1,0,0.0,1.0,0.5,0.866025
447.54,0.7,4.5,1.2,537.05,639.3429,372.9500000000001,1,1,6,1,0,0,0,1,0,0,0,1,0,0,1,0,0,0,0,0,1.0,0.0,0.5,0.866025
515.27,10.7,3.5,1.0,515.27,48.1561,515.27,1,1,12,1,0,0,0,0,0,1,1,0,0,0,1,0,0,0,0,0,0.0,-1.0,0.5,0.866025
228.48,51.5,3.9,2.0,456.96,4.4365,114.24,1,1,18,1,0,0,1,0,0,0,1,0,0,0,1,0,0,1,0,1,-1.0,-0.0,0.5,0.866025
195.09,6.0,4.8,1.0,195.09,32.515,195.09,1,2,0,1,0,0,0,0,0,0,0,1,0,0,0,0,0,0,1,0,0.0,1.0,0.5,0.866025
328.75,5.1,4.6,1.0,328.75,64.4608,328.75,1,2,6,1,0,0,0,1,0,0,0,0,0,0,0,0,0,0,0,0,1.0,0.0,0.5,0.866025
921.57,77.0,3.1,1.0,921.57,11.9684,921.57,1,2,12,1,0,0,1,0,0,0,0,0,0,0,0,0,0,0,0,0,0.0,-1.0,0.5,0.866025
785.42,0.6,4.5,1.0,785.42,1309.0333,785.42,1,2,18,1,0,0,1,0,0,0,0,0,0,0,0,0,0,1,0,0,-1.0,-0.0,0.5,0.866025
168.68,33.9,3.8,1.2,202.42,4.9758,140.5666666666667,1,3,0,1,0,0,0,1,0,0,0,0,0,0,0,0,0,0,1,0,0.0,1.0,0.5,0.866025
258.65,8.5,4.0,1.0,258.65,30.4294,258.65,1,3,6,1,0,0,0,0,0,1,0,1,0,1,0,0,0,0,0,0,1.0,0.0,0.5,0.866025
640.64,0.8,4.2,1.2,768.77,800.8,533.8666666666667,1,3,12,1,0,0,1,0,0,0,0,0,0,0,0,0,0,0,0,0,0.0,-1.0,0.5,0.866025
351.58,55.0,5.0,2.0,703.16,6.3924,175.79,1,3,18,1,0,0,0,0,1,0,0,0,0,0,0,0,0,1,0,1,-1.0,-0.0,0.5,0.866025
554.6,3.3,3.8,1.5,831.9,168.0606,369.73333333333335,1,4,0,1,0,0,1,0,0,0,0,1,0,0,0,0,0,0,1,0,0.0,1.0,0.5,0.866025
174.71,17.7,3.6,1.5,262.06,9.8706,116.47333333333334,1,4,6,1,0,0,0,0,0,1,0,0,1,0,1,0,0,0,0,0,1.0,0.0,0.5,0.866025
442.8,7.0,4.5,1.0,442.8,63.2571,442.8,1,4,12,1,0,0,0,0,0,1,0,1,0,0,0,0,0,0,0,0,0.0,-1.0,0.5,0.866025
419.0,1.5,4.3,1.0,419.0,279.3333,419.0,1,4,18,1,0,0,0,0,1,0,0,0,0,0,0,0,0,1,0,0,-1.0,-0.0,0.5,0.866025
701.95,1.1,4.9,1.0,701.95,638.1364,701.95,1,5,0,1,1,0,1,0,0,0,0,0,0,0,1,0,0,0,1,0,0.0,1.0,0.5,0.866025
538.2,2.7,4.1,1.0,538.2,199.3333,538.2,1,5,6,1,1,0,0,0,0,1,0,0,1,0,0,0,0,0,0,0,1.0,0.0,0.5,0.866025
473.68,1.6,4.9,2.0,947.36,296.05,236.84,1,5,12,1,1,0,0,1,0,0,0,0,0,0,0,0,1,0,0,1,0.0,-1.0,0.5,0.866025
150.62,31.4,4.3,1.0,150.62,4.7968,150.62,1,5,18,1,1,0,0,0,0,0,0,0,0,0,0,0,1,1,0,0,-1.0,-0.0,0.5,0.866025
1058.67,14.6,4.6,1.5,1588.0,72.5116,705.7800000000001,1,6,0,1,1,0,0,0,0,0,0,1,0,0,0,0,0,0,1,0,0.0,1.0,0.5,0.866025
617.48,9.2,5.0,1.0,617.48,67.1174,617.48,1,6,6,1,1,0,0,0,0,0,0,1,0,0,0,0,0,0,0,0,1.0,0.0,0.5,0.866025
295.96,11.9,4.2,1.5,443.94,24.8706,197.30666666666664,1,6,12,1,1,0,1,0,0,0,0,1,0,0,1,0,0,0,0,0,0.0,-1.0,0.5,0.866025
467.47,58.2,4.8,1.0,467.47,8.0321,467.47,1,6,18,1,1,0,0,0,1,0,0,0,0,0,0,0,0,1,0,0,-1.0,-0.0,0.5,0.866025
357.45,53.2,4.0,1.0,357.45,6.719,357.45,1,0,0,1,0,0,0,0,0,1,0,0,0,0,0,0,0,0,1,0,0.0,1.0,0.5,0.866025
394.39,27.7,4.4,1.2,473.27,14.2379,328.65833333333336,1,0,6,1,0,0,0,1,0,0,0,0,1,0,0,0,0,0,0,0,1.0,0.0,0.5,0.866025
779.31,47.5,3.6,1.0,779.31,16.4065,779.31,1,0,12,1,0,0,0,1,0,0,0,0,0,0,0,0,1,0,0,0,0.0,-1.0,0.5,0.866025
257.94,8.5,4.0,1.2,309.53,30.3459,214.95,1,0,18,1,0,0,1,0,0,0,0,1,0,0,0,0,0,1,0,0,-1.0,-0.0,0.5,0.866025
630.51,10.6,3.8,1.0,630.51,59.4821,630.51,1,1,0,1,0,0,0,0,0,0,1,0,0,0,1,0,0,0,1,0,0.0,1.0,0.5,0.866025
795.8,20.9,4.9,1.0,795.8,38.0766,795.8,1,1,6,1,0,0,1,0,0,0,0,1,0,0,1,0,0,0,0,0,1.0,0.0,0.5,0.866025
581.28,21.5,5.0,2.0,1162.56,27.0363,290.64,1,1,12,1,0,0,0,0,1,0,0,0,0,0,0,0,0,0,0,1,0.0,-1.0,0.5,0.866025
405.01,14.5,4.1,1.0,405.01,27.9317,405.01,1,1,18,1,0,0,0,0,1,0,0,0,0,0,0,0,0,1,0,0,-1.0,-0.0,0.5,0.866025
284.11,11.3,3.9,1.2,340.93,25.1425,236.75833333333333,1,2,0,1,0,0,0,0,0,1,0,1,0,0,0,1,0,0,1,0,0.0,1.0,0.5,0.866025
306.56,94.2,3.6,1.0,306.56,3.2544,306.56,1,2,6,1,0,0,0,0,0,1,1,0,0,0,0,0,0,0,0,0,1.0,0.0,0.5,0.866025
472.5,37.9,4.4,1.2,567.0,12.467,393.75,1,2,12,1,0,0,0,0,1,0,0,0,1,0,1,0,0,0,0,0,0.0,-1.0,0.5,0.866025
452.31,12.6,4.0,1.0,452.31,35.8976,452.31,1,2,18,1,0,0,0,0,1,0,0,0,0,0,0,0,0,1,0,0,-1.0,-0.0,0.5,0.866025
670.28,28.6,4.0,1.0,670.28,23.4364,670.28,1,3,0,1,0,0,0,0,1,0,0,0,0,0,0,0,0,0,1,0,0.0,1.0,0.5,0.866025
182.49,6.9,5.0,1.0,182.49,26.4478,182.49,1,3,6,1,0,0,1,0,0,0,0,0,1,0,0,0,0,0,0,0,1.0,0.0,0.5,0.866025
774.42,2.3,4.2,1.0,774.42,336.7043,774.42,1,3,12,1,0,0,0,0,1,0,1,0,0,0,0,0,0,0,0,0,0.0,-1.0,0.5,0.866025
1403.06,9.6,4.6,1.0,1403.06,146.1521,1403.06,1,3,18,1,0,0,0,1,0,0,1,0,0,0,0,0,0,1,0,0,-1.0,-0.0,0.5,0.866025
425.51,11.3,4.3,1.2,510.61,37.6558,354.5916666666667,1,4,0,1,0,0,0,0,0,0,0,0,0,1,0,0,0,0,1,0,0.0,1.0,0.5,0.866025
391.36,0.4,3.6,1.2,469.63,978.4,326.1333333333334,1,4,6,1,0,0,0,0,1,0,0,1,0,0,0,0,0,0,0,0,1.0,0.0,0.5,0.866025
411.37,37.1,3.4,1.0,411.37,11.0881,411.37,1,4,12,1,0,0,0,0,0,0,1,0,0,0,0,0,0,0,0,0,0.0,-1.0,0.5,0.866025
464.01,9.8,4.5,1.0,464.01,47.348,464.01,1,4,18,1,0,0,1,0,0,0,0,1,0,0,0,0,0,1,0,0,-1.0,-0.0,0.5,0.866025
375.06,19.1,5.0,1.0,375.06,19.6366,375.06,1,5,0,1,1,0,0,0,0,0,0,1,0,0,1,0,0,0,1,0,0.0,1.0,0.5,0.866025
128.33,1.7,4.5,1.0,128.33,75.4882,128.33,1,5,6,1,1,0,1,0,0,0,0,0,0,0,0,0,0,0,0,0,1.0,0.0,0.5,0.866025
406.56,4.2,4.6,1.0,406.56,96.8,406.56,1,5,12,1,1,0,0,1,0,0,0,1,0,0,1,0,0,0,0,0,0.0,-1.0,0.5,0.866025
251.16,48.5,3.8,1.0,251.16,5.1786,251.16,1,5,18,1,1,0,1,0,0,0,0,0,0,0,0,0,0,1,0,0,-1.0,-0.0,0.5,0.866025
478.61,20.6,4.8,2.0,957.22,23.2335,239.305,1,6,0,1,1,0,1,0,0,0,0,1,0,0,0,0,0,0,1,1,0.0,1.0,0.5,0.866025
816.29,66.0,4.8,1.2,979.55,12.368,680.2416666666667,1,6,6,1,1,0,0,0,0,1,0,0,1,0,0,0,0,0,0,0,1.0,0.0,0.5,0.866025
256.02,147.1,4.0,1.0,256.02,1.7404,256.02,1,6,12,1,1,0,0,0,1,0,0,0,0,1,0,0,0,0,0,0,0.0,-1.0,0.5,0.866025
978.31,10.2,4.6,1.0,978.31,95.9127,978.31,1,6,18,1,1,0,0,0,1,0,1,0,0,0,0,0,0,1,0,0,-1.0,-0.0,0.5,0.866025
361.31,7.8,3.4,1.2,433.57,46.3218,301.0916666666667,1,0,0,1,0,0,0,1,0,0,0,0,0,0,0,0,0,0,1,0,0.0,1.0,0.5,0.866025
273.75,43.0,4.7,1.0,273.75,6.3663,273.75,1,0,6,1,0,0,0,1,0,0,0,1,0,0,0,0,0,0,0,0,1.0,0.0,0.5,0.866025
617.56,144.7,4.0,1.2,741.07,4.2679,514.6333333333333,1,0,12,1,0,0,0,0,1,0,0,0,1,1,0,0,0,0,0,0,0.0,-1.0,0.5,0.866025
339.08,21.9,3.7,2.0,678.16,15.4831,169.54,1,0,18,1,0,0,0,0,0,1,0,0,0,0,0,0,0,1,0,1,-1.0,-0.0,0.5,0.866025
429.83,34.9,4.5,1.0,429.83,12.316,429.83,1,1,0,1,0,0,0,0,1,0,0,0,0,0,0,0,0,0,1,0,0.0,1.0,0.5,0.866025
445.32,33.5,3.4,1.0,445.32,13.2931,445.32,1,1,6,1,0,0,0,0,0,1,0,1,0,0,0,0,0,0,0,0,1.0,0.0,0.5,0.866025
599.78,9.7,4.5,1.2,719.74,61.833,499.81666666666666,1,1,12,1,0,0,0,1,0,0,0,0,0,0,0,0,0,0,0,0,0.0,-1.0,0.5,0.866025
423.14,18.8,3.7,2.0,846.28,22.5074,211.57,1,1,18,1,0,0,0,0,0,0,1,0,0,0,1,0,0,1,0,1,-1.0,-0.0,0.5,0.866025
398.94,39.4,3.6,1.0,398.94,10.1254,398.94,1,2,0,1,0,0,0,1,0,0,0,0,1,0,1,0,0,0,1,0,0.0,1.0,0.5,0.866025
356.25,25.6,4.3,1.2,427.5,13.916,296.875,1,2,6,1,0,0,0,1,0,0,0,1,0,0,0,0,0,0,0,0,1.0,0.0,0.5,0.866025
569.58,0.5,4.2,1.0,569.58,1139.16,569.58,1,2,12,1,0,0,1,0,0,0,0,0,0,0,0,0,0,0,0,0,0.0,-1.0,0.5,0.866025
329.49,9.0,4.3,1.0,329.49,36.61,329.49,1,2,18,1,0,0,1,0,0,0,0,1,0,0,0,0,0,1,0,0,-1.0,-0.0,0.5,0.866025
829.89,3.4,3.7,1.2,995.87,244.0853,691.575,1,3,0,1,0,0,1,0,0,0,1,0,0,0,0,0,0,0,1,0,0.0,1.0,0.5,0.866025
447.92,5.8,5.0,2.0,895.84,77.2276,223.96,1,3,6,1,0,0,1,0,0,0,0,0,0,0,0,0,0,0,0,1,1.0,0.0,0.5,0.866025
155.76,51.9,3.7,1.2,186.91,3.0012,129.8,1,3,12,1,0,0,0,0,0,1,0,1,0,0,1,0,0,0,0,0,0.0,-1.0,0.5,0.866025
515.08,0.8,4.8,1.2,618.1,643.85,429.2333333333334,1,3,18,1,0,0,0,0,1,0,0,1,0,0,0,0,1,1,0,0,-1.0,-0.0,0.5,0.866025
558.62,5.5,4.9,1.0,558.62,101.5673,558.62,1,4,0,1,0,0,0,0,0,0,0,1,0,0,0,0,1,0,1,0,0.0,1.0,0.5,0.866025
834.57,8.1,4.3,1.0,834.57,103.0333,834.57,1,4,6,1,0,0,0,1,0,0,0,0,0,1,0,0,0,0,0,0,1.0,0.0,0.5,0.866025
291.32,21.1,3.9,1.0,291.32,13.8066,291.32,1,4,12,1,0,0,0,0,0,1,1,0,0,0,1,0,0,0,0,0,0.0,-1.0,0.5,0.866025
267.73,16.8,3.5,1.0,267.73,15.9363,267.73,1,4,18,1,0,0,0,0,0,0,0,0,0,0,1,0,0,1,0,0,-1.0,-0.0,0.5,0.866025
609.88,5.4,4.3,1.2,731.86,112.9407,508.23333333333335,1,5,0,1,1,0,0,0,0,1,0,0,0,0,0,0,0,0,1,0,0.0,1.0,0.5,0.866025
766.57,3.9,5.0,1.0,766.57,196.5564,766.57,1,5,6,1,1,0,0,0,0,1,1,0,0,0,1,0,0,0,0,0,1.0,0.0,0.5,0.866025
284.86,5.9,4.2,1.2,341.83,48.2814,237.38333333333333,1,5,12,1,1,0,0,1,0,0,1,0,0,0,0,0,0,0,0,0,0.0,-1.0,0.5,0.866025
505.57,15.4,3.7,1.5,758.36,32.8292,337.0466666666667,1,5,18,1,1,0,0,0,1,0,0,0,0,0,0,0,0,1,0,0,-1.0,-0.0,0.5,0.866025
426.97,7.0,3.7,1.0,426.97,60.9957,426.97,1,6,0,1,1,0,1,0,0,0,0,0,0,0,1,0,0,0,1,0,0.0,1.0,0.5,0.866025
290.51,64.9,4.4,1.0,290.51,4.4763,290.51,1,6,6,1,1,0,0,0,1,0,0,0,0,0,0,0,0,0,0,0,1.0,0.0,0.5,0.866025
413.88,13.7,4.1,1.2,496.66,30.2102,344.90000000000003,1,6,12,1,1,0,0,1,0,0,0,0,0,0,0,0,0,0,0,0,0.0,-1.0,0.5,0.866025
739.44,1.3,4.3,2.0,1478.88,568.8,369.72,1,6,18,1,1,0,0,1,0,0,0,0,0,0,0,0,1,1,0,1,-1.0,-0.0,0.5,0.866025
448.92,28.7,4.7,1.2,538.7,15.6418,374.1,1,0,0,1,0,0,0,1,0,0,0,0,0,0,0,0,0,0,1,0,0.0,1.0,0.5,0.866025
402.42,8.8,4.5,1.0,402.42,45.7295,402.42,1,0,6,1,0,0,0,0,0,0,0,1,0,0,0,1,0,0,0,0,1.0,0.0,0.5,0.866025
593.79,23.3,5.0,1.0,593.79,25.4845,593.79,1,0,12,1,0,0,0,0,1,0,1,0,0,0,0,0,1,0,0,0,0.0,-1.0,0.5,0.866025
773.02,7.2,4.9,1.0,773.02,107.3639,773.02,1,0,18,1,0,0,0,0,1,0,0,1,0,0,1,0,0,1,0,0,-1.0,-0.0,0.5,0.866025
253.46,18.6,2.8,1.0,253.46,13.6269,253.46,1,1,0,1,0,0,0,0,0,1,0,1,0,0,0,0,0,0,1,0,0.0,1.0,0.5,0.866025
516.28,32.5,5.0,1.5,774.42,15.8855,344.18666666666667,1,1,6,1,0,0,0,0,0,1,0,0,0,0,0,0,0,0,0,0,1.0,0.0,0.5,0.866025
362.56,57.9,4.9,1.5,543.84,6.2618,241.70666666666668,1,1,12,1,0,0,0,0,0,1,0,0,1,0,0,0,0,0,0,0,0.0,-1.0,0.5,0.866025
449.96,6.7,3.9,1.0,449.96,67.1582,449.96,1,1,18,1,0,0,0,1,0,0,1,0,0,1,0,0,0,1,0,0,-1.0,-0.0,0.5,0.866025
617.45,9.0,4.1,1.0,617.45,68.6056,617.45,1,2,0,1,0,0,0,0,1,0,1,0,0,0,1,0,0,0,1,0,0.0,1.0,0.5,0.866025
378.09,13.7,4.5,1.0,378.09,27.5978,378.09,1,2,6,1,0,0,0,1,0,0,1,0,0,0,0,0,0,0,0,0,1.0,0.0,0.5,0.866025
421.45,57.6,3.8,1.5,632.17,7.3168,280.96666666666664,1,2,12,1,0,0,0,0,0,0,0,0,1,0,0,0,0,0,0,0,0.0,-1.0,0.5,0.866025
709.32,51.0,4.2,1.0,709.32,13.9082,709.32,1,2,18,1,0,0,0,0,0,1,0,1,0,0,0,0,0,1,0,0,-1.0,-0.0,0.5,0.866025
551.76,2.1,4.8,1.2,662.11,262.7429,459.8,1,3,0,1,0,0,0,1,0,0,0,0,0,0,0,0,1,0,1,0,0.0,1.0,0.5,0.866025
416.45,3.1,4.6,1.0,416.45,134.3387,416.45,1,3,6,1,0,0,0,1,0,0,0,1,0,0,0,0,0,0,0,0,1.0,0.0,0.5,0.866025
472.88,15.1,4.0,1.2,567.46,31.3166,394.06666666666666,1,3,12,1,0,0,0,0,0,0,1,0,0,0,1,0,0,0,0,0,0.0,-1.0,0.5,0.866025
455.11,2.5,4.8,1.0,455.11,182.044,455.11,1,3,18,1,0,0,1,0,0,0,1,0,0,0,0,0,0,1,0,0,-1.0,-0.0,0.5,0.866025
148.65,9.3,4.3,1.0,148.65,15.9839,148.65,1,4,0,1,0,0,0,0,1,0,0,1,0,0,1,0,0,0,1,0,0.0,1.0,0.5,0.866025
477.03,3.5,4.4,1.2,572.44,136.2943,397.525,1,4,6,1,0,0,1,0,0,0,0,0,0,0,0,0,1,0,0,0,1.0,0.0,0.5,0.866025
207.89,22.2,4.0,1.0,207.89,9.3644,207.89,1,4,12,1,0,0,0,0,0,1,0,0,0,0,1,0,0,0,0,0,0.0,-1.0,0.5,0.866025
762.23,65.7,4.3,1.0,762.23,11.6017,762.23,1,4,18,1,0,0,0,1,0,0,0,0,1,0,0,0,0,1,0,0,-1.0,-0.0,0.5,0.866025
205.03,125.9,3.9,1.0,205.03,1.6285,205.03,1,5,0,1,1,0,0,0,0,0,0,1,0,0,1,0,0,0,1,0,0.0,1.0,0.5,0.866025
352.95,10.3,3.3,1.0,352.95,34.267,352.95,1,5,6,1,1,0,0,0,0,0,0,1,0,0,1,0,0,0,0,0,1.0,0.0,0.5,0.866025
317.62,20.1,4.2,1.0,317.62,15.802,317.62,1,5,12,1,1,0,0,0,1,0,0,0,0,0,0,1,0,0,0,0,0.0,-1.0,0.5,0.866025
902.83,42.7,4.2,1.2,1083.4,21.1436,752.3583333333333,1,5,18,1,1,0,1,0,0,0,0,0,0,1,0,0,0,1,0,0,-1.0,-0.0,0.5,0.866025
746.44,2.7,4.4,1.5,1119.66,276.4593,497.6266666666667,1,6,0,1,1,0,0,0,1,0,1,0,0,0,1,0,0,0,1,0,0.0,1.0,0.5,0.866025
96.97,25.7,4.9,1.0,96.97,3.7732,96.97,1,6,6,1,1,0,0,1,0,0,0,1,0,1,0,0,0,0,0,0,1.0,0.0,0.5,0.866025
437.24,11.6,4.0,1.0,437.24,37.6931,437.24,1,6,12,1,1,0,0,0,1,0,1,0,0,0,1,0,0,0,0,0,0.0,-1.0,0.5,0.866025
229.44,5.1,4.1,1.0,229.44,44.9882,229.44,1,6,18,1,1,0,0,0,0,0,0,1,0,0,0,0,0,1,0,0,-1.0,-0.0,0.5,0.866025
477.96,11.3,4.7,1.0,477.96,42.2973,477.96,1,0,0,1,0,0,0,0,0,0,0,1,0,0,0,0,0,0,1,0,0.0,1.0,0.5,0.866025
610.39,1.7,3.9,1.0,610.39,359.0529,610.39,1,0,6,1,0,0,0,0,0,1,0,0,0,0,0,0,0,0,0,0,1.0,0.0,0.5,0.866025
498.76,26.2,4.4,1.2,598.51,19.0366,415.6333333333333,1,0,12,1,0,0,0,0,0,1,1,0,0,0,0,0,1,0,0,0,0.0,-1.0,0.5,0.866025
629.02,6.4,4.1,1.0,629.02,98.2844,629.02,1,0,18,1,0,0,0,1,0,0,0,1,0,0,1,0,0,1,0,0,-1.0,-0.0,0.5,0.866025
383.54,8.2,4.2,1.0,383.54,46.7732,383.54,1,1,0,1,0,0,1,0,0,0,0,1,0,0,1,0,0,0,1,0,0.0,1.0,0.5,0.866025
506.91,2.8,4.7,1.5,760.36,181.0393,337.94,1,1,6,1,0,0,0,0,1,0,0,1,0,0,0,0,0,0,0,0,1.0,0.0,0.5,0.866025
617.84,44.0,4.1,1.5,926.76,14.0418,411.8933333333334,1,1,12,1,0,0,0,1,0,0,0,0,1,0,0,0,0,0,0,0,0.0,-1.0,0.5,0.866025
345.74,15.0,4.7,2.0,691.48,23.0493,172.87,1,1,18,1,0,0,0,0,0,1,0,0,0,0,1,0,0,1,0,1,-1.0,-0.0,0.5,0.866025
271.52,18.7,3.3,1.2,325.82,14.5198,226.26666666666665,1,2,0,1,0,0,0,0,1,0,1,0,0,0,0,0,0,0,1,0,0.0,1.0,0.5,0.866025
308.14,18.5,3.6,1.5,462.21,16.6562,205.42666666666665,1,2,6,1,0,0,0,0,0,1,0,0,0,0,0,0,0,0,0,0,1.0,0.0,0.5,0.866025
413.51,11.6,3.1,1.0,413.51,35.6474,413.51,1,2,12,1,0,0,0,0,1,0,0,1,0,0,1,0,0,0,0,0,0.0,-1.0,0.5,0.866025
443.46,4.7,3.7,1.0,443.46,94.3532,443.46,1,2,18,1,0,0,1,0,0,0,0,0,0,0,0,0,0,1,0,0,-1.0,-0.0,0.5,0.866025
521.88,30.1,5.0,1.0,521.88,17.3382,521.88,2,3,0,1,0,0,0,1,0,0,0,0,0,0,0,0,0,0,1,0,0.0,1.0,0.866025,0.5
291.44,3.0,4.3,1.2,349.73,97.1467,242.86666666666667,2,3,6,1,0,0,0,0,1,0,0,1,0,0,0,0,0,0,0,0,1.0,0.0,0.866025,0.5
626.8,2.4,4.3,2.0,1253.6,261.1667,313.4,2,3,12,1,0,0,0,0,0,0,0,0,0,0,0,0,0,0,0,1,0.0,-1.0,0.866025,0.5
1004.6,27.2,4.7,1.0,1004.6,36.9338,1004.6,2,3,18,1,0,0,0,0,0,0,0,1,0,0,0,0,1,1,0,0,-1.0,-0.0,0.866025,0.5
318.91,5.2,4.8,1.2,382.69,61.3288,265.7583333333334,2,4,0,1,0,0,0,0,1,0,0,0,1,0,0,0,0,0,1,0,0.0,1.0,0.866025,0.5
1278.31,8.1,3.7,1.2,1533.97,157.816,1065.2583333333334,2,4,6,1,0,0,0,0,1,0,0,0,0,0,0,0,0,0,0,0,1.0,0.0,0.866025,0.5
1071.31,14.2,5.0,2.0,2142.62,75.4444,535.655,2,4,12,1,0,0,0,0,1,0,1,0,0,0,0,0,0,0,0,1,0.0,-1.0,0.866025,0.5
442.74,13.1,4.4,1.2,531.29,33.7969,368.9500000000001,2,4,18,1,0,0,0,0,0,0,0,1,0,0,1,0,0,1,0,0,-1.0,-0.0,0.866025,0.5
407.05,27.1,4.5,2.0,814.1,15.0203,203.525,2,5,0,1,1,0,0,0,0,0,0,1,0,0,0,0,0,0,1,1,0.0,1.0,0.866025,0.5
305.71,21.5,4.5,1.0,305.71,14.2191,305.71,2,5,6,1,1,0,0,0,1,0,0,0,0,0,1,0,0,0,0,0,1.0,0.0,0.866025,0.5
672.93,22.7,4.5,1.0,672.93,29.6445,672.93,2,5,12,1,1,0,0,0,0,1,0,0,0,0,0,0,0,0,0,0,0.0,-1.0,0.866025,0.5
458.27,27.5,4.0,1.0,458.27,16.6644,458.27,2,5,18,1,1,0,0,0,0,1,0,0,0,0,0,0,0,1,0,0,-1.0,-0.0,0.866025,0.5
483.4,7.6,5.0,1.0,483.4,63.6053,483.4,2,6,0,1,1,0,1,0,0,0,0,0,0,0,0,0,0,0,1,0,0.0,1.0,0.866025,0.5
274.79,8.6,4.2,1.0,274.79,31.9523,274.79,2,6,6,1,1,0,0,1,0,0,0,0,0,1,0,0,0,0,0,0,1.0,0.0,0.866025,0.5
682.42,12.7,4.8,1.2,818.9,53.7339,568.6833333333333,2,6,12,1,1,0,0,0,0,1,0,1,0,1,0,0,0,0,0,0,0.0,-1.0,0.866025,0.5
390.13,8.1,4.1,1.2,468.16,48.1642,325.1083333333333,2,6,18,1,1,0,0,0,0,0,1,0,0,0,0,0,0,1,0,0,-1.0,-0.0,0.866025,0.5
239.42,92.3,4.0,1.2,287.3,2.5939,199.51666666666665,2,0,0,1,0,1,0,0,0,1,1,0,0,0,0,0,0,0,1,0,0.0,1.0,0.866025,0.5
424.73,37.0,5.0,1.0,424.73,11.4792,424.73,2,0,6,1,0,1,1,0,0,0,0,1,0,0,0,0,1,0,0,0,1.0,0.0,0.866025,0.5
284.87,4.0,4.2,1.0,284.87,71.2175,284.87,2,0,12,1,0,1,1,0,0,0,0,0,0,0,0,0,0,0,0,0,0.0,-1.0,0.866025,0.5
835.17,0.1,4.3,1.0,835.17,8351.7,835.17,2,0,18,1,0,1,0,1,0,0,0,0,0,1,0,0,0,1,0,0,-1.0,-0.0,0.866025,0.5
1064.38,1.0,4.3,1.0,1064.38,1064.38,1064.38,2,1,0,1,0,0,0,0,0,1,0,0,0,0,0,0,0,0,1,0,0.0,1.0,0.866025,0.5
431.07,6.2,5.0,1.0,431.07,69.5274,431.07,2,1,6,1,0,0,0,0,0,0,0,0,0,0,0,0,1,0,0,0,1.0,0.0,0.866025,0.5
736.2,2.7,5.0,1.0,736.2,272.6667,736.2,2,1,12,1,0,0,0,0,0,0,0,1,0,0,1,0,0,0,0,0,0.0,-1.0,0.866025,0.5
727.18,16.8,4.9,1.0,727.18,43.2845,727.18,2,1,18,1,0,0,0,0,1,0,0,1,0,0,0,0,1,1,0,0,-1.0,-0.0,0.866025,0.5
50.42,42.9,5.0,1.2,60.5,1.1753,42.01666666666667,2,2,0,1,0,0,0,0,0,0,0,0,0,0,1,0,0,0,1,0,0.0,1.0,0.866025,0.5
308.4,29.4,3.8,1.0,308.4,10.4898,308.4,2,2,6,1,0,0,0,1,0,0,0,0,0,0,0,0,0,0,0,0,1.0,0.0,0.866025,0.5
468.69,5.3,4.6,2.0,937.38,88.4321,234.345,2,2,12,1,0,0,0,1,0,0,1,0,0,0,0,0,1,0,0,1,0.0,-1.0,0.866025,0.5
350.58,11.2,4.3,1.0,350.58,31.3018,350.58,2,2,18,1,0,0,0,0,0,0,1,0,0,0,0,0,0,1,0,0,-1.0,-0.0,0.866025,0.5
295.22,15.6,3.4,2.0,590.44,18.9244,147.61,2,3,0,1,0,0,0,0,0,0,0,0,0,0,0,0,0,0,1,1,0.0,1.0,0.866025,0.5
751.29,36.6,4.5,1.0,751.29,20.527,751.29,2,3,6,1,0,0,0,0,1,0,0,0,1,0,1,0,0,0,0,0,1.0,0.0,0.866025,0.5
343.18,40.2,4.1,1.0,343.18,8.5368,343.18,2,3,12,1,0,0,0,0,0,0,0,0,1,0,1,0,0,0,0,0,0.0,-1.0,0.866025,0.5
522.58,52.9,5.0,1.0,522.58,9.8786,522.58,2,3,18,1,0,0,0,0,1,0,0,0,0,0,0,0,1,1,0,0,-1.0,-0.0,0.866025,0.5
718.98,15.7,4.1,1.5,1078.47,45.7949,479.32,2,4,0,1,0,0,0,0,1,0,0,0,0,0,0,0,0,0,1,0,0.0,1.0,0.866025,0.5
859.46,26.1,4.1,1.0,859.46,32.9295,859.46,2,4,6,1,0,0,0,0,0,0,0,1,0,0,1,0,0,0,0,0,1.0,0.0,0.866025,0.5
240.11,2.6,5.0,1.0,240.11,92.35,240.11,2,4,12,1,0,0,1,0,0,0,0,0,1,0,1,0,0,0,0,0,0.0,-1.0,0.866025,0.5
252.26,18.3,4.3,1.5,378.39,13.7847,168.17333333333332,2,4,18,1,0,0,1,0,0,0,1,0,0,0,0,0,0,1,0,0,-1.0,-0.0,0.866025,0.5
493.49,6.3,4.9,1.0,493.49,78.3317,493.49,2,5,0,1,1,0,0,0,1,0,0,0,0,0,0,0,0,0,1,0,0.0,1.0,0.866025,0.5
127.16,12.4,4.5,1.0,127.16,10.2548,127.16,2,5,6,1,1,0,0,0,0,0,0,0,0,0,0,0,0,0,0,0,1.0,0.0,0.866025,0.5
259.32,22.1,4.5,1.0,259.32,11.7339,259.32,2,5,12,1,1,0,1,0,0,0,0,1,0,0,0,0,0,0,0,0,0.0,-1.0,0.866025,0.5
792.02,6.5,4.2,1.2,950.42,121.8492,660.0166666666667,2,5,18,1,1,0,0,0,0,0,0,1,0,0,0,0,1,1,0,0,-1.0,-0.0,0.866025,0.5
602.73,1.2,4.6,1.0,602.73,502.275,602.73,2,6,0,1,1,0,0,0,0,0,0,0,0,0,1,0,0,0,1,0,0.0,1.0,0.866025,0.5
413.51,0.2,4.2,1.0,413.51,2067.55,413.51,2,6,6,1,1,0,0,0,0,0,1,0,0,0,1,0,0,0,0,0,1.0,0.0,0.866025,0.5
558.32,0.5,3.9,1.0,558.32,1116.64,558.32,2,6,12,1,1,0,0,0,0,1,0,1,0,0,0,0,1,0,0,0,0.0,-1.0,0.866025,0.5
623.44,0.2,4.2,1.0,623.44,3117.2,623.44,2,6,18,1,1,0,0,0,0,0,1,0,0,0,0,0,0,1,0,0,-1.0,-0.0,0.866025,0.5
193.56,2.6,4.9,1.2,232.27,74.4462,161.3,2,0,0,1,0,1,0,0,0,1,1,0,0,1,0,0,0,0,1,0,0.0,1.0,0.866025,0.5
339.89,6.0,4.6,1.0,339.89,56.6483,339.89,2,0,6,1,0,1,0,0,1,0,1,0,0,0,0,0,0,0,0,0,1.0,0.0,0.866025,0.5
844.84,5.5,4.7,1.0,844.84,153.6073,844.84,2,0,12,1,0,1,1,0,0,0,0,1,0,1,0,0,0,0,0,0,0.0,-1.0,0.866025,0.5
497.93,95.2,4.3,1.0,497.93,5.2304,497.93,2,0,18,1,0,1,1,0,0,0,0,1,0,0,0,0,0,1,0,0,-1.0,-0.0,0.866025,0.5
512.96,8.0,3.3,1.0,512.96,64.12,512.96,2,1,0,1,0,0,1,0,0,0,0,0,0,0,0,0,1,0,1,0,0.0,1.0,0.866025,0.5
431.65,3.0,3.7,1.0,431.65,143.8833,431.65,2,1,6,1,0,0,1,0,0,0,0,1,0,0,0,0,0,0,0,0,1.0,0.0,0.866025,0.5
149.3,17.4,4.2,1.0,149.3,8.5805,149.3,2,1,12,1,0,0,1,0,0,0,0,0,0,0,0,0,0,0,0,0,0.0,-1.0,0.866025,0.5
316.1,42.9,3.7,1.0,316.1,7.3683,316.1,2,1,18,1,0,0,1,0,0,0,0,1,0,0,1,0,0,1,0,0,-1.0,-0.0,0.866025,0.5
541.61,24.9,4.0,2.0,1083.22,21.7514,270.805,2,2,0,1,0,0,1,0,0,0,0,0,0,0,0,0,0,0,1,1,0.0,1.0,0.866025,0.5
344.23,7.7,4.0,1.0,344.23,44.7052,344.23,2,2,6,1,0,0,0,0,1,0,0,0,0,0,1,0,0,0,0,0,1.0,0.0,0.866025,0.5
245.1,18.1,4.0,1.0,245.1,13.5414,245.1,2,2,12,1,0,0,0,0,0,0,0,0,0,0,0,0,0,0,0,0,0.0,-1.0,0.866025,0.5
263.83,27.6,5.0,1.0,263.83,9.5591,263.83,2,2,18,1,0,0,0,1,0,0,0,0,0,0,1,0,0,1,0,0,-1.0,-0.0,0.866025,0.5
853.4,28.7,4.3,1.0,853.4,29.7352,853.4,2,3,0,1,0,0,0,0,0,1,1,0,0,0,0,0,0,0,1,0,0.0,1.0,0.866025,0.5
334.27,24.2,4.8,1.5,501.4,13.8128,222.84666666666664,2,3,6,1,0,0,0,1,0,0,1,0,0,0,0,0,0,0,0,0,1.0,0.0,0.866025,0.5
770.27,45.0,4.4,1.0,770.27,17.1171,770.27,2,3,12,1,0,0,0,1,0,0,0,1,0,0,0,0,0,0,0,0,0.0,-1.0,0.866025,0.5
514.16,44.9,5.0,1.0,514.16,11.4512,514.16,2,3,18,1,0,0,0,0,0,0,0,0,0,0,0,0,0,1,0,0,-1.0,-0.0,0.866025,0.5
389.01,19.0,4.8,1.2,466.81,20.4742,324.175,2,4,0,1,0,0,0,0,0,0,0,0,0,0,0,0,0,0,1,0,0.0,1.0,0.866025,0.5
287.51,12.4,4.0,1.0,287.51,23.1863,287.51,2,4,6,1,0,0,0,0,0,0,0,0,0,0,0,0,0,0,0,0,1.0,0.0,0.866025,0.5
610.79,22.6,5.0,1.0,610.79,27.0261,610.79,2,4,12,1,0,0,1,0,0,0,0,0,0,0,0,0,0,0,0,0,0.0,-1.0,0.866025,0.5
724.21,37.5,4.1,1.0,724.21,19.3123,724.21,2,4,18,1,0,0,0,0,1,0,1,0,0,0,0,0,0,1,0,0,-1.0,-0.0,0.866025,0.5
640.0,0.1,4.4,1.0,640.0,6400.0,640.0,2,5,0,1,1,0,1,0,0,0,0,0,0,0,1,0,0,0,1,0,0.0,1.0,0.866025,0.5
205.73,106.2,4.5,1.2,246.88,1.9372,171.44166666666666,2,5,6,1,1,0,0,0,1,0,0,0,0,1,0,0,0,0,0,0,1.0,0.0,0.866025,0.5
333.77,4.4,4.5,1.0,333.77,75.8568,333.77,2,5,12,1,1,0,0,0,1,0,0,0,0,0,0,0,0,0,0,0,0.0,-1.0,0.866025,0.5
355.65,14.0,4.7,1.0,355.65,25.4036,355.65,2,5,18,1,1,0,0,1,0,0,0,0,0,0,1,0,0,1,0,0,-1.0,-0.0,0.866025,0.5
130.95,45.2,3.9,1.0,130.95,2.8971,130.95,2,6,0,1,1,0,0,1,0,0,0,1,0,0,1,0,0,0,1,0,0.0,1.0,0.866025,0.5
555.53,5.6,4.7,1.0,555.53,99.2018,555.53,2,6,6,1,1,0,0,0,1,0,0,1,0,0,0,0,0,0,0,0,1.0,0.0,0.866025,0.5
595.34,14.3,4.6,2.0,1190.68,41.6322,297.67,2,6,12,1,1,0,0,0,1,0,0,0,0,0,1,0,0,0,0,1,0.0,-1.0,0.866025,0.5
585.08,3.1,4.3,1.0,585.08,188.7355,585.08,2,6,18,1,1,0,1,0,0,0,0,0,0,0,0,0,0,1,0,0,-1.0,-0.0,0.866025,0.5
537.69,11.1,4.2,2.0,1075.38,48.4405,268.845,2,0,0,1,0,1,1,0,0,0,0,0,0,0,0,0,0,0,1,1,0.0,1.0,0.866025,0.5
371.99,4.3,3.9,1.0,371.99,86.5093,371.99,2,0,6,1,0,1,0,1,0,0,0,0,0,0,0,0,0,0,0,0,1.0,0.0,0.866025,0.5
281.27,9.9,4.5,1.2,337.52,28.4111,234.39166666666665,2,0,12,1,0,1,0,0,0,0,0,0,0,0,1,0,0,0,0,0,0.0,-1.0,0.866025,0.5
371.29,10.3,4.0,1.0,371.29,36.0476,371.29,2,0,18,1,0,1,0,0,1,0,0,0,1,0,1,0,0,1,0,0,-1.0,-0.0,0.866025,0.5
516.25,109.7,4.4,1.0,516.25,4.706,516.25,2,1,0,1,0,0,1,0,0,0,0,1,0,0,0,0,0,0,1,0,0.0,1.0,0.866025,0.5
805.49,115.8,4.2,1.5,1208.24,6.9559,536.9933333333333,2,1,6,1,0,0,0,1,0,0,0,1,0,0,0,0,0,0,0,0,1.0,0.0,0.866025,0.5
458.17,2.7,3.6,1.5,687.26,169.6926,305.44666666666666,2,1,12,1,0,0,1,0,0,0,0,1,0,0,0,0,1,0,0,0,0.0,-1.0,0.866025,0.5
450.2,28.5,3.8,1.0,450.2,15.7965,450.2,2,1,18,1,0,0,0,0,1,0,0,1,0,0,0,0,0,1,0,0,-1.0,-0.0,0.866025,0.5
138.61,1.2,4.5,1.0,138.61,115.5083,138.61,2,2,0,1,0,0,0,0,1,0,0,1,0,0,0,0,0,0,1,0,0.0,1.0,0.866025,0.5
533.57,0.7,4.0,1.0,533.57,762.2429,533.57,2,2,6,1,0,0,0,0,0,1,0,1,0,0,0,0,1,0,0,0,1.0,0.0,0.866025,0.5
834.27,2.4,4.0,1.5,1251.4,347.6125,556.18,2,2,12,1,0,0,0,0,0,0,1,0,0,0,1,0,0,0,0,0,0.0,-1.0,0.866025,0.5
415.23,74.1,3.9,1.0,415.23,5.6036,415.23,2,2,18,1,0,0,0,0,0,1,0,0,0,0,1,0,0,1,0,0,-1.0,-0.0,0.866025,0.5
399.04,62.2,3.9,1.2,478.85,6.4154,332.53333333333336,2,3,0,1,0,0,0,1,0,0,0,1,0,0,1,0,0,0,1,0,0.0,1.0,0.866025,0.5
359.23,4.7,5.0,1.2,431.08,76.4319,299.3583333333333,2,3,6,1,0,0,1,0,0,0,0,1,0,1,0,0,0,0,0,0,1.0,0.0,0.866025,0.5
621.09,3.9,3.7,1.2,745.31,159.2538,517.575,2,3,12,1,0,0,0,1,0,0,1,0,0,0,0,0,0,0,0,0,0.0,-1.0,0.866025,0.5
134.48,6.1,5.0,1.0,134.48,22.0459,134.48,2,3,18,1,0,0,0,0,1,0,0,1,0,0,0,0,0,1,0,0,-1.0,-0.0,0.866025,0.5
770.65,15.9,4.1,1.0,770.65,48.4686,770.65,2,4,0,1,0,0,0,0,0,1,0,1,0,0,0,0,0,0,1,0,0.0,1.0,0.866025,0.5
389.89,18.6,4.0,2.0,779.78,20.9618,194.945,2,4,6,1,0,0,0,0,0,1,0,0,0,0,0,0,1,0,0,1,1.0,0.0,0.866025,0.5
538.46,5.5,4.3,1.2,646.15,97.9018,448.7166666666667,2,4,12,1,0,0,0,0,0,1,0,1,0,0,1,0,0,0,0,0,0.0,-1.0,0.866025,0.5
645.27,31.1,4.3,1.2,774.32,20.7482,537.725,2,4,18,1,0,0,0,1,0,0,0,0,0,0,0,0,0,1,0,0,-1.0,-0.0,0.866025,0.5
262.01,8.1,4.2,1.0,262.01,32.3469,262.01,2,5,0,1,1,0,0,0,1,0,0,0,0,1,0,0,0,0,1,0,0.0,1.0,0.866025,0.5
435.44,56.2,4.4,1.2,522.53,7.748,362.8666666666667,2,5,6,1,1,0,1,0,0,0,0,0,0,0,0,0,0,0,0,0,1.0,0.0,0.866025,0.5
385.46,23.5,4.3,1.0,385.46,16.4026,385.46,2,5,12,1,1,0,1,0,0,0,0,1,0,0,0,0,0,0,0,0,0.0,-1.0,0.866025,0.5
227.45,12.6,4.2,1.0,227.45,18.0516,227.45,2,5,18,1,1,0,0,1,0,0,0,0,0,0,0,0,0,1,0,0,-1.0,-0.0,0.866025,0.5
721.39,34.3,4.8,1.2,865.67,21.0318,601.1583333333333,2,6,0,1,1,0,0,0,0,1,0,0,0,0,0,0,0,0,1,0,0.0,1.0,0.866025,0.5
369.15,37.5,3.6,1.0,369.15,9.844,369.15,2,6,6,1,1,0,0,0,0,0,1,0,0,1,0,0,0,0,0,0,1.0,0.0,0.866025,0.5
222.06,7.5,3.8,1.2,266.47,29.608,185.05,2,6,12,1,1,0,0,1,0,0,0,0,0,0,0,0,0,0,0,0,0.0,-1.0,0.866025,0.5
449.19,9.1,3.9,1.0,449.19,49.3615,449.19,2,6,18,1,1,0,0,1,0,0,0,1,0,1,0,0,0,1,0,0,-1.0,-0.0,0.866025,0.5
187.34,60.5,3.8,1.0,187.34,3.0965,187.34,2,0,0,1,0,1,0,0,1,0,0,1,0,0,1,0,0,0,1,0,0.0,1.0,0.866025,0.5
344.29,4.0,4.3,1.0,344.29,86.0725,344.29,2,0,6,1,0,1,1,0,0,0,0,0,0,0,0,0,0,0,0,0,1.0,0.0,0.866025,0.5
511.06,0.9,4.6,1.0,511.06,567.8444,511.06,2,0,12,1,0,1,0,1,0,0,1,0,0,0,0,0,1,0,0,0,0.0,-1.0,0.866025,0.5
175.76,13.3,3.3,1.0,175.76,13.215,175.76,2,0,18,1,0,1,0,1,0,0,0,0,0,0,0,0,0,1,0,0,-1.0,-0.0,0.866025,0.5
601.47,35.5,4.1,1.2,721.76,16.9428,501.225,2,1,0,1,0,0,0,0,0,1,0,1,0,0,0,0,0,0,1,0,0.0,1.0,0.866025,0.5
461.28,32.5,4.1,1.5,691.92,14.1932,307.52,2,1,6,1,0,0,0,0,0,1,0,1,0,0,0,0,0,0,0,0,1.0,0.0,0.866025,0.5
647.1,55.4,4.3,1.0,647.1,11.6805,647.1,2,1,12,1,0,0,0,0,0,0,0,1,0,1,0,0,0,0,0,0,0.0,-1.0,0.866025,0.5
643.55,16.8,3.7,1.0,643.55,38.3065,643.55,2,1,18,1,0,0,0,0,1,0,0,1,0,0,0,0,0,1,0,0,-1.0,-0.0,0.866025,0.5
337.91,2.3,4.1,1.2,405.49,146.9174,281.5916666666667,2,2,0,1,0,0,0,0,0,0,0,0,0,0,0,0,0,0,1,0,0.0,1.0,0.866025,0.5
342.92,19.5,3.8,1.2,411.5,17.5856,285.7666666666667,2,2,6,1,0,0,0,0,0,1,0,0,0,0,0,0,0,0,0,0,1.0,0.0,0.866025,0.5
558.51,33.2,4.1,1.2,670.21,16.8226,465.425,2,2,12,1,0,0,1,0,0,0,1,0,0,0,0,0,0,0,0,0,0.0,-1.0,0.866025,0.5
239.22,2.2,3.4,1.2,287.06,108.7364,199.35,2,2,18,1,0,0,0,0,0,1,0,1,0,0,1,0,0,1,0,0,-1.0,-0.0,0.866025,0.5
240.13,4.2,4.1,1.0,240.13,57.1738,240.13,2,3,0,1,0,0,0,0,1,0,1,0,0,0,0,0,0,0,1,0,0.0,1.0,0.866025,0.5
312.95,0.3,3.9,1.0,312.95,1043.1667,312.95,2,3,6,1,0,0,0,0,0,1,1,0,0,0,0,0,0,0,0,0,1.0,0.0,0.866025,0.5
197.25,19.8,4.2,1.0,197.25,9.9621,197.25,2,3,12,1,0,0,0,0,1,0,1,0,0,0,0,0,0,0,0,0,0.0,-1.0,0.866025,0.5
220.6,47.9,4.5,1.0,220.6,4.6054,220.6,2,3,18,1,0,0,0,0,1,0,0,1,0,0,0,0,0,1,0,0,-1.0,-0.0,0.866025,0.5
224.87,24.4,4.3,1.2,269.84,9.216,187.39166666666668,3,4,0,1,0,0,0,0,1,0,0,0,0,0,0,0,1,0,1,0,0.0,1.0,1.0,0.0
369.87,88.4,4.7,1.0,369.87,4.184,369.87,3,4,6,1,0,0,0,0,1,0,1,0,0,0,0,0,0,0,0,0,1.0,0.0,1.0,0.0
360.89,1.4,4.1,2.0,721.78,257.7786,180.445,3,4,12,1,0,0,0,0,1,0,0,1,0,0,0,0,1,0,0,1,0.0,-1.0,1.0,0.0
695.8,51.3,4.6,1.5,1043.7,13.5634,463.8666666666666,3,4,18,1,0,0,1,0,0,0,0,0,0,0,0,0,0,1,0,0,-1.0,-0.0,1.0,0.0
373.37,37.0,4.9,1.5,560.06,10.0911,248.91333333333333,3,5,0,1,1,0,0,0,0,0,1,0,0,0,0,0,0,0,1,0,0.0,1.0,1.0,0.0
418.45,8.3,4.4,1.5,627.67,50.4157,278.96666666666664,3,5,6,1,1,0,0,1,0,0,1,0,0,1,0,0,0,0,0,0,1.0,0.0,1.0,0.0
969.38,79.9,4.3,1.0,969.38,12.1324,969.38,3,5,12,1,1,0,0,0,0,0,0,1,0,0,0,0,0,0,0,0,0.0,-1.0,1.0,0.0
99.43,7.5,4.5,1.5,149.15,13.2573,66.28666666666668,3,5,18,1,1,0,0,0,1,0,0,0,0,0,1,0,0,1,0,0,-1.0,-0.0,1.0,0.0
486.44,48.4,4.5,1.0,486.44,10.0504,486.44,3,6,0,1,1,0,1,0,0,0,0,0,0,0,0,0,1,0,1,0,0.0,1.0,1.0,0.0
390.19,46.8,4.8,1.0,390.19,8.3374,390.19,3,6,6,1,1,0,0,0,0,1,1,0,0,0,0,0,0,0,0,0,1.0,0.0,1.0,0.0
511.46,31.2,4.7,1.2,613.75,16.3929,426.2166666666666,3,6,12,1,1,0,1,0,0,0,0,0,1,0,0,0,0,0,0,0,0.0,-1.0,1.0,0.0
323.68,18.2,4.7,1.0,323.68,17.7846,323.68,3,6,18,1,1,0,0,0,1,0,0,0,0,0,1,0,0,1,0,0,-1.0,-0.0,1.0,0.0
372.12,2.8,4.3,2.0,744.24,132.9,186.06,3,0,0,1,0,0,1,0,0,0,0,0,0,0,0,0,0,0,1,1,0.0,1.0,1.0,0.0
787.08,16.7,4.5,1.2,944.5,47.1305,655.9000000000001,3,0,6,1,0,0,1,0,0,0,1,0,0,0,0,0,0,0,0,0,1.0,0.0,1.0,0.0
554.68,9.7,4.5,1.2,665.62,57.1835,462.2333333333333,3,0,12,1,0,0,0,0,1,0,0,0,0,0,0,0,0,0,0,0,0.0,-1.0,1.0,0.0
382.01,34.6,3.7,1.0,382.01,11.0408,382.01,3,0,18,1,0,0,1,0,0,0,0,1,0,0,0,0,0,1,0,0,-1.0,-0.0,1.0,0.0
285.0,31.2,4.8,1.2,342.0,9.1346,237.5,3,1,0,1,0,0,0,1,0,0,0,0,1,0,1,0,0,0,1,0,0.0,1.0,1.0,0.0
238.73,53.1,3.5,1.0,238.73,4.4959,238.73,3,1,6,1,0,0,0,1,0,0,0,0,0,0,0,0,0,0,0,0,1.0,0.0,1.0,0.0
334.77,0.3,4.7,1.5,502.16,1115.9,223.18,3,1,12,1,0,0,1,0,0,0,0,1,0,0,0,0,0,0,0,0,0.0,-1.0,1.0,0.0
400.0,36.4,4.4,1.0,400.0,10.989,400.0,3,1,18,1,0,0,0,0,0,1,0,0,0,0,1,0,0,1,0,0,-1.0,-0.0,1.0,0.0
967.58,61.3,4.2,1.2,1161.1,15.7843,806.3166666666667,3,2,0,1,0,0,0,0,1,0,0,0,0,0,0,0,0,0,1,0,0.0,1.0,1.0,0.0
468.6,34.3,4.5,1.0,468.6,13.6618,468.6,3,2,6,1,0,0,0,1,0,0,1,0,0,0,0,0,0,0,0,0,1.0,0.0,1.0,0.0
303.78,3.1,4.5,1.0,303.78,97.9935,303.78,3,2,12,1,0,0,0,0,0,1,0,1,0,0,1,0,0,0,0,0,0.0,-1.0,1.0,0.0
99.74,1.9,3.6,1.0,99.74,52.4947,99.74,3,2,18,1,0,0,1,0,0,0,0,0,1,0,0,0,0,1,0,0,-1.0,-0.0,1.0,0.0
280.53,0.5,5.0,1.0,280.53,561.06,280.53,3,3,0,1,0,0,0,0,0,1,0,1,0,0,1,0,0,0,1,0,0.0,1.0,1.0,0.0
335.01,21.8,4.3,1.2,402.01,15.3674,279.175,3,3,6,1,0,0,0,0,0,0,0,0,0,1,0,0,0,0,0,0,1.0,0.0,1.0,0.0
491.82,21.9,5.0,1.0,491.82,22.4575,491.82,3,3,12,1,0,0,0,1,0,0,0,0,0,0,0,0,0,0,0,0,0.0,-1.0,1.0,0.0
341.61,95.4,4.7,1.0,341.61,3.5808,341.61,3,3,18,1,0,0,1,0,0,0,0,0,0,0,0,0,0,1,0,0,-1.0,-0.0,1.0,0.0
989.98,11.2,4.3,1.0,989.98,88.3911,989.98,3,4,0,1,0,0,0,0,1,0,0,0,0,0,0,0,0,0,1,0,0.0,1.0,1.0,0.0
385.58,8.9,4.0,1.0,385.58,43.3236,385.58,3,4,6,1,0,0,1,0,0,0,0,0,0,0,0,0,0,0,0,0,1.0,0.0,1.0,0.0
707.49,21.5,4.2,1.0,707.49,32.9065,707.49,3,4,12,1,0,0,0,0,1,0,0,0,0,1,0,0,0,0,0,0,0.0,-1.0,1.0,0.0
166.94,38.4,4.4,1.5,250.41,4.3474,111.29333333333334,3,4,18,1,0,0,1,0,0,0,0,1,0,1,0,0,0,1,0,0,-1.0,-0.0,1.0,0.0
423.41,60.7,5.0,1.0,423.41,6.9755,423.41,3,5,0,1,1,0,0,0,0,1,1,0,0,0,0,0,0,0,1,0,0.0,1.0,1.0,0.0
282.16,35.8,4.9,1.0,282.16,7.8816,282.16,3,5,6,1,1,0,0,0,0,1,0,1,0,0,1,0,0,0,0,0,1.0,0.0,1.0,0.0
717.16,12.2,4.3,1.0,717.16,58.7836,717.16,3,5,12,1,1,0,0,0,0,1,1,0,0,0,0,0,1,0,0,0,0.0,-1.0,1.0,0.0
353.67,22.2,5.0,1.0,353.67,15.9311,353.67,3,5,18,1,1,0,0,0,0,0,0,0,0,0,0,0,1,1,0,0,-1.0,-0.0,1.0,0.0
797.96,42.7,3.3,1.0,797.96,18.6876,797.96,3,6,0,1,1,0,0,0,1,0,0,0,0,0,0,0,0,0,1,0,0.0,1.0,1.0,0.0
597.45,14.8,4.5,1.0,597.45,40.3682,597.45,3,6,6,1,1,0,0,0,0,1,0,1,0,0,0,0,0,0,0,0,1.0,0.0,1.0,0.0
329.3,5.4,4.9,1.2,395.16,60.9815,274.4166666666667,3,6,12,1,1,0,0,0,0,0,0,1,0,0,0,0,0,0,0,0,0.0,-1.0,1.0,0.0
236.21,4.1,4.6,1.0,236.21,57.6122,236.21,3,6,18,1,1,0,0,0,1,0,0,0,0,0,0,0,1,1,0,0,-1.0,-0.0,1.0,0.0
291.61,0.0,3.6,1.0,291.61,0.0,291.61,3,0,0,1,0,0,1,0,0,0,1,0,0,0,0,0,0,0,1,0,0.0,1.0,1.0,0.0
372.35,27.9,5.0,1.0,372.35,13.3459,372.35,3,0,6,1,0,0,0,0,0,0,1,0,0,0,1,0,0,0,0,0,1.0,0.0,1.0,0.0
595.54,2.6,4.7,1.2,714.65,229.0538,496.2833333333333,3,0,12,1,0,0,0,1,0,0,0,1,0,0,0,0,0,0,0,0,0.0,-1.0,1.0,0.0
430.89,6.1,4.5,2.0,861.78,70.6377,215.445,3,0,18,1,0,0,0,0,0,0,0,0,0,0,0,0,0,1,0,1,-1.0,-0.0,1.0,0.0
649.1,7.8,4.3,1.0,649.1,83.2179,649.1,3,1,0,1,0,0,0,0,0,0,1,0,0,0,0,0,0,0,1,0,0.0,1.0,1.0,0.0
828.51,18.1,5.0,2.0,1657.02,45.774,414.255,3,1,6,1,0,0,0,0,1,0,0,1,0,0,0,0,1,0,0,1,1.0,0.0,1.0,0.0
442.73,11.2,4.5,1.0,442.73,39.5295,442.73,3,1,12,1,0,0,1,0,0,0,1,0,0,0,0,0,0,0,0,0,0.0,-1.0,1.0,0.0
250.92,24.7,4.2,1.0,250.92,10.1587,250.92,3,1,18,1,0,0,0,1,0,0,1,0,0,0,1,0,0,1,0,0,-1.0,-0.0,1.0,0.0
523.38,1.3,3.9,1.0,523.38,402.6,523.38,3,2,0,1,0,0,0,0,0,1,1,0,0,0,0,0,0,0,1,0,0.0,1.0,1.0,0.0
1043.95,2.9,4.7,1.0,1043.95,359.9828,1043.95,3,2,6,1,0,0,0,0,0,1,0,1,0,0,0,0,0,0,0,0,1.0,0.0,1.0,0.0
667.22,15.2,4.8,1.0,667.22,43.8961,667.22,3,2,12,1,0,0,0,0,0,0,0,0,0,0,0,0,0,0,0,0,0.0,-1.0,1.0,0.0
503.57,9.0,4.3,1.0,503.57,55.9522,503.57,3,2,18,1,0,0,0,0,1,0,0,1,0,0,0,0,0,1,0,0,-1.0,-0.0,1.0,0.0
269.17,7.7,4.0,1.0,269.17,34.9571,269.17,3,3,0,1,0,0,0,0,1,0,0,1,0,0,0,0,0,0,1,0,0.0,1.0,1.0,0.0
392.72,1.5,5.0,1.0,392.72,261.8133,392.72,3,3,6,1,0,0,0,0,0,1,1,0,0,0,0,0,0,0,0,0,1.0,0.0,1.0,0.0
173.42,49.7,3.9,1.0,173.42,3.4893,173.42,3,3,12,1,0,0,0,1,0,0,0,0,0,0,0,0,0,0,0,0,0.0,-1.0,1.0,0.0
228.28,25.9,5.0,1.0,228.28,8.8139,228.28,3,3,18,1,0,0,1,0,0,0,0,0,0,0,0,0,0,1,0,0,-1.0,-0.0,1.0,0.0
528.79,2.9,3.9,1.5,793.18,182.3414,352.52666666666664,3,4,0,1,0,0,0,1,0,0,1,0,0,0,0,0,1,0,1,0,0.0,1.0,1.0,0.0
151.18,1.5,3.7,1.0,151.18,100.7867,151.18,3,4,6,1,0,0,1,0,0,0,1,0,0,0,0,0,1,0,0,0,1.0,0.0,1.0,0.0
362.68,81.0,3.7,1.2,435.22,4.4775,302.2333333333333,3,4,12,1,0,0,0,0,0,1,0,0,1,0,0,0,0,0,0,0,0.0,-1.0,1.0,0.0
214.27,25.1,3.7,1.2,257.12,8.5367,178.55833333333334,3,4,18,1,0,0,1,0,0,0,1,0,0,0,1,0,0,1,0,0,-1.0,-0.0,1.0,0.0
234.7,11.9,4.2,1.0,234.7,19.7227,234.7,3,5,0,1,1,0,0,0,1,0,0,1,0,0,0,0,1,0,1,0,0.0,1.0,1.0,0.0
446.88,26.6,4.1,1.0,446.88,16.8,446.88,3,5,6,1,1,0,0,0,0,0,0,1,0,0,0,0,0,0,0,0,1.0,0.0,1.0,0.0
291.83,31.1,4.8,1.0,291.83,9.3836,291.83,3,5,12,1,1,0,0,0,0,0,1,0,0,1,0,0,0,0,0,0,0.0,-1.0,1.0,0.0
190.44,33.3,4.7,1.0,190.44,5.7189,190.44,3,5,18,1,1,0,0,0,0,1,0,1,0,0,0,0,1,1,0,0,-1.0,-0.0,1.0,0.0
323.1,14.3,4.2,1.0,323.1,22.5944,323.1,3,6,0,1,1,0,0,0,1,0,0,1,0,0,0,0,0,0,1,0,0.0,1.0,1.0,0.0
186.56,12.4,5.0,1.0,186.56,15.0452,186.56,3,6,6,1,1,0,0,1,0,0,0,0,0,0,0,0,0,0,0,0,1.0,0.0,1.0,0.0
773.74,0.2,4.2,1.0,773.74,3868.7,773.74,3,6,12,1,1,0,0,0,1,0,0,1,0,0,0,0,1,0,0,0,0.0,-1.0,1.0,0.0
611.82,57.4,4.2,1.5,917.73,10.6589,407.88000000000005,3,6,18,1,1,0,0,0,0,0,1,0,0,0,0,0,0,1,0,0,-1.0,-0.0,1.0,0.0
610.47,20.3,3.7,1.0,610.47,30.0724,610.47,3,0,0,1,0,0,0,0,0,0,0,0,0,0,0,0,0,0,1,0,0.0,1.0,1.0,0.0
276.71,5.0,4.3,1.2,332.05,55.342,230.59166666666667,3,0,6,1,0,0,0,0,1,0,0,0,0,0,0,0,0,0,0,0,1.0,0.0,1.0,0.0
537.51,55.5,4.4,1.0,537.51,9.6849,537.51,3,0,12,1,0,0,0,0,1,0,0,0,0,0,0,0,0,0,0,0,0.0,-1.0,1.0,0.0
480.17,54.2,3.7,1.5,720.26,8.8592,320.11333333333334,3,0,18,1,0,0,0,0,0,0,0,0,0,0,1,0,0,1,0,0,-1.0,-0.0,1.0,0.0
288.23,99.6,4.1,1.0,288.23,2.8939,288.23,3,1,0,1,0,0,0,1,0,0,0,0,0,0,1,0,0,0,1,0,0.0,1.0,1.0,0.0
416.98,45.6,4.5,1.0,416.98,9.1443,416.98,3,1,6,1,0,0,0,0,0,1,0,1,0,0,0,0,1,0,0,0,1.0,0.0,1.0,0.0
168.49,134.5,4.0,2.0,336.98,1.2527,84.245,3,1,12,1,0,0,0,0,0,1,0,0,1,0,0,0,0,0,0,1,0.0,-1.0,1.0,0.0
239.75,6.2,3.9,1.2,287.7,38.6694,199.79166666666669,3,1,18,1,0,0,0,0,1,0,0,1,0,0,0,0,0,1,0,0,-1.0,-0.0,1.0,0.0
411.05,40.6,4.7,1.0,411.05,10.1244,411.05,3,2,0,1,0,0,0,0,0,1,0,0,0,0,0,0,0,0,1,0,0.0,1.0,1.0,0.0
333.08,38.1,3.7,1.0,333.08,8.7423,333.08,3,2,6,1,0,0,0,0,0,0,0,0,0,0,0,0,0,0,0,0,1.0,0.0,1.0,0.0
514.04,5.8,3.8,1.2,616.85,88.6276,428.3666666666667,3,2,12,1,0,0,0,0,0,0,0,1,0,0,0,0,0,0,0,0,0.0,-1.0,1.0,0.0
292.45,2.3,4.4,1.5,438.67,127.1522,194.96666666666667,3,2,18,1,0,0,0,0,1,0,0,0,0,0,0,0,1,1,0,0,-1.0,-0.0,1.0,0.0
359.25,85.4,4.7,1.0,359.25,4.2067,359.25,3,3,0,1,0,0,0,0,1,0,1,0,0,1,0,0,0,0,1,0,0.0,1.0,1.0,0.0
428.87,7.7,4.5,1.0,428.87,55.6974,428.87,3,3,6,1,0,0,0,0,1,0,0,1,0,0,0,0,0,0,0,0,1.0,0.0,1.0,0.0
279.29,45.0,4.2,1.2,335.15,6.2064,232.7416666666667,3,3,12,1,0,0,0,1,0,0,1,0,0,0,1,0,0,0,0,0,0.0,-1.0,1.0,0.0
356.02,0.1,4.1,1.0,356.02,3560.2,356.02,3,3,18,1,0,0,0,0,0,1,0,0,0,0,0,0,0,1,0,0,-1.0,-0.0,1.0,0.0
478.48,0.5,4.8,1.2,574.18,956.96,398.73333333333335,3,4,0,1,0,0,0,0,1,0,0,1,0,0,0,0,0,0,1,0,0.0,1.0,1.0,0.0
880.69,13.8,4.7,1.0,880.69,63.8181,880.69,3,4,6,1,0,0,1,0,0,0,0,0,0,0,1,0,0,0,0,0,1.0,0.0,1.0,0.0
280.2,6.0,4.3,2.0,560.4,46.7,140.1,3,4,12,1,0,0,1,0,0,0,0,0,1,0,0,0,0,0,0,1,0.0,-1.0,1.0,0.0
333.93,25.8,4.2,1.2,400.72,12.943,278.27500000000003,3,4,18,1,0,0,0,0,0,0,0,1,0,0,0,0,1,1,0,0,-1.0,-0.0,1.0,0.0
663.96,18.3,4.3,1.2,796.75,36.282,553.3000000000001,3,5,0,1,1,0,0,0,0,1,0,0,0,0,1,0,0,0,1,0,0.0,1.0,1.0,0.0
744.82,1.8,3.9,1.0,744.82,413.7889,744.82,3,5,6,1,1,0,0,0,1,0,0,0,0,0,0,0,0,0,0,0,1.0,0.0,1.0,0.0
563.01,3.9,4.2,1.0,563.01,144.3615,563.01,3,5,12,1,1,0,1,0,0,0,0,0,0,0,1,0,0,0,0,0,0.0,-1.0,1.0,0.0
735.45,10.8,4.1,1.0,735.45,68.0972,735.45,3,5,18,1,1,0,0,0,0,1,0,1,0,0,0,0,0,1,0,0,-1.0,-0.0,1.0,0.0
271.59,4.5,4.2,1.2,325.91,60.3533,226.325,3,6,0,1,1,0,0,0,0,0,0,0,0,0,0,0,0,0,1,0,0.0,1.0,1.0,0.0
701.18,34.6,4.1,1.2,841.42,20.2653,584.3166666666666,3,6,6,1,1,0,0,1,0,0,0,1,0,0,0,0,0,0,0,0,1.0,0.0,1.0,0.0
622.5,11.8,4.6,1.0,622.5,52.7542,622.5,3,6,12,1,1,0,0,0,0,1,0,0,0,0,0,0,0,0,0,0,0.0,-1.0,1.0,0.0
232.91,2.2,4.7,1.2,279.49,105.8682,194.09166666666667,3,6,18,1,1,0,0,0,0,1,0,1,0,0,1,0,0,1,0,0,-1.0,-0.0,1.0,0.0
362.03,14.6,4.1,1.5,543.04,24.7966,241.35333333333327,3,0,0,1,0,0,0,1,0,0,1,0,0,0,0,0,0,0,1,0,0.0,1.0,1.0,0.0
115.31,2.1,3.9,1.0,115.31,54.9095,115.31,3,0,6,1,0,0,0,0,0,1,1,0,0,0,1,0,0,0,0,0,1.0,0.0,1.0,0.0
460.86,3.0,4.7,1.0,460.86,153.62,460.86,3,0,12,1,0,0,0,0,0,0,1,0,0,0,1,0,0,0,0,0,0.0,-1.0,1.0,0.0
694.92,6.0,4.4,1.2,833.9,115.82,579.1,3,0,18,1,0,0,0,0,0,0,0,0,0,0,0,0,0,1,0,0,-1.0,-0.0,1.0,0.0
324.85,43.2,4.1,1.0,324.85,7.5197,324.85,3,1,0,1,0,0,0,1,0,0,0,0,0,1,0,0,0,0,1,0,0.0,1.0,1.0,0.0
248.33,56.9,5.0,1.2,298.0,4.3643,206.9416666666667,3,1,6,1,0,0,0,0,1,0,0,1,0,0,0,0,0,0,0,0,1.0,0.0,1.0,0.0
238.76,38.5,4.0,1.0,238.76,6.2016,238.76,3,1,12,1,0,0,1,0,0,0,0,0,0,0,0,0,0,0,0,0,0.0,-1.0,1.0,0.0
425.59,8.9,3.3,2.0,851.18,47.8191,212.795,3,1,18,1,0,0,0,0,1,0,0,1,0,0,0,0,0,1,0,1,-1.0,-0.0,1.0,0.0
560.52,7.0,4.3,1.0,560.52,80.0743,560.52,3,2,0,1,0,0,0,0,0,1,0,0,0,0,0,0,0,0,1,0,0.0,1.0,1.0,0.0
889.82,17.5,5.0,1.0,889.82,50.8469,889.82,3,2,6,1,0,0,1,0,0,0,0,0,0,0,0,0,0,0,0,0,1.0,0.0,1.0,0.0
109.08,28.2,4.1,1.0,109.08,3.8681,109.08,3,2,12,1,0,0,0,1,0,0,0,0,0,0,1,0,0,0,0,0,0.0,-1.0,1.0,0.0
836.65,110.4,4.0,1.0,836.65,7.5784,836.65,3,2,18,1,0,0,0,1,0,0,1,0,0,0,0,0,0,1,0,0,-1.0,-0.0,1.0,0.0
473.45,3.1,4.3,1.0,473.45,152.7258,473.45,3,3,0,1,0,0,1,0,0,0,0,0,0,0,0,0,0,0,1,0,0.0,1.0,1.0,0.0
678.8,1.1,4.8,1.0,678.8,617.0909,678.8,3,3,6,1,0,0,0,0,0,0,0,1,0,0,0,0,1,0,0,0,1.0,0.0,1.0,0.0
604.59,26.1,4.3,2.0,1209.18,23.1644,302.295,3,3,12,1,0,0,1,0,0,0,0,0,0,0,1,0,0,0,0,1,0.0,-1.0,1.0,0.0
439.06,39.3,4.6,2.0,878.12,11.172,219.53,3,3,18,1,0,0,0,0,0,1,0,1,0,1,0,0,0,1,0,1,-1.0,-0.0,1.0,0.0
430.59,41.2,4.2,1.0,430.59,10.4512,430.59,3,4,0,1,0,0,0,0,0,0,0,0,0,0,0,0,0,0,1,0,0.0,1.0,1.0,0.0
521.38,25.0,4.6,1.2,625.66,20.8552,434.48333333333335,3,4,6,1,0,0,0,1,0,0,1,0,0,0,1,0,0,0,0,0,1.0,0.0,1.0,0.0
376.67,67.7,4.4,1.0,376.67,5.5638,376.67,3,4,12,1,0,0,1,0,0,0,1,0,0,1,0,0,0,0,0,0,0.0,-1.0,1.0,0.0
392.52,15.7,4.1,1.5,588.78,25.0013,261.68,3,4,18,1,0,0,0,0,1,0,0,0,0,0,1,0,0,1,0,0,-1.0,-0.0,1.0,0.0
22.86,53.9,4.4,1.2,27.43,0.4241,19.05,3,5,0,1,1,0,0,0,1,0,0,0,1,0,1,0,0,0,1,0,0.0,1.0,1.0,0.0
574.13,75.6,4.0,1.0,574.13,7.5943,574.13,3,5,6,1,1,0,0,0,0,1,0,0,1,0,0,0,0,0,0,0,1.0,0.0,1.0,0.0
279.65,41.3,3.6,1.2,335.58,6.7712,233.04166666666663,3,5,12,1,1,0,0,0,1,0,1,0,0,0,0,0,0,0,0,0,0.0,-1.0,1.0,0.0
710.32,8.2,4.3,1.2,852.38,86.6244,591.9333333333334,3,5,18,1,1,0,1,0,0,0,1,0,0,0,0,0,0,1,0,0,-1.0,-0.0,1.0,0.0
681.59,4.8,3.7,1.0,681.59,141.9979,681.59,3,6,0,1,1,0,1,0,0,0,0,0,0,0,0,0,0,0,1,0,0.0,1.0,1.0,0.0
334.84,17.5,4.6,1.5,502.26,19.1337,223.22666666666663,3,6,6,1,1,0,0,0,1,0,0,1,0,1,0,0,0,0,0,0,1.0,0.0,1.0,0.0
576.95,13.3,4.3,1.5,865.42,43.3797,384.6333333333334,3,6,12,1,1,0,1,0,0,0,0,0,0,0,0,0,0,0,0,0,0.0,-1.0,1.0,0.0
541.01,46.2,5.0,1.0,541.01,11.7102,541.01,3,6,18,1,1,0,0,0,0,1,0,0,0,0,0,0,1,1,0,0,-1.0,-0.0,1.0,0.0
316.58,2.3,4.1,1.2,379.9,137.6435,263.81666666666666,4,0,0,2,0,0,0,0,0,0,0,0,1,0,0,0,1,0,1,0,0.0,1.0,0.866025,-0.5
597.93,6.6,4.3,2.0,1195.86,90.5955,298.965,4,0,6,2,0,0,0,0,0,1,0,0,0,0,0,0,0,0,0,1,1.0,0.0,0.866025,-0.5
866.38,30.7,3.6,1.0,866.38,28.2208,866.38,4,0,12,2,0,0,0,0,0,1,1,0,0,0,0,0,0,0,0,0,0.0,-1.0,0.866025,-0.5
722.18,2.2,3.7,1.0,722.18,328.2636,722.18,4,0,18,2,0,0,1,0,0,0,1,0,0,1,0,0,0,1,0,0,-1.0,-0.0,0.866025,-0.5
189.17,8.5,3.5,1.0,189.17,22.2553,189.17,4,1,0,2,0,0,0,0,0,0,1,0,0,0,0,0,1,0,1,0,0.0,1.0,0.866025,-0.5
550.35,10.8,4.8,1.5,825.53,50.9583,366.9,4,1,6,2,0,0,1,0,0,0,0,0,1,0,0,0,0,0,0,0,1.0,0.0,0.866025,-0.5
665.86,21.4,4.1,1.2,799.03,31.115,554.8833333333333,4,1,12,2,0,0,0,1,0,0,0,0,0,0,0,0,0,0,0,0,0.0,-1.0,0.866025,-0.5
305.63,3.8,5.0,1.0,305.63,80.4289,305.63,4,1,18,2,0,0,1,0,0,0,0,0,0,0,0,0,0,1,0,0,-1.0,-0.0,0.866025,-0.5
710.38,43.3,3.0,2.0,1420.76,16.406,355.19,4,2,0,2,0,0,1,0,0,0,0,1,0,0,1,0,0,0,1,1,0.0,1.0,0.866025,-0.5
287.15,13.1,5.0,1.2,344.58,21.9198,239.29166666666663,4,2,6,2,0,0,1,0,0,0,0,0,0,0,0,0,0,0,0,0,1.0,0.0,0.866025,-0.5
374.67,54.8,4.3,1.5,562.0,6.837,249.78,4,2,12,2,0,0,0,0,0,0,0,0,0,0,1,0,0,0,0,0,0.0,-1.0,0.866025,-0.5
293.24,13.9,4.5,1.0,293.24,21.0964,293.24,4,2,18,2,0,0,1,0,0,0,0,0,0,0,0,0,0,1,0,0,-1.0,-0.0,0.866025,-0.5
267.58,7.1,3.8,1.0,267.58,37.6873,267.58,4,3,0,2,0,0,0,0,0,0,1,0,0,0,0,0,0,0,1,0,0.0,1.0,0.866025,-0.5
520.97,3.4,4.6,1.2,625.16,153.2265,434.1416666666667,4,3,6,2,0,0,0,0,1,0,0,1,0,0,0,0,0,0,0,0,1.0,0.0,0.866025,-0.5
199.26,0.1,4.1,1.0,199.26,1992.6,199.26,4,3,12,2,0,0,0,1,0,0,0,0,0,0,0,0,0,0,0,0,0.0,-1.0,0.866025,-0.5
385.58,16.7,3.7,1.2,462.7,23.0886,321.31666666666666,4,3,18,2,0,0,0,0,0,0,0,1,0,0,0,0,0,1,0,0,-1.0,-0.0,0.866025,-0.5
521.1,2.5,3.7,1.5,781.65,208.44,347.40000000000003,4,4,0,2,0,0,0,0,1,0,0,0,0,0,0,0,0,0,1,0,0.0,1.0,0.866025,-0.5
295.47,10.9,3.7,1.0,295.47,27.1073,295.47,4,4,6,2,0,0,0,0,0,0,0,0,0,0,0,0,0,0,0,0,1.0,0.0,0.866025,-0.5
770.13,19.6,4.5,1.5,1155.2,39.2923,513.42,4,4,12,2,0,0,0,0,0,0,1,0,0,0,0,0,0,0,0,0,0.0,-1.0,0.866025,-0.5
401.64,7.1,4.0,1.0,401.64,56.569,401.64,4,4,18,2,0,0,0,1,0,0,0,1,0,0,0,0,0,1,0,0,-1.0,-0.0,0.866025,-0.5
933.61,4.2,3.5,1.0,933.61,222.2881,933.61,4,5,0,2,1,0,0,0,0,1,1,0,0,0,0,0,1,0,1,0,0.0,1.0,0.866025,-0.5
186.24,32.8,4.5,1.0,186.24,5.678,186.24,4,5,6,2,1,0,0,0,0,1,0,0,0,0,0,0,0,0,0,0,1.0,0.0,0.866025,-0.5
531.3,64.5,3.2,1.0,531.3,8.2372,531.3,4,5,12,2,1,0,0,0,0,0,1,0,0,0,0,0,0,0,0,0,0.0,-1.0,0.866025,-0.5
479.38,2.3,5.0,1.0,479.38,208.4261,479.38,4,5,18,2,1,0,1,0,0,0,0,1,0,0,1,0,0,1,0,0,-1.0,-0.0,0.866025,-0.5
353.51,3.7,5.0,1.5,530.26,95.5432,235.6733333333333,4,6,0,2,1,0,0,0,1,0,0,1,0,0,0,0,1,0,1,0,0.0,1.0,0.866025,-0.5
440.41,70.8,3.6,1.2,528.49,6.2205,367.0083333333334,4,6,6,2,1,0,1,0,0,0,0,1,0,0,0,0,0,0,0,0,1.0,0.0,0.866025,-0.5
570.59,0.8,4.8,1.0,570.59,713.2375,570.59,4,6,12,2,1,0,1,0,0,0,1,0,0,0,1,0,0,0,0,0,0.0,-1.0,0.866025,-0.5
623.97,83.6,4.5,1.2,748.76,7.4638,519.975,4,6,18,2,1,0,0,0,0,0,0,1,0,0,1,0,0,1,0,0,-1.0,-0.0,0.866025,-0.5
408.49,0.1,4.0,1.0,408.49,4084.9,408.49,4,0,0,2,0,0,0,0,0,0,0,1,0,0,1,0,0,0,1,0,0.0,1.0,0.866025,-0.5
534.71,45.5,4.1,1.0,534.71,11.7519,534.71,4,0,6,2,0,0,0,0,0,0,0,0,1,0,0,0,0,0,0,0,1.0,0.0,0.866025,-0.5
278.91,8.1,4.6,1.2,334.69,34.4333,232.42500000000004,4,0,12,2,0,0,0,0,0,0,1,0,0,0,1,0,0,0,0,0,0.0,-1.0,0.866025,-0.5
629.91,61.4,4.3,1.2,755.89,10.2591,524.925,4,0,18,2,0,0,0,0,0,1,0,1,0,0,0,0,0,1,0,0,-1.0,-0.0,0.866025,-0.5
843.6,8.4,3.0,1.2,1012.32,100.4286,703.0,4,1,0,2,0,0,0,0,0,0,1,0,0,0,1,0,0,0,1,0,0.0,1.0,0.866025,-0.5
653.61,23.4,5.0,1.0,653.61,27.9321,653.61,4,1,6,2,0,0,0,0,0,1,0,0,0,0,1,0,0,0,0,0,1.0,0.0,0.866025,-0.5
293.57,1.8,4.5,1.2,352.28,163.0944,244.64166666666668,4,1,12,2,0,0,0,0,0,1,0,0,0,0,0,0,0,0,0,0,0.0,-1.0,0.866025,-0.5
254.85,6.1,4.3,1.2,305.82,41.7787,212.375,4,1,18,2,0,0,0,0,0,0,0,1,0,1,0,0,0,1,0,0,-1.0,-0.0,0.866025,-0.5
1216.3,32.7,3.9,2.0,2432.6,37.1957,608.15,4,2,0,2,0,0,0,1,0,0,0,0,1,0,0,0,0,0,1,1,0.0,1.0,0.866025,-0.5
816.34,16.5,4.2,1.0,816.34,49.4752,816.34,4,2,6,2,0,0,0,0,1,0,0,0,1,1,0,0,0,0,0,0,1.0,0.0,0.866025,-0.5
625.09,57.9,4.9,1.0,625.09,10.796,625.09,4,2,12,2,0,0,1,0,0,0,0,0,0,0,0,0,0,0,0,0,0.0,-1.0,0.866025,-0.5
870.81,12.3,4.3,1.2,1044.97,70.7976,725.675,4,2,18,2,0,0,0,0,0,1,0,1,0,0,0,0,0,1,0,0,-1.0,-0.0,0.866025,-0.5
433.08,44.9,4.5,2.0,866.16,9.6454,216.54,4,3,0,2,0,0,0,0,1,0,0,0,0,0,0,0,0,0,1,1,0.0,1.0,0.866025,-0.5
619.46,13.1,3.7,1.0,619.46,47.287,619.46,4,3,6,2,0,0,0,1,0,0,0,0,1,0,0,0,1,0,0,0,1.0,0.0,0.866025,-0.5
766.16,85.3,4.1,1.0,766.16,8.9819,766.16,4,3,12,2,0,0,1,0,0,0,0,0,1,0,0,0,0,0,0,0,0.0,-1.0,0.866025,-0.5
376.58,70.7,4.3,1.0,376.58,5.3264,376.58,4,3,18,2,0,0,1,0,0,0,0,1,0,0,0,0,0,1,0,0,-1.0,-0.0,0.866025,-0.5
550.15,8.8,4.6,1.0,550.15,62.517,550.15,4,4,0,2,0,0,0,0,0,1,1,0,0,0,0,0,0,0,1,0,0.0,1.0,0.866025,-0.5
724.87,47.8,4.1,1.0,724.87,15.1646,724.87,4,4,6,2,0,0,0,0,0,0,1,0,0,0,1,0,0,0,0,0,1.0,0.0,0.866025,-0.5
244.95,41.4,4.8,1.0,244.95,5.9167,244.95,4,4,12,2,0,0,0,1,0,0,0,1,0,0,0,0,0,0,0,0,0.0,-1.0,0.866025,-0.5
357.11,5.2,3.7,1.0,357.11,68.675,357.11,4,4,18,2,0,0,0,0,0,1,0,0,0,0,0,0,0,1,0,0,-1.0,-0.0,0.866025,-0.5
716.94,21.5,4.3,1.0,716.94,33.346,716.94,4,5,0,2,1,0,0,1,0,0,0,1,0,0,0,0,0,0,1,0,0.0,1.0,0.866025,-0.5
485.95,1.7,4.3,1.0,485.95,285.8529,485.95,4,5,6,2,1,0,0,0,0,0,0,1,0,0,0,0,0,0,0,0,1.0,0.0,0.866025,-0.5
453.86,39.9,3.5,1.0,453.86,11.3749,453.86,4,5,12,2,1,0,0,0,0,0,0,1,0,0,0,0,0,0,0,0,0.0,-1.0,0.866025,-0.5
426.84,4.2,4.3,1.0,426.84,101.6286,426.84,4,5,18,2,1,0,0,0,0,1,0,0,0,0,0,0,0,1,0,0,-1.0,-0.0,0.866025,-0.5
753.35,1.6,4.0,2.0,1506.7,470.8438,376.675,4,6,0,2,1,0,0,0,0,0,0,0,1,0,1,0,0,0,1,1,0.0,1.0,0.866025,-0.5
259.83,11.2,5.0,1.0,259.83,23.1991,259.83,4,6,6,2,1,0,0,0,1,0,0,0,0,0,0,0,0,0,0,0,1.0,0.0,0.866025,-0.5
344.45,18.9,4.1,1.5,516.67,18.2249,229.63333333333333,4,6,12,2,1,0,1,0,0,0,0,1,0,0,0,0,0,0,0,0,0.0,-1.0,0.866025,-0.5
198.26,42.5,4.5,1.0,198.26,4.6649,198.26,4,6,18,2,1,0,0,0,0,1,0,1,0,0,0,0,0,1,0,0,-1.0,-0.0,0.866025,-0.5
370.53,80.5,3.7,1.5,555.79,4.6029,247.02,4,0,0,2,0,0,0,1,0,0,0,1,0,0,0,0,1,0,1,0,0.0,1.0,0.866025,-0.5
474.0,12.7,4.4,1.0,474.0,37.3228,474.0,4,0,6,2,0,0,0,0,1,0,0,1,0,0,0,0,1,0,0,0,1.0,0.0,0.866025,-0.5
138.83,1.4,4.1,1.0,138.83,99.1643,138.83,4,0,12,2,0,0,0,0,0,1,0,0,0,1,0,0,0,0,0,0,0.0,-1.0,0.866025,-0.5
281.27,30.4,3.9,1.0,281.27,9.2523,281.27,4,0,18,2,0,0,0,0,0,0,0,0,0,0,0,0,0,1,0,0,-1.0,-0.0,0.866025,-0.5
485.58,18.3,5.0,1.2,582.7,26.5344,404.65,4,1,0,2,0,0,0,0,0,0,0,1,0,0,0,0,0,0,1,0,0.0,1.0,0.866025,-0.5
545.85,13.1,4.1,1.0,545.85,41.6679,545.85,4,1,6,2,0,0,0,0,0,0,0,1,0,0,0,0,0,0,0,0,1.0,0.0,0.866025,-0.5
966.57,8.1,4.2,1.0,966.57,119.3296,966.57,4,1,12,2,0,0,0,0,0,0,0,0,0,0,0,0,0,0,0,0,0.0,-1.0,0.866025,-0.5
586.37,15.4,4.8,1.0,586.37,38.076,586.37,4,1,18,2,0,0,0,1,0,0,1,0,0,0,0,0,0,1,0,0,-1.0,-0.0,0.866025,-0.5
400.35,9.1,3.9,1.2,480.42,43.9945,333.62500000000006,4,2,0,2,0,0,0,0,1,0,0,1,0,0,1,0,0,0,1,0,0.0,1.0,0.866025,-0.5
467.58,31.1,4.5,1.0,467.58,15.0347,467.58,4,2,6,2,0,0,1,0,0,0,0,1,0,1,0,0,0,0,0,0,1.0,0.0,0.866025,-0.5
475.72,17.3,4.6,1.0,475.72,27.4983,475.72,4,2,12,2,0,0,0,1,0,0,1,0,0,1,0,0,0,0,0,0,0.0,-1.0,0.866025,-0.5
344.74,46.1,4.4,1.0,344.74,7.4781,344.74,4,2,18,2,0,0,0,1,0,0,0,0,0,0,0,0,0,1,0,0,-1.0,-0.0,0.866025,-0.5
496.05,17.3,5.0,1.0,496.05,28.6734,496.05,4,3,0,2,0,0,1,0,0,0,0,0,0,0,1,0,0,0,1,0,0.0,1.0,0.866025,-0.5
335.93,6.0,3.9,1.5,503.9,55.9883,223.95333333333332,4,3,6,2,0,0,1,0,0,0,1,0,0,0,0,0,0,0,0,0,1.0,0.0,0.866025,-0.5
508.5,41.9,5.0,1.0,508.5,12.136,508.5,4,3,12,2,0,0,0,0,0,0,0,1,0,0,0,0,0,0,0,0,0.0,-1.0,0.866025,-0.5
426.62,17.9,4.5,1.0,426.62,23.8335,426.62,4,3,18,2,0,0,0,1,0,0,0,1,0,0,1,0,0,1,0,0,-1.0,-0.0,0.866025,-0.5
391.16,5.1,4.8,1.5,586.74,76.698,260.77333333333337,4,4,0,2,0,0,0,0,0,1,1,0,0,0,0,0,0,0,1,0,0.0,1.0,0.866025,-0.5
396.99,21.5,4.5,1.2,476.39,18.4647,330.82500000000005,4,4,6,2,0,0,1,0,0,0,1,0,0,0,0,0,0,0,0,0,1.0,0.0,0.866025,-0.5
634.23,9.7,5.0,1.0,634.23,65.3845,634.23,4,4,12,2,0,0,1,0,0,0,0,0,1,0,0,0,0,0,0,0,0.0,-1.0,0.866025,-0.5
604.61,40.9,4.1,1.5,906.92,14.7826,403.0733333333333,4,4,18,2,0,0,0,0,1,0,0,1,0,0,1,0,0,1,0,0,-1.0,-0.0,0.866025,-0.5
380.77,13.3,4.5,1.0,380.77,28.6293,380.77,4,5,0,2,1,0,0,0,0,1,0,1,0,0,1,0,0,0,1,0,0.0,1.0,0.866025,-0.5
622.25,28.5,5.0,1.0,622.25,21.8333,622.25,4,5,6,2,1,0,0,0,0,1,0,1,0,0,0,0,0,0,0,0,1.0,0.0,0.866025,-0.5
422.36,2.2,4.3,2.0,844.72,191.9818,211.18,4,5,12,2,1,0,1,0,0,0,0,0,0,1,0,0,0,0,0,1,0.0,-1.0,0.866025,-0.5
425.71,11.1,4.8,2.0,851.42,38.3523,212.855,4,5,18,2,1,0,0,0,0,0,0,1,0,0,0,0,0,1,0,1,-1.0,-0.0,0.866025,-0.5
344.9,90.0,4.3,1.0,344.9,3.8322,344.9,4,6,0,2,1,0,0,0,1,0,0,0,0,0,0,0,0,0,1,0,0.0,1.0,0.866025,-0.5
916.92,36.4,3.7,1.0,916.92,25.1901,916.92,4,6,6,2,1,0,0,0,0,1,0,0,1,0,1,0,0,0,0,0,1.0,0.0,0.866025,-0.5
869.85,3.8,3.6,1.0,869.85,228.9079,869.85,4,6,12,2,1,0,1,0,0,0,0,1,0,0,1,0,0,0,0,0,0.0,-1.0,0.866025,-0.5
306.79,7.2,4.3,1.0,306.79,42.6097,306.79,4,6,18,2,1,0,0,0,0,1,0,1,0,0,0,0,1,1,0,0,-1.0,-0.0,0.866025,-0.5
369.13,8.8,4.8,1.0,369.13,41.9466,369.13,4,0,0,2,0,0,0,0,1,0,0,0,0,0,0,0,0,0,1,0,0.0,1.0,0.866025,-0.5
528.07,23.1,3.3,1.0,528.07,22.8602,528.07,4,0,6,2,0,0,0,0,1,0,0,0,0,0,1,0,0,0,0,0,1.0,0.0,0.866025,-0.5
576.48,31.1,4.4,2.0,1152.96,18.5363,288.24,4,0,12,2,0,0,0,1,0,0,0,0,0,0,1,0,0,0,0,1,0.0,-1.0,0.866025,-0.5
247.8,30.5,4.7,1.5,371.7,8.1246,165.20000000000002,4,0,18,2,0,0,1,0,0,0,0,1,0,0,0,0,1,1,0,0,-1.0,-0.0,0.866025,-0.5
271.31,15.7,3.7,1.0,271.31,17.2809,271.31,4,1,0,2,0,0,0,0,1,0,0,0,0,0,0,0,0,0,1,0,0.0,1.0,0.866025,-0.5
56.29,36.6,4.0,1.0,56.29,1.538,56.29,4,1,6,2,0,0,0,1,0,0,0,1,0,0,1,0,0,0,0,0,1.0,0.0,0.866025,-0.5
577.37,12.6,4.6,1.0,577.37,45.823,577.37,4,1,12,2,0,0,0,1,0,0,1,0,0,0,1,0,0,0,0,0,0.0,-1.0,0.866025,-0.5
188.21,2.9,4.7,1.0,188.21,64.9,188.21,4,1,18,2,0,0,0,0,0,1,1,0,0,0,0,0,0,1,0,0,-1.0,-0.0,0.866025,-0.5
308.21,18.3,5.0,1.0,308.21,16.8421,308.21,4,2,0,2,0,0,0,0,0,1,0,1,0,0,0,0,0,0,1,0,0.0,1.0,0.866025,-0.5
668.73,66.9,4.0,1.2,802.48,9.996,557.2750000000001,4,2,6,2,0,0,0,1,0,0,0,0,0,0,0,0,0,0,0,0,1.0,0.0,0.866025,-0.5
653.68,34.7,3.9,1.0,653.68,18.838,653.68,4,2,12,2,0,0,0,0,0,1,1,0,0,0,1,0,0,0,0,0,0.0,-1.0,0.866025,-0.5
892.34,19.0,5.0,1.5,1338.51,46.9653,594.8933333333333,4,2,18,2,0,0,0,0,1,0,1,0,0,1,0,0,0,1,0,0,-1.0,-0.0,0.866025,-0.5
1037.95,22.9,3.9,1.2,1245.54,45.3253,864.9583333333334,4,3,0,2,0,0,0,0,0,0,0,0,0,0,1,0,0,0,1,0,0.0,1.0,0.866025,-0.5
1460.29,58.7,4.6,1.0,1460.29,24.8772,1460.29,4,3,6,2,0,0,0,0,1,0,1,0,0,0,1,0,0,0,0,0,1.0,0.0,0.866025,-0.5
363.52,12.3,5.0,1.0,363.52,29.5545,363.52,4,3,12,2,0,0,0,1,0,0,0,0,0,0,0,0,0,0,0,0,0.0,-1.0,0.866025,-0.5
319.35,8.9,4.7,1.2,383.22,35.882,266.12500000000006,4,3,18,2,0,0,0,1,0,0,1,0,0,0,0,0,0,1,0,0,-1.0,-0.0,0.866025,-0.5
538.21,83.2,4.7,1.5,807.32,6.4689,358.8066666666667,4,4,0,2,0,0,0,0,1,0,0,0,1,0,0,0,0,0,1,0,0.0,1.0,0.866025,-0.5
201.03,43.8,4.9,1.2,241.24,4.5897,167.525,4,4,6,2,0,0,0,0,0,1,0,0,0,0,0,0,0,0,0,0,1.0,0.0,0.866025,-0.5
387.39,8.6,4.6,1.0,387.39,45.0453,387.39,4,4,12,2,0,0,0,0,0,1,1,0,0,0,0,0,0,0,0,0,0.0,-1.0,0.866025,-0.5
473.34,13.7,4.7,1.0,473.34,34.5504,473.34,4,4,18,2,0,0,0,1,0,0,0,1,0,0,0,0,0,1,0,0,-1.0,-0.0,0.866025,-0.5
558.49,11.8,4.1,1.0,558.49,47.3297,558.49,4,5,0,2,1,0,1,0,0,0,0,0,1,0,0,0,0,0,1,0,0.0,1.0,0.866025,-0.5
588.44,3.6,4.9,2.0,1176.88,163.4556,294.22,4,5,6,2,1,0,0,0,0,1,0,1,0,0,0,0,0,0,0,1,1.0,0.0,0.866025,-0.5
381.22,69.6,4.5,1.2,457.46,5.4773,317.6833333333334,4,5,12,2,1,0,0,0,1,0,1,0,0,0,0,0,0,0,0,0,0.0,-1.0,0.866025,-0.5
218.69,11.4,3.6,1.2,262.43,19.1833,182.24166666666667,4,5,18,2,1,0,0,0,0,1,0,0,0,0,0,0,0,1,0,0,-1.0,-0.0,0.866025,-0.5
245.92,45.8,4.4,1.0,245.92,5.3694,245.92,4,6,0,2,1,0,0,0,1,0,0,0,0,0,0,0,0,0,1,0,0.0,1.0,0.866025,-0.5
128.28,4.6,3.2,1.2,153.94,27.887,106.9,4,6,6,2,1,0,0,1,0,0,0,0,0,0,0,0,1,0,0,0,1.0,0.0,0.866025,-0.5
325.49,17.5,4.7,1.0,325.49,18.5994,325.49,4,6,12,2,1,0,0,0,0,1,0,0,1,1,0,0,0,0,0,0,0.0,-1.0,0.866025,-0.5
198.31,0.5,4.2,1.0,198.31,396.62,198.31,4,6,18,2,1,0,0,0,1,0,1,0,0,0,1,0,0,1,0,0,-1.0,-0.0,0.866025,-0.5
337.57,31.8,5.0,1.0,337.57,10.6154,337.57,4,0,0,2,0,0,0,1,0,0,1,0,0,0,0,0,0,0,1,0,0.0,1.0,0.866025,-0.5
535.53,19.1,4.5,2.0,1071.06,28.0382,267.765,4,0,6,2,0,0,1,0,0,0,0,0,1,0,1,0,0,0,0,1,1.0,0.0,0.866025,-0.5
221.63,21.6,4.8,1.2,265.96,10.2606,184.69166666666663,4,0,12,2,0,0,0,0,1,0,0,0,0,1,0,0,0,0,0,0,0.0,-1.0,0.866025,-0.5
459.96,1.2,3.8,1.0,459.96,383.3,459.96,4,0,18,2,0,0,1,0,0,0,0,0,0,0,1,0,0,1,0,0,-1.0,-0.0,0.866025,-0.5
379.08,5.2,4.6,1.5,568.62,72.9,252.72,4,1,0,2,0,0,1,0,0,0,0,0,0,0,0,0,0,0,1,0,0.0,1.0,0.866025,-0.5
521.57,1.7,4.0,1.0,521.57,306.8059,521.57,4,1,6,2,0,0,0,0,0,0,0,0,0,0,1,0,0,0,0,0,1.0,0.0,0.866025,-0.5
582.96,7.5,4.8,1.0,582.96,77.728,582.96,4,1,12,2,0,0,0,0,0,1,0,0,0,1,0,0,0,0,0,0,0.0,-1.0,0.866025,-0.5
366.84,21.7,4.3,1.0,366.84,16.9051,366.84,4,1,18,2,0,0,0,0,1,0,0,1,0,0,1,0,0,1,0,0,-1.0,-0.0,0.866025,-0.5
440.51,18.4,4.4,1.0,440.51,23.9408,440.51,5,2,0,2,0,0,1,0,0,0,0,0,0,0,1,0,0,0,1,0,0.0,1.0,0.5,-0.866025
379.86,20.8,3.7,1.0,379.86,18.2625,379.86,5,2,6,2,0,0,0,0,0,0,0,0,0,0,0,0,0,0,0,0,1.0,0.0,0.5,-0.866025
343.08,17.5,4.4,1.0,343.08,19.6046,343.08,5,2,12,2,0,0,0,1,0,0,0,0,0,0,0,0,0,0,0,0,0.0,-1.0,0.5,-0.866025
299.89,7.0,5.0,1.2,359.87,42.8414,249.90833333333333,5,2,18,2,0,0,0,0,1,0,0,0,0,0,0,0,0,1,0,0,-1.0,-0.0,0.5,-0.866025
556.45,6.2,4.7,1.0,556.45,89.75,556.45,5,3,0,2,0,0,1,0,0,0,0,0,1,0,1,0,0,0,1,0,0.0,1.0,0.5,-0.866025
815.09,3.2,4.3,1.2,978.11,254.7156,679.2416666666667,5,3,6,2,0,0,0,0,0,1,1,0,0,0,0,0,0,0,0,0,1.0,0.0,0.5,-0.866025
767.69,41.6,3.1,1.0,767.69,18.4541,767.69,5,3,12,2,0,0,0,0,0,0,0,0,1,0,0,0,0,0,0,0,0.0,-1.0,0.5,-0.866025
209.82,21.1,4.0,1.2,251.78,9.9441,174.85,5,3,18,2,0,0,1,0,0,0,0,1,0,0,0,0,0,1,0,0,-1.0,-0.0,0.5,-0.866025
807.69,4.5,4.5,1.2,969.23,179.4867,673.075,5,4,0,2,0,0,0,0,0,1,0,0,0,0,0,0,0,0,1,0,0.0,1.0,0.5,-0.866025
262.89,4.3,4.0,1.2,315.47,61.1372,219.075,5,4,6,2,0,0,1,0,0,0,1,0,0,0,0,0,0,0,0,0,1.0,0.0,0.5,-0.866025
473.44,45.4,5.0,1.0,473.44,10.4282,473.44,5,4,12,2,0,0,0,0,1,0,0,0,0,0,1,0,0,0,0,0,0.0,-1.0,0.5,-0.866025
516.1,29.9,4.3,1.2,619.32,17.2609,430.08333333333337,5,4,18,2,0,0,0,0,1,0,0,0,0,0,1,0,0,1,0,0,-1.0,-0.0,0.5,-0.866025
179.43,23.7,4.8,1.0,179.43,7.5709,179.43,5,5,0,2,1,0,0,0,1,0,0,0,0,0,0,0,0,0,1,0,0.0,1.0,0.5,-0.866025
401.08,11.5,4.4,1.5,601.62,34.8765,267.38666666666666,5,5,6,2,1,0,0,0,0,0,0,0,0,0,0,0,0,0,0,0,1.0,0.0,0.5,-0.866025
832.39,6.7,4.2,1.0,832.39,124.2373,832.39,5,5,12,2,1,0,0,0,1,0,0,0,0,0,0,0,0,0,0,0,0.0,-1.0,0.5,-0.866025
101.75,85.5,4.1,1.0,101.75,1.1901,101.75,5,5,18,2,1,0,0,0,0,1,0,0,0,1,0,0,0,1,0,0,-1.0,-0.0,0.5,-0.866025
1262.66,35.1,3.8,1.0,1262.66,35.9732,1262.66,5,6,0,2,1,0,1,0,0,0,0,1,0,0,0,0,0,0,1,0,0.0,1.0,0.5,-0.866025
124.61,7.9,4.8,1.2,149.53,15.7734,103.84166666666668,5,6,6,2,1,0,0,1,0,0,0,0,0,0,0,0,0,0,0,0,1.0,0.0,0.5,-0.866025
509.56,41.4,4.1,1.0,509.56,12.3082,509.56,5,6,12,2,1,0,0,0,0,1,0,0,0,0,0,0,0,0,0,0,0.0,-1.0,0.5,-0.866025
184.62,31.3,4.3,2.0,369.24,5.8984,92.31,5,6,18,2,1,0,0,0,0,1,1,0,0,0,1,0,0,1,0,1,-1.0,-0.0,0.5,-0.866025
550.34,7.8,4.0,2.0,1100.68,70.5564,275.17,5,0,0,2,0,0,0,0,1,0,0,0,0,1,0,0,0,0,1,1,0.0,1.0,0.5,-0.866025
751.11,12.2,3.8,1.2,901.33,61.5664,625.9250000000001,5,0,6,2,0,0,0,0,0,0,0,0,0,1,0,0,0,0,0,0,1.0,0.0,0.5,-0.866025
652.28,4.5,4.6,1.0,652.28,144.9511,652.28,5,0,12,2,0,0,1,0,0,0,1,0,0,0,1,0,0,0,0,0,0.0,-1.0,0.5,-0.866025
188.3,2.6,3.9,1.2,225.96,72.4231,156.91666666666669,5,0,18,2,0,0,0,0,0,0,0,0,0,0,0,0,0,1,0,0,-1.0,-0.0,0.5,-0.866025
705.12,28.2,4.1,1.0,705.12,25.0043,705.12,5,1,0,2,0,0,1,0,0,0,0,0,0,0,0,0,0,0,1,0,0.0,1.0,0.5,-0.866025
380.75,6.8,3.7,1.0,380.75,55.9926,380.75,5,1,6,2,0,0,1,0,0,0,0,1,0,0,0,0,0,0,0,0,1.0,0.0,0.5,-0.866025
191.68,37.7,4.1,1.5,287.52,5.0844,127.78666666666668,5,1,12,2,0,0,0,0,0,0,0,0,0,0,0,0,0,0,0,0,0.0,-1.0,0.5,-0.866025
829.53,119.4,4.3,2.0,1659.06,6.9475,414.765,5,1,18,2,0,0,0,0,0,1,0,1,0,0,0,0,0,1,0,1,-1.0,-0.0,0.5,-0.866025
1120.18,1.8,4.2,2.0,2240.36,622.3222,560.09,5,2,0,2,0,0,1,0,0,0,1,0,0,0,0,0,0,0,1,1,0.0,1.0,0.5,-0.866025
461.32,14.1,4.7,1.0,461.32,32.7177,461.32,5,2,6,2,0,0,0,0,0,0,0,0,0,0,0,0,0,0,0,0,1.0,0.0,0.5,-0.866025
358.24,35.6,4.4,1.0,358.24,10.0629,358.24,5,2,12,2,0,0,1,0,0,0,0,1,0,0,0,0,1,0,0,0,0.0,-1.0,0.5,-0.866025
283.98,34.2,5.0,1.0,283.98,8.3035,283.98,5,2,18,2,0,0,0,1,0,0,0,1,0,0,1,0,0,1,0,0,-1.0,-0.0,0.5,-0.866025
631.5,31.4,4.5,1.0,631.5,20.1115,631.5,5,3,0,2,0,0,0,0,0,1,0,0,0,1,0,0,0,0,1,0,0.0,1.0,0.5,-0.866025
721.73,9.4,3.4,1.0,721.73,76.7798,721.73,5,3,6,2,0,0,0,0,1,0,0,1,0,0,1,0,0,0,0,0,1.0,0.0,0.5,-0.866025
358.32,13.3,4.2,1.0,358.32,26.9414,358.32,5,3,12,2,0,0,1,0,0,0,0,0,0,0,0,0,0,0,0,0,0.0,-1.0,0.5,-0.866025
918.58,19.9,4.2,1.2,1102.3,46.1598,765.4833333333333,5,3,18,2,0,0,0,1,0,0,0,1,0,0,1,0,0,1,0,0,-1.0,-0.0,0.5,-0.866025
605.39,80.2,4.0,1.2,726.47,7.5485,504.4916666666667,5,4,0,2,0,0,0,0,1,0,0,0,0,0,0,0,0,0,1,0,0.0,1.0,0.5,-0.866025
458.62,8.7,4.3,1.2,550.34,52.7149,382.1833333333333,5,4,6,2,0,0,0,0,1,0,0,1,0,0,1,0,0,0,0,0,1.0,0.0,0.5,-0.866025
517.94,56.4,4.0,1.5,776.91,9.1833,345.2933333333333,5,4,12,2,0,0,1,0,0,0,0,0,0,0,0,0,0,0,0,0,0.0,-1.0,0.5,-0.866025
249.8,6.9,4.5,1.0,249.8,36.2029,249.8,5,4,18,2,0,0,0,0,0,0,1,0,0,0,0,0,1,1,0,0,-1.0,-0.0,0.5,-0.866025
627.93,99.4,3.3,1.0,627.93,6.3172,627.93,5,5,0,2,1,0,1,0,0,0,0,0,0,0,0,0,0,0,1,0,0.0,1.0,0.5,-0.866025
259.2,24.4,4.9,1.2,311.04,10.623,216.0,5,5,6,2,1,0,0,1,0,0,0,1,0,0,0,0,0,0,0,0,1.0,0.0,0.5,-0.866025
334.03,13.7,3.5,1.0,334.03,24.3818,334.03,5,5,12,2,1,0,0,0,1,0,0,1,0,0,0,0,1,0,0,0,0.0,-1.0,0.5,-0.866025
423.47,20.9,4.2,1.0,423.47,20.2617,423.47,5,5,18,2,1,0,1,0,0,0,1,0,0,0,0,0,0,1,0,0,-1.0,-0.0,0.5,-0.866025
1032.55,7.0,3.9,1.0,1032.55,147.5071,1032.55,5,6,0,2,1,0,0,0,0,0,0,1,0,0,1,0,0,0,1,0,0.0,1.0,0.5,-0.866025
497.03,7.0,4.5,1.0,497.03,71.0043,497.03,5,6,6,2,1,0,1,0,0,0,0,1,0,0,1,0,0,0,0,0,1.0,0.0,0.5,-0.866025
273.7,2.7,4.2,1.2,328.44,101.3704,228.08333333333331,5,6,12,2,1,0,0,0,0,1,1,0,0,1,0,0,0,0,0,0,0.0,-1.0,0.5,-0.866025
518.92,2.7,4.4,1.5,778.38,192.1926,345.94666666666666,5,6,18,2,1,0,0,0,0,0,1,0,0,0,0,0,1,1,0,0,-1.0,-0.0,0.5,-0.866025
587.34,9.4,4.9,1.5,881.01,62.483,391.56,5,0,0,2,0,0,0,1,0,0,0,0,0,0,0,0,1,0,1,0,0.0,1.0,0.5,-0.866025
780.45,31.7,4.7,1.0,780.45,24.6199,780.45,5,0,6,2,0,0,0,0,1,0,0,1,0,0,0,0,0,0,0,0,1.0,0.0,0.5,-0.866025
434.44,20.6,4.3,1.0,434.44,21.0893,434.44,5,0,12,2,0,0,1,0,0,0,1,0,0,1,0,0,0,0,0,0,0.0,-1.0,0.5,-0.866025
296.64,2.4,4.5,1.5,444.96,123.6,197.76,5,0,18,2,0,0,0,0,0,0,0,0,1,0,1,0,0,1,0,0,-1.0,-0.0,0.5,-0.866025
1168.17,42.1,5.0,1.0,1168.17,27.7475,1168.17,5,1,0,2,0,0,0,0,0,1,1,0,0,0,1,0,0,0,1,0,0.0,1.0,0.5,-0.866025
519.5,20.2,4.7,1.0,519.5,25.7178,519.5,5,1,6,2,0,0,0,0,0,0,0,0,0,0,0,0,0,0,0,0,1.0,0.0,0.5,-0.866025
274.65,71.3,4.2,1.5,411.98,3.852,183.1,5,1,12,2,0,0,0,0,0,1,0,0,0,0,1,0,0,0,0,0,0.0,-1.0,0.5,-0.866025
432.45,24.4,4.9,1.2,518.94,17.7234,360.375,5,1,18,2,0,0,0,1,0,0,0,1,0,0,0,0,1,1,0,0,-1.0,-0.0,0.5,-0.866025
