Review_ID,Product_ID,Review_Text,Star_Rating,Cleaned_Review,Predicted_Sentiment,Confidence_Score
1,PROD_370,   This product is absolutely amazing! Loved every bit of it 😍   ,3,this product is absolutely amazing! loved every bit of it,POSITIVE,0.9999
2,PROD_714,<b>Worst purchase ever</b> do not buy this garbage<p>,2,worst purchase ever do not buy this garbage,NEGATIVE,0.9995
3,PROD_558,<br><p>Excellent product</p> highly recommended to everyone<br>,5,excellent product highly recommended to everyone,POSITIVE,0.9998
4,PROD_230,Waste of money!! stopped working after one week  ,5,waste of money!! stopped working after one week,NEGATIVE,0.9998
5,PROD_591,"Not bad not great, somewhere in the middle i think",2,"not bad not great, somewhere in the middle i think",NEGATIVE,0.9925
6,PROD_260,   Super fast delivery and product quality is top notch!!   ,4,super fast delivery and product quality is top notch!!,POSITIVE,0.9998
7,PROD_847,"Complete scam, returned it immediately. 0 stars<p>",1,"complete scam, returned it immediately. 0 stars",NEGATIVE,0.796
8,PROD_610,<br>Amazing value for money. Really impressed with the build quality<br>,2,amazing value for money. really impressed with the build quality,POSITIVE,0.9999
9,PROD_882,"  
  Best product in this price range hands down 👍👍  
  ",3,best product in this price range hands down,NEGATIVE,0.6948
10,PROD_931,"  
  Packaging was great and product works flawlessly  
  ",1,packaging was great and product works flawlessly,POSITIVE,0.9999
11,PROD_746,"<br>Really good product, will definitely recommend to friends<br>",5,"really good product, will definitely recommend to friends",POSITIVE,0.9999
12,PROD_487," &nbsp; Outstanding quality, arrived on time and works perfectly &nbsp; ",1,"outstanding quality, arrived on time and works perfectly",POSITIVE,0.9999
13,PROD_341,"Its fine i guess, works as expected nothing more",2,"its fine i guess, works as expected nothing more",POSITIVE,0.9946
14,PROD_997,   Love the design and it works exactly as described   ,4,love the design and it works exactly as described,POSITIVE,0.9999
15,PROD_554,"  
  10/10 would buy again. customer service was also helpful  
  ",4,10/10 would buy again. customer service was also helpful,POSITIVE,0.997
16,PROD_134,<br>This product is absolutely amazing! Loved every bit of it 😍<br>,1,this product is absolutely amazing! loved every bit of it,POSITIVE,0.9999
17,PROD_487,"  
  Great quality, fast shipping. Will buy again!!  
  ",2,"great quality, fast shipping. will buy again!!",POSITIVE,0.9997
18,PROD_205, &nbsp; <p>Excellent product</p> highly recommended to everyone &nbsp; ,4,excellent product highly recommended to everyone,POSITIVE,0.9998
19,PROD_501,<br>5 stars!! best purchase i made this year<br>,2,5 stars!! best purchase i made this year,POSITIVE,0.9995
20,PROD_369," &nbsp; Works perfectly fine, very happy with this purchase &amp; &nbsp; ",4,"works perfectly fine, very happy with this purchase",POSITIVE,0.9999
21,PROD_824,"  
  Super fast delivery and product quality is top notch!!  
  ",5,super fast delivery and product quality is top notch!!,POSITIVE,0.9998
22,PROD_891,"   I love this so much, exceeded my expectations completely   ",2,"i love this so much, exceeded my expectations completely",POSITIVE,0.9999
23,PROD_287,"Its fine i guess, works as expected nothing more",4,"its fine i guess, works as expected nothing more",POSITIVE,0.9946
24,PROD_114,   Best product in this price range hands down 👍👍   ,5,best product in this price range hands down,NEGATIVE,0.6948
25,PROD_620,<br>Packaging was great and product works flawlessly<br>,1,packaging was great and product works flawlessly,POSITIVE,0.9999
26,PROD_162,"  
  Really good product, will definitely recommend to friends  
  ",3,"really good product, will definitely recommend to friends",POSITIVE,0.9999
27,PROD_774,"  
  Outstanding quality, arrived on time and works perfectly  
  ",3,"outstanding quality, arrived on time and works perfectly",POSITIVE,0.9999
28,PROD_589,"Worst product i have ever bought, avoid at all costs<p>",2,"worst product i have ever bought, avoid at all costs",NEGATIVE,0.9998
29,PROD_300,<br>Love the design and it works exactly as described<br>,4,love the design and it works exactly as described,POSITIVE,0.9999
30,PROD_602,"  
  10/10 would buy again. customer service was also helpful  
  ",5,10/10 would buy again. customer service was also helpful,POSITIVE,0.997
31,PROD_825,Terrible product!! broke after 2 days of use 😡  ,3,terrible product!! broke after 2 days of use,NEGATIVE,0.9997
32,PROD_712,<b>Worst purchase ever</b> do not buy this garbage&amp;,3,worst purchase ever do not buy this garbage,NEGATIVE,0.9995
33,PROD_602,"Very disappointed, product looks nothing like the pictures</p>",3,"very disappointed, product looks nothing like the pictures",NEGATIVE,0.9996
34,PROD_957,Waste of money!! stopped working after one week&amp;,2,waste of money!! stopped working after one week,NEGATIVE,0.9998
35,PROD_674,"<br>Works perfectly fine, very happy with this purchase &amp;<br>",1,"works perfectly fine, very happy with this purchase",POSITIVE,0.9999
36,PROD_833,"  
  Super fast delivery and product quality is top notch!!  
  ",5,super fast delivery and product quality is top notch!!,POSITIVE,0.9998
37,PROD_754,"   I love this so much, exceeded my expectations completely   ",3,"i love this so much, exceeded my expectations completely",POSITIVE,0.9999
38,PROD_259,   Amazing value for money. Really impressed with the build quality   ,3,amazing value for money. really impressed with the build quality,POSITIVE,0.9999
39,PROD_677,Do not buy this!! total waste of time and money  ,2,do not buy this!! total waste of time and money,NEGATIVE,0.9998
40,PROD_745,Meets basic requirements but quality could be better,4,meets basic requirements but quality could be better,NEGATIVE,0.9616
41,PROD_655,"Product is okay, nothing special but does the job",4,"product is okay, nothing special but does the job",POSITIVE,0.9979
42,PROD_430,"Average quality for the price, expected a bit more",2,"average quality for the price, expected a bit more",NEGATIVE,0.9857
43,PROD_330,"   Totally worth the price, very satisfied customer here   ",1,"totally worth the price, very satisfied customer here",POSITIVE,0.9998
44,PROD_732,<br>Love the design and it works exactly as described<br>,4,love the design and it works exactly as described,POSITIVE,0.9999
45,PROD_458,<br>10/10 would buy again. customer service was also helpful<br>,3,10/10 would buy again. customer service was also helpful,POSITIVE,0.997
46,PROD_324,   This product is absolutely amazing! Loved every bit of it 😍   ,3,this product is absolutely amazing! loved every bit of it,POSITIVE,0.9999
47,PROD_926,"  
  Great quality, fast shipping. Will buy again!!  
  ",1,"great quality, fast shipping. will buy again!!",POSITIVE,0.9997
48,PROD_596, &nbsp; <p>Excellent product</p> highly recommended to everyone &nbsp; ,2,excellent product highly recommended to everyone,POSITIVE,0.9998
49,PROD_609,"Neither good nor bad, just an okay product overall",2,"neither good nor bad, just an okay product overall",NEGATIVE,0.9634
50,PROD_724,"Poor quality, feels very cheap. Not worth it at all<p>",1,"poor quality, feels very cheap. not worth it at all",NEGATIVE,0.9998
51,PROD_741, &nbsp; Super fast delivery and product quality is top notch!! &nbsp; ,4,super fast delivery and product quality is top notch!!,POSITIVE,0.9998
52,PROD_835,"   I love this so much, exceeded my expectations completely   ",1,"i love this so much, exceeded my expectations completely",POSITIVE,0.9999
53,PROD_229,"Horrible experience, packaging was damaged and product broken</p>",5,"horrible experience, packaging was damaged and product broken",NEGATIVE,0.9998
54,PROD_809,"  
  Best product in this price range hands down 👍👍  
  ",4,best product in this price range hands down,NEGATIVE,0.6948
55,PROD_222,"  
  Packaging was great and product works flawlessly  
  ",1,packaging was great and product works flawlessly,POSITIVE,0.9999
56,PROD_936,"Disappointed with the product, not as described at all  ",4,"disappointed with the product, not as described at all",NEGATIVE,0.9998
57,PROD_610,"Okay product, will see how long it lasts",1,"okay product, will see how long it lasts",POSITIVE,0.8317
58,PROD_425,"<br>Totally worth the price, very satisfied customer here<br>",5,"totally worth the price, very satisfied customer here",POSITIVE,0.9998
59,PROD_863,"Neither good nor bad, just an okay product overall",3,"neither good nor bad, just an okay product overall",NEGATIVE,0.9634
60,PROD_610, &nbsp; 10/10 would buy again. customer service was also helpful &nbsp; ,3,10/10 would buy again. customer service was also helpful,POSITIVE,0.997
61,PROD_919,<br>This product is absolutely amazing! Loved every bit of it 😍<br>,1,this product is absolutely amazing! loved every bit of it,POSITIVE,0.9999
62,PROD_650,<b>Worst purchase ever</b> do not buy this garbage  ,2,worst purchase ever do not buy this garbage,NEGATIVE,0.9995
63,PROD_878,"Its fine i guess, works as expected nothing more",4,"its fine i guess, works as expected nothing more",POSITIVE,0.9946
64,PROD_250,Waste of money!! stopped working after one week</p>,2,waste of money!! stopped working after one week,NEGATIVE,0.9998
65,PROD_243,"  
  Works perfectly fine, very happy with this purchase &amp;  
  ",2,"works perfectly fine, very happy with this purchase",POSITIVE,0.9999
66,PROD_671,It works but nothing to write home about really,1,it works but nothing to write home about really,NEGATIVE,0.9941
67,PROD_353,"  
  I love this so much, exceeded my expectations completely  
  ",4,"i love this so much, exceeded my expectations completely",POSITIVE,0.9999
68,PROD_108,"Horrible experience, packaging was damaged and product broken  ",1,"horrible experience, packaging was damaged and product broken",NEGATIVE,0.9998
69,PROD_307,"  
  Best product in this price range hands down 👍👍  
  ",3,best product in this price range hands down,NEGATIVE,0.6948
70,PROD_153,Meets basic requirements but quality could be better,1,meets basic requirements but quality could be better,NEGATIVE,0.9616
71,PROD_724,"Disappointed with the product, not as described at all&amp;",4,"disappointed with the product, not as described at all",NEGATIVE,0.9998
72,PROD_951,"Average quality for the price, expected a bit more",3,"average quality for the price, expected a bit more",NEGATIVE,0.9857
73,PROD_198,"   Totally worth the price, very satisfied customer here   ",1,"totally worth the price, very satisfied customer here",POSITIVE,0.9998
74,PROD_977,"  
  Love the design and it works exactly as described  
  ",2,love the design and it works exactly as described,POSITIVE,0.9999
75,PROD_819,<br>10/10 would buy again. customer service was also helpful<br>,5,10/10 would buy again. customer service was also helpful,POSITIVE,0.997
76,PROD_679,   This product is absolutely amazing! Loved every bit of it 😍   ,1,this product is absolutely amazing! loved every bit of it,POSITIVE,0.9999
77,PROD_603,"  
  Great quality, fast shipping. Will buy again!!  
  ",3,"great quality, fast shipping. will buy again!!",POSITIVE,0.9997
78,PROD_787,"Very disappointed, product looks nothing like the pictures<p>",4,"very disappointed, product looks nothing like the pictures",NEGATIVE,0.9996
79,PROD_474,Waste of money!! stopped working after one week</p>,5,waste of money!! stopped working after one week,NEGATIVE,0.9998
80,PROD_382,"  
  Works perfectly fine, very happy with this purchase &amp;  
  ",3,"works perfectly fine, very happy with this purchase",POSITIVE,0.9999
81,PROD_708,Arrived broken and customer support was useless 😤</p>,4,arrived broken and customer support was useless,NEGATIVE,0.9998
82,PROD_552,"Complete scam, returned it immediately. 0 stars<p>",4,"complete scam, returned it immediately. 0 stars",NEGATIVE,0.796
83,PROD_615,"Horrible experience, packaging was damaged and product broken&amp;",3,"horrible experience, packaging was damaged and product broken",NEGATIVE,0.9998
84,PROD_116,Do not buy this!! total waste of time and money  ,4,do not buy this!! total waste of time and money,NEGATIVE,0.9998
85,PROD_576,"Not bad not great, somewhere in the middle i think",5,"not bad not great, somewhere in the middle i think",NEGATIVE,0.9925
86,PROD_991,It works but nothing to write home about really,1,it works but nothing to write home about really,NEGATIVE,0.9941
87,PROD_448,"Okay product, will see how long it lasts",1,"okay product, will see how long it lasts",POSITIVE,0.8317
88,PROD_198,"Worst product i have ever bought, avoid at all costs&amp;",4,"worst product i have ever bought, avoid at all costs",NEGATIVE,0.9998
89,PROD_290,"Neither good nor bad, just an okay product overall",5,"neither good nor bad, just an okay product overall",NEGATIVE,0.9634
90,PROD_260,<br>10/10 would buy again. customer service was also helpful<br>,3,10/10 would buy again. customer service was also helpful,POSITIVE,0.997
91,PROD_834,   This product is absolutely amazing! Loved every bit of it 😍   ,2,this product is absolutely amazing! loved every bit of it,POSITIVE,0.9999
92,PROD_785,"Average quality for the price, expected a bit more",2,"average quality for the price, expected a bit more",NEGATIVE,0.9857
93,PROD_762,"Very disappointed, product looks nothing like the pictures</p>",2,"very disappointed, product looks nothing like the pictures",NEGATIVE,0.9996
94,PROD_485, &nbsp; 5 stars!! best purchase i made this year &nbsp; ,2,5 stars!! best purchase i made this year,POSITIVE,0.9995
95,PROD_492,"Poor quality, feels very cheap. Not worth it at all<p>",3,"poor quality, feels very cheap. not worth it at all",NEGATIVE,0.9998
96,PROD_576,Arrived broken and customer support was useless 😤&amp;,2,arrived broken and customer support was useless,NEGATIVE,0.9998
97,PROD_966,"Okay product, will see how long it lasts",2,"okay product, will see how long it lasts",POSITIVE,0.8317
98,PROD_624,"Pretty average, does what it says in the description",4,"pretty average, does what it says in the description",NEGATIVE,0.9126
99,PROD_135,Do not buy this!! total waste of time and money<p>,5,do not buy this!! total waste of time and money,NEGATIVE,0.9998
100,PROD_611,"  
  Packaging was great and product works flawlessly  
  ",4,packaging was great and product works flawlessly,POSITIVE,0.9999
101,PROD_242,"Product is okay, nothing special but does the job",4,"product is okay, nothing special but does the job",POSITIVE,0.9979
102,PROD_826,"Stopped working after 3 days, very poor build quality  ",3,"stopped working after 3 days, very poor build quality",NEGATIVE,0.9997
103,PROD_289,"<br>Totally worth the price, very satisfied customer here<br>",5,"totally worth the price, very satisfied customer here",POSITIVE,0.9998
104,PROD_669,"Decent product, shipping was slow though",1,"decent product, shipping was slow though",NEGATIVE,0.988
105,PROD_882, &nbsp; 10/10 would buy again. customer service was also helpful &nbsp; ,3,10/10 would buy again. customer service was also helpful,POSITIVE,0.997
106,PROD_363,   This product is absolutely amazing! Loved every bit of it 😍   ,5,this product is absolutely amazing! loved every bit of it,POSITIVE,0.9999
107,PROD_104,"  
  Great quality, fast shipping. Will buy again!!  
  ",4,"great quality, fast shipping. will buy again!!",POSITIVE,0.9997
108,PROD_983,"Pretty average, does what it says in the description",3,"pretty average, does what it says in the description",NEGATIVE,0.9126
109,PROD_755,Waste of money!! stopped working after one week  ,5,waste of money!! stopped working after one week,NEGATIVE,0.9998
110,PROD_205,Meets basic requirements but quality could be better,3,meets basic requirements but quality could be better,NEGATIVE,0.9616
111,PROD_886,Arrived broken and customer support was useless 😤&amp;,4,arrived broken and customer support was useless,NEGATIVE,0.9998
112,PROD_840,"Complete scam, returned it immediately. 0 stars</p>",2,"complete scam, returned it immediately. 0 stars",NEGATIVE,0.796
113,PROD_890,"Its fine i guess, works as expected nothing more",1,"its fine i guess, works as expected nothing more",POSITIVE,0.9946
114,PROD_157,Do not buy this!! total waste of time and money<p>,2,do not buy this!! total waste of time and money,NEGATIVE,0.9998
115,PROD_195, &nbsp; Packaging was great and product works flawlessly &nbsp; ,1,packaging was great and product works flawlessly,POSITIVE,0.9999
116,PROD_996,"Disappointed with the product, not as described at all<p>",5,"disappointed with the product, not as described at all",NEGATIVE,0.9998
117,PROD_680,"Stopped working after 3 days, very poor build quality&amp;",5,"stopped working after 3 days, very poor build quality",NEGATIVE,0.9997
118,PROD_253,"  
  Totally worth the price, very satisfied customer here  
  ",3,"totally worth the price, very satisfied customer here",POSITIVE,0.9998
119,PROD_384,Terrible!! arrived late and was completely broken<p>,4,terrible!! arrived late and was completely broken,NEGATIVE,0.9997
120,PROD_193,   10/10 would buy again. customer service was also helpful   ,4,10/10 would buy again. customer service was also helpful,POSITIVE,0.997
121,PROD_317,"  
  This product is absolutely amazing! Loved every bit of it 😍  
  ",2,this product is absolutely amazing! loved every bit of it,POSITIVE,0.9999
122,PROD_711,"<br>Great quality, fast shipping. Will buy again!!<br>",1,"great quality, fast shipping. will buy again!!",POSITIVE,0.9997
123,PROD_122,   <p>Excellent product</p> highly recommended to everyone   ,2,excellent product highly recommended to everyone,POSITIVE,0.9998
124,PROD_199,Waste of money!! stopped working after one week<p>,2,waste of money!! stopped working after one week,NEGATIVE,0.9998
125,PROD_861," &nbsp; Works perfectly fine, very happy with this purchase &amp; &nbsp; ",3,"works perfectly fine, very happy with this purchase",POSITIVE,0.9999
126,PROD_424,Arrived broken and customer support was useless 😤<p>,5,arrived broken and customer support was useless,NEGATIVE,0.9998
127,PROD_435,"  
  I love this so much, exceeded my expectations completely  
  ",2,"i love this so much, exceeded my expectations completely",POSITIVE,0.9999
128,PROD_259,"  
  Amazing value for money. Really impressed with the build quality  
  ",3,amazing value for money. really impressed with the build quality,POSITIVE,0.9999
129,PROD_789,"Neither good nor bad, just an okay product overall",3,"neither good nor bad, just an okay product overall",NEGATIVE,0.9634
130,PROD_790,"Very bad quality, plastic feels cheap will break easily<p>",3,"very bad quality, plastic feels cheap will break easily",NEGATIVE,0.9997
131,PROD_934,"Product is okay, nothing special but does the job",1,"product is okay, nothing special but does the job",POSITIVE,0.9979
132,PROD_941,"Average quality for the price, expected a bit more",3,"average quality for the price, expected a bit more",NEGATIVE,0.9857
133,PROD_111,"   Totally worth the price, very satisfied customer here   ",2,"totally worth the price, very satisfied customer here",POSITIVE,0.9998
134,PROD_134, &nbsp; Love the design and it works exactly as described &nbsp; ,1,love the design and it works exactly as described,POSITIVE,0.9999
135,PROD_701,"Not recommended at all, save your money for something better<p>",2,"not recommended at all, save your money for something better",NEGATIVE,0.9997
136,PROD_295,<br>This product is absolutely amazing! Loved every bit of it 😍<br>,2,this product is absolutely amazing! loved every bit of it,POSITIVE,0.9999
137,PROD_174,<b>Worst purchase ever</b> do not buy this garbage<p>,5,worst purchase ever do not buy this garbage,NEGATIVE,0.9995
138,PROD_376,   <p>Excellent product</p> highly recommended to everyone   ,5,excellent product highly recommended to everyone,POSITIVE,0.9998
139,PROD_968, &nbsp; 5 stars!! best purchase i made this year &nbsp; ,1,5 stars!! best purchase i made this year,POSITIVE,0.9995
140,PROD_788,"Poor quality, feels very cheap. Not worth it at all&amp;",3,"poor quality, feels very cheap. not worth it at all",NEGATIVE,0.9998
141,PROD_195, &nbsp; Super fast delivery and product quality is top notch!! &nbsp; ,5,super fast delivery and product quality is top notch!!,POSITIVE,0.9998
142,PROD_624,"<br>I love this so much, exceeded my expectations completely<br>",1,"i love this so much, exceeded my expectations completely",POSITIVE,0.9999
143,PROD_372, &nbsp; Amazing value for money. Really impressed with the build quality &nbsp; ,1,amazing value for money. really impressed with the build quality,POSITIVE,0.9999
144,PROD_828,Do not buy this!! total waste of time and money  ,5,do not buy this!! total waste of time and money,NEGATIVE,0.9998
145,PROD_276,"Not bad not great, somewhere in the middle i think",4,"not bad not great, somewhere in the middle i think",NEGATIVE,0.9925
146,PROD_175,"   Really good product, will definitely recommend to friends   ",1,"really good product, will definitely recommend to friends",POSITIVE,0.9999
147,PROD_834," &nbsp; Outstanding quality, arrived on time and works perfectly &nbsp; ",4,"outstanding quality, arrived on time and works perfectly",POSITIVE,0.9999
148,PROD_243,"Worst product i have ever bought, avoid at all costs&amp;",5,"worst product i have ever bought, avoid at all costs",NEGATIVE,0.9998
149,PROD_124,"  
  Love the design and it works exactly as described  
  ",4,love the design and it works exactly as described,POSITIVE,0.9999
150,PROD_664,"Not recommended at all, save your money for something better  ",1,"not recommended at all, save your money for something better",NEGATIVE,0.9997
151,PROD_141,   This product is absolutely amazing! Loved every bit of it 😍   ,2,this product is absolutely amazing! loved every bit of it,POSITIVE,0.9999
152,PROD_733,"<br>Great quality, fast shipping. Will buy again!!<br>",5,"great quality, fast shipping. will buy again!!",POSITIVE,0.9997
153,PROD_334,"Very disappointed, product looks nothing like the pictures<p>",3,"very disappointed, product looks nothing like the pictures",NEGATIVE,0.9996
154,PROD_108,"  
  5 stars!! best purchase i made this year  
  ",2,5 stars!! best purchase i made this year,POSITIVE,0.9995
155,PROD_352,"Not bad not great, somewhere in the middle i think",5,"not bad not great, somewhere in the middle i think",NEGATIVE,0.9925
156,PROD_894,   Super fast delivery and product quality is top notch!!   ,2,super fast delivery and product quality is top notch!!,POSITIVE,0.9998
157,PROD_264,"   I love this so much, exceeded my expectations completely   ",3,"i love this so much, exceeded my expectations completely",POSITIVE,0.9999
158,PROD_932,"Horrible experience, packaging was damaged and product broken<p>",4,"horrible experience, packaging was damaged and product broken",NEGATIVE,0.9998
159,PROD_316,<br>Best product in this price range hands down 👍👍<br>,5,best product in this price range hands down,NEGATIVE,0.6948
160,PROD_351,"Very bad quality, plastic feels cheap will break easily</p>",3,"very bad quality, plastic feels cheap will break easily",NEGATIVE,0.9997
161,PROD_266,"Disappointed with the product, not as described at all</p>",3,"disappointed with the product, not as described at all",NEGATIVE,0.9998
162,PROD_138,"<br>Outstanding quality, arrived on time and works perfectly<br>",3,"outstanding quality, arrived on time and works perfectly",POSITIVE,0.9999
163,PROD_319," &nbsp; Totally worth the price, very satisfied customer here &nbsp; ",2,"totally worth the price, very satisfied customer here",POSITIVE,0.9998
164,PROD_928,Terrible!! arrived late and was completely broken  ,1,terrible!! arrived late and was completely broken,NEGATIVE,0.9997
165,PROD_447,"Not recommended at all, save your money for something better&amp;",1,"not recommended at all, save your money for something better",NEGATIVE,0.9997
166,PROD_508,   This product is absolutely amazing! Loved every bit of it 😍   ,1,this product is absolutely amazing! loved every bit of it,POSITIVE,0.9999
167,PROD_157," &nbsp; Great quality, fast shipping. Will buy again!! &nbsp; ",4,"great quality, fast shipping. will buy again!!",POSITIVE,0.9997
168,PROD_272,"Pretty average, does what it says in the description",5,"pretty average, does what it says in the description",NEGATIVE,0.9126
169,PROD_985,"  
  5 stars!! best purchase i made this year  
  ",5,5 stars!! best purchase i made this year,POSITIVE,0.9995
170,PROD_328,Meets basic requirements but quality could be better,4,meets basic requirements but quality could be better,NEGATIVE,0.9616
171,PROD_540,Arrived broken and customer support was useless 😤  ,2,arrived broken and customer support was useless,NEGATIVE,0.9998
172,PROD_625,"   I love this so much, exceeded my expectations completely   ",1,"i love this so much, exceeded my expectations completely",POSITIVE,0.9999
173,PROD_358,"Horrible experience, packaging was damaged and product broken</p>",1,"horrible experience, packaging was damaged and product broken",NEGATIVE,0.9998
174,PROD_429,"Decent product, shipping was slow though",4,"decent product, shipping was slow though",NEGATIVE,0.988
175,PROD_107,   Packaging was great and product works flawlessly   ,2,packaging was great and product works flawlessly,POSITIVE,0.9999
176,PROD_747," &nbsp; Really good product, will definitely recommend to friends &nbsp; ",2,"really good product, will definitely recommend to friends",POSITIVE,0.9999
177,PROD_831,"  
  Outstanding quality, arrived on time and works perfectly  
  ",5,"outstanding quality, arrived on time and works perfectly",POSITIVE,0.9999
178,PROD_803,"Pretty average, does what it says in the description",3,"pretty average, does what it says in the description",NEGATIVE,0.9126
179,PROD_300,Terrible!! arrived late and was completely broken<p>,1,terrible!! arrived late and was completely broken,NEGATIVE,0.9997
180,PROD_831,   10/10 would buy again. customer service was also helpful   ,5,10/10 would buy again. customer service was also helpful,POSITIVE,0.997
181,PROD_352,<br>This product is absolutely amazing! Loved every bit of it 😍<br>,2,this product is absolutely amazing! loved every bit of it,POSITIVE,0.9999
182,PROD_914,"   Great quality, fast shipping. Will buy again!!   ",1,"great quality, fast shipping. will buy again!!",POSITIVE,0.9997
183,PROD_897,"  
  <p>Excellent product</p> highly recommended to everyone  
  ",2,excellent product highly recommended to everyone,POSITIVE,0.9998
184,PROD_218,Waste of money!! stopped working after one week<p>,1,waste of money!! stopped working after one week,NEGATIVE,0.9998
185,PROD_323,"Poor quality, feels very cheap. Not worth it at all</p>",1,"poor quality, feels very cheap. not worth it at all",NEGATIVE,0.9998
186,PROD_162, &nbsp; Super fast delivery and product quality is top notch!! &nbsp; ,1,super fast delivery and product quality is top notch!!,POSITIVE,0.9998
187,PROD_894,"Okay product, will see how long it lasts",1,"okay product, will see how long it lasts",POSITIVE,0.8317
188,PROD_709,"Pretty average, does what it says in the description",1,"pretty average, does what it says in the description",NEGATIVE,0.9126
189,PROD_504,   Best product in this price range hands down 👍👍   ,4,best product in this price range hands down,NEGATIVE,0.6948
190,PROD_962,Meets basic requirements but quality could be better,5,meets basic requirements but quality could be better,NEGATIVE,0.9616
191,PROD_536,"Product is okay, nothing special but does the job",5,"product is okay, nothing special but does the job",POSITIVE,0.9979
192,PROD_557,"Stopped working after 3 days, very poor build quality</p>",3,"stopped working after 3 days, very poor build quality",NEGATIVE,0.9997
193,PROD_556," &nbsp; Totally worth the price, very satisfied customer here &nbsp; ",1,"totally worth the price, very satisfied customer here",POSITIVE,0.9998
194,PROD_816,"Decent product, shipping was slow though",4,"decent product, shipping was slow though",NEGATIVE,0.988
195,PROD_587,   10/10 would buy again. customer service was also helpful   ,2,10/10 would buy again. customer service was also helpful,POSITIVE,0.997
196,PROD_650,"  
  This product is absolutely amazing! Loved every bit of it 😍  
  ",2,this product is absolutely amazing! loved every bit of it,POSITIVE,0.9999
197,PROD_217," &nbsp; Great quality, fast shipping. Will buy again!! &nbsp; ",3,"great quality, fast shipping. will buy again!!",POSITIVE,0.9997
198,PROD_153,"Very disappointed, product looks nothing like the pictures  ",4,"very disappointed, product looks nothing like the pictures",NEGATIVE,0.9996
199,PROD_862,Waste of money!! stopped working after one week</p>,1,waste of money!! stopped working after one week,NEGATIVE,0.9998
200,PROD_402,"Poor quality, feels very cheap. Not worth it at all&amp;",5,"poor quality, feels very cheap. not worth it at all",NEGATIVE,0.9998
201,PROD_174,Arrived broken and customer support was useless 😤</p>,3,arrived broken and customer support was useless,NEGATIVE,0.9998
202,PROD_803,"Average quality for the price, expected a bit more",4,"average quality for the price, expected a bit more",NEGATIVE,0.9857
203,PROD_405,"Its fine i guess, works as expected nothing more",2,"its fine i guess, works as expected nothing more",POSITIVE,0.9946
204,PROD_958,Do not buy this!! total waste of time and money&amp;,3,do not buy this!! total waste of time and money,NEGATIVE,0.9998
205,PROD_407,"Not bad not great, somewhere in the middle i think",1,"not bad not great, somewhere in the middle i think",NEGATIVE,0.9925
206,PROD_434,"Disappointed with the product, not as described at all  ",4,"disappointed with the product, not as described at all",NEGATIVE,0.9998
207,PROD_662," &nbsp; Outstanding quality, arrived on time and works perfectly &nbsp; ",1,"outstanding quality, arrived on time and works perfectly",POSITIVE,0.9999
208,PROD_237,"Pretty average, does what it says in the description",1,"pretty average, does what it says in the description",NEGATIVE,0.9126
209,PROD_951,"  
  Love the design and it works exactly as described  
  ",5,love the design and it works exactly as described,POSITIVE,0.9999
210,PROD_152,Meets basic requirements but quality could be better,2,meets basic requirements but quality could be better,NEGATIVE,0.9616
211,PROD_142,<br>This product is absolutely amazing! Loved every bit of it 😍<br>,3,this product is absolutely amazing! loved every bit of it,POSITIVE,0.9999
212,PROD_762,"   Great quality, fast shipping. Will buy again!!   ",3,"great quality, fast shipping. will buy again!!",POSITIVE,0.9997
213,PROD_459,"  
  <p>Excellent product</p> highly recommended to everyone  
  ",4,excellent product highly recommended to everyone,POSITIVE,0.9998
214,PROD_963,<br>5 stars!! best purchase i made this year<br>,3,5 stars!! best purchase i made this year,POSITIVE,0.9995
215,PROD_160,"Poor quality, feels very cheap. Not worth it at all  ",2,"poor quality, feels very cheap. not worth it at all",NEGATIVE,0.9998
216,PROD_104,   Super fast delivery and product quality is top notch!!   ,2,super fast delivery and product quality is top notch!!,POSITIVE,0.9998
217,PROD_633,"   I love this so much, exceeded my expectations completely   ",5,"i love this so much, exceeded my expectations completely",POSITIVE,0.9999
218,PROD_332,"Horrible experience, packaging was damaged and product broken<p>",4,"horrible experience, packaging was damaged and product broken",NEGATIVE,0.9998
219,PROD_177, &nbsp; Best product in this price range hands down 👍👍 &nbsp; ,2,best product in this price range hands down,NEGATIVE,0.6948
220,PROD_893,"Very bad quality, plastic feels cheap will break easily<p>",1,"very bad quality, plastic feels cheap will break easily",NEGATIVE,0.9997
221,PROD_338," &nbsp; Really good product, will definitely recommend to friends &nbsp; ",3,"really good product, will definitely recommend to friends",POSITIVE,0.9999
222,PROD_672,"Average quality for the price, expected a bit more",1,"average quality for the price, expected a bit more",NEGATIVE,0.9857
223,PROD_107,"   Totally worth the price, very satisfied customer here   ",1,"totally worth the price, very satisfied customer here",POSITIVE,0.9998
224,PROD_818,Terrible!! arrived late and was completely broken  ,2,terrible!! arrived late and was completely broken,NEGATIVE,0.9997
225,PROD_315,"Not recommended at all, save your money for something better</p>",2,"not recommended at all, save your money for something better",NEGATIVE,0.9997
226,PROD_798,Terrible product!! broke after 2 days of use 😡</p>,3,terrible product!! broke after 2 days of use,NEGATIVE,0.9997
227,PROD_849,<b>Worst purchase ever</b> do not buy this garbage&amp;,3,worst purchase ever do not buy this garbage,NEGATIVE,0.9995
228,PROD_373,"Very disappointed, product looks nothing like the pictures<p>",2,"very disappointed, product looks nothing like the pictures",NEGATIVE,0.9996
229,PROD_114,<br>5 stars!! best purchase i made this year<br>,1,5 stars!! best purchase i made this year,POSITIVE,0.9995
230,PROD_813,"Poor quality, feels very cheap. Not worth it at all  ",1,"poor quality, feels very cheap. not worth it at all",NEGATIVE,0.9998
231,PROD_185,"Product is okay, nothing special but does the job",2,"product is okay, nothing special but does the job",POSITIVE,0.9979
232,PROD_244,"Complete scam, returned it immediately. 0 stars<p>",5,"complete scam, returned it immediately. 0 stars",NEGATIVE,0.796
233,PROD_493,"Horrible experience, packaging was damaged and product broken  ",3,"horrible experience, packaging was damaged and product broken",NEGATIVE,0.9998
234,PROD_210,Do not buy this!! total waste of time and money</p>,4,do not buy this!! total waste of time and money,NEGATIVE,0.9998
235,PROD_722,"Very bad quality, plastic feels cheap will break easily</p>",1,"very bad quality, plastic feels cheap will break easily",NEGATIVE,0.9997
236,PROD_524,"Disappointed with the product, not as described at all</p>",5,"disappointed with the product, not as described at all",NEGATIVE,0.9998
237,PROD_419," &nbsp; Outstanding quality, arrived on time and works perfectly &nbsp; ",2,"outstanding quality, arrived on time and works perfectly",POSITIVE,0.9999
238,PROD_976,"<br>Totally worth the price, very satisfied customer here<br>",5,"totally worth the price, very satisfied customer here",POSITIVE,0.9998
239,PROD_536,"Neither good nor bad, just an okay product overall",5,"neither good nor bad, just an okay product overall",NEGATIVE,0.9634
240,PROD_723,<br>10/10 would buy again. customer service was also helpful<br>,4,10/10 would buy again. customer service was also helpful,POSITIVE,0.997
241,PROD_545,"Product is okay, nothing special but does the job",1,"product is okay, nothing special but does the job",POSITIVE,0.9979
242,PROD_642,"<br>Great quality, fast shipping. Will buy again!!<br>",5,"great quality, fast shipping. will buy again!!",POSITIVE,0.9997
243,PROD_322,"Its fine i guess, works as expected nothing more",2,"its fine i guess, works as expected nothing more",POSITIVE,0.9946
244,PROD_103,Waste of money!! stopped working after one week&amp;,1,waste of money!! stopped working after one week,NEGATIVE,0.9998
245,PROD_673," &nbsp; Works perfectly fine, very happy with this purchase &amp; &nbsp; ",1,"works perfectly fine, very happy with this purchase",POSITIVE,0.9999
246,PROD_491,Arrived broken and customer support was useless 😤&amp;,2,arrived broken and customer support was useless,NEGATIVE,0.9998
247,PROD_744,"  
  I love this so much, exceeded my expectations completely  
  ",2,"i love this so much, exceeded my expectations completely",POSITIVE,0.9999
248,PROD_823,<br>Amazing value for money. Really impressed with the build quality<br>,1,amazing value for money. really impressed with the build quality,POSITIVE,0.9999
249,PROD_658,Do not buy this!! total waste of time and money  ,1,do not buy this!! total waste of time and money,NEGATIVE,0.9998
250,PROD_649,"Very bad quality, plastic feels cheap will break easily  ",5,"very bad quality, plastic feels cheap will break easily",NEGATIVE,0.9997
251,PROD_967,"Disappointed with the product, not as described at all&amp;",5,"disappointed with the product, not as described at all",NEGATIVE,0.9998
252,PROD_789,"Stopped working after 3 days, very poor build quality<p>",2,"stopped working after 3 days, very poor build quality",NEGATIVE,0.9997
253,PROD_271,"Worst product i have ever bought, avoid at all costs</p>",2,"worst product i have ever bought, avoid at all costs",NEGATIVE,0.9998
254,PROD_695, &nbsp; Love the design and it works exactly as described &nbsp; ,1,love the design and it works exactly as described,POSITIVE,0.9999
255,PROD_884,   10/10 would buy again. customer service was also helpful   ,1,10/10 would buy again. customer service was also helpful,POSITIVE,0.997
256,PROD_649,Terrible product!! broke after 2 days of use 😡  ,3,terrible product!! broke after 2 days of use,NEGATIVE,0.9997
257,PROD_680,"   Great quality, fast shipping. Will buy again!!   ",4,"great quality, fast shipping. will buy again!!",POSITIVE,0.9997
258,PROD_433,"Pretty average, does what it says in the description",5,"pretty average, does what it says in the description",NEGATIVE,0.9126
259,PROD_687,Waste of money!! stopped working after one week<p>,3,waste of money!! stopped working after one week,NEGATIVE,0.9998
260,PROD_419,"  
  Works perfectly fine, very happy with this purchase &amp;  
  ",4,"works perfectly fine, very happy with this purchase",POSITIVE,0.9999
261,PROD_939,"Product is okay, nothing special but does the job",3,"product is okay, nothing special but does the job",POSITIVE,0.9979
262,PROD_927,"Complete scam, returned it immediately. 0 stars</p>",3,"complete scam, returned it immediately. 0 stars",NEGATIVE,0.796
263,PROD_950,   Amazing value for money. Really impressed with the build quality   ,3,amazing value for money. really impressed with the build quality,POSITIVE,0.9999
264,PROD_231,Do not buy this!! total waste of time and money</p>,1,do not buy this!! total waste of time and money,NEGATIVE,0.9998
265,PROD_188,"Not bad not great, somewhere in the middle i think",2,"not bad not great, somewhere in the middle i think",NEGATIVE,0.9925
266,PROD_394,It works but nothing to write home about really,3,it works but nothing to write home about really,NEGATIVE,0.9941
267,PROD_122,"Stopped working after 3 days, very poor build quality<p>",1,"stopped working after 3 days, very poor build quality",NEGATIVE,0.9997
268,PROD_602,"   Totally worth the price, very satisfied customer here   ",2,"totally worth the price, very satisfied customer here",POSITIVE,0.9998
269,PROD_203,Terrible!! arrived late and was completely broken  ,3,terrible!! arrived late and was completely broken,NEGATIVE,0.9997
270,PROD_745,"Not recommended at all, save your money for something better</p>",3,"not recommended at all, save your money for something better",NEGATIVE,0.9997
271,PROD_653,Terrible product!! broke after 2 days of use 😡  ,4,terrible product!! broke after 2 days of use,NEGATIVE,0.9997
272,PROD_388,<b>Worst purchase ever</b> do not buy this garbage<p>,4,worst purchase ever do not buy this garbage,NEGATIVE,0.9995
273,PROD_519,"Very disappointed, product looks nothing like the pictures&amp;",5,"very disappointed, product looks nothing like the pictures",NEGATIVE,0.9996
274,PROD_510,   5 stars!! best purchase i made this year   ,1,5 stars!! best purchase i made this year,POSITIVE,0.9995
275,PROD_933," &nbsp; Works perfectly fine, very happy with this purchase &amp; &nbsp; ",2,"works perfectly fine, very happy with this purchase",POSITIVE,0.9999
276,PROD_964, &nbsp; Super fast delivery and product quality is top notch!! &nbsp; ,5,super fast delivery and product quality is top notch!!,POSITIVE,0.9998
277,PROD_976,"  
  I love this so much, exceeded my expectations completely  
  ",4,"i love this so much, exceeded my expectations completely",POSITIVE,0.9999
278,PROD_747,   Amazing value for money. Really impressed with the build quality   ,5,amazing value for money. really impressed with the build quality,POSITIVE,0.9999
279,PROD_943,"  
  Best product in this price range hands down 👍👍  
  ",5,best product in this price range hands down,NEGATIVE,0.6948
280,PROD_726,"Very bad quality, plastic feels cheap will break easily&amp;",3,"very bad quality, plastic feels cheap will break easily",NEGATIVE,0.9997
281,PROD_910,"Disappointed with the product, not as described at all</p>",3,"disappointed with the product, not as described at all",NEGATIVE,0.9998
282,PROD_353,"<br>Outstanding quality, arrived on time and works perfectly<br>",2,"outstanding quality, arrived on time and works perfectly",POSITIVE,0.9999
283,PROD_811," &nbsp; Totally worth the price, very satisfied customer here &nbsp; ",2,"totally worth the price, very satisfied customer here",POSITIVE,0.9998
284,PROD_495,"Decent product, shipping was slow though",2,"decent product, shipping was slow though",NEGATIVE,0.988
285,PROD_309,"Not recommended at all, save your money for something better</p>",1,"not recommended at all, save your money for something better",NEGATIVE,0.9997
286,PROD_927,"  
  This product is absolutely amazing! Loved every bit of it 😍  
  ",3,this product is absolutely amazing! loved every bit of it,POSITIVE,0.9999
287,PROD_455,"Okay product, will see how long it lasts",4,"okay product, will see how long it lasts",POSITIVE,0.8317
288,PROD_939,"Very disappointed, product looks nothing like the pictures<p>",2,"very disappointed, product looks nothing like the pictures",NEGATIVE,0.9996
289,PROD_477,Waste of money!! stopped working after one week&amp;,1,waste of money!! stopped working after one week,NEGATIVE,0.9998
290,PROD_561,"   Works perfectly fine, very happy with this purchase &amp;   ",1,"works perfectly fine, very happy with this purchase",POSITIVE,0.9999
291,PROD_506,"Product is okay, nothing special but does the job",1,"product is okay, nothing special but does the job",POSITIVE,0.9979
292,PROD_445,"   I love this so much, exceeded my expectations completely   ",4,"i love this so much, exceeded my expectations completely",POSITIVE,0.9999
293,PROD_100,   Amazing value for money. Really impressed with the build quality   ,3,amazing value for money. really impressed with the build quality,POSITIVE,0.9999
294,PROD_530,Do not buy this!! total waste of time and money<p>,1,do not buy this!! total waste of time and money,NEGATIVE,0.9998
295,PROD_535,"Very bad quality, plastic feels cheap will break easily</p>",1,"very bad quality, plastic feels cheap will break easily",NEGATIVE,0.9997
296,PROD_902,"   Really good product, will definitely recommend to friends   ",4,"really good product, will definitely recommend to friends",POSITIVE,0.9999
297,PROD_905,"Stopped working after 3 days, very poor build quality&amp;",2,"stopped working after 3 days, very poor build quality",NEGATIVE,0.9997
298,PROD_517,"<br>Totally worth the price, very satisfied customer here<br>",3,"totally worth the price, very satisfied customer here",POSITIVE,0.9998
299,PROD_975,<br>Love the design and it works exactly as described<br>,3,love the design and it works exactly as described,POSITIVE,0.9999
300,PROD_124,"  
  10/10 would buy again. customer service was also helpful  
  ",4,10/10 would buy again. customer service was also helpful,POSITIVE,0.997
301,PROD_260,"  
  This product is absolutely amazing! Loved every bit of it 😍  
  ",1,this product is absolutely amazing! loved every bit of it,POSITIVE,0.9999
302,PROD_761,<b>Worst purchase ever</b> do not buy this garbage&amp;,2,worst purchase ever do not buy this garbage,NEGATIVE,0.9995
303,PROD_148,   <p>Excellent product</p> highly recommended to everyone   ,1,excellent product highly recommended to everyone,POSITIVE,0.9998
304,PROD_788,"Decent product, shipping was slow though",4,"decent product, shipping was slow though",NEGATIVE,0.988
305,PROD_162,"  
  Works perfectly fine, very happy with this purchase &amp;  
  ",5,"works perfectly fine, very happy with this purchase",POSITIVE,0.9999
306,PROD_868,<br>Super fast delivery and product quality is top notch!!<br>,5,super fast delivery and product quality is top notch!!,POSITIVE,0.9998
307,PROD_990,"<br>I love this so much, exceeded my expectations completely<br>",3,"i love this so much, exceeded my expectations completely",POSITIVE,0.9999
308,PROD_384, &nbsp; Amazing value for money. Really impressed with the build quality &nbsp; ,1,amazing value for money. really impressed with the build quality,POSITIVE,0.9999
309,PROD_243, &nbsp; Best product in this price range hands down 👍👍 &nbsp; ,3,best product in this price range hands down,NEGATIVE,0.6948
310,PROD_470, &nbsp; Packaging was great and product works flawlessly &nbsp; ,2,packaging was great and product works flawlessly,POSITIVE,0.9999
311,PROD_212,"Disappointed with the product, not as described at all  ",2,"disappointed with the product, not as described at all",NEGATIVE,0.9998
312,PROD_930,"<br>Outstanding quality, arrived on time and works perfectly<br>",4,"outstanding quality, arrived on time and works perfectly",POSITIVE,0.9999
313,PROD_154,"   Totally worth the price, very satisfied customer here   ",3,"totally worth the price, very satisfied customer here",POSITIVE,0.9998
314,PROD_977, &nbsp; Love the design and it works exactly as described &nbsp; ,2,love the design and it works exactly as described,POSITIVE,0.9999
315,PROD_154,<br>10/10 would buy again. customer service was also helpful<br>,4,10/10 would buy again. customer service was also helpful,POSITIVE,0.997
316,PROD_490,It works but nothing to write home about really,5,it works but nothing to write home about really,NEGATIVE,0.9941
317,PROD_858,"   Great quality, fast shipping. Will buy again!!   ",3,"great quality, fast shipping. will buy again!!",POSITIVE,0.9997
318,PROD_866,<br><p>Excellent product</p> highly recommended to everyone<br>,5,excellent product highly recommended to everyone,POSITIVE,0.9998
319,PROD_338,Waste of money!! stopped working after one week<p>,5,waste of money!! stopped working after one week,NEGATIVE,0.9998
320,PROD_703,"   Works perfectly fine, very happy with this purchase &amp;   ",2,"works perfectly fine, very happy with this purchase",POSITIVE,0.9999
321,PROD_187,"Product is okay, nothing special but does the job",3,"product is okay, nothing special but does the job",POSITIVE,0.9979
322,PROD_599,"Average quality for the price, expected a bit more",5,"average quality for the price, expected a bit more",NEGATIVE,0.9857
323,PROD_834, &nbsp; Amazing value for money. Really impressed with the build quality &nbsp; ,2,amazing value for money. really impressed with the build quality,POSITIVE,0.9999
324,PROD_772,<br>Best product in this price range hands down 👍👍<br>,5,best product in this price range hands down,NEGATIVE,0.6948
325,PROD_647,   Packaging was great and product works flawlessly   ,5,packaging was great and product works flawlessly,POSITIVE,0.9999
326,PROD_996," &nbsp; Really good product, will definitely recommend to friends &nbsp; ",5,"really good product, will definitely recommend to friends",POSITIVE,0.9999
327,PROD_485," &nbsp; Outstanding quality, arrived on time and works perfectly &nbsp; ",3,"outstanding quality, arrived on time and works perfectly",POSITIVE,0.9999
328,PROD_631,"Worst product i have ever bought, avoid at all costs  ",5,"worst product i have ever bought, avoid at all costs",NEGATIVE,0.9998
329,PROD_833,"  
  Love the design and it works exactly as described  
  ",1,love the design and it works exactly as described,POSITIVE,0.9999
330,PROD_966,"  
  10/10 would buy again. customer service was also helpful  
  ",4,10/10 would buy again. customer service was also helpful,POSITIVE,0.997
331,PROD_463,"Product is okay, nothing special but does the job",1,"product is okay, nothing special but does the job",POSITIVE,0.9979
332,PROD_731,"Average quality for the price, expected a bit more",3,"average quality for the price, expected a bit more",NEGATIVE,0.9857
333,PROD_227,"Its fine i guess, works as expected nothing more",1,"its fine i guess, works as expected nothing more",POSITIVE,0.9946
334,PROD_625,   5 stars!! best purchase i made this year   ,1,5 stars!! best purchase i made this year,POSITIVE,0.9995
335,PROD_380,"Poor quality, feels very cheap. Not worth it at all<p>",1,"poor quality, feels very cheap. not worth it at all",NEGATIVE,0.9998
336,PROD_593,<br>Super fast delivery and product quality is top notch!!<br>,4,super fast delivery and product quality is top notch!!,POSITIVE,0.9998
337,PROD_208,"   I love this so much, exceeded my expectations completely   ",2,"i love this so much, exceeded my expectations completely",POSITIVE,0.9999
338,PROD_937,<br>Amazing value for money. Really impressed with the build quality<br>,2,amazing value for money. really impressed with the build quality,POSITIVE,0.9999
339,PROD_455,Do not buy this!! total waste of time and money</p>,1,do not buy this!! total waste of time and money,NEGATIVE,0.9998
340,PROD_776,   Packaging was great and product works flawlessly   ,1,packaging was great and product works flawlessly,POSITIVE,0.9999
341,PROD_698,"  
  Really good product, will definitely recommend to friends  
  ",5,"really good product, will definitely recommend to friends",POSITIVE,0.9999
342,PROD_126,"   Outstanding quality, arrived on time and works perfectly   ",1,"outstanding quality, arrived on time and works perfectly",POSITIVE,0.9999
343,PROD_267,"<br>Totally worth the price, very satisfied customer here<br>",2,"totally worth the price, very satisfied customer here",POSITIVE,0.9998
344,PROD_920,Terrible!! arrived late and was completely broken<p>,2,terrible!! arrived late and was completely broken,NEGATIVE,0.9997
345,PROD_575,"Not bad not great, somewhere in the middle i think",2,"not bad not great, somewhere in the middle i think",NEGATIVE,0.9925
346,PROD_921, &nbsp; This product is absolutely amazing! Loved every bit of it 😍 &nbsp; ,3,this product is absolutely amazing! loved every bit of it,POSITIVE,0.9999
347,PROD_391,"   Great quality, fast shipping. Will buy again!!   ",3,"great quality, fast shipping. will buy again!!",POSITIVE,0.9997
348,PROD_878,   <p>Excellent product</p> highly recommended to everyone   ,3,excellent product highly recommended to everyone,POSITIVE,0.9998
349,PROD_286,   5 stars!! best purchase i made this year   ,3,5 stars!! best purchase i made this year,POSITIVE,0.9995
350,PROD_154,Meets basic requirements but quality could be better,5,meets basic requirements but quality could be better,NEGATIVE,0.9616
351,PROD_647, &nbsp; Super fast delivery and product quality is top notch!! &nbsp; ,4,super fast delivery and product quality is top notch!!,POSITIVE,0.9998
352,PROD_590,"  
  I love this so much, exceeded my expectations completely  
  ",1,"i love this so much, exceeded my expectations completely",POSITIVE,0.9999
353,PROD_581,   Amazing value for money. Really impressed with the build quality   ,1,amazing value for money. really impressed with the build quality,POSITIVE,0.9999
354,PROD_172,Do not buy this!! total waste of time and money<p>,1,do not buy this!! total waste of time and money,NEGATIVE,0.9998
355,PROD_316,   Packaging was great and product works flawlessly   ,5,packaging was great and product works flawlessly,POSITIVE,0.9999
356,PROD_124,"Disappointed with the product, not as described at all</p>",3,"disappointed with the product, not as described at all",NEGATIVE,0.9998
357,PROD_328,"Okay product, will see how long it lasts",4,"okay product, will see how long it lasts",POSITIVE,0.8317
358,PROD_201,"Worst product i have ever bought, avoid at all costs</p>",2,"worst product i have ever bought, avoid at all costs",NEGATIVE,0.9998
359,PROD_143,   Love the design and it works exactly as described   ,3,love the design and it works exactly as described,POSITIVE,0.9999
360,PROD_116,Meets basic requirements but quality could be better,2,meets basic requirements but quality could be better,NEGATIVE,0.9616
361,PROD_914,Terrible product!! broke after 2 days of use 😡<p>,4,terrible product!! broke after 2 days of use,NEGATIVE,0.9997
362,PROD_438,<b>Worst purchase ever</b> do not buy this garbage  ,5,worst purchase ever do not buy this garbage,NEGATIVE,0.9995
363,PROD_473,"Very disappointed, product looks nothing like the pictures<p>",1,"very disappointed, product looks nothing like the pictures",NEGATIVE,0.9996
364,PROD_367,"Decent product, shipping was slow though",3,"decent product, shipping was slow though",NEGATIVE,0.988
365,PROD_976,"Not bad not great, somewhere in the middle i think",2,"not bad not great, somewhere in the middle i think",NEGATIVE,0.9925
366,PROD_115, &nbsp; Super fast delivery and product quality is top notch!! &nbsp; ,1,super fast delivery and product quality is top notch!!,POSITIVE,0.9998
367,PROD_185,"   I love this so much, exceeded my expectations completely   ",2,"i love this so much, exceeded my expectations completely",POSITIVE,0.9999
368,PROD_728,<br>Amazing value for money. Really impressed with the build quality<br>,1,amazing value for money. really impressed with the build quality,POSITIVE,0.9999
369,PROD_597,"  
  Best product in this price range hands down 👍👍  
  ",3,best product in this price range hands down,NEGATIVE,0.6948
370,PROD_693,Meets basic requirements but quality could be better,4,meets basic requirements but quality could be better,NEGATIVE,0.9616
371,PROD_501,"Product is okay, nothing special but does the job",3,"product is okay, nothing special but does the job",POSITIVE,0.9979
372,PROD_372,"Average quality for the price, expected a bit more",3,"average quality for the price, expected a bit more",NEGATIVE,0.9857
373,PROD_197,"Worst product i have ever bought, avoid at all costs<p>",3,"worst product i have ever bought, avoid at all costs",NEGATIVE,0.9998
374,PROD_282,Terrible!! arrived late and was completely broken  ,4,terrible!! arrived late and was completely broken,NEGATIVE,0.9997
375,PROD_596,"Not recommended at all, save your money for something better  ",4,"not recommended at all, save your money for something better",NEGATIVE,0.9997
376,PROD_496,Terrible product!! broke after 2 days of use 😡<p>,2,terrible product!! broke after 2 days of use,NEGATIVE,0.9997
377,PROD_525,<b>Worst purchase ever</b> do not buy this garbage<p>,4,worst purchase ever do not buy this garbage,NEGATIVE,0.9995
378,PROD_838,<br><p>Excellent product</p> highly recommended to everyone<br>,2,excellent product highly recommended to everyone,POSITIVE,0.9998
379,PROD_350,"Neither good nor bad, just an okay product overall",5,"neither good nor bad, just an okay product overall",NEGATIVE,0.9634
380,PROD_707,"Poor quality, feels very cheap. Not worth it at all  ",3,"poor quality, feels very cheap. not worth it at all",NEGATIVE,0.9998
381,PROD_128, &nbsp; Super fast delivery and product quality is top notch!! &nbsp; ,1,super fast delivery and product quality is top notch!!,POSITIVE,0.9998
382,PROD_847,"   I love this so much, exceeded my expectations completely   ",1,"i love this so much, exceeded my expectations completely",POSITIVE,0.9999
383,PROD_338,"Horrible experience, packaging was damaged and product broken  ",1,"horrible experience, packaging was damaged and product broken",NEGATIVE,0.9998
384,PROD_458,Do not buy this!! total waste of time and money<p>,4,do not buy this!! total waste of time and money,NEGATIVE,0.9998
385,PROD_788,"Very bad quality, plastic feels cheap will break easily</p>",3,"very bad quality, plastic feels cheap will break easily",NEGATIVE,0.9997
386,PROD_769,"  
  Really good product, will definitely recommend to friends  
  ",2,"really good product, will definitely recommend to friends",POSITIVE,0.9999
387,PROD_392," &nbsp; Outstanding quality, arrived on time and works perfectly &nbsp; ",1,"outstanding quality, arrived on time and works perfectly",POSITIVE,0.9999
388,PROD_684,"   Totally worth the price, very satisfied customer here   ",1,"totally worth the price, very satisfied customer here",POSITIVE,0.9998
389,PROD_239,"  
  Love the design and it works exactly as described  
  ",3,love the design and it works exactly as described,POSITIVE,0.9999
390,PROD_160,Meets basic requirements but quality could be better,5,meets basic requirements but quality could be better,NEGATIVE,0.9616
391,PROD_906, &nbsp; This product is absolutely amazing! Loved every bit of it 😍 &nbsp; ,3,this product is absolutely amazing! loved every bit of it,POSITIVE,0.9999
392,PROD_325,"Average quality for the price, expected a bit more",1,"average quality for the price, expected a bit more",NEGATIVE,0.9857
393,PROD_670,"Very disappointed, product looks nothing like the pictures  ",4,"very disappointed, product looks nothing like the pictures",NEGATIVE,0.9996
394,PROD_409,"Decent product, shipping was slow though",5,"decent product, shipping was slow though",NEGATIVE,0.988
395,PROD_465,"Not bad not great, somewhere in the middle i think",2,"not bad not great, somewhere in the middle i think",NEGATIVE,0.9925
396,PROD_317,   Super fast delivery and product quality is top notch!!   ,1,super fast delivery and product quality is top notch!!,POSITIVE,0.9998
397,PROD_987,"<br>I love this so much, exceeded my expectations completely<br>",5,"i love this so much, exceeded my expectations completely",POSITIVE,0.9999
398,PROD_826,<br>Amazing value for money. Really impressed with the build quality<br>,1,amazing value for money. really impressed with the build quality,POSITIVE,0.9999
399,PROD_989,Do not buy this!! total waste of time and money  ,1,do not buy this!! total waste of time and money,NEGATIVE,0.9998
400,PROD_518, &nbsp; Packaging was great and product works flawlessly &nbsp; ,2,packaging was great and product works flawlessly,POSITIVE,0.9999
401,PROD_315,"   Really good product, will definitely recommend to friends   ",3,"really good product, will definitely recommend to friends",POSITIVE,0.9999
402,PROD_880,"Average quality for the price, expected a bit more",5,"average quality for the price, expected a bit more",NEGATIVE,0.9857
403,PROD_679,"Worst product i have ever bought, avoid at all costs<p>",5,"worst product i have ever bought, avoid at all costs",NEGATIVE,0.9998
404,PROD_422,   Love the design and it works exactly as described   ,3,love the design and it works exactly as described,POSITIVE,0.9999
405,PROD_294,   10/10 would buy again. customer service was also helpful   ,1,10/10 would buy again. customer service was also helpful,POSITIVE,0.997
406,PROD_269,It works but nothing to write home about really,1,it works but nothing to write home about really,NEGATIVE,0.9941
407,PROD_360,"   Great quality, fast shipping. Will buy again!!   ",3,"great quality, fast shipping. will buy again!!",POSITIVE,0.9997
408,PROD_223,"  
  <p>Excellent product</p> highly recommended to everyone  
  ",3,excellent product highly recommended to everyone,POSITIVE,0.9998
409,PROD_553,Waste of money!! stopped working after one week</p>,5,waste of money!! stopped working after one week,NEGATIVE,0.9998
410,PROD_895,"   Works perfectly fine, very happy with this purchase &amp;   ",5,"works perfectly fine, very happy with this purchase",POSITIVE,0.9999
411,PROD_213,"Product is okay, nothing special but does the job",5,"product is okay, nothing special but does the job",POSITIVE,0.9979
412,PROD_214,"   I love this so much, exceeded my expectations completely   ",2,"i love this so much, exceeded my expectations completely",POSITIVE,0.9999
413,PROD_965,"Horrible experience, packaging was damaged and product broken  ",3,"horrible experience, packaging was damaged and product broken",NEGATIVE,0.9998
414,PROD_388,"Decent product, shipping was slow though",3,"decent product, shipping was slow though",NEGATIVE,0.988
415,PROD_191,"Not bad not great, somewhere in the middle i think",1,"not bad not great, somewhere in the middle i think",NEGATIVE,0.9925
416,PROD_780,"  
  Really good product, will definitely recommend to friends  
  ",5,"really good product, will definitely recommend to friends",POSITIVE,0.9999
417,PROD_444,"Okay product, will see how long it lasts",5,"okay product, will see how long it lasts",POSITIVE,0.8317
418,PROD_766,"Worst product i have ever bought, avoid at all costs&amp;",4,"worst product i have ever bought, avoid at all costs",NEGATIVE,0.9998
419,PROD_656,<br>Love the design and it works exactly as described<br>,2,love the design and it works exactly as described,POSITIVE,0.9999
420,PROD_634,<br>10/10 would buy again. customer service was also helpful<br>,2,10/10 would buy again. customer service was also helpful,POSITIVE,0.997
421,PROD_536,<br>This product is absolutely amazing! Loved every bit of it 😍<br>,2,this product is absolutely amazing! loved every bit of it,POSITIVE,0.9999
422,PROD_817,"Average quality for the price, expected a bit more",5,"average quality for the price, expected a bit more",NEGATIVE,0.9857
423,PROD_323,"Very disappointed, product looks nothing like the pictures&amp;",5,"very disappointed, product looks nothing like the pictures",NEGATIVE,0.9996
424,PROD_332,Waste of money!! stopped working after one week<p>,1,waste of money!! stopped working after one week,NEGATIVE,0.9998
425,PROD_799," &nbsp; Works perfectly fine, very happy with this purchase &amp; &nbsp; ",5,"works perfectly fine, very happy with this purchase",POSITIVE,0.9999
426,PROD_566,Arrived broken and customer support was useless 😤</p>,2,arrived broken and customer support was useless,NEGATIVE,0.9998
427,PROD_930," &nbsp; I love this so much, exceeded my expectations completely &nbsp; ",4,"i love this so much, exceeded my expectations completely",POSITIVE,0.9999
428,PROD_136,"Horrible experience, packaging was damaged and product broken</p>",5,"horrible experience, packaging was damaged and product broken",NEGATIVE,0.9998
429,PROD_963,Do not buy this!! total waste of time and money  ,4,do not buy this!! total waste of time and money,NEGATIVE,0.9998
430,PROD_291,<br>Packaging was great and product works flawlessly<br>,1,packaging was great and product works flawlessly,POSITIVE,0.9999
431,PROD_985,"Disappointed with the product, not as described at all<p>",1,"disappointed with the product, not as described at all",NEGATIVE,0.9998
432,PROD_309,"  
  Outstanding quality, arrived on time and works perfectly  
  ",2,"outstanding quality, arrived on time and works perfectly",POSITIVE,0.9999
433,PROD_786,"Its fine i guess, works as expected nothing more",5,"its fine i guess, works as expected nothing more",POSITIVE,0.9946
434,PROD_326,<br>Love the design and it works exactly as described<br>,4,love the design and it works exactly as described,POSITIVE,0.9999
435,PROD_128,"Not recommended at all, save your money for something better&amp;",3,"not recommended at all, save your money for something better",NEGATIVE,0.9997
436,PROD_978,It works but nothing to write home about really,3,it works but nothing to write home about really,NEGATIVE,0.9941
437,PROD_637,"<br>Great quality, fast shipping. Will buy again!!<br>",2,"great quality, fast shipping. will buy again!!",POSITIVE,0.9997
438,PROD_615,   <p>Excellent product</p> highly recommended to everyone   ,1,excellent product highly recommended to everyone,POSITIVE,0.9998
439,PROD_138,   5 stars!! best purchase i made this year   ,5,5 stars!! best purchase i made this year,POSITIVE,0.9995
440,PROD_899,"Poor quality, feels very cheap. Not worth it at all  ",2,"poor quality, feels very cheap. not worth it at all",NEGATIVE,0.9998
441,PROD_121,Arrived broken and customer support was useless 😤  ,3,arrived broken and customer support was useless,NEGATIVE,0.9998
442,PROD_481,"   I love this so much, exceeded my expectations completely   ",4,"i love this so much, exceeded my expectations completely",POSITIVE,0.9999
443,PROD_120,   Amazing value for money. Really impressed with the build quality   ,5,amazing value for money. really impressed with the build quality,POSITIVE,0.9999
444,PROD_758,Do not buy this!! total waste of time and money</p>,1,do not buy this!! total waste of time and money,NEGATIVE,0.9998
445,PROD_356,<br>Packaging was great and product works flawlessly<br>,2,packaging was great and product works flawlessly,POSITIVE,0.9999
446,PROD_626,It works but nothing to write home about really,2,it works but nothing to write home about really,NEGATIVE,0.9941
447,PROD_892,"  
  Outstanding quality, arrived on time and works perfectly  
  ",4,"outstanding quality, arrived on time and works perfectly",POSITIVE,0.9999
448,PROD_307,"Worst product i have ever bought, avoid at all costs  ",3,"worst product i have ever bought, avoid at all costs",NEGATIVE,0.9998
449,PROD_529,"Neither good nor bad, just an okay product overall",1,"neither good nor bad, just an okay product overall",NEGATIVE,0.9634
450,PROD_408,Meets basic requirements but quality could be better,3,meets basic requirements but quality could be better,NEGATIVE,0.9616
451,PROD_298,"Product is okay, nothing special but does the job",3,"product is okay, nothing special but does the job",POSITIVE,0.9979
452,PROD_792,<b>Worst purchase ever</b> do not buy this garbage  ,4,worst purchase ever do not buy this garbage,NEGATIVE,0.9995
453,PROD_657,"Its fine i guess, works as expected nothing more",1,"its fine i guess, works as expected nothing more",POSITIVE,0.9946
454,PROD_372,<br>5 stars!! best purchase i made this year<br>,4,5 stars!! best purchase i made this year,POSITIVE,0.9995
455,PROD_777,"   Works perfectly fine, very happy with this purchase &amp;   ",1,"works perfectly fine, very happy with this purchase",POSITIVE,0.9999
456,PROD_600, &nbsp; Super fast delivery and product quality is top notch!! &nbsp; ,5,super fast delivery and product quality is top notch!!,POSITIVE,0.9998
457,PROD_494,"Complete scam, returned it immediately. 0 stars  ",5,"complete scam, returned it immediately. 0 stars",NEGATIVE,0.796
458,PROD_373,   Amazing value for money. Really impressed with the build quality   ,2,amazing value for money. really impressed with the build quality,POSITIVE,0.9999
459,PROD_265,<br>Best product in this price range hands down 👍👍<br>,3,best product in this price range hands down,NEGATIVE,0.6948
460,PROD_201,"Very bad quality, plastic feels cheap will break easily<p>",1,"very bad quality, plastic feels cheap will break easily",NEGATIVE,0.9997
461,PROD_790," &nbsp; Really good product, will definitely recommend to friends &nbsp; ",1,"really good product, will definitely recommend to friends",POSITIVE,0.9999
462,PROD_145,"   Outstanding quality, arrived on time and works perfectly   ",4,"outstanding quality, arrived on time and works perfectly",POSITIVE,0.9999
463,PROD_341,"Worst product i have ever bought, avoid at all costs</p>",4,"worst product i have ever bought, avoid at all costs",NEGATIVE,0.9998
464,PROD_900,   Love the design and it works exactly as described   ,1,love the design and it works exactly as described,POSITIVE,0.9999
465,PROD_688,   10/10 would buy again. customer service was also helpful   ,4,10/10 would buy again. customer service was also helpful,POSITIVE,0.997
466,PROD_293,<br>This product is absolutely amazing! Loved every bit of it 😍<br>,2,this product is absolutely amazing! loved every bit of it,POSITIVE,0.9999
467,PROD_242,<b>Worst purchase ever</b> do not buy this garbage</p>,2,worst purchase ever do not buy this garbage,NEGATIVE,0.9995
468,PROD_404,"  
  <p>Excellent product</p> highly recommended to everyone  
  ",3,excellent product highly recommended to everyone,POSITIVE,0.9998
469,PROD_108,<br>5 stars!! best purchase i made this year<br>,1,5 stars!! best purchase i made this year,POSITIVE,0.9995
470,PROD_652,"  
  Works perfectly fine, very happy with this purchase &amp;  
  ",2,"works perfectly fine, very happy with this purchase",POSITIVE,0.9999
471,PROD_939,"Product is okay, nothing special but does the job",2,"product is okay, nothing special but does the job",POSITIVE,0.9979
472,PROD_417,"Complete scam, returned it immediately. 0 stars  ",3,"complete scam, returned it immediately. 0 stars",NEGATIVE,0.796
473,PROD_183,<br>Amazing value for money. Really impressed with the build quality<br>,4,amazing value for money. really impressed with the build quality,POSITIVE,0.9999
474,PROD_509,Do not buy this!! total waste of time and money</p>,3,do not buy this!! total waste of time and money,NEGATIVE,0.9998
475,PROD_973,"  
  Packaging was great and product works flawlessly  
  ",3,packaging was great and product works flawlessly,POSITIVE,0.9999
476,PROD_186,"Disappointed with the product, not as described at all  ",4,"disappointed with the product, not as described at all",NEGATIVE,0.9998
477,PROD_342,"   Outstanding quality, arrived on time and works perfectly   ",2,"outstanding quality, arrived on time and works perfectly",POSITIVE,0.9999
478,PROD_455," &nbsp; Totally worth the price, very satisfied customer here &nbsp; ",5,"totally worth the price, very satisfied customer here",POSITIVE,0.9998
479,PROD_408,<br>Love the design and it works exactly as described<br>,3,love the design and it works exactly as described,POSITIVE,0.9999
480,PROD_822, &nbsp; 10/10 would buy again. customer service was also helpful &nbsp; ,5,10/10 would buy again. customer service was also helpful,POSITIVE,0.997
481,PROD_972,"Product is okay, nothing special but does the job",3,"product is okay, nothing special but does the job",POSITIVE,0.9979
482,PROD_854,<b>Worst purchase ever</b> do not buy this garbage</p>,3,worst purchase ever do not buy this garbage,NEGATIVE,0.9995
483,PROD_306, &nbsp; <p>Excellent product</p> highly recommended to everyone &nbsp; ,1,excellent product highly recommended to everyone,POSITIVE,0.9998
484,PROD_916,"Decent product, shipping was slow though",5,"decent product, shipping was slow though",NEGATIVE,0.988
485,PROD_123,"Poor quality, feels very cheap. Not worth it at all<p>",4,"poor quality, feels very cheap. not worth it at all",NEGATIVE,0.9998
486,PROD_463,Arrived broken and customer support was useless 😤  ,4,arrived broken and customer support was useless,NEGATIVE,0.9998
487,PROD_788,"Complete scam, returned it immediately. 0 stars</p>",3,"complete scam, returned it immediately. 0 stars",NEGATIVE,0.796
488,PROD_349,"Horrible experience, packaging was damaged and product broken  ",5,"horrible experience, packaging was damaged and product broken",NEGATIVE,0.9998
489,PROD_677,"  
  Best product in this price range hands down 👍👍  
  ",2,best product in this price range hands down,NEGATIVE,0.6948
490,PROD_854,"Very bad quality, plastic feels cheap will break easily&amp;",3,"very bad quality, plastic feels cheap will break easily",NEGATIVE,0.9997
491,PROD_367,"   Really good product, will definitely recommend to friends   ",3,"really good product, will definitely recommend to friends",POSITIVE,0.9999
492,PROD_120,"Stopped working after 3 days, very poor build quality  ",1,"stopped working after 3 days, very poor build quality",NEGATIVE,0.9997
493,PROD_199,"  
  Totally worth the price, very satisfied customer here  
  ",2,"totally worth the price, very satisfied customer here",POSITIVE,0.9998
494,PROD_101, &nbsp; Love the design and it works exactly as described &nbsp; ,5,love the design and it works exactly as described,POSITIVE,0.9999
495,PROD_652,"Not bad not great, somewhere in the middle i think",4,"not bad not great, somewhere in the middle i think",NEGATIVE,0.9925
496,PROD_603, &nbsp; This product is absolutely amazing! Loved every bit of it 😍 &nbsp; ,1,this product is absolutely amazing! loved every bit of it,POSITIVE,0.9999
497,PROD_937,<b>Worst purchase ever</b> do not buy this garbage&amp;,1,worst purchase ever do not buy this garbage,NEGATIVE,0.9995
498,PROD_127,   <p>Excellent product</p> highly recommended to everyone   ,2,excellent product highly recommended to everyone,POSITIVE,0.9998
499,PROD_360,"Neither good nor bad, just an okay product overall",1,"neither good nor bad, just an okay product overall",NEGATIVE,0.9634
500,PROD_775,"Poor quality, feels very cheap. Not worth it at all  ",5,"poor quality, feels very cheap. not worth it at all",NEGATIVE,0.9998
501,PROD_494,<br>Super fast delivery and product quality is top notch!!<br>,2,super fast delivery and product quality is top notch!!,POSITIVE,0.9998
502,PROD_691," &nbsp; I love this so much, exceeded my expectations completely &nbsp; ",2,"i love this so much, exceeded my expectations completely",POSITIVE,0.9999
503,PROD_961,"  
  Amazing value for money. Really impressed with the build quality  
  ",1,amazing value for money. really impressed with the build quality,POSITIVE,0.9999
504,PROD_875,"  
  Best product in this price range hands down 👍👍  
  ",3,best product in this price range hands down,NEGATIVE,0.6948
505,PROD_412,"Not bad not great, somewhere in the middle i think",4,"not bad not great, somewhere in the middle i think",NEGATIVE,0.9925
506,PROD_786,"<br>Really good product, will definitely recommend to friends<br>",5,"really good product, will definitely recommend to friends",POSITIVE,0.9999
507,PROD_596,"Stopped working after 3 days, very poor build quality<p>",4,"stopped working after 3 days, very poor build quality",NEGATIVE,0.9997
508,PROD_818,"<br>Totally worth the price, very satisfied customer here<br>",4,"totally worth the price, very satisfied customer here",POSITIVE,0.9998
509,PROD_981,Terrible!! arrived late and was completely broken  ,2,terrible!! arrived late and was completely broken,NEGATIVE,0.9997
510,PROD_119,   10/10 would buy again. customer service was also helpful   ,2,10/10 would buy again. customer service was also helpful,POSITIVE,0.997
511,PROD_134,<br>This product is absolutely amazing! Loved every bit of it 😍<br>,5,this product is absolutely amazing! loved every bit of it,POSITIVE,0.9999
512,PROD_936,"Average quality for the price, expected a bit more",1,"average quality for the price, expected a bit more",NEGATIVE,0.9857
513,PROD_111,"Very disappointed, product looks nothing like the pictures</p>",2,"very disappointed, product looks nothing like the pictures",NEGATIVE,0.9996
514,PROD_315, &nbsp; 5 stars!! best purchase i made this year &nbsp; ,3,5 stars!! best purchase i made this year,POSITIVE,0.9995
515,PROD_316," &nbsp; Works perfectly fine, very happy with this purchase &amp; &nbsp; ",2,"works perfectly fine, very happy with this purchase",POSITIVE,0.9999
516,PROD_138,It works but nothing to write home about really,3,it works but nothing to write home about really,NEGATIVE,0.9941
517,PROD_393,"  
  I love this so much, exceeded my expectations completely  
  ",4,"i love this so much, exceeded my expectations completely",POSITIVE,0.9999
518,PROD_912, &nbsp; Amazing value for money. Really impressed with the build quality &nbsp; ,4,amazing value for money. really impressed with the build quality,POSITIVE,0.9999
519,PROD_991,Do not buy this!! total waste of time and money</p>,2,do not buy this!! total waste of time and money,NEGATIVE,0.9998
520,PROD_875,<br>Packaging was great and product works flawlessly<br>,5,packaging was great and product works flawlessly,POSITIVE,0.9999
521,PROD_594,"   Really good product, will definitely recommend to friends   ",2,"really good product, will definitely recommend to friends",POSITIVE,0.9999
522,PROD_317,"Stopped working after 3 days, very poor build quality&amp;",3,"stopped working after 3 days, very poor build quality",NEGATIVE,0.9997
523,PROD_244,"Worst product i have ever bought, avoid at all costs</p>",2,"worst product i have ever bought, avoid at all costs",NEGATIVE,0.9998
524,PROD_843,"Decent product, shipping was slow though",1,"decent product, shipping was slow though",NEGATIVE,0.988
525,PROD_444,"  
  10/10 would buy again. customer service was also helpful  
  ",4,10/10 would buy again. customer service was also helpful,POSITIVE,0.997
526,PROD_386,Terrible product!! broke after 2 days of use 😡&amp;,5,terrible product!! broke after 2 days of use,NEGATIVE,0.9997
527,PROD_701,<b>Worst purchase ever</b> do not buy this garbage<p>,4,worst purchase ever do not buy this garbage,NEGATIVE,0.9995
528,PROD_674,"  
  <p>Excellent product</p> highly recommended to everyone  
  ",1,excellent product highly recommended to everyone,POSITIVE,0.9998
529,PROD_188,"Neither good nor bad, just an okay product overall",5,"neither good nor bad, just an okay product overall",NEGATIVE,0.9634
530,PROD_258,"Poor quality, feels very cheap. Not worth it at all<p>",1,"poor quality, feels very cheap. not worth it at all",NEGATIVE,0.9998
531,PROD_480, &nbsp; Super fast delivery and product quality is top notch!! &nbsp; ,4,super fast delivery and product quality is top notch!!,POSITIVE,0.9998
532,PROD_581,"Complete scam, returned it immediately. 0 stars</p>",2,"complete scam, returned it immediately. 0 stars",NEGATIVE,0.796
533,PROD_378,"Its fine i guess, works as expected nothing more",3,"its fine i guess, works as expected nothing more",POSITIVE,0.9946
534,PROD_740,"Decent product, shipping was slow though",1,"decent product, shipping was slow though",NEGATIVE,0.988
535,PROD_175,   Packaging was great and product works flawlessly   ,2,packaging was great and product works flawlessly,POSITIVE,0.9999
536,PROD_927,"   Really good product, will definitely recommend to friends   ",5,"really good product, will definitely recommend to friends",POSITIVE,0.9999
537,PROD_835,"   Outstanding quality, arrived on time and works perfectly   ",1,"outstanding quality, arrived on time and works perfectly",POSITIVE,0.9999
538,PROD_366," &nbsp; Totally worth the price, very satisfied customer here &nbsp; ",3,"totally worth the price, very satisfied customer here",POSITIVE,0.9998
539,PROD_941, &nbsp; Love the design and it works exactly as described &nbsp; ,2,love the design and it works exactly as described,POSITIVE,0.9999
540,PROD_184,<br>10/10 would buy again. customer service was also helpful<br>,2,10/10 would buy again. customer service was also helpful,POSITIVE,0.997
541,PROD_549,"Product is okay, nothing special but does the job",4,"product is okay, nothing special but does the job",POSITIVE,0.9979
542,PROD_764," &nbsp; Great quality, fast shipping. Will buy again!! &nbsp; ",4,"great quality, fast shipping. will buy again!!",POSITIVE,0.9997
543,PROD_392,"  
  <p>Excellent product</p> highly recommended to everyone  
  ",4,excellent product highly recommended to everyone,POSITIVE,0.9998
544,PROD_442,<br>5 stars!! best purchase i made this year<br>,2,5 stars!! best purchase i made this year,POSITIVE,0.9995
545,PROD_120,"Poor quality, feels very cheap. Not worth it at all&amp;",3,"poor quality, feels very cheap. not worth it at all",NEGATIVE,0.9998
546,PROD_216,<br>Super fast delivery and product quality is top notch!!<br>,4,super fast delivery and product quality is top notch!!,POSITIVE,0.9998
547,PROD_903,"Okay product, will see how long it lasts",3,"okay product, will see how long it lasts",POSITIVE,0.8317
548,PROD_888,"  
  Amazing value for money. Really impressed with the build quality  
  ",5,amazing value for money. really impressed with the build quality,POSITIVE,0.9999
549,PROD_433, &nbsp; Best product in this price range hands down 👍👍 &nbsp; ,5,best product in this price range hands down,NEGATIVE,0.6948
550,PROD_663,"Very bad quality, plastic feels cheap will break easily<p>",3,"very bad quality, plastic feels cheap will break easily",NEGATIVE,0.9997
551,PROD_255,"Product is okay, nothing special but does the job",3,"product is okay, nothing special but does the job",POSITIVE,0.9979
552,PROD_519,"Stopped working after 3 days, very poor build quality</p>",2,"stopped working after 3 days, very poor build quality",NEGATIVE,0.9997
553,PROD_743,"   Totally worth the price, very satisfied customer here   ",2,"totally worth the price, very satisfied customer here",POSITIVE,0.9998
554,PROD_362,<br>Love the design and it works exactly as described<br>,4,love the design and it works exactly as described,POSITIVE,0.9999
555,PROD_258,   10/10 would buy again. customer service was also helpful   ,1,10/10 would buy again. customer service was also helpful,POSITIVE,0.997
556,PROD_135,Terrible product!! broke after 2 days of use 😡</p>,4,terrible product!! broke after 2 days of use,NEGATIVE,0.9997
557,PROD_921,"<br>Great quality, fast shipping. Will buy again!!<br>",1,"great quality, fast shipping. will buy again!!",POSITIVE,0.9997
558,PROD_461,   <p>Excellent product</p> highly recommended to everyone   ,3,excellent product highly recommended to everyone,POSITIVE,0.9998
559,PROD_217, &nbsp; 5 stars!! best purchase i made this year &nbsp; ,5,5 stars!! best purchase i made this year,POSITIVE,0.9995
560,PROD_125,Meets basic requirements but quality could be better,1,meets basic requirements but quality could be better,NEGATIVE,0.9616
561,PROD_477,Arrived broken and customer support was useless 😤  ,1,arrived broken and customer support was useless,NEGATIVE,0.9998
562,PROD_683,"Average quality for the price, expected a bit more",1,"average quality for the price, expected a bit more",NEGATIVE,0.9857
563,PROD_679,   Amazing value for money. Really impressed with the build quality   ,2,amazing value for money. really impressed with the build quality,POSITIVE,0.9999
564,PROD_159,Do not buy this!! total waste of time and money  ,2,do not buy this!! total waste of time and money,NEGATIVE,0.9998
565,PROD_775,"Not bad not great, somewhere in the middle i think",2,"not bad not great, somewhere in the middle i think",NEGATIVE,0.9925
566,PROD_680," &nbsp; Really good product, will definitely recommend to friends &nbsp; ",1,"really good product, will definitely recommend to friends",POSITIVE,0.9999
567,PROD_772,"Stopped working after 3 days, very poor build quality</p>",5,"stopped working after 3 days, very poor build quality",NEGATIVE,0.9997
568,PROD_904,"  
  Totally worth the price, very satisfied customer here  
  ",3,"totally worth the price, very satisfied customer here",POSITIVE,0.9998
569,PROD_622,Terrible!! arrived late and was completely broken  ,2,terrible!! arrived late and was completely broken,NEGATIVE,0.9997
570,PROD_608,   10/10 would buy again. customer service was also helpful   ,1,10/10 would buy again. customer service was also helpful,POSITIVE,0.997
571,PROD_419, &nbsp; This product is absolutely amazing! Loved every bit of it 😍 &nbsp; ,3,this product is absolutely amazing! loved every bit of it,POSITIVE,0.9999
572,PROD_934,<b>Worst purchase ever</b> do not buy this garbage</p>,2,worst purchase ever do not buy this garbage,NEGATIVE,0.9995
573,PROD_852,<br><p>Excellent product</p> highly recommended to everyone<br>,3,excellent product highly recommended to everyone,POSITIVE,0.9998
574,PROD_799,"Decent product, shipping was slow though",3,"decent product, shipping was slow though",NEGATIVE,0.988
575,PROD_653,"Poor quality, feels very cheap. Not worth it at all</p>",5,"poor quality, feels very cheap. not worth it at all",NEGATIVE,0.9998
576,PROD_840,"  
  Super fast delivery and product quality is top notch!!  
  ",1,super fast delivery and product quality is top notch!!,POSITIVE,0.9998
577,PROD_747,"Complete scam, returned it immediately. 0 stars<p>",1,"complete scam, returned it immediately. 0 stars",NEGATIVE,0.796
578,PROD_807,   Amazing value for money. Really impressed with the build quality   ,5,amazing value for money. really impressed with the build quality,POSITIVE,0.9999
579,PROD_616,Do not buy this!! total waste of time and money</p>,4,do not buy this!! total waste of time and money,NEGATIVE,0.9998
580,PROD_875,   Packaging was great and product works flawlessly   ,2,packaging was great and product works flawlessly,POSITIVE,0.9999
581,PROD_480,"Disappointed with the product, not as described at all  ",2,"disappointed with the product, not as described at all",NEGATIVE,0.9998
582,PROD_229," &nbsp; Outstanding quality, arrived on time and works perfectly &nbsp; ",4,"outstanding quality, arrived on time and works perfectly",POSITIVE,0.9999
583,PROD_902,"Worst product i have ever bought, avoid at all costs<p>",2,"worst product i have ever bought, avoid at all costs",NEGATIVE,0.9998
584,PROD_363,"  
  Love the design and it works exactly as described  
  ",4,love the design and it works exactly as described,POSITIVE,0.9999
585,PROD_944,   10/10 would buy again. customer service was also helpful   ,5,10/10 would buy again. customer service was also helpful,POSITIVE,0.997
586,PROD_410,Terrible product!! broke after 2 days of use 😡<p>,2,terrible product!! broke after 2 days of use,NEGATIVE,0.9997
587,PROD_154,"   Great quality, fast shipping. Will buy again!!   ",4,"great quality, fast shipping. will buy again!!",POSITIVE,0.9997
588,PROD_747,"  
  <p>Excellent product</p> highly recommended to everyone  
  ",4,excellent product highly recommended to everyone,POSITIVE,0.9998
589,PROD_336, &nbsp; 5 stars!! best purchase i made this year &nbsp; ,4,5 stars!! best purchase i made this year,POSITIVE,0.9995
590,PROD_729,Meets basic requirements but quality could be better,5,meets basic requirements but quality could be better,NEGATIVE,0.9616
591,PROD_463,Arrived broken and customer support was useless 😤  ,1,arrived broken and customer support was useless,NEGATIVE,0.9998
592,PROD_248,"Average quality for the price, expected a bit more",4,"average quality for the price, expected a bit more",NEGATIVE,0.9857
593,PROD_555,"Horrible experience, packaging was damaged and product broken</p>",1,"horrible experience, packaging was damaged and product broken",NEGATIVE,0.9998
594,PROD_649,Do not buy this!! total waste of time and money  ,4,do not buy this!! total waste of time and money,NEGATIVE,0.9998
595,PROD_903,"Very bad quality, plastic feels cheap will break easily</p>",1,"very bad quality, plastic feels cheap will break easily",NEGATIVE,0.9997
596,PROD_677,"   Really good product, will definitely recommend to friends   ",1,"really good product, will definitely recommend to friends",POSITIVE,0.9999
597,PROD_860,"<br>Outstanding quality, arrived on time and works perfectly<br>",1,"outstanding quality, arrived on time and works perfectly",POSITIVE,0.9999
598,PROD_279,"Worst product i have ever bought, avoid at all costs&amp;",2,"worst product i have ever bought, avoid at all costs",NEGATIVE,0.9998
599,PROD_361,Terrible!! arrived late and was completely broken&amp;,3,terrible!! arrived late and was completely broken,NEGATIVE,0.9997
600,PROD_441,"Not recommended at all, save your money for something better&amp;",4,"not recommended at all, save your money for something better",NEGATIVE,0.9997
601,PROD_589,"Product is okay, nothing special but does the job",4,"product is okay, nothing special but does the job",POSITIVE,0.9979
602,PROD_141,"Average quality for the price, expected a bit more",2,"average quality for the price, expected a bit more",NEGATIVE,0.9857
603,PROD_315,"Very disappointed, product looks nothing like the pictures</p>",2,"very disappointed, product looks nothing like the pictures",NEGATIVE,0.9996
604,PROD_233,"Decent product, shipping was slow though",3,"decent product, shipping was slow though",NEGATIVE,0.988
605,PROD_625,"Poor quality, feels very cheap. Not worth it at all  ",1,"poor quality, feels very cheap. not worth it at all",NEGATIVE,0.9998
606,PROD_677,<br>Super fast delivery and product quality is top notch!!<br>,3,super fast delivery and product quality is top notch!!,POSITIVE,0.9998
607,PROD_305,"Complete scam, returned it immediately. 0 stars</p>",4,"complete scam, returned it immediately. 0 stars",NEGATIVE,0.796
608,PROD_636,"Horrible experience, packaging was damaged and product broken</p>",2,"horrible experience, packaging was damaged and product broken",NEGATIVE,0.9998
609,PROD_388, &nbsp; Best product in this price range hands down 👍👍 &nbsp; ,4,best product in this price range hands down,NEGATIVE,0.6948
610,PROD_209,"Very bad quality, plastic feels cheap will break easily<p>",5,"very bad quality, plastic feels cheap will break easily",NEGATIVE,0.9997
611,PROD_124,"<br>Really good product, will definitely recommend to friends<br>",5,"really good product, will definitely recommend to friends",POSITIVE,0.9999
612,PROD_636,"  
  Outstanding quality, arrived on time and works perfectly  
  ",4,"outstanding quality, arrived on time and works perfectly",POSITIVE,0.9999
613,PROD_899,"  
  Totally worth the price, very satisfied customer here  
  ",4,"totally worth the price, very satisfied customer here",POSITIVE,0.9998
614,PROD_631, &nbsp; Love the design and it works exactly as described &nbsp; ,2,love the design and it works exactly as described,POSITIVE,0.9999
615,PROD_489,<br>10/10 would buy again. customer service was also helpful<br>,5,10/10 would buy again. customer service was also helpful,POSITIVE,0.997
616,PROD_159, &nbsp; This product is absolutely amazing! Loved every bit of it 😍 &nbsp; ,3,this product is absolutely amazing! loved every bit of it,POSITIVE,0.9999
617,PROD_566,"   Great quality, fast shipping. Will buy again!!   ",2,"great quality, fast shipping. will buy again!!",POSITIVE,0.9997
618,PROD_481, &nbsp; <p>Excellent product</p> highly recommended to everyone &nbsp; ,3,excellent product highly recommended to everyone,POSITIVE,0.9998
619,PROD_155,Waste of money!! stopped working after one week&amp;,1,waste of money!! stopped working after one week,NEGATIVE,0.9998
620,PROD_198,"   Works perfectly fine, very happy with this purchase &amp;   ",5,"works perfectly fine, very happy with this purchase",POSITIVE,0.9999
621,PROD_593, &nbsp; Super fast delivery and product quality is top notch!! &nbsp; ,3,super fast delivery and product quality is top notch!!,POSITIVE,0.9998
622,PROD_863,"  
  I love this so much, exceeded my expectations completely  
  ",1,"i love this so much, exceeded my expectations completely",POSITIVE,0.9999
623,PROD_651,"Horrible experience, packaging was damaged and product broken&amp;",1,"horrible experience, packaging was damaged and product broken",NEGATIVE,0.9998
624,PROD_919,"  
  Best product in this price range hands down 👍👍  
  ",5,best product in this price range hands down,NEGATIVE,0.6948
625,PROD_521,"Very bad quality, plastic feels cheap will break easily  ",2,"very bad quality, plastic feels cheap will break easily",NEGATIVE,0.9997
626,PROD_802,"  
  Really good product, will definitely recommend to friends  
  ",5,"really good product, will definitely recommend to friends",POSITIVE,0.9999
627,PROD_191,"<br>Outstanding quality, arrived on time and works perfectly<br>",5,"outstanding quality, arrived on time and works perfectly",POSITIVE,0.9999
628,PROD_609,"   Totally worth the price, very satisfied customer here   ",2,"totally worth the price, very satisfied customer here",POSITIVE,0.9998
629,PROD_345,   Love the design and it works exactly as described   ,5,love the design and it works exactly as described,POSITIVE,0.9999
630,PROD_987,"Not recommended at all, save your money for something better</p>",5,"not recommended at all, save your money for something better",NEGATIVE,0.9997
631,PROD_341,   This product is absolutely amazing! Loved every bit of it 😍   ,5,this product is absolutely amazing! loved every bit of it,POSITIVE,0.9999
632,PROD_437,"Average quality for the price, expected a bit more",5,"average quality for the price, expected a bit more",NEGATIVE,0.9857
633,PROD_263,"Its fine i guess, works as expected nothing more",1,"its fine i guess, works as expected nothing more",POSITIVE,0.9946
634,PROD_494,"  
  5 stars!! best purchase i made this year  
  ",5,5 stars!! best purchase i made this year,POSITIVE,0.9995
635,PROD_282,"Not bad not great, somewhere in the middle i think",5,"not bad not great, somewhere in the middle i think",NEGATIVE,0.9925
636,PROD_645,"  
  Super fast delivery and product quality is top notch!!  
  ",4,super fast delivery and product quality is top notch!!,POSITIVE,0.9998
637,PROD_843," &nbsp; I love this so much, exceeded my expectations completely &nbsp; ",3,"i love this so much, exceeded my expectations completely",POSITIVE,0.9999
638,PROD_521,"  
  Amazing value for money. Really impressed with the build quality  
  ",2,amazing value for money. really impressed with the build quality,POSITIVE,0.9999
639,PROD_724,Do not buy this!! total waste of time and money<p>,1,do not buy this!! total waste of time and money,NEGATIVE,0.9998
640,PROD_492,"  
  Packaging was great and product works flawlessly  
  ",1,packaging was great and product works flawlessly,POSITIVE,0.9999
641,PROD_659,"Disappointed with the product, not as described at all  ",5,"disappointed with the product, not as described at all",NEGATIVE,0.9998
642,PROD_925," &nbsp; Outstanding quality, arrived on time and works perfectly &nbsp; ",4,"outstanding quality, arrived on time and works perfectly",POSITIVE,0.9999
643,PROD_814,"Worst product i have ever bought, avoid at all costs  ",2,"worst product i have ever bought, avoid at all costs",NEGATIVE,0.9998
644,PROD_299, &nbsp; Love the design and it works exactly as described &nbsp; ,1,love the design and it works exactly as described,POSITIVE,0.9999
645,PROD_954,"Not recommended at all, save your money for something better  ",5,"not recommended at all, save your money for something better",NEGATIVE,0.9997
646,PROD_548,"  
  This product is absolutely amazing! Loved every bit of it 😍  
  ",5,this product is absolutely amazing! loved every bit of it,POSITIVE,0.9999
647,PROD_604,"  
  Great quality, fast shipping. Will buy again!!  
  ",3,"great quality, fast shipping. will buy again!!",POSITIVE,0.9997
648,PROD_507,"Very disappointed, product looks nothing like the pictures&amp;",3,"very disappointed, product looks nothing like the pictures",NEGATIVE,0.9996
649,PROD_247,   5 stars!! best purchase i made this year   ,5,5 stars!! best purchase i made this year,POSITIVE,0.9995
650,PROD_465,"<br>Works perfectly fine, very happy with this purchase &amp;<br>",4,"works perfectly fine, very happy with this purchase",POSITIVE,0.9999
651,PROD_310,<br>Super fast delivery and product quality is top notch!!<br>,3,super fast delivery and product quality is top notch!!,POSITIVE,0.9998
652,PROD_541,"<br>I love this so much, exceeded my expectations completely<br>",5,"i love this so much, exceeded my expectations completely",POSITIVE,0.9999
653,PROD_451,"Horrible experience, packaging was damaged and product broken</p>",2,"horrible experience, packaging was damaged and product broken",NEGATIVE,0.9998
654,PROD_467,"  
  Best product in this price range hands down 👍👍  
  ",4,best product in this price range hands down,NEGATIVE,0.6948
655,PROD_747,"Not bad not great, somewhere in the middle i think",1,"not bad not great, somewhere in the middle i think",NEGATIVE,0.9925
656,PROD_562,It works but nothing to write home about really,2,it works but nothing to write home about really,NEGATIVE,0.9941
657,PROD_481,"  
  Outstanding quality, arrived on time and works perfectly  
  ",4,"outstanding quality, arrived on time and works perfectly",POSITIVE,0.9999
658,PROD_316,"Worst product i have ever bought, avoid at all costs<p>",2,"worst product i have ever bought, avoid at all costs",NEGATIVE,0.9998
659,PROD_469,<br>Love the design and it works exactly as described<br>,2,love the design and it works exactly as described,POSITIVE,0.9999
660,PROD_958,"Not recommended at all, save your money for something better  ",2,"not recommended at all, save your money for something better",NEGATIVE,0.9997
661,PROD_259,Terrible product!! broke after 2 days of use 😡<p>,4,terrible product!! broke after 2 days of use,NEGATIVE,0.9997
662,PROD_882," &nbsp; Great quality, fast shipping. Will buy again!! &nbsp; ",1,"great quality, fast shipping. will buy again!!",POSITIVE,0.9997
663,PROD_282,"Its fine i guess, works as expected nothing more",1,"its fine i guess, works as expected nothing more",POSITIVE,0.9946
664,PROD_945,<br>5 stars!! best purchase i made this year<br>,4,5 stars!! best purchase i made this year,POSITIVE,0.9995
665,PROD_889," &nbsp; Works perfectly fine, very happy with this purchase &amp; &nbsp; ",4,"works perfectly fine, very happy with this purchase",POSITIVE,0.9999
666,PROD_271,   Super fast delivery and product quality is top notch!!   ,3,super fast delivery and product quality is top notch!!,POSITIVE,0.9998
667,PROD_987,"Okay product, will see how long it lasts",5,"okay product, will see how long it lasts",POSITIVE,0.8317
668,PROD_321,"  
  Amazing value for money. Really impressed with the build quality  
  ",1,amazing value for money. really impressed with the build quality,POSITIVE,0.9999
669,PROD_629,<br>Best product in this price range hands down 👍👍<br>,5,best product in this price range hands down,NEGATIVE,0.6948
670,PROD_737,"Very bad quality, plastic feels cheap will break easily<p>",4,"very bad quality, plastic feels cheap will break easily",NEGATIVE,0.9997
671,PROD_697,"  
  Really good product, will definitely recommend to friends  
  ",3,"really good product, will definitely recommend to friends",POSITIVE,0.9999
672,PROD_896,"  
  Outstanding quality, arrived on time and works perfectly  
  ",5,"outstanding quality, arrived on time and works perfectly",POSITIVE,0.9999
673,PROD_312,"   Totally worth the price, very satisfied customer here   ",4,"totally worth the price, very satisfied customer here",POSITIVE,0.9998
674,PROD_706,"Decent product, shipping was slow though",3,"decent product, shipping was slow though",NEGATIVE,0.988
675,PROD_560,"  
  10/10 would buy again. customer service was also helpful  
  ",3,10/10 would buy again. customer service was also helpful,POSITIVE,0.997
676,PROD_795,Terrible product!! broke after 2 days of use 😡<p>,3,terrible product!! broke after 2 days of use,NEGATIVE,0.9997
677,PROD_122,"<br>Great quality, fast shipping. Will buy again!!<br>",5,"great quality, fast shipping. will buy again!!",POSITIVE,0.9997
678,PROD_466,"  
  <p>Excellent product</p> highly recommended to everyone  
  ",1,excellent product highly recommended to everyone,POSITIVE,0.9998
679,PROD_235,Waste of money!! stopped working after one week&amp;,2,waste of money!! stopped working after one week,NEGATIVE,0.9998
680,PROD_228,"Poor quality, feels very cheap. Not worth it at all  ",4,"poor quality, feels very cheap. not worth it at all",NEGATIVE,0.9998
681,PROD_203,Arrived broken and customer support was useless 😤<p>,3,arrived broken and customer support was useless,NEGATIVE,0.9998
682,PROD_965," &nbsp; I love this so much, exceeded my expectations completely &nbsp; ",3,"i love this so much, exceeded my expectations completely",POSITIVE,0.9999
683,PROD_995,   Amazing value for money. Really impressed with the build quality   ,3,amazing value for money. really impressed with the build quality,POSITIVE,0.9999
684,PROD_211,   Best product in this price range hands down 👍👍   ,5,best product in this price range hands down,NEGATIVE,0.6948
685,PROD_697,"Very bad quality, plastic feels cheap will break easily  ",2,"very bad quality, plastic feels cheap will break easily",NEGATIVE,0.9997
686,PROD_111,"Disappointed with the product, not as described at all</p>",1,"disappointed with the product, not as described at all",NEGATIVE,0.9998
687,PROD_517,"   Outstanding quality, arrived on time and works perfectly   ",5,"outstanding quality, arrived on time and works perfectly",POSITIVE,0.9999
688,PROD_854,"<br>Totally worth the price, very satisfied customer here<br>",3,"totally worth the price, very satisfied customer here",POSITIVE,0.9998
689,PROD_231,"Neither good nor bad, just an okay product overall",5,"neither good nor bad, just an okay product overall",NEGATIVE,0.9634
690,PROD_635,"Not recommended at all, save your money for something better</p>",3,"not recommended at all, save your money for something better",NEGATIVE,0.9997
691,PROD_568, &nbsp; This product is absolutely amazing! Loved every bit of it 😍 &nbsp; ,5,this product is absolutely amazing! loved every bit of it,POSITIVE,0.9999
692,PROD_871," &nbsp; Great quality, fast shipping. Will buy again!! &nbsp; ",4,"great quality, fast shipping. will buy again!!",POSITIVE,0.9997
693,PROD_372,"Very disappointed, product looks nothing like the pictures  ",4,"very disappointed, product looks nothing like the pictures",NEGATIVE,0.9996
694,PROD_827,Waste of money!! stopped working after one week&amp;,5,waste of money!! stopped working after one week,NEGATIVE,0.9998
695,PROD_599,"Poor quality, feels very cheap. Not worth it at all&amp;",4,"poor quality, feels very cheap. not worth it at all",NEGATIVE,0.9998
696,PROD_261,"  
  Super fast delivery and product quality is top notch!!  
  ",2,super fast delivery and product quality is top notch!!,POSITIVE,0.9998
697,PROD_159,"Complete scam, returned it immediately. 0 stars  ",3,"complete scam, returned it immediately. 0 stars",NEGATIVE,0.796
698,PROD_310, &nbsp; Amazing value for money. Really impressed with the build quality &nbsp; ,5,amazing value for money. really impressed with the build quality,POSITIVE,0.9999
699,PROD_216,Do not buy this!! total waste of time and money</p>,4,do not buy this!! total waste of time and money,NEGATIVE,0.9998
700,PROD_784,"Very bad quality, plastic feels cheap will break easily  ",4,"very bad quality, plastic feels cheap will break easily",NEGATIVE,0.9997
701,PROD_282,"   Really good product, will definitely recommend to friends   ",1,"really good product, will definitely recommend to friends",POSITIVE,0.9999
702,PROD_212,"  
  Outstanding quality, arrived on time and works perfectly  
  ",3,"outstanding quality, arrived on time and works perfectly",POSITIVE,0.9999
703,PROD_402,"Its fine i guess, works as expected nothing more",3,"its fine i guess, works as expected nothing more",POSITIVE,0.9946
704,PROD_912,Terrible!! arrived late and was completely broken</p>,1,terrible!! arrived late and was completely broken,NEGATIVE,0.9997
705,PROD_759,"  
  10/10 would buy again. customer service was also helpful  
  ",3,10/10 would buy again. customer service was also helpful,POSITIVE,0.997
706,PROD_177,Terrible product!! broke after 2 days of use 😡&amp;,4,terrible product!! broke after 2 days of use,NEGATIVE,0.9997
707,PROD_701,"   Great quality, fast shipping. Will buy again!!   ",5,"great quality, fast shipping. will buy again!!",POSITIVE,0.9997
708,PROD_237,   <p>Excellent product</p> highly recommended to everyone   ,2,excellent product highly recommended to everyone,POSITIVE,0.9998
709,PROD_724,<br>5 stars!! best purchase i made this year<br>,5,5 stars!! best purchase i made this year,POSITIVE,0.9995
710,PROD_976,"Poor quality, feels very cheap. Not worth it at all&amp;",3,"poor quality, feels very cheap. not worth it at all",NEGATIVE,0.9998
711,PROD_525,"Product is okay, nothing special but does the job",3,"product is okay, nothing special but does the job",POSITIVE,0.9979
712,PROD_680,"<br>I love this so much, exceeded my expectations completely<br>",5,"i love this so much, exceeded my expectations completely",POSITIVE,0.9999
713,PROD_148,"  
  Amazing value for money. Really impressed with the build quality  
  ",5,amazing value for money. really impressed with the build quality,POSITIVE,0.9999
714,PROD_455,   Best product in this price range hands down 👍👍   ,2,best product in this price range hands down,NEGATIVE,0.6948
715,PROD_394,<br>Packaging was great and product works flawlessly<br>,2,packaging was great and product works flawlessly,POSITIVE,0.9999
716,PROD_891,It works but nothing to write home about really,1,it works but nothing to write home about really,NEGATIVE,0.9941
717,PROD_281,"   Outstanding quality, arrived on time and works perfectly   ",4,"outstanding quality, arrived on time and works perfectly",POSITIVE,0.9999
718,PROD_642,"   Totally worth the price, very satisfied customer here   ",4,"totally worth the price, very satisfied customer here",POSITIVE,0.9998
719,PROD_824,Terrible!! arrived late and was completely broken  ,4,terrible!! arrived late and was completely broken,NEGATIVE,0.9997
720,PROD_319, &nbsp; 10/10 would buy again. customer service was also helpful &nbsp; ,3,10/10 would buy again. customer service was also helpful,POSITIVE,0.997
721,PROD_731, &nbsp; This product is absolutely amazing! Loved every bit of it 😍 &nbsp; ,2,this product is absolutely amazing! loved every bit of it,POSITIVE,0.9999
722,PROD_717," &nbsp; Great quality, fast shipping. Will buy again!! &nbsp; ",1,"great quality, fast shipping. will buy again!!",POSITIVE,0.9997
723,PROD_940,"Very disappointed, product looks nothing like the pictures  ",5,"very disappointed, product looks nothing like the pictures",NEGATIVE,0.9996
724,PROD_718,"Decent product, shipping was slow though",4,"decent product, shipping was slow though",NEGATIVE,0.988
725,PROD_540,"Poor quality, feels very cheap. Not worth it at all&amp;",5,"poor quality, feels very cheap. not worth it at all",NEGATIVE,0.9998
726,PROD_618,Arrived broken and customer support was useless 😤<p>,2,arrived broken and customer support was useless,NEGATIVE,0.9998
727,PROD_247,"Complete scam, returned it immediately. 0 stars&amp;",5,"complete scam, returned it immediately. 0 stars",NEGATIVE,0.796
728,PROD_987,"  
  Amazing value for money. Really impressed with the build quality  
  ",1,amazing value for money. really impressed with the build quality,POSITIVE,0.9999
729,PROD_181,   Best product in this price range hands down 👍👍   ,5,best product in this price range hands down,NEGATIVE,0.6948
730,PROD_404,"Very bad quality, plastic feels cheap will break easily</p>",3,"very bad quality, plastic feels cheap will break easily",NEGATIVE,0.9997
731,PROD_483,"   Really good product, will definitely recommend to friends   ",4,"really good product, will definitely recommend to friends",POSITIVE,0.9999
732,PROD_260,"   Outstanding quality, arrived on time and works perfectly   ",2,"outstanding quality, arrived on time and works perfectly",POSITIVE,0.9999
733,PROD_589,"Worst product i have ever bought, avoid at all costs&amp;",1,"worst product i have ever bought, avoid at all costs",NEGATIVE,0.9998
734,PROD_388,"Decent product, shipping was slow though",1,"decent product, shipping was slow though",NEGATIVE,0.988
735,PROD_672,"Not bad not great, somewhere in the middle i think",2,"not bad not great, somewhere in the middle i think",NEGATIVE,0.9925
736,PROD_780,<br>This product is absolutely amazing! Loved every bit of it 😍<br>,1,this product is absolutely amazing! loved every bit of it,POSITIVE,0.9999
737,PROD_593,<b>Worst purchase ever</b> do not buy this garbage</p>,2,worst purchase ever do not buy this garbage,NEGATIVE,0.9995
738,PROD_616,   <p>Excellent product</p> highly recommended to everyone   ,2,excellent product highly recommended to everyone,POSITIVE,0.9998
739,PROD_165,Waste of money!! stopped working after one week<p>,2,waste of money!! stopped working after one week,NEGATIVE,0.9998
740,PROD_534,"  
  Works perfectly fine, very happy with this purchase &amp;  
  ",5,"works perfectly fine, very happy with this purchase",POSITIVE,0.9999
741,PROD_443,Arrived broken and customer support was useless 😤  ,4,arrived broken and customer support was useless,NEGATIVE,0.9998
742,PROD_803,"<br>I love this so much, exceeded my expectations completely<br>",3,"i love this so much, exceeded my expectations completely",POSITIVE,0.9999
743,PROD_131,"Horrible experience, packaging was damaged and product broken  ",5,"horrible experience, packaging was damaged and product broken",NEGATIVE,0.9998
744,PROD_167,<br>Best product in this price range hands down 👍👍<br>,4,best product in this price range hands down,NEGATIVE,0.6948
745,PROD_843,"Very bad quality, plastic feels cheap will break easily  ",5,"very bad quality, plastic feels cheap will break easily",NEGATIVE,0.9997
746,PROD_703,"Disappointed with the product, not as described at all  ",3,"disappointed with the product, not as described at all",NEGATIVE,0.9998
747,PROD_779,"Okay product, will see how long it lasts",2,"okay product, will see how long it lasts",POSITIVE,0.8317
748,PROD_546,"Worst product i have ever bought, avoid at all costs<p>",2,"worst product i have ever bought, avoid at all costs",NEGATIVE,0.9998
749,PROD_998, &nbsp; Love the design and it works exactly as described &nbsp; ,4,love the design and it works exactly as described,POSITIVE,0.9999
750,PROD_326,"Not recommended at all, save your money for something better  ",4,"not recommended at all, save your money for something better",NEGATIVE,0.9997
751,PROD_277,<br>This product is absolutely amazing! Loved every bit of it 😍<br>,3,this product is absolutely amazing! loved every bit of it,POSITIVE,0.9999
752,PROD_878,<b>Worst purchase ever</b> do not buy this garbage&amp;,4,worst purchase ever do not buy this garbage,NEGATIVE,0.9995
753,PROD_607,"Very disappointed, product looks nothing like the pictures  ",4,"very disappointed, product looks nothing like the pictures",NEGATIVE,0.9996
754,PROD_696,Waste of money!! stopped working after one week<p>,1,waste of money!! stopped working after one week,NEGATIVE,0.9998
755,PROD_337,"  
  Works perfectly fine, very happy with this purchase &amp;  
  ",2,"works perfectly fine, very happy with this purchase",POSITIVE,0.9999
756,PROD_553,"  
  Super fast delivery and product quality is top notch!!  
  ",4,super fast delivery and product quality is top notch!!,POSITIVE,0.9998
757,PROD_486,"  
  I love this so much, exceeded my expectations completely  
  ",5,"i love this so much, exceeded my expectations completely",POSITIVE,0.9999
758,PROD_725,"Pretty average, does what it says in the description",3,"pretty average, does what it says in the description",NEGATIVE,0.9126
759,PROD_319,"Neither good nor bad, just an okay product overall",1,"neither good nor bad, just an okay product overall",NEGATIVE,0.9634
760,PROD_712,"  
  Packaging was great and product works flawlessly  
  ",4,packaging was great and product works flawlessly,POSITIVE,0.9999
761,PROD_712,"Product is okay, nothing special but does the job",4,"product is okay, nothing special but does the job",POSITIVE,0.9979
762,PROD_857,"Stopped working after 3 days, very poor build quality</p>",3,"stopped working after 3 days, very poor build quality",NEGATIVE,0.9997
763,PROD_623,"Its fine i guess, works as expected nothing more",3,"its fine i guess, works as expected nothing more",POSITIVE,0.9946
764,PROD_228,Terrible!! arrived late and was completely broken  ,5,terrible!! arrived late and was completely broken,NEGATIVE,0.9997
765,PROD_632,"Not bad not great, somewhere in the middle i think",5,"not bad not great, somewhere in the middle i think",NEGATIVE,0.9925
766,PROD_201,"  
  This product is absolutely amazing! Loved every bit of it 😍  
  ",2,this product is absolutely amazing! loved every bit of it,POSITIVE,0.9999
767,PROD_739,"<br>Great quality, fast shipping. Will buy again!!<br>",3,"great quality, fast shipping. will buy again!!",POSITIVE,0.9997
768,PROD_452,"Very disappointed, product looks nothing like the pictures&amp;",4,"very disappointed, product looks nothing like the pictures",NEGATIVE,0.9996
769,PROD_765,Waste of money!! stopped working after one week</p>,5,waste of money!! stopped working after one week,NEGATIVE,0.9998
770,PROD_575,Meets basic requirements but quality could be better,5,meets basic requirements but quality could be better,NEGATIVE,0.9616
771,PROD_533, &nbsp; Super fast delivery and product quality is top notch!! &nbsp; ,3,super fast delivery and product quality is top notch!!,POSITIVE,0.9998
772,PROD_494,"Complete scam, returned it immediately. 0 stars<p>",2,"complete scam, returned it immediately. 0 stars",NEGATIVE,0.796
773,PROD_975,"Its fine i guess, works as expected nothing more",1,"its fine i guess, works as expected nothing more",POSITIVE,0.9946
774,PROD_230, &nbsp; Best product in this price range hands down 👍👍 &nbsp; ,4,best product in this price range hands down,NEGATIVE,0.6948
775,PROD_376, &nbsp; Packaging was great and product works flawlessly &nbsp; ,4,packaging was great and product works flawlessly,POSITIVE,0.9999
776,PROD_289,It works but nothing to write home about really,1,it works but nothing to write home about really,NEGATIVE,0.9941
777,PROD_645,"  
  Outstanding quality, arrived on time and works perfectly  
  ",1,"outstanding quality, arrived on time and works perfectly",POSITIVE,0.9999
778,PROD_413,"Worst product i have ever bought, avoid at all costs</p>",3,"worst product i have ever bought, avoid at all costs",NEGATIVE,0.9998
779,PROD_995,Terrible!! arrived late and was completely broken  ,1,terrible!! arrived late and was completely broken,NEGATIVE,0.9997
780,PROD_750,Meets basic requirements but quality could be better,3,meets basic requirements but quality could be better,NEGATIVE,0.9616
781,PROD_992,Terrible product!! broke after 2 days of use 😡  ,2,terrible product!! broke after 2 days of use,NEGATIVE,0.9997
782,PROD_347,"  
  Great quality, fast shipping. Will buy again!!  
  ",4,"great quality, fast shipping. will buy again!!",POSITIVE,0.9997
783,PROD_300,"Very disappointed, product looks nothing like the pictures</p>",4,"very disappointed, product looks nothing like the pictures",NEGATIVE,0.9996
784,PROD_858,"  
  5 stars!! best purchase i made this year  
  ",3,5 stars!! best purchase i made this year,POSITIVE,0.9995
785,PROD_914,"Poor quality, feels very cheap. Not worth it at all<p>",5,"poor quality, feels very cheap. not worth it at all",NEGATIVE,0.9998
786,PROD_401,   Super fast delivery and product quality is top notch!!   ,4,super fast delivery and product quality is top notch!!,POSITIVE,0.9998
787,PROD_559,"Okay product, will see how long it lasts",1,"okay product, will see how long it lasts",POSITIVE,0.8317
788,PROD_863,"Horrible experience, packaging was damaged and product broken&amp;",5,"horrible experience, packaging was damaged and product broken",NEGATIVE,0.9998
789,PROD_214,"Neither good nor bad, just an okay product overall",1,"neither good nor bad, just an okay product overall",NEGATIVE,0.9634
790,PROD_318,Meets basic requirements but quality could be better,3,meets basic requirements but quality could be better,NEGATIVE,0.9616
791,PROD_657,"  
  Really good product, will definitely recommend to friends  
  ",4,"really good product, will definitely recommend to friends",POSITIVE,0.9999
792,PROD_646," &nbsp; Outstanding quality, arrived on time and works perfectly &nbsp; ",3,"outstanding quality, arrived on time and works perfectly",POSITIVE,0.9999
793,PROD_945,"Its fine i guess, works as expected nothing more",3,"its fine i guess, works as expected nothing more",POSITIVE,0.9946
794,PROD_523,   Love the design and it works exactly as described   ,2,love the design and it works exactly as described,POSITIVE,0.9999
795,PROD_761,"Not bad not great, somewhere in the middle i think",1,"not bad not great, somewhere in the middle i think",NEGATIVE,0.9925
796,PROD_998,<br>This product is absolutely amazing! Loved every bit of it 😍<br>,2,this product is absolutely amazing! loved every bit of it,POSITIVE,0.9999
797,PROD_272,<b>Worst purchase ever</b> do not buy this garbage  ,1,worst purchase ever do not buy this garbage,NEGATIVE,0.9995
798,PROD_732,<br><p>Excellent product</p> highly recommended to everyone<br>,4,excellent product highly recommended to everyone,POSITIVE,0.9998
799,PROD_497,Waste of money!! stopped working after one week  ,5,waste of money!! stopped working after one week,NEGATIVE,0.9998
800,PROD_564,"Poor quality, feels very cheap. Not worth it at all  ",1,"poor quality, feels very cheap. not worth it at all",NEGATIVE,0.9998
801,PROD_919,"  
  Super fast delivery and product quality is top notch!!  
  ",1,super fast delivery and product quality is top notch!!,POSITIVE,0.9998
802,PROD_920,"Average quality for the price, expected a bit more",3,"average quality for the price, expected a bit more",NEGATIVE,0.9857
803,PROD_321, &nbsp; Amazing value for money. Really impressed with the build quality &nbsp; ,1,amazing value for money. really impressed with the build quality,POSITIVE,0.9999
804,PROD_875,"  
  Best product in this price range hands down 👍👍  
  ",2,best product in this price range hands down,NEGATIVE,0.6948
805,PROD_697,"Very bad quality, plastic feels cheap will break easily</p>",1,"very bad quality, plastic feels cheap will break easily",NEGATIVE,0.9997
806,PROD_354,It works but nothing to write home about really,5,it works but nothing to write home about really,NEGATIVE,0.9941
807,PROD_531,"Okay product, will see how long it lasts",4,"okay product, will see how long it lasts",POSITIVE,0.8317
808,PROD_593,"Worst product i have ever bought, avoid at all costs  ",2,"worst product i have ever bought, avoid at all costs",NEGATIVE,0.9998
809,PROD_424,Terrible!! arrived late and was completely broken<p>,4,terrible!! arrived late and was completely broken,NEGATIVE,0.9997
810,PROD_300,"  
  10/10 would buy again. customer service was also helpful  
  ",5,10/10 would buy again. customer service was also helpful,POSITIVE,0.997
811,PROD_581,<br>This product is absolutely amazing! Loved every bit of it 😍<br>,1,this product is absolutely amazing! loved every bit of it,POSITIVE,0.9999
812,PROD_530,"<br>Great quality, fast shipping. Will buy again!!<br>",4,"great quality, fast shipping. will buy again!!",POSITIVE,0.9997
813,PROD_273,"Its fine i guess, works as expected nothing more",1,"its fine i guess, works as expected nothing more",POSITIVE,0.9946
814,PROD_704,"  
  5 stars!! best purchase i made this year  
  ",5,5 stars!! best purchase i made this year,POSITIVE,0.9995
815,PROD_604,"Poor quality, feels very cheap. Not worth it at all  ",5,"poor quality, feels very cheap. not worth it at all",NEGATIVE,0.9998
816,PROD_554,Arrived broken and customer support was useless 😤&amp;,4,arrived broken and customer support was useless,NEGATIVE,0.9998
817,PROD_175," &nbsp; I love this so much, exceeded my expectations completely &nbsp; ",5,"i love this so much, exceeded my expectations completely",POSITIVE,0.9999
818,PROD_591,"Pretty average, does what it says in the description",2,"pretty average, does what it says in the description",NEGATIVE,0.9126
819,PROD_460,<br>Best product in this price range hands down 👍👍<br>,1,best product in this price range hands down,NEGATIVE,0.6948
820,PROD_361, &nbsp; Packaging was great and product works flawlessly &nbsp; ,1,packaging was great and product works flawlessly,POSITIVE,0.9999
821,PROD_879,"   Really good product, will definitely recommend to friends   ",2,"really good product, will definitely recommend to friends",POSITIVE,0.9999
822,PROD_566,"Average quality for the price, expected a bit more",4,"average quality for the price, expected a bit more",NEGATIVE,0.9857
823,PROD_192,"   Totally worth the price, very satisfied customer here   ",5,"totally worth the price, very satisfied customer here",POSITIVE,0.9998
824,PROD_241,"  
  Love the design and it works exactly as described  
  ",3,love the design and it works exactly as described,POSITIVE,0.9999
825,PROD_923,"  
  10/10 would buy again. customer service was also helpful  
  ",1,10/10 would buy again. customer service was also helpful,POSITIVE,0.997
826,PROD_148,Terrible product!! broke after 2 days of use 😡</p>,1,terrible product!! broke after 2 days of use,NEGATIVE,0.9997
827,PROD_503,"<br>Great quality, fast shipping. Will buy again!!<br>",4,"great quality, fast shipping. will buy again!!",POSITIVE,0.9997
828,PROD_440,<br><p>Excellent product</p> highly recommended to everyone<br>,5,excellent product highly recommended to everyone,POSITIVE,0.9998
829,PROD_717,Waste of money!! stopped working after one week</p>,3,waste of money!! stopped working after one week,NEGATIVE,0.9998
830,PROD_876,"   Works perfectly fine, very happy with this purchase &amp;   ",5,"works perfectly fine, very happy with this purchase",POSITIVE,0.9999
831,PROD_955,   Super fast delivery and product quality is top notch!!   ,5,super fast delivery and product quality is top notch!!,POSITIVE,0.9998
832,PROD_282,"<br>I love this so much, exceeded my expectations completely<br>",1,"i love this so much, exceeded my expectations completely",POSITIVE,0.9999
833,PROD_878,"  
  Amazing value for money. Really impressed with the build quality  
  ",3,amazing value for money. really impressed with the build quality,POSITIVE,0.9999
834,PROD_657,<br>Best product in this price range hands down 👍👍<br>,5,best product in this price range hands down,NEGATIVE,0.6948
835,PROD_118,"  
  Packaging was great and product works flawlessly  
  ",4,packaging was great and product works flawlessly,POSITIVE,0.9999
836,PROD_208,It works but nothing to write home about really,4,it works but nothing to write home about really,NEGATIVE,0.9941
837,PROD_400,"Stopped working after 3 days, very poor build quality<p>",2,"stopped working after 3 days, very poor build quality",NEGATIVE,0.9997
838,PROD_349,"Pretty average, does what it says in the description",5,"pretty average, does what it says in the description",NEGATIVE,0.9126
839,PROD_273,<br>Love the design and it works exactly as described<br>,5,love the design and it works exactly as described,POSITIVE,0.9999
840,PROD_788,Meets basic requirements but quality could be better,4,meets basic requirements but quality could be better,NEGATIVE,0.9616
841,PROD_423,Terrible product!! broke after 2 days of use 😡</p>,1,terrible product!! broke after 2 days of use,NEGATIVE,0.9997
842,PROD_584," &nbsp; Great quality, fast shipping. Will buy again!! &nbsp; ",3,"great quality, fast shipping. will buy again!!",POSITIVE,0.9997
843,PROD_183,"Very disappointed, product looks nothing like the pictures  ",1,"very disappointed, product looks nothing like the pictures",NEGATIVE,0.9996
844,PROD_854, &nbsp; 5 stars!! best purchase i made this year &nbsp; ,1,5 stars!! best purchase i made this year,POSITIVE,0.9995
845,PROD_896,"Not bad not great, somewhere in the middle i think",1,"not bad not great, somewhere in the middle i think",NEGATIVE,0.9925
846,PROD_942,Arrived broken and customer support was useless 😤&amp;,5,arrived broken and customer support was useless,NEGATIVE,0.9998
847,PROD_662," &nbsp; I love this so much, exceeded my expectations completely &nbsp; ",1,"i love this so much, exceeded my expectations completely",POSITIVE,0.9999
848,PROD_870,"Horrible experience, packaging was damaged and product broken  ",4,"horrible experience, packaging was damaged and product broken",NEGATIVE,0.9998
849,PROD_613,Do not buy this!! total waste of time and money<p>,5,do not buy this!! total waste of time and money,NEGATIVE,0.9998
850,PROD_449,"  
  Packaging was great and product works flawlessly  
  ",2,packaging was great and product works flawlessly,POSITIVE,0.9999
851,PROD_367," &nbsp; Really good product, will definitely recommend to friends &nbsp; ",3,"really good product, will definitely recommend to friends",POSITIVE,0.9999
852,PROD_912,"<br>Outstanding quality, arrived on time and works perfectly<br>",2,"outstanding quality, arrived on time and works perfectly",POSITIVE,0.9999
853,PROD_673,"Its fine i guess, works as expected nothing more",1,"its fine i guess, works as expected nothing more",POSITIVE,0.9946
854,PROD_378,   Love the design and it works exactly as described   ,1,love the design and it works exactly as described,POSITIVE,0.9999
855,PROD_537,   10/10 would buy again. customer service was also helpful   ,3,10/10 would buy again. customer service was also helpful,POSITIVE,0.997
856,PROD_528,<br>This product is absolutely amazing! Loved every bit of it 😍<br>,1,this product is absolutely amazing! loved every bit of it,POSITIVE,0.9999
857,PROD_129," &nbsp; Great quality, fast shipping. Will buy again!! &nbsp; ",4,"great quality, fast shipping. will buy again!!",POSITIVE,0.9997
858,PROD_550,"  
  <p>Excellent product</p> highly recommended to everyone  
  ",3,excellent product highly recommended to everyone,POSITIVE,0.9998
859,PROD_946,"Neither good nor bad, just an okay product overall",1,"neither good nor bad, just an okay product overall",NEGATIVE,0.9634
860,PROD_174,"  
  Works perfectly fine, very happy with this purchase &amp;  
  ",2,"works perfectly fine, very happy with this purchase",POSITIVE,0.9999
861,PROD_711, &nbsp; Super fast delivery and product quality is top notch!! &nbsp; ,4,super fast delivery and product quality is top notch!!,POSITIVE,0.9998
862,PROD_389,"Complete scam, returned it immediately. 0 stars&amp;",4,"complete scam, returned it immediately. 0 stars",NEGATIVE,0.796
863,PROD_520,"  
  Amazing value for money. Really impressed with the build quality  
  ",1,amazing value for money. really impressed with the build quality,POSITIVE,0.9999
864,PROD_886,"  
  Best product in this price range hands down 👍👍  
  ",5,best product in this price range hands down,NEGATIVE,0.6948
865,PROD_518,"Very bad quality, plastic feels cheap will break easily</p>",3,"very bad quality, plastic feels cheap will break easily",NEGATIVE,0.9997
866,PROD_225,"<br>Really good product, will definitely recommend to friends<br>",3,"really good product, will definitely recommend to friends",POSITIVE,0.9999
867,PROD_675," &nbsp; Outstanding quality, arrived on time and works perfectly &nbsp; ",5,"outstanding quality, arrived on time and works perfectly",POSITIVE,0.9999
868,PROD_727,"Worst product i have ever bought, avoid at all costs  ",4,"worst product i have ever bought, avoid at all costs",NEGATIVE,0.9998
869,PROD_487,Terrible!! arrived late and was completely broken&amp;,1,terrible!! arrived late and was completely broken,NEGATIVE,0.9997
870,PROD_475,   10/10 would buy again. customer service was also helpful   ,3,10/10 would buy again. customer service was also helpful,POSITIVE,0.997
871,PROD_871,Terrible product!! broke after 2 days of use 😡<p>,2,terrible product!! broke after 2 days of use,NEGATIVE,0.9997
872,PROD_462," &nbsp; Great quality, fast shipping. Will buy again!! &nbsp; ",3,"great quality, fast shipping. will buy again!!",POSITIVE,0.9997
873,PROD_361, &nbsp; <p>Excellent product</p> highly recommended to everyone &nbsp; ,3,excellent product highly recommended to everyone,POSITIVE,0.9998
874,PROD_641,   5 stars!! best purchase i made this year   ,2,5 stars!! best purchase i made this year,POSITIVE,0.9995
875,PROD_224,"Not bad not great, somewhere in the middle i think",5,"not bad not great, somewhere in the middle i think",NEGATIVE,0.9925
876,PROD_968,It works but nothing to write home about really,3,it works but nothing to write home about really,NEGATIVE,0.9941
877,PROD_807,"Okay product, will see how long it lasts",2,"okay product, will see how long it lasts",POSITIVE,0.8317
878,PROD_468,"Pretty average, does what it says in the description",5,"pretty average, does what it says in the description",NEGATIVE,0.9126
879,PROD_737,<br>Best product in this price range hands down 👍👍<br>,4,best product in this price range hands down,NEGATIVE,0.6948
880,PROD_377,"  
  Packaging was great and product works flawlessly  
  ",4,packaging was great and product works flawlessly,POSITIVE,0.9999
881,PROD_588,"Product is okay, nothing special but does the job",1,"product is okay, nothing special but does the job",POSITIVE,0.9979
882,PROD_953,"Stopped working after 3 days, very poor build quality<p>",5,"stopped working after 3 days, very poor build quality",NEGATIVE,0.9997
883,PROD_998,"Its fine i guess, works as expected nothing more",2,"its fine i guess, works as expected nothing more",POSITIVE,0.9946
884,PROD_208,"Decent product, shipping was slow though",3,"decent product, shipping was slow though",NEGATIVE,0.988
885,PROD_482,   10/10 would buy again. customer service was also helpful   ,4,10/10 would buy again. customer service was also helpful,POSITIVE,0.997
886,PROD_458,<br>This product is absolutely amazing! Loved every bit of it 😍<br>,4,this product is absolutely amazing! loved every bit of it,POSITIVE,0.9999
887,PROD_379,"  
  Great quality, fast shipping. Will buy again!!  
  ",5,"great quality, fast shipping. will buy again!!",POSITIVE,0.9997
888,PROD_965,<br><p>Excellent product</p> highly recommended to everyone<br>,3,excellent product highly recommended to everyone,POSITIVE,0.9998
889,PROD_372,   5 stars!! best purchase i made this year   ,3,5 stars!! best purchase i made this year,POSITIVE,0.9995
890,PROD_203,Meets basic requirements but quality could be better,1,meets basic requirements but quality could be better,NEGATIVE,0.9616
891,PROD_264,Arrived broken and customer support was useless 😤&amp;,5,arrived broken and customer support was useless,NEGATIVE,0.9998
892,PROD_756,"   I love this so much, exceeded my expectations completely   ",5,"i love this so much, exceeded my expectations completely",POSITIVE,0.9999
893,PROD_163,"Horrible experience, packaging was damaged and product broken&amp;",3,"horrible experience, packaging was damaged and product broken",NEGATIVE,0.9998
894,PROD_366,"Decent product, shipping was slow though",5,"decent product, shipping was slow though",NEGATIVE,0.988
895,PROD_760, &nbsp; Packaging was great and product works flawlessly &nbsp; ,3,packaging was great and product works flawlessly,POSITIVE,0.9999
896,PROD_283,"Disappointed with the product, not as described at all<p>",4,"disappointed with the product, not as described at all",NEGATIVE,0.9998
897,PROD_623," &nbsp; Outstanding quality, arrived on time and works perfectly &nbsp; ",1,"outstanding quality, arrived on time and works perfectly",POSITIVE,0.9999
898,PROD_765,"Pretty average, does what it says in the description",4,"pretty average, does what it says in the description",NEGATIVE,0.9126
899,PROD_681,"  
  Love the design and it works exactly as described  
  ",2,love the design and it works exactly as described,POSITIVE,0.9999
900,PROD_516,<br>10/10 would buy again. customer service was also helpful<br>,3,10/10 would buy again. customer service was also helpful,POSITIVE,0.997
901,PROD_598,Terrible product!! broke after 2 days of use 😡<p>,2,terrible product!! broke after 2 days of use,NEGATIVE,0.9997
902,PROD_830,<b>Worst purchase ever</b> do not buy this garbage<p>,2,worst purchase ever do not buy this garbage,NEGATIVE,0.9995
903,PROD_850,<br><p>Excellent product</p> highly recommended to everyone<br>,4,excellent product highly recommended to everyone,POSITIVE,0.9998
904,PROD_262,"Decent product, shipping was slow though",1,"decent product, shipping was slow though",NEGATIVE,0.988
905,PROD_948,"   Works perfectly fine, very happy with this purchase &amp;   ",1,"works perfectly fine, very happy with this purchase",POSITIVE,0.9999
906,PROD_963,It works but nothing to write home about really,3,it works but nothing to write home about really,NEGATIVE,0.9941
907,PROD_542,"<br>I love this so much, exceeded my expectations completely<br>",5,"i love this so much, exceeded my expectations completely",POSITIVE,0.9999
908,PROD_800,"Horrible experience, packaging was damaged and product broken</p>",2,"horrible experience, packaging was damaged and product broken",NEGATIVE,0.9998
909,PROD_825,   Best product in this price range hands down 👍👍   ,3,best product in this price range hands down,NEGATIVE,0.6948
910,PROD_909,Meets basic requirements but quality could be better,5,meets basic requirements but quality could be better,NEGATIVE,0.9616
911,PROD_780," &nbsp; Really good product, will definitely recommend to friends &nbsp; ",3,"really good product, will definitely recommend to friends",POSITIVE,0.9999
912,PROD_833,"   Outstanding quality, arrived on time and works perfectly   ",3,"outstanding quality, arrived on time and works perfectly",POSITIVE,0.9999
913,PROD_363,"Its fine i guess, works as expected nothing more",2,"its fine i guess, works as expected nothing more",POSITIVE,0.9946
914,PROD_426,"Decent product, shipping was slow though",3,"decent product, shipping was slow though",NEGATIVE,0.988
915,PROD_648,"Not recommended at all, save your money for something better<p>",1,"not recommended at all, save your money for something better",NEGATIVE,0.9997
916,PROD_843,   This product is absolutely amazing! Loved every bit of it 😍   ,5,this product is absolutely amazing! loved every bit of it,POSITIVE,0.9999
917,PROD_300,"Okay product, will see how long it lasts",1,"okay product, will see how long it lasts",POSITIVE,0.8317
918,PROD_293,"Pretty average, does what it says in the description",1,"pretty average, does what it says in the description",NEGATIVE,0.9126
919,PROD_483,Waste of money!! stopped working after one week</p>,4,waste of money!! stopped working after one week,NEGATIVE,0.9998
920,PROD_174," &nbsp; Works perfectly fine, very happy with this purchase &amp; &nbsp; ",3,"works perfectly fine, very happy with this purchase",POSITIVE,0.9999
921,PROD_287,Arrived broken and customer support was useless 😤</p>,5,arrived broken and customer support was useless,NEGATIVE,0.9998
922,PROD_389,"Average quality for the price, expected a bit more",5,"average quality for the price, expected a bit more",NEGATIVE,0.9857
923,PROD_222,"Its fine i guess, works as expected nothing more",2,"its fine i guess, works as expected nothing more",POSITIVE,0.9946
924,PROD_261,<br>Best product in this price range hands down 👍👍<br>,2,best product in this price range hands down,NEGATIVE,0.6948
925,PROD_287, &nbsp; Packaging was great and product works flawlessly &nbsp; ,2,packaging was great and product works flawlessly,POSITIVE,0.9999
926,PROD_283,"   Really good product, will definitely recommend to friends   ",4,"really good product, will definitely recommend to friends",POSITIVE,0.9999
927,PROD_550,"Okay product, will see how long it lasts",3,"okay product, will see how long it lasts",POSITIVE,0.8317
928,PROD_664,"<br>Totally worth the price, very satisfied customer here<br>",1,"totally worth the price, very satisfied customer here",POSITIVE,0.9998
929,PROD_536,Terrible!! arrived late and was completely broken</p>,5,terrible!! arrived late and was completely broken,NEGATIVE,0.9997
930,PROD_886,"Not recommended at all, save your money for something better<p>",1,"not recommended at all, save your money for something better",NEGATIVE,0.9997
931,PROD_436,Terrible product!! broke after 2 days of use 😡&amp;,2,terrible product!! broke after 2 days of use,NEGATIVE,0.9997
932,PROD_665,<b>Worst purchase ever</b> do not buy this garbage  ,4,worst purchase ever do not buy this garbage,NEGATIVE,0.9995
933,PROD_113,"Very disappointed, product looks nothing like the pictures</p>",2,"very disappointed, product looks nothing like the pictures",NEGATIVE,0.9996
934,PROD_152,Waste of money!! stopped working after one week  ,4,waste of money!! stopped working after one week,NEGATIVE,0.9998
935,PROD_875,"<br>Works perfectly fine, very happy with this purchase &amp;<br>",2,"works perfectly fine, very happy with this purchase",POSITIVE,0.9999
936,PROD_389,<br>Super fast delivery and product quality is top notch!!<br>,2,super fast delivery and product quality is top notch!!,POSITIVE,0.9998
937,PROD_738,"Okay product, will see how long it lasts",3,"okay product, will see how long it lasts",POSITIVE,0.8317
938,PROD_690,   Amazing value for money. Really impressed with the build quality   ,1,amazing value for money. really impressed with the build quality,POSITIVE,0.9999
939,PROD_960, &nbsp; Best product in this price range hands down 👍👍 &nbsp; ,2,best product in this price range hands down,NEGATIVE,0.6948
940,PROD_393,"Very bad quality, plastic feels cheap will break easily</p>",1,"very bad quality, plastic feels cheap will break easily",NEGATIVE,0.9997
941,PROD_875," &nbsp; Really good product, will definitely recommend to friends &nbsp; ",1,"really good product, will definitely recommend to friends",POSITIVE,0.9999
942,PROD_988,"  
  Outstanding quality, arrived on time and works perfectly  
  ",5,"outstanding quality, arrived on time and works perfectly",POSITIVE,0.9999
943,PROD_732,"Its fine i guess, works as expected nothing more",1,"its fine i guess, works as expected nothing more",POSITIVE,0.9946
944,PROD_773,   Love the design and it works exactly as described   ,4,love the design and it works exactly as described,POSITIVE,0.9999
945,PROD_918,"Not recommended at all, save your money for something better</p>",5,"not recommended at all, save your money for something better",NEGATIVE,0.9997
946,PROD_723, &nbsp; This product is absolutely amazing! Loved every bit of it 😍 &nbsp; ,4,this product is absolutely amazing! loved every bit of it,POSITIVE,0.9999
947,PROD_797,<b>Worst purchase ever</b> do not buy this garbage<p>,2,worst purchase ever do not buy this garbage,NEGATIVE,0.9995
948,PROD_828,"Very disappointed, product looks nothing like the pictures  ",2,"very disappointed, product looks nothing like the pictures",NEGATIVE,0.9996
949,PROD_334,   5 stars!! best purchase i made this year   ,5,5 stars!! best purchase i made this year,POSITIVE,0.9995
950,PROD_975,"  
  Works perfectly fine, very happy with this purchase &amp;  
  ",3,"works perfectly fine, very happy with this purchase",POSITIVE,0.9999
951,PROD_530,"Product is okay, nothing special but does the job",1,"product is okay, nothing special but does the job",POSITIVE,0.9979
952,PROD_951,"   I love this so much, exceeded my expectations completely   ",3,"i love this so much, exceeded my expectations completely",POSITIVE,0.9999
953,PROD_909,"Horrible experience, packaging was damaged and product broken<p>",1,"horrible experience, packaging was damaged and product broken",NEGATIVE,0.9998
954,PROD_970,"  
  Best product in this price range hands down 👍👍  
  ",4,best product in this price range hands down,NEGATIVE,0.6948
955,PROD_454,"Not bad not great, somewhere in the middle i think",2,"not bad not great, somewhere in the middle i think",NEGATIVE,0.9925
956,PROD_335,"Disappointed with the product, not as described at all&amp;",1,"disappointed with the product, not as described at all",NEGATIVE,0.9998
957,PROD_112,"   Outstanding quality, arrived on time and works perfectly   ",2,"outstanding quality, arrived on time and works perfectly",POSITIVE,0.9999
958,PROD_130,"Worst product i have ever bought, avoid at all costs  ",2,"worst product i have ever bought, avoid at all costs",NEGATIVE,0.9998
959,PROD_265,   Love the design and it works exactly as described   ,3,love the design and it works exactly as described,POSITIVE,0.9999
960,PROD_199,"Not recommended at all, save your money for something better</p>",5,"not recommended at all, save your money for something better",NEGATIVE,0.9997
961,PROD_261,Terrible product!! broke after 2 days of use 😡<p>,1,terrible product!! broke after 2 days of use,NEGATIVE,0.9997
962,PROD_903,"<br>Great quality, fast shipping. Will buy again!!<br>",2,"great quality, fast shipping. will buy again!!",POSITIVE,0.9997
963,PROD_248,"Very disappointed, product looks nothing like the pictures</p>",4,"very disappointed, product looks nothing like the pictures",NEGATIVE,0.9996
964,PROD_164,Waste of money!! stopped working after one week</p>,4,waste of money!! stopped working after one week,NEGATIVE,0.9998
965,PROD_326,"<br>Works perfectly fine, very happy with this purchase &amp;<br>",5,"works perfectly fine, very happy with this purchase",POSITIVE,0.9999
966,PROD_153, &nbsp; Super fast delivery and product quality is top notch!! &nbsp; ,2,super fast delivery and product quality is top notch!!,POSITIVE,0.9998
967,PROD_152,"Complete scam, returned it immediately. 0 stars&amp;",2,"complete scam, returned it immediately. 0 stars",NEGATIVE,0.796
968,PROD_201,   Amazing value for money. Really impressed with the build quality   ,2,amazing value for money. really impressed with the build quality,POSITIVE,0.9999
969,PROD_497,"  
  Best product in this price range hands down 👍👍  
  ",2,best product in this price range hands down,NEGATIVE,0.6948
970,PROD_210,<br>Packaging was great and product works flawlessly<br>,1,packaging was great and product works flawlessly,POSITIVE,0.9999
971,PROD_983,"Product is okay, nothing special but does the job",5,"product is okay, nothing special but does the job",POSITIVE,0.9979
972,PROD_477,"  
  Outstanding quality, arrived on time and works perfectly  
  ",4,"outstanding quality, arrived on time and works perfectly",POSITIVE,0.9999
973,PROD_951,"   Totally worth the price, very satisfied customer here   ",4,"totally worth the price, very satisfied customer here",POSITIVE,0.9998
974,PROD_203,   Love the design and it works exactly as described   ,4,love the design and it works exactly as described,POSITIVE,0.9999
975,PROD_894,"Not bad not great, somewhere in the middle i think",5,"not bad not great, somewhere in the middle i think",NEGATIVE,0.9925
976,PROD_833,<br>This product is absolutely amazing! Loved every bit of it 😍<br>,1,this product is absolutely amazing! loved every bit of it,POSITIVE,0.9999
977,PROD_490," &nbsp; Great quality, fast shipping. Will buy again!! &nbsp; ",5,"great quality, fast shipping. will buy again!!",POSITIVE,0.9997
978,PROD_618,<br><p>Excellent product</p> highly recommended to everyone<br>,4,excellent product highly recommended to everyone,POSITIVE,0.9998
979,PROD_627,Waste of money!! stopped working after one week  ,3,waste of money!! stopped working after one week,NEGATIVE,0.9998
980,PROD_746,"Poor quality, feels very cheap. Not worth it at all<p>",4,"poor quality, feels very cheap. not worth it at all",NEGATIVE,0.9998
981,PROD_556,"Product is okay, nothing special but does the job",3,"product is okay, nothing special but does the job",POSITIVE,0.9979
982,PROD_828,"Average quality for the price, expected a bit more",5,"average quality for the price, expected a bit more",NEGATIVE,0.9857
983,PROD_715,"  
  Amazing value for money. Really impressed with the build quality  
  ",3,amazing value for money. really impressed with the build quality,POSITIVE,0.9999
984,PROD_709,Do not buy this!! total waste of time and money<p>,2,do not buy this!! total waste of time and money,NEGATIVE,0.9998
985,PROD_223,<br>Packaging was great and product works flawlessly<br>,4,packaging was great and product works flawlessly,POSITIVE,0.9999
986,PROD_203," &nbsp; Really good product, will definitely recommend to friends &nbsp; ",1,"really good product, will definitely recommend to friends",POSITIVE,0.9999
987,PROD_707,"  
  Outstanding quality, arrived on time and works perfectly  
  ",4,"outstanding quality, arrived on time and works perfectly",POSITIVE,0.9999
988,PROD_899,"Worst product i have ever bought, avoid at all costs&amp;",4,"worst product i have ever bought, avoid at all costs",NEGATIVE,0.9998
989,PROD_670,Terrible!! arrived late and was completely broken<p>,2,terrible!! arrived late and was completely broken,NEGATIVE,0.9997
990,PROD_540, &nbsp; 10/10 would buy again. customer service was also helpful &nbsp; ,2,10/10 would buy again. customer service was also helpful,POSITIVE,0.997
991,PROD_606,"Product is okay, nothing special but does the job",5,"product is okay, nothing special but does the job",POSITIVE,0.9979
992,PROD_792,"   Great quality, fast shipping. Will buy again!!   ",4,"great quality, fast shipping. will buy again!!",POSITIVE,0.9997
993,PROD_590,"  
  <p>Excellent product</p> highly recommended to everyone  
  ",1,excellent product highly recommended to everyone,POSITIVE,0.9998
994,PROD_201,"  
  5 stars!! best purchase i made this year  
  ",4,5 stars!! best purchase i made this year,POSITIVE,0.9995
995,PROD_588,"Poor quality, feels very cheap. Not worth it at all&amp;",2,"poor quality, feels very cheap. not worth it at all",NEGATIVE,0.9998
996,PROD_104,Arrived broken and customer support was useless 😤</p>,4,arrived broken and customer support was useless,NEGATIVE,0.9998
997,PROD_347,"Complete scam, returned it immediately. 0 stars&amp;",1,"complete scam, returned it immediately. 0 stars",NEGATIVE,0.796
998,PROD_837,"Pretty average, does what it says in the description",5,"pretty average, does what it says in the description",NEGATIVE,0.9126
999,PROD_657,"Neither good nor bad, just an okay product overall",5,"neither good nor bad, just an okay product overall",NEGATIVE,0.9634
1000,PROD_697,"Very bad quality, plastic feels cheap will break easily</p>",2,"very bad quality, plastic feels cheap will break easily",NEGATIVE,0.9997
