Age,Annual_Income,Loan_Amount,Loan_Term_Months,Credit_Score,Employment_Years,Num_Dependents,Existing_Debt,Education_Level,Property_Ownership,Loan_Purpose,Num_Prev_Loans,Num_Late_Payments,Debt_To_Income,Loan_To_Income,Loan_Approved
59,171295,125667,36,508,31,1,52282,2,1,3,3,2,0.305,0.734,0
49,158669,139034,24,464,3,0,33464,0,1,2,7,5,0.211,0.876,0
35,27659,149923,36,593,4,5,67806,0,1,2,0,6,2.451,5.42,1
63,111516,122626,60,818,7,2,41994,3,1,3,2,1,0.377,1.1,0
28,99567,130180,48,377,21,4,25594,0,0,2,3,5,0.257,1.307,0
41,40037,57349,60,733,6,4,52563,1,0,2,5,4,1.313,1.432,0
59,151498,10730,48,376,21,3,28386,2,1,1,5,5,0.187,0.071,1
39,37109,149993,48,347,29,1,66652,0,1,2,0,0,1.796,4.042,0
43,47010,24023,12,381,15,1,17540,1,1,0,5,9,0.373,0.511,0
31,33787,131796,24,508,14,4,33756,2,1,1,7,6,0.999,3.901,1
31,164544,86533,60,744,4,0,43426,3,0,0,1,7,0.264,0.526,0
44,179455,88286,48,821,2,1,5587,2,0,3,7,6,0.031,0.492,0
56,86709,46979,60,328,22,0,49039,3,0,2,4,8,0.566,0.542,0
60,59518,27837,60,603,9,0,10269,2,0,0,5,0,0.173,0.468,1
44,78909,109975,48,764,4,0,6088,0,1,2,7,9,0.077,1.394,1
23,43351,25923,36,801,22,0,42044,3,0,0,2,8,0.97,0.598,0
42,40282,13876,24,745,14,3,27081,3,1,1,3,2,0.672,0.344,0
22,177850,65973,24,789,17,3,61388,3,0,3,7,1,0.345,0.371,1
44,180336,138959,12,727,24,4,10543,0,0,0,0,5,0.058,0.771,0
64,30075,47422,12,658,7,3,3005,0,1,1,3,4,0.1,1.577,1
50,53365,56413,12,390,30,5,37203,2,0,3,4,3,0.697,1.057,0
58,36002,107484,24,352,20,1,16220,2,0,0,7,3,0.451,2.986,0
22,38947,138913,36,503,1,5,32696,0,0,0,3,7,0.839,3.567,0
41,119840,33756,24,455,21,3,79683,0,0,1,3,9,0.665,0.282,0
53,141219,76576,24,301,7,1,46381,3,1,3,0,2,0.328,0.542,0
32,103610,123248,24,656,22,1,47984,2,0,3,7,0,0.463,1.19,0
42,77142,15304,24,357,31,0,76,2,0,1,4,4,0.001,0.198,1
64,81307,35341,36,553,7,4,18946,3,0,2,2,7,0.233,0.435,1
45,160565,140830,12,479,3,0,23471,3,1,1,0,2,0.146,0.877,1
47,75085,132039,60,792,29,0,61531,3,1,3,6,1,0.819,1.759,1
62,59228,137447,12,334,18,5,38738,1,0,1,4,0,0.654,2.321,0
48,187727,104485,12,374,22,3,40720,1,0,2,4,3,0.217,0.557,0
36,68472,27092,60,588,17,5,24440,0,0,1,3,1,0.357,0.396,0
35,74437,136562,24,670,28,3,11862,2,1,1,1,7,0.159,1.835,1
64,84711,8729,36,628,22,5,68273,3,0,0,1,9,0.806,0.103,0
23,162888,142046,36,603,32,1,21788,3,0,2,7,8,0.134,0.872,0
57,102175,123222,12,520,17,3,25522,2,1,3,2,9,0.25,1.206,0
27,89307,90216,60,463,32,3,70185,1,1,2,3,0,0.786,1.01,0
41,71733,88860,48,779,6,5,69404,2,1,3,1,1,0.968,1.239,0
29,153202,101870,24,754,27,2,52289,0,0,3,0,5,0.341,0.665,0
59,120028,26398,12,674,0,1,7824,1,0,0,7,9,0.065,0.22,0
38,167312,39650,36,519,33,1,7799,2,0,2,2,6,0.047,0.237,0
24,117493,108889,60,553,18,2,45147,2,1,0,3,1,0.384,0.927,0
45,150149,8159,60,487,30,5,8614,0,0,1,5,7,0.057,0.054,0
34,188834,103162,12,490,12,5,25147,2,0,2,0,9,0.133,0.546,0
29,33259,107834,48,688,23,1,76637,1,1,1,1,8,2.304,3.242,1
46,153775,26638,36,514,4,5,20914,3,1,2,1,7,0.136,0.173,1
22,39849,6073,12,674,22,4,63699,3,0,3,1,8,1.599,0.152,0
40,106768,34320,48,385,18,4,9615,3,1,1,1,5,0.09,0.321,1
48,131108,39924,60,773,0,2,50785,1,0,2,4,6,0.387,0.305,0
27,114709,73116,24,830,32,3,57811,2,0,2,5,5,0.504,0.637,0
64,79869,7159,36,346,32,4,79017,2,0,1,2,6,0.989,0.09,0
28,151888,53940,36,364,31,5,46898,2,1,0,2,2,0.309,0.355,1
55,88095,84436,48,774,27,2,55505,2,0,2,1,3,0.63,0.958,0
34,142886,19678,12,445,11,4,76031,3,1,0,2,8,0.532,0.138,0
37,95910,148093,60,681,8,0,146,1,1,0,5,2,0.002,1.544,1
56,48567,142844,48,365,10,2,40275,0,1,0,0,1,0.829,2.941,0
60,60292,72163,24,816,32,1,15977,1,1,0,0,6,0.265,1.197,1
24,99813,56137,24,392,18,4,41565,2,0,0,6,5,0.416,0.562,0
22,122136,66497,24,725,33,1,33945,2,1,3,2,2,0.278,0.544,1
26,76631,105485,48,767,6,2,2594,1,0,0,1,5,0.034,1.377,1
62,34885,110468,60,393,30,4,76610,1,0,3,3,6,2.196,3.167,0
24,91314,5901,36,432,1,1,57655,3,0,2,5,5,0.631,0.065,0
49,90087,92980,12,733,18,3,27431,2,0,3,1,0,0.304,1.032,1
38,185237,112594,36,640,31,3,27571,1,1,3,4,0,0.149,0.608,0
46,120998,7881,60,613,9,0,65971,2,1,0,7,8,0.545,0.065,1
64,74812,34863,36,511,7,5,61797,1,0,2,3,5,0.826,0.466,0
54,83643,141694,48,819,25,2,43937,2,0,2,5,1,0.525,1.694,0
30,69900,137450,24,458,29,5,59643,1,0,2,4,0,0.853,1.966,0
56,199018,50201,60,567,10,5,60051,2,1,1,2,1,0.302,0.252,0
34,163923,64251,60,773,19,1,67902,0,1,3,4,7,0.414,0.392,0
51,41288,77572,36,709,19,0,77903,3,0,0,2,4,1.887,1.879,0
35,97692,44255,48,773,8,2,76990,0,0,1,4,6,0.788,0.453,0
28,163440,68212,36,655,7,3,75204,3,0,0,3,6,0.46,0.417,0
34,110436,55210,36,492,14,5,68951,3,1,1,4,1,0.624,0.5,1
43,71403,130629,60,570,33,1,75768,1,0,2,1,3,1.061,1.829,0
60,116170,27499,36,413,23,5,29039,0,1,1,2,1,0.25,0.237,1
41,34168,107552,24,822,32,4,25568,3,1,2,0,6,0.748,3.148,0
36,74879,66360,36,354,26,3,37459,2,1,1,4,4,0.5,0.886,0
38,84871,140675,24,364,20,5,7669,1,0,0,2,0,0.09,1.658,1
44,57174,132466,60,571,4,4,35516,1,1,0,0,1,0.621,2.317,1
46,162653,90473,48,801,34,4,62484,2,1,1,2,5,0.384,0.556,1
45,135155,148704,24,661,20,1,68197,2,0,3,7,3,0.505,1.1,0
61,96853,96873,48,445,3,1,23333,3,0,3,6,6,0.241,1.0,0
49,89046,70756,48,508,15,4,55611,2,0,1,2,1,0.625,0.795,0
35,74678,61344,24,585,30,0,47941,1,1,3,7,1,0.642,0.821,1
21,51649,143421,60,309,25,5,38875,2,1,0,0,5,0.753,2.777,1
45,152795,76154,12,485,34,4,12698,0,0,3,0,7,0.083,0.498,0
27,113668,32464,48,763,5,4,61826,1,1,1,3,0,0.544,0.286,1
29,170639,126897,48,433,32,1,31408,2,0,3,5,4,0.184,0.744,0
44,114906,42344,60,470,20,5,78845,1,0,1,6,0,0.686,0.369,0
21,121019,88791,60,512,15,2,15133,3,1,0,4,5,0.125,0.734,0
64,103002,137534,36,829,33,3,73746,0,1,2,4,6,0.716,1.335,1
28,53803,125209,60,801,14,1,36126,3,1,0,6,5,0.671,2.327,1
44,174302,86441,48,326,5,5,33043,0,1,0,2,8,0.19,0.496,0
31,173934,95456,24,367,1,5,4078,2,0,1,6,2,0.023,0.549,0
37,199427,86788,12,707,23,0,53906,1,0,0,1,7,0.27,0.435,0
28,187331,19175,36,408,27,3,11137,2,1,0,7,2,0.059,0.102,1
55,55795,142263,24,373,0,1,29350,3,1,3,1,6,0.526,2.55,0
55,33770,88434,12,561,0,1,4698,1,1,1,5,4,0.139,2.619,0
53,36093,89518,12,667,27,2,33132,2,0,3,2,0,0.918,2.48,1
25,156265,71537,12,536,19,0,10165,2,0,1,3,3,0.065,0.458,0
62,125311,120721,24,665,7,0,794,1,1,3,0,8,0.006,0.963,1
59,42569,52645,36,585,0,5,13646,1,0,3,2,7,0.321,1.237,0
61,36190,28283,36,677,25,5,5870,3,0,2,7,2,0.162,0.782,0
48,87824,91971,12,675,24,1,30736,0,0,0,4,1,0.35,1.047,1
27,198824,97759,24,375,9,2,58084,0,0,3,1,8,0.292,0.492,1
29,188399,107780,12,308,11,1,16211,1,1,2,7,0,0.086,0.572,0
28,67070,35734,60,495,6,4,59538,0,1,3,1,8,0.888,0.533,0
32,65197,5515,36,589,11,5,7377,3,1,3,1,6,0.113,0.085,0
54,27261,115782,48,360,16,4,8861,0,1,2,3,1,0.325,4.247,0
53,182584,71727,12,688,4,2,17821,1,0,2,4,4,0.098,0.393,1
43,162788,114164,60,307,13,1,78488,3,1,2,3,1,0.482,0.701,0
44,111795,51216,36,668,33,5,74583,1,1,0,0,4,0.667,0.458,0
57,53933,76833,24,344,16,2,26953,3,1,0,2,6,0.5,1.425,0
55,160450,63755,36,643,34,1,36801,3,1,3,2,4,0.229,0.397,1
64,65583,32856,24,674,0,1,18277,1,1,0,6,1,0.279,0.501,0
60,137082,78870,24,326,14,4,22628,2,0,2,1,4,0.165,0.575,0
42,110371,142080,12,492,18,3,27802,1,1,1,6,9,0.252,1.287,1
47,185105,12987,12,656,4,0,63497,3,0,0,1,5,0.343,0.07,0
55,180072,101502,36,361,18,5,69814,1,0,2,0,4,0.388,0.564,0
21,136032,139404,60,361,4,0,53702,1,0,2,7,1,0.395,1.025,0
55,67604,71323,36,721,11,2,28677,3,0,2,3,5,0.424,1.055,0
57,120074,14873,48,679,18,0,7500,0,0,2,5,5,0.062,0.124,1
34,98869,110219,24,576,11,4,4015,3,0,3,5,1,0.041,1.115,1
23,30410,10033,24,730,11,3,58812,1,1,2,5,3,1.934,0.33,0
21,108375,78324,12,414,17,5,7826,3,0,2,4,6,0.072,0.723,0
25,121055,20689,60,420,33,1,9201,3,1,3,0,0,0.076,0.171,0
46,162868,114756,12,824,32,1,29048,0,0,0,2,0,0.178,0.705,1
34,111716,5066,48,715,17,4,19941,2,0,1,2,5,0.178,0.045,0
59,79245,119159,36,462,28,5,58418,1,0,3,3,6,0.737,1.504,0
47,68056,12533,36,636,4,0,65689,1,1,3,6,4,0.965,0.184,1
29,173781,120828,60,678,24,1,41541,0,0,0,0,9,0.239,0.695,1
35,83557,64658,12,623,23,0,49939,3,0,0,4,7,0.598,0.774,0
35,42543,43498,12,472,28,4,70422,2,1,2,0,3,1.655,1.022,0
46,193490,114028,48,363,32,1,23950,1,0,0,0,2,0.124,0.589,0
62,121038,16772,36,400,9,2,67803,2,0,1,3,6,0.56,0.139,1
33,172796,94385,12,621,32,3,20642,2,0,3,7,3,0.119,0.546,1
52,28828,17940,60,365,22,0,66506,3,1,1,4,0,2.307,0.622,0
59,141656,123027,36,757,10,5,41607,3,0,2,5,7,0.294,0.868,1
52,42087,21932,48,752,23,0,31288,3,0,1,2,4,0.743,0.521,1
24,168677,29648,60,558,23,0,14450,1,1,2,7,7,0.086,0.176,0
50,56337,37966,24,725,6,0,5618,2,1,1,1,7,0.1,0.674,1
57,161554,47598,48,477,20,4,34263,2,0,3,6,4,0.212,0.295,0
43,90333,149870,60,579,19,4,67583,1,0,1,5,7,0.748,1.659,0
59,161535,66084,12,643,9,5,74900,0,0,0,4,6,0.464,0.409,1
35,95448,136250,24,316,24,4,28794,3,0,1,2,2,0.302,1.427,0
63,29648,22118,48,595,14,5,13091,1,1,3,5,3,0.442,0.746,0
49,155576,27616,12,501,5,5,68422,3,1,2,7,6,0.44,0.178,0
56,58623,136870,24,493,1,4,15161,2,1,1,7,3,0.259,2.335,0
33,60634,12601,36,448,11,1,4158,1,0,1,3,5,0.069,0.208,0
52,139598,30363,12,674,3,4,27663,0,1,0,6,1,0.198,0.218,0
27,74334,7795,60,334,22,1,6733,3,1,2,4,1,0.091,0.105,0
42,93648,102462,48,668,12,2,32001,2,0,2,4,2,0.342,1.094,0
48,47054,107892,24,328,16,4,39128,2,0,2,2,9,0.832,2.293,0
22,95028,77833,12,520,30,2,49630,0,0,3,2,6,0.522,0.819,0
62,47207,8084,36,352,15,4,9329,0,0,3,0,2,0.198,0.171,0
26,106554,100865,48,652,25,2,53105,3,0,0,7,2,0.498,0.947,0
48,177458,5731,48,691,27,3,63436,2,0,1,0,3,0.357,0.032,1
48,108276,137201,12,375,0,2,69579,0,1,3,4,9,0.643,1.267,0
64,77781,6605,36,793,11,1,14242,1,0,2,1,5,0.183,0.085,0
64,86035,82506,24,821,19,0,27133,0,0,1,3,0,0.315,0.959,0
40,33210,49130,12,416,1,5,24740,1,1,1,2,5,0.745,1.479,0
50,69363,73469,24,579,14,2,30976,2,1,1,0,7,0.447,1.059,0
31,103279,95436,48,474,21,0,40067,3,1,0,3,7,0.388,0.924,0
48,178504,117341,24,594,31,3,11231,2,1,3,6,5,0.063,0.657,1
45,159393,136965,36,750,19,3,66105,2,1,3,5,5,0.415,0.859,1
59,106348,104694,60,817,32,1,3328,2,0,1,5,2,0.031,0.984,1
53,193455,24773,36,320,14,1,25261,2,0,0,7,1,0.131,0.128,1
21,138816,9239,24,372,2,2,25262,3,1,0,4,6,0.182,0.067,0
47,148053,25863,12,335,28,4,3280,0,1,3,2,7,0.022,0.175,1
33,191892,56415,48,806,26,3,31742,3,1,3,7,9,0.165,0.294,1
61,91262,73968,60,532,4,0,3590,3,1,0,5,5,0.039,0.811,1
23,159832,65430,12,796,30,4,50226,3,0,2,6,4,0.314,0.409,1
59,178262,6515,12,505,21,3,13570,3,1,0,2,3,0.076,0.037,0
26,92411,102206,36,725,34,2,9533,0,1,2,0,0,0.103,1.106,1
28,48377,61240,24,343,6,3,13366,2,0,3,5,8,0.276,1.266,1
47,63211,10586,36,390,5,1,76368,0,0,0,1,9,1.208,0.167,0
29,28744,125419,24,769,25,0,28325,0,0,0,5,3,0.985,4.363,0
57,49995,127374,36,766,0,0,34798,2,1,0,2,1,0.696,2.548,0
53,173049,36186,12,753,18,1,39453,0,1,0,1,3,0.228,0.209,1
62,59542,31928,48,632,6,4,22849,3,0,1,3,4,0.384,0.536,1
64,35651,127990,24,806,11,1,55943,3,1,1,5,1,1.569,3.59,1
44,124239,92029,60,769,19,0,6157,2,1,3,2,6,0.05,0.741,1
35,103931,25711,60,320,22,2,30178,2,0,3,5,2,0.29,0.247,1
52,127112,59962,12,527,24,4,29030,2,0,0,5,7,0.228,0.472,0
52,41715,25039,36,675,29,5,51134,3,0,1,2,3,1.226,0.6,1
44,180378,41561,36,429,28,3,65729,2,1,3,1,4,0.364,0.23,0
61,175158,6577,12,713,30,5,8164,0,0,2,0,2,0.047,0.038,1
32,170448,112792,60,370,17,2,1119,0,1,1,6,4,0.007,0.662,0
59,86350,15785,60,703,18,5,13351,1,1,1,5,8,0.155,0.183,0
22,96425,77227,36,696,3,4,56063,1,1,1,4,1,0.581,0.801,1
23,192708,123680,24,636,0,0,72076,2,0,0,3,6,0.374,0.642,0
57,111120,66957,48,804,14,0,45162,1,0,2,2,9,0.406,0.603,0
37,139889,70431,24,575,7,2,31760,3,0,0,5,7,0.227,0.503,0
22,190682,76894,60,312,14,5,49678,3,1,3,6,2,0.261,0.403,0
22,166130,60192,24,302,14,4,47628,0,0,2,0,3,0.287,0.362,1
48,99637,6462,48,523,21,3,40739,0,0,0,2,9,0.409,0.065,1
43,95194,133848,24,474,17,5,29738,1,1,1,7,1,0.312,1.406,1
57,101917,81106,24,684,15,5,46921,1,1,2,5,9,0.46,0.796,1
52,89200,53665,24,540,1,3,61068,3,0,1,3,8,0.685,0.602,0
53,130848,86010,24,846,19,1,23581,0,0,3,4,2,0.18,0.657,1
21,131022,77573,12,313,15,2,21485,1,1,2,2,8,0.164,0.592,1
39,173226,112803,60,494,2,4,36294,3,1,3,5,6,0.21,0.651,0
22,175611,124682,48,696,29,2,53001,0,1,3,1,5,0.302,0.71,1
64,85058,18386,60,730,1,3,1634,3,0,3,0,2,0.019,0.216,1
46,87068,129069,12,605,34,4,43969,3,0,2,4,6,0.505,1.482,0
52,124932,59460,12,633,25,0,93,0,1,3,2,2,0.001,0.476,0
26,186445,142293,12,709,4,0,28370,3,0,0,5,5,0.152,0.763,0
52,189226,120375,12,302,1,4,19750,1,0,0,4,7,0.104,0.636,1
24,162103,117660,24,751,19,2,16472,3,0,3,1,4,0.102,0.726,0
31,47785,96319,60,794,33,2,18934,1,1,1,2,2,0.396,2.016,0
37,184741,121582,36,716,33,0,43774,2,0,3,7,5,0.237,0.658,0
58,119475,140994,48,690,19,0,39125,2,1,3,4,7,0.327,1.18,1
44,27282,47771,12,672,24,3,66981,2,0,1,2,9,2.455,1.751,1
25,190696,57335,60,351,19,4,39103,3,1,2,7,2,0.205,0.301,1
54,92534,57949,12,675,24,2,60085,2,1,2,2,4,0.649,0.626,1
26,187777,100558,12,694,13,3,56543,2,0,3,4,8,0.301,0.536,0
42,194316,107272,12,441,11,2,16938,3,0,0,2,9,0.087,0.552,0
31,99964,7716,12,385,4,0,77492,0,1,0,1,9,0.775,0.077,0
36,193509,76916,12,763,1,4,51586,3,1,0,4,2,0.267,0.397,1
53,144006,55906,48,345,15,1,58024,1,0,3,5,1,0.403,0.388,1
29,75583,5463,60,537,29,4,39687,3,1,0,6,7,0.525,0.072,0
26,63392,79694,12,309,23,5,71129,0,1,0,4,6,1.122,1.257,0
36,32461,73694,12,829,29,1,26207,2,0,2,1,8,0.807,2.27,0
49,125123,25008,12,477,10,3,49354,3,0,3,1,3,0.394,0.2,1
23,35516,75474,12,305,13,1,37310,2,0,2,1,2,1.051,2.125,0
40,173586,43185,24,606,22,1,48960,1,0,1,7,9,0.282,0.249,1
56,146251,92924,24,847,15,3,61262,0,1,2,5,4,0.419,0.635,0
39,192340,39980,36,626,20,4,13403,2,0,3,5,0,0.07,0.208,1
46,192860,27504,12,655,3,3,13065,2,0,0,6,4,0.068,0.143,0
23,87493,59970,36,694,32,5,26801,2,0,3,6,2,0.306,0.685,0
39,61027,21766,48,599,13,0,29230,2,0,2,2,0,0.479,0.357,0
40,118547,121944,36,825,18,0,72706,3,1,3,2,2,0.613,1.029,0
52,198921,98922,60,584,4,1,29968,0,1,3,3,4,0.151,0.497,0
27,125127,147767,24,629,30,3,42517,0,0,2,6,4,0.34,1.181,0
61,173930,125494,24,349,17,3,53239,2,0,2,6,9,0.306,0.722,0
53,104003,13802,12,677,30,3,32655,0,0,1,2,7,0.314,0.133,1
60,64758,39159,12,837,29,5,62771,2,0,1,1,0,0.969,0.605,1
59,79312,16516,48,443,20,5,45984,1,1,2,3,6,0.58,0.208,0
38,93670,55492,48,359,29,4,11049,1,1,3,6,4,0.118,0.592,0
60,107279,34086,60,374,3,2,72321,1,1,2,1,2,0.674,0.318,1
21,40434,118758,12,302,4,2,64813,0,1,0,0,3,1.603,2.937,1
31,100769,35480,12,747,9,2,4655,2,0,1,7,2,0.046,0.352,1
48,91677,133023,48,574,26,4,72454,3,1,0,6,7,0.79,1.451,0
45,108555,115195,48,829,15,3,68972,3,1,3,5,3,0.635,1.061,1
43,153379,43737,48,514,29,2,21432,1,0,0,4,2,0.14,0.285,1
51,126665,14265,24,784,12,3,65896,1,1,2,0,1,0.52,0.113,1
50,196675,119165,36,628,20,1,70135,0,1,2,5,2,0.357,0.606,1
62,93803,124501,36,554,14,2,42936,3,1,2,5,6,0.458,1.327,0
55,195404,75990,12,686,19,1,13750,0,0,0,7,5,0.07,0.389,0
27,116703,20386,24,425,19,4,27987,1,0,0,1,9,0.24,0.175,1
36,46312,109718,48,849,4,0,26165,2,0,0,2,4,0.565,2.369,1
46,142961,42425,12,623,31,5,50541,2,0,2,4,7,0.354,0.297,0
22,65379,126635,24,503,5,4,24346,2,1,2,2,0,0.372,1.937,0
21,42297,58634,60,471,29,4,3514,1,1,2,2,2,0.083,1.386,1
32,27011,91988,24,516,25,4,24838,0,0,0,6,1,0.92,3.406,1
25,145234,111337,12,544,12,2,27559,2,0,0,4,1,0.19,0.767,0
57,69014,146215,36,635,28,1,59207,3,0,3,4,0,0.858,2.119,0
52,167810,72443,48,597,4,5,16385,3,1,1,0,4,0.098,0.432,0
29,119333,34424,60,481,24,2,18317,1,1,2,1,4,0.153,0.288,1
61,36120,93844,24,633,12,0,393,3,0,0,2,2,0.011,2.598,0
55,164839,46984,12,810,23,5,24881,3,0,1,7,8,0.151,0.285,0
39,47852,46505,12,682,30,4,27955,1,0,0,1,5,0.584,0.972,0
36,104239,107478,48,498,19,3,58308,0,0,0,1,9,0.559,1.031,0
23,157001,67699,12,631,7,0,58014,2,0,2,7,5,0.37,0.431,1
40,116575,119012,12,464,8,1,65430,1,0,1,6,9,0.561,1.021,0
44,120040,39758,48,541,20,0,72031,3,0,0,3,5,0.6,0.331,0
53,173510,141668,60,526,19,2,59596,2,0,1,0,1,0.343,0.816,0
44,30744,21374,36,750,14,3,1713,2,1,1,2,9,0.056,0.695,0
31,198489,123686,36,495,25,2,20428,2,0,2,5,9,0.103,0.623,0
28,163141,8775,24,503,10,5,62160,1,1,1,4,7,0.381,0.054,1
56,67359,32388,60,757,10,4,66171,2,0,3,4,5,0.982,0.481,1
58,175871,128800,24,556,26,4,60843,0,1,3,1,2,0.346,0.732,1
60,123746,26029,36,828,29,0,23003,3,0,2,7,9,0.186,0.21,1
40,145906,88981,48,571,18,4,42077,1,0,2,0,8,0.288,0.61,0
55,32597,58639,12,308,33,4,26730,1,1,3,0,1,0.82,1.799,0
45,72093,119010,36,500,22,5,72981,2,0,2,2,6,1.012,1.651,0
55,193298,36105,60,358,0,1,79817,3,1,1,2,2,0.413,0.187,0
45,139650,149740,36,692,2,1,72138,2,1,0,1,5,0.517,1.072,0
49,182489,131519,60,418,2,2,65573,2,1,2,1,4,0.359,0.721,0
38,174765,147429,60,698,27,2,28869,1,0,3,1,5,0.165,0.844,1
38,145956,107739,60,630,13,1,31076,0,1,0,3,7,0.213,0.738,1
22,140598,56796,24,566,29,0,25094,3,0,1,0,2,0.178,0.404,1
55,158241,20804,48,819,4,1,26817,3,1,0,1,1,0.169,0.131,1
36,178124,132732,36,779,14,2,10555,3,0,3,6,7,0.059,0.745,0
61,33036,12951,48,433,13,3,70656,3,1,0,0,0,2.139,0.392,0
56,56778,142521,12,654,13,4,50193,0,1,3,5,1,0.884,2.51,0
53,183806,24065,36,797,7,5,4715,1,0,2,4,9,0.026,0.131,0
24,179245,106503,48,406,7,3,34162,0,0,2,4,0,0.191,0.594,0
53,186475,110072,48,589,18,3,38458,2,0,3,0,4,0.206,0.59,0
34,162416,145202,12,446,31,4,3140,1,0,2,5,7,0.019,0.894,0
41,43800,94360,60,626,30,1,74174,0,0,1,4,1,1.693,2.154,1
40,50372,67287,36,714,28,0,17383,3,0,0,4,3,0.345,1.336,1
28,86516,142126,36,509,10,3,17718,3,0,3,4,3,0.205,1.643,0
27,45538,112357,12,595,12,0,76160,1,0,3,2,6,1.672,2.467,0
23,88918,34670,60,697,26,5,57399,0,0,3,5,0,0.646,0.39,0
37,171045,54112,36,402,18,5,21863,1,1,1,7,8,0.128,0.316,1
53,96155,93388,36,807,25,5,71626,3,1,1,2,2,0.745,0.971,0
32,84500,94156,36,508,8,2,11377,0,1,1,0,5,0.135,1.114,1
42,192647,52922,60,727,27,3,60523,3,1,3,0,9,0.314,0.275,0
42,198333,98348,12,692,31,5,14870,1,0,1,3,4,0.075,0.496,1
50,135659,84335,36,408,2,2,57487,1,1,2,7,3,0.424,0.622,1
58,52716,31312,48,647,31,5,19300,1,1,0,2,8,0.366,0.594,1
58,159308,71985,60,349,4,1,55951,1,1,2,0,8,0.351,0.452,1
28,171920,135744,24,404,7,3,67639,1,0,2,7,0,0.393,0.79,1
47,27352,105963,12,719,13,2,72126,2,0,1,2,6,2.637,3.874,0
47,158004,36551,48,672,2,5,42980,1,1,3,3,9,0.272,0.231,1
54,101449,94813,36,326,23,2,32050,1,1,2,0,8,0.316,0.935,0
41,33556,106025,24,572,12,5,2921,3,1,0,0,4,0.087,3.16,1
50,111836,129342,12,639,28,1,70270,1,0,1,0,0,0.628,1.157,1
53,161570,14637,60,600,7,0,30328,0,1,2,0,7,0.188,0.091,0
48,75098,48258,24,779,30,5,60820,1,1,1,1,4,0.81,0.643,1
53,137169,145896,24,843,25,0,23138,2,0,0,5,5,0.169,1.064,0
25,165641,134553,48,564,17,3,12094,1,1,1,5,6,0.073,0.812,1
39,151060,31950,12,841,17,1,65264,3,1,3,2,9,0.432,0.212,1
24,155544,132870,48,465,6,3,9028,0,1,2,2,6,0.058,0.854,1
55,25340,5215,48,615,15,0,15432,0,1,2,7,6,0.609,0.206,0
37,107302,110603,36,300,32,1,43819,1,1,3,7,0,0.408,1.031,1
64,25138,16523,60,560,2,4,5312,1,1,0,2,6,0.211,0.657,0
48,156430,73689,24,362,3,1,25973,1,1,0,3,2,0.166,0.471,0
50,144619,28834,12,782,3,1,55305,1,1,1,6,4,0.382,0.199,1
49,110376,39474,60,620,8,4,28973,3,0,2,1,9,0.262,0.358,0
26,124931,48066,60,500,16,2,44390,3,1,0,6,4,0.355,0.385,1
55,186726,15400,12,521,16,2,16099,0,1,3,2,7,0.086,0.082,0
61,181951,130211,60,451,32,2,49956,1,1,3,7,6,0.275,0.716,0
57,106532,15345,36,761,19,0,14063,3,0,3,7,6,0.132,0.144,1
44,80778,38896,60,516,13,1,9605,3,1,0,2,5,0.119,0.482,0
49,62772,33899,36,495,21,5,77904,0,0,3,0,6,1.241,0.54,0
51,83478,33229,24,501,26,4,72964,0,1,2,7,6,0.874,0.398,1
55,51762,10583,24,533,2,5,51205,2,0,0,6,4,0.989,0.204,0
53,169355,140969,48,440,23,0,15817,3,0,0,7,4,0.093,0.832,0
41,195492,76537,36,797,29,4,2420,0,0,2,0,3,0.012,0.392,0
52,80568,140639,24,356,7,5,69853,3,1,3,7,3,0.867,1.746,0
43,110090,79807,60,803,21,0,27728,3,1,0,6,4,0.252,0.725,1
53,45219,134648,12,441,24,0,57858,1,0,2,6,9,1.28,2.978,1
23,82169,117652,12,838,9,0,49089,1,1,2,0,8,0.597,1.432,1
38,99965,149401,36,405,28,4,28964,1,0,1,2,5,0.29,1.495,0
45,109754,76792,48,464,0,5,76992,1,1,3,0,7,0.701,0.7,0
62,102988,136300,60,514,20,5,42240,3,1,3,2,8,0.41,1.323,0
51,175023,42052,36,370,23,3,12675,2,0,2,6,3,0.072,0.24,0
23,157379,51032,12,389,8,0,60049,2,0,0,3,6,0.382,0.324,0
60,105388,38686,36,527,25,2,48436,2,1,1,3,4,0.46,0.367,0
44,115768,81981,60,378,8,1,40213,3,0,1,4,3,0.347,0.708,1
52,60428,103802,24,648,19,3,28111,2,0,0,7,6,0.465,1.718,0
42,117021,138881,60,545,34,3,4284,3,1,1,1,2,0.037,1.187,1
43,143418,47818,24,571,8,4,17585,0,0,0,0,0,0.123,0.333,0
22,195047,105422,24,702,21,3,65039,2,1,1,5,6,0.333,0.54,0
47,157212,76927,24,415,0,5,7131,3,1,0,0,8,0.045,0.489,0
62,180914,84465,36,734,4,4,43382,0,0,2,1,1,0.24,0.467,1
22,51421,118221,12,829,8,4,33527,1,0,2,7,6,0.652,2.299,1
46,26708,42333,36,741,18,2,30936,0,0,1,7,9,1.158,1.585,0
37,159702,131457,12,471,7,0,53441,0,1,1,6,1,0.335,0.823,1
60,175667,21576,60,315,31,3,54598,2,0,2,1,2,0.311,0.123,0
53,101021,124875,48,355,12,0,79220,1,1,3,6,9,0.784,1.236,0
29,184380,44405,60,402,19,0,20642,1,0,0,4,9,0.112,0.241,1
63,69789,99000,36,583,29,0,69907,2,0,3,1,2,1.002,1.419,1
59,51086,36601,36,816,9,4,12651,0,1,1,2,3,0.248,0.716,1
49,41859,72946,12,577,30,0,1665,3,0,2,0,5,0.04,1.743,0
62,32684,57116,36,568,24,3,6918,2,0,1,1,2,0.212,1.748,0
46,116088,109186,24,699,28,4,23007,0,1,3,2,8,0.198,0.941,1
55,157279,67894,36,802,23,3,75730,3,0,2,1,1,0.482,0.432,1
45,71099,12465,12,385,20,4,25035,2,0,2,5,6,0.352,0.175,1
44,91093,61754,12,619,8,1,76749,2,1,2,2,5,0.843,0.678,0
33,185761,97850,24,331,1,1,22211,1,0,0,3,1,0.12,0.527,1
27,73651,114765,12,635,3,1,54587,1,0,1,7,2,0.741,1.558,0
56,38893,97691,48,350,7,1,26866,1,1,3,2,5,0.691,2.512,0
40,91418,43871,60,378,31,4,7344,3,0,0,4,9,0.08,0.48,0
21,150074,34511,36,473,13,0,68737,2,0,3,6,3,0.458,0.23,0
28,128065,85960,48,800,12,2,70288,1,0,0,2,0,0.549,0.671,0
36,155351,70776,36,375,20,5,62546,1,1,2,1,0,0.403,0.456,0
34,63635,49462,48,615,23,2,10327,2,0,0,3,2,0.162,0.777,0
32,120071,37574,36,672,17,1,48659,3,1,1,7,7,0.405,0.313,0
43,103518,107072,24,380,25,0,45797,1,0,1,7,3,0.442,1.034,0
35,131233,83282,12,370,31,3,71627,0,0,3,3,0,0.546,0.635,0
48,128651,114779,12,370,32,0,27608,3,0,2,2,7,0.215,0.892,0
54,97805,23557,24,345,30,3,28285,1,0,2,1,9,0.289,0.241,0
22,184136,77104,48,346,17,2,48634,0,0,3,7,5,0.264,0.419,0
52,147813,142152,60,721,34,0,40289,1,0,1,3,0,0.273,0.962,0
43,104063,149926,48,448,11,0,18007,3,0,1,5,9,0.173,1.441,0
42,27454,127013,12,429,24,5,25257,2,0,3,2,9,0.92,4.626,0
45,45878,46081,60,755,30,2,29784,2,0,2,2,5,0.649,1.004,1
42,169063,140440,36,804,9,0,38588,3,1,3,6,0,0.228,0.831,0
42,93344,124181,60,543,33,3,44221,1,0,3,7,9,0.474,1.33,0
62,129946,32094,48,773,2,0,21378,3,1,0,7,9,0.165,0.247,1
26,61593,71766,24,681,7,3,4696,0,1,3,7,2,0.076,1.165,1
35,61304,88053,36,402,31,1,34635,1,0,1,2,1,0.565,1.436,0
63,186458,6301,48,788,28,0,58543,3,1,3,3,3,0.314,0.034,1
57,138613,86463,36,336,21,3,19207,2,1,2,0,1,0.139,0.624,1
53,177155,29466,60,848,19,2,27524,3,1,2,1,4,0.155,0.166,0
28,43354,31081,12,819,5,1,28554,1,1,1,4,3,0.659,0.717,1
64,47190,29354,48,632,28,0,11817,3,0,2,4,5,0.25,0.622,1
64,31142,98297,24,696,16,5,55258,2,1,3,7,6,1.774,3.156,0
25,184470,23300,60,595,30,3,62582,0,0,1,1,1,0.339,0.126,0
59,66862,69384,48,406,33,5,168,3,1,2,0,1,0.003,1.038,0
24,175575,100027,24,829,3,0,42981,3,1,3,6,7,0.245,0.57,0
26,150438,126684,48,382,1,3,65199,0,1,2,6,8,0.433,0.842,0
52,73456,65892,60,587,11,0,64948,3,0,0,6,4,0.884,0.897,0
50,125167,40525,48,760,34,1,57782,2,0,2,6,6,0.462,0.324,0
55,107035,11464,36,514,5,1,61599,0,0,1,1,8,0.576,0.107,0
60,33016,21562,60,580,7,0,73563,2,0,3,2,0,2.228,0.653,0
36,27384,112392,48,758,20,0,16291,2,1,3,5,7,0.595,4.104,0
33,171144,60514,12,643,34,4,53833,2,0,1,1,9,0.315,0.354,0
62,127239,118428,48,493,14,0,32992,1,1,0,1,9,0.259,0.931,1
50,136431,117564,36,457,6,0,39350,0,0,3,5,8,0.288,0.862,0
39,105018,113047,24,764,14,5,1573,1,1,1,3,8,0.015,1.076,0
37,65510,37634,24,403,5,5,8577,1,1,2,4,9,0.131,0.574,1
39,46826,5060,24,333,16,1,8712,3,0,0,7,6,0.186,0.108,0
48,93026,14269,12,401,3,5,29948,0,1,1,4,9,0.322,0.153,0
46,146668,28065,36,624,21,0,77700,3,1,2,7,2,0.53,0.191,1
57,181590,7895,60,440,31,2,5217,1,1,3,2,4,0.029,0.043,0
46,49045,85859,24,773,21,0,60178,3,1,3,5,1,1.227,1.751,1
43,115102,148424,36,330,26,4,26409,2,1,0,6,9,0.229,1.289,0
29,76919,109127,48,362,14,3,49040,1,0,2,6,2,0.638,1.419,0
32,124441,101426,12,386,21,1,78270,2,0,1,2,9,0.629,0.815,0
21,183175,16962,36,603,27,5,79066,0,1,3,3,6,0.432,0.093,0
21,192260,38302,36,360,8,2,77930,3,1,1,2,0,0.405,0.199,1
54,161917,90382,60,695,33,3,67035,1,0,1,5,2,0.414,0.558,0
52,192746,9011,36,633,8,2,9669,0,0,1,5,4,0.05,0.047,1
45,143325,134716,60,710,14,1,58247,2,0,0,0,3,0.406,0.94,1
60,44337,24782,12,583,19,5,58975,3,1,1,3,2,1.33,0.559,0
21,178385,125654,12,765,7,4,28562,3,1,0,5,5,0.16,0.704,0
36,183015,14196,48,379,27,1,21629,1,0,0,5,5,0.118,0.078,0
59,102949,48459,60,376,18,2,61463,3,0,2,3,3,0.597,0.471,0
25,25276,92245,60,839,15,2,46007,3,0,3,6,8,1.82,3.65,1
42,76151,83863,24,660,10,1,18128,2,1,1,1,5,0.238,1.101,1
49,173683,128206,24,376,7,0,2039,2,1,2,6,8,0.012,0.738,0
23,168016,106010,48,808,32,1,3857,2,1,2,1,9,0.023,0.631,0
32,77887,37769,12,463,9,5,59019,0,0,2,0,9,0.758,0.485,0
46,106442,112529,24,308,17,5,70486,0,1,2,6,1,0.662,1.057,0
36,74847,29700,36,474,34,4,12735,3,0,2,5,5,0.17,0.397,0
57,83653,10269,12,761,2,1,34511,0,0,1,3,3,0.413,0.123,0
42,81622,126631,36,606,26,3,46051,1,0,2,3,1,0.564,1.551,1
49,52810,48880,60,544,27,5,52693,2,1,3,7,4,0.998,0.926,0
34,102842,119003,12,421,5,5,69152,0,1,0,1,2,0.672,1.157,0
48,147225,144392,48,484,13,5,29756,3,1,0,6,5,0.202,0.981,1
25,35503,54589,60,331,6,0,3894,2,1,3,4,7,0.11,1.538,1
50,109761,40897,60,609,9,3,43232,0,1,1,4,3,0.394,0.373,1
25,193048,19380,36,671,14,1,53214,2,1,0,5,3,0.276,0.1,1
32,151439,75934,60,355,30,0,69817,0,0,3,1,4,0.461,0.501,0
36,36590,60830,24,572,28,5,63862,3,0,3,5,5,1.745,1.662,1
46,166958,10529,12,763,16,3,30036,0,1,2,2,6,0.18,0.063,1
46,168938,99598,24,755,28,3,18584,0,1,0,3,5,0.11,0.59,0
41,91624,87987,36,548,14,0,32308,0,1,2,6,6,0.353,0.96,1
59,188864,54178,36,377,25,5,28333,2,0,1,6,8,0.15,0.287,0
56,165836,143009,12,833,11,0,35949,0,1,0,5,3,0.217,0.862,1
53,145356,126952,60,407,24,2,39288,0,0,0,0,9,0.27,0.873,1
50,67727,44886,48,572,4,5,78588,0,1,3,6,0,1.16,0.663,0
57,103471,54699,36,314,3,0,77807,2,0,0,4,8,0.752,0.529,1
43,33068,81396,12,669,30,1,45267,3,0,1,5,6,1.369,2.461,0
30,141923,95678,48,603,2,5,32175,3,1,1,2,3,0.227,0.674,0
25,163367,30279,60,504,2,4,8915,3,0,0,3,9,0.055,0.185,1
56,197232,115776,36,412,25,5,72454,0,0,3,7,7,0.367,0.587,1
54,36390,106444,12,552,16,2,59722,2,0,1,6,6,1.641,2.925,0
51,131752,111300,12,740,9,0,65298,3,0,2,7,1,0.496,0.845,1
30,176203,118793,12,485,1,4,13805,3,1,1,2,0,0.078,0.674,1
39,119754,121278,36,526,23,2,40517,3,0,0,7,8,0.338,1.013,0
52,100969,108247,48,827,10,1,54716,1,0,2,5,6,0.542,1.072,0
21,171110,13997,12,653,23,5,2871,2,0,0,3,9,0.017,0.082,1
25,102064,111102,60,300,34,4,37375,1,1,0,3,0,0.366,1.089,0
24,46281,90711,12,719,22,0,45741,0,1,0,1,3,0.988,1.96,0
36,79189,121045,48,460,31,0,23148,3,0,3,1,4,0.292,1.529,0
44,73511,45860,36,460,22,1,5834,0,1,3,7,4,0.079,0.624,0
36,147115,8225,12,427,33,2,42680,2,1,1,0,4,0.29,0.056,1
22,33605,115114,12,450,18,4,3399,0,1,0,0,2,0.101,3.426,1
48,125318,118218,60,743,1,1,64091,0,1,2,6,4,0.511,0.943,1
52,157453,105764,60,770,1,2,21762,3,1,2,7,3,0.138,0.672,1
47,44810,112041,12,762,14,3,51009,2,1,2,2,4,1.138,2.5,0
40,180394,117224,12,329,20,3,76493,0,1,3,1,6,0.424,0.65,0
44,66869,68656,60,772,34,2,51548,1,0,3,3,4,0.771,1.027,0
32,57955,81290,48,379,4,0,28340,3,0,0,1,7,0.489,1.403,0
55,86388,61633,24,338,26,0,61365,1,0,2,7,7,0.71,0.713,0
53,35207,31655,24,539,23,3,59790,3,1,2,3,2,1.698,0.899,0
53,184292,126118,12,636,6,0,67797,0,0,3,1,4,0.368,0.684,0
63,47031,8114,60,579,5,0,11809,3,1,3,3,3,0.251,0.173,1
57,105807,31502,36,415,32,2,17696,0,1,2,7,4,0.167,0.298,1
32,96312,54768,36,568,16,5,51457,1,0,2,2,7,0.534,0.569,1
23,84766,53128,24,634,29,2,21891,0,0,1,1,3,0.258,0.627,1
21,168521,88123,48,611,7,0,59151,3,0,3,4,4,0.351,0.523,1
53,114833,113255,24,352,6,2,63008,3,0,0,4,6,0.549,0.986,0
60,136041,8174,12,367,5,4,52488,3,1,0,3,2,0.386,0.06,0
30,141185,122769,48,333,3,3,56632,1,0,2,2,5,0.401,0.87,0
63,35350,40398,36,685,0,5,66533,2,0,3,3,8,1.882,1.143,0
64,125859,140393,60,548,14,4,71889,1,1,0,2,3,0.571,1.115,0
49,93487,128549,60,410,30,4,57942,0,1,3,7,3,0.62,1.375,1
33,173694,77635,12,393,24,0,9275,0,1,2,0,5,0.053,0.447,0
32,148853,28760,24,709,32,0,19965,1,1,2,1,5,0.134,0.193,1
51,78117,147432,12,478,34,4,35854,1,1,2,2,2,0.459,1.887,0
22,126084,146385,60,346,4,4,15973,0,0,3,7,0,0.127,1.161,1
55,48782,135674,36,675,4,1,26878,0,0,0,3,2,0.551,2.781,0
43,53454,141873,60,501,16,1,17105,0,1,1,6,7,0.32,2.654,0
37,92904,19130,48,744,13,3,64746,2,0,0,6,7,0.697,0.206,0
46,154936,112215,60,596,28,4,39935,2,1,3,0,5,0.258,0.724,1
28,171664,93095,60,607,7,2,32784,1,0,0,6,6,0.191,0.542,0
49,178245,65942,48,792,33,5,31601,1,0,1,3,1,0.177,0.37,1
46,189276,148933,24,637,0,1,39865,2,0,0,4,8,0.211,0.787,0
30,191668,103970,60,365,28,0,78701,3,0,1,4,2,0.411,0.542,0
46,190396,87203,12,721,28,4,18616,2,0,3,1,1,0.098,0.458,0
54,147258,93177,60,839,4,2,11654,1,1,2,5,4,0.079,0.633,1
61,136668,77902,12,792,31,5,17830,2,0,1,1,0,0.13,0.57,1
27,149184,97172,48,616,23,2,16205,3,0,3,6,4,0.109,0.651,0
24,186822,25056,60,374,18,2,42425,1,0,2,0,9,0.227,0.134,1
31,41566,143454,48,358,11,0,77495,0,0,1,6,3,1.864,3.451,1
49,163262,60739,48,685,0,1,77355,1,1,2,4,5,0.474,0.372,1
56,63333,86685,24,314,6,2,35851,2,1,0,7,4,0.566,1.369,1
45,146929,53639,60,530,16,5,6952,2,1,3,2,8,0.047,0.365,0
41,114571,5992,12,498,33,1,47405,3,0,3,4,4,0.414,0.052,0
56,145263,77394,12,653,6,3,5391,2,1,3,5,7,0.037,0.533,0
30,157661,72657,60,334,16,0,62468,3,1,3,1,1,0.396,0.461,0
57,50235,32160,24,461,2,1,15091,1,1,1,3,2,0.3,0.64,0
29,25159,50156,24,770,28,1,30237,2,1,0,6,2,1.202,1.994,1
44,168217,91442,24,830,21,2,58353,1,0,2,0,2,0.347,0.544,0
55,187993,122925,12,722,28,5,74500,0,0,3,5,5,0.396,0.654,0
55,129859,9136,48,647,4,2,40682,0,0,3,4,6,0.313,0.07,1
56,172309,66868,24,446,29,5,49634,3,0,1,2,6,0.288,0.388,0
38,132507,87263,12,673,22,0,26968,2,1,1,5,6,0.204,0.659,1
59,164316,37167,12,715,20,1,54833,1,0,1,7,2,0.334,0.226,1
52,39743,115957,48,793,25,4,40205,1,0,0,7,0,1.012,2.918,0
44,71101,20479,60,555,20,5,76907,2,0,2,2,5,1.082,0.288,0
43,146534,124392,60,402,19,5,42541,1,1,0,2,2,0.29,0.849,0
52,109227,140895,24,420,22,2,28285,2,1,3,0,2,0.259,1.29,1
57,96126,24585,24,718,3,2,52513,2,1,1,7,2,0.546,0.256,0
32,81071,31619,48,649,20,3,15430,0,0,3,2,8,0.19,0.39,1
33,99763,80069,24,341,20,5,9033,2,0,2,2,3,0.091,0.803,0
43,168309,44895,48,666,0,0,19918,1,0,2,7,4,0.118,0.267,0
45,171721,8720,12,328,14,1,18256,2,0,0,4,2,0.106,0.051,0
55,193785,24267,24,313,16,1,48522,0,1,0,0,9,0.25,0.125,0
61,71154,58364,12,784,13,1,64353,0,0,1,7,0,0.904,0.82,0
50,32016,56567,36,488,18,5,31188,3,1,1,7,3,0.974,1.767,0
37,114678,96229,48,594,33,2,55134,1,1,3,3,0,0.481,0.839,0
40,137056,83518,36,482,5,0,52657,2,0,1,7,6,0.384,0.609,0
45,79238,87844,24,847,5,1,36088,1,1,1,3,6,0.455,1.109,0
42,83608,95697,12,336,4,5,14979,1,0,3,2,3,0.179,1.145,1
33,114081,62196,24,313,6,4,68264,2,0,2,5,4,0.598,0.545,0
39,187969,120600,36,458,32,3,50106,0,0,1,7,9,0.267,0.642,0
56,75961,105625,24,793,12,3,1595,1,0,1,1,6,0.021,1.391,0
32,51917,136567,60,628,0,1,32624,3,1,3,0,5,0.628,2.63,1
61,178808,49755,36,382,12,2,67824,1,1,3,6,3,0.379,0.278,0
39,52990,38324,24,321,26,3,40431,0,0,3,1,3,0.763,0.723,0
32,87551,83929,12,431,6,3,17127,3,1,3,0,1,0.196,0.959,1
29,178512,137624,24,764,2,3,17878,3,1,3,0,9,0.1,0.771,1
27,191277,56272,12,755,24,3,72480,3,1,1,4,1,0.379,0.294,1
48,105811,79462,60,601,32,1,60690,3,0,0,7,3,0.574,0.751,1
34,80103,59675,24,566,16,5,77838,2,0,0,2,4,0.972,0.745,0
51,197699,78591,60,694,13,0,56360,2,0,0,4,3,0.285,0.398,1
39,131122,37363,36,419,22,0,207,2,1,1,7,2,0.002,0.285,1
36,44008,82004,12,545,23,2,1083,3,0,2,5,1,0.025,1.863,1
25,57402,45718,36,337,28,5,51564,0,0,1,6,3,0.898,0.796,1
55,161865,118627,12,544,26,4,3311,1,0,0,1,4,0.02,0.733,1
32,161643,31870,60,320,22,0,23135,3,0,0,1,0,0.143,0.197,0
45,172281,42394,48,409,30,4,57109,0,0,3,3,0,0.331,0.246,0
41,138550,57057,24,693,16,0,61354,1,0,3,5,5,0.443,0.412,1
56,199220,84795,60,709,2,0,63647,3,1,3,6,4,0.319,0.426,0
43,116218,85409,12,307,4,2,59301,1,0,1,5,3,0.51,0.735,0
36,158296,18016,12,743,14,3,62233,2,1,2,7,0,0.393,0.114,1
59,145779,47137,12,627,5,2,46212,2,0,2,4,6,0.317,0.323,1
62,154714,136225,12,589,9,0,57776,2,1,3,7,3,0.373,0.88,0
59,57441,143925,24,810,31,5,71386,0,1,2,4,2,1.243,2.506,1
34,195201,17379,36,660,22,3,51588,2,1,0,5,6,0.264,0.089,1
51,87368,126169,48,518,16,5,31716,0,0,0,4,1,0.363,1.444,1
25,117122,131082,24,705,19,5,78255,2,0,3,3,9,0.668,1.119,0
55,69760,118089,12,519,14,5,21777,2,1,3,7,0,0.312,1.693,1
43,48478,16049,24,406,21,3,49285,2,1,3,6,3,1.017,0.331,0
49,152881,136858,60,585,5,5,28788,0,0,2,6,7,0.188,0.895,1
63,96854,127784,12,307,3,3,4019,1,0,1,4,5,0.041,1.319,0
31,119230,52691,48,488,22,4,75018,0,0,3,4,8,0.629,0.442,0
38,110716,62986,12,380,18,0,46873,3,1,2,6,0,0.423,0.569,0
32,168252,99774,48,407,30,1,9895,3,1,3,5,0,0.059,0.593,1
29,123538,110315,48,620,2,5,79671,0,1,1,6,4,0.645,0.893,0
30,40372,62204,36,645,27,2,49013,0,1,3,5,5,1.214,1.541,1
64,54796,25085,36,627,2,4,59570,1,1,0,4,7,1.087,0.458,0
37,123826,38980,24,601,13,2,75923,0,0,3,4,2,0.613,0.315,0
58,145592,61117,24,499,17,1,47672,2,1,0,7,5,0.327,0.42,0
27,118635,145416,48,718,26,3,6121,1,1,0,7,2,0.052,1.226,0
33,136022,20896,12,338,9,1,67863,0,0,2,5,7,0.499,0.154,0
60,79040,94353,60,606,14,2,18930,0,0,2,1,3,0.239,1.194,0
62,100357,34813,60,303,18,1,49987,3,0,0,2,1,0.498,0.347,0
29,103356,70679,12,376,8,0,35502,1,1,0,1,8,0.343,0.684,0
47,41211,146753,12,767,3,1,31688,3,0,3,4,9,0.769,3.561,1
22,130426,8228,36,478,14,5,7304,0,1,3,0,7,0.056,0.063,1
25,30842,140654,60,575,7,0,4049,1,0,0,0,5,0.131,4.56,0
49,91852,16397,48,451,0,5,14947,2,1,2,3,2,0.163,0.179,1
57,150737,42011,24,463,6,1,9495,0,1,3,1,1,0.063,0.279,1
58,70968,84183,36,589,30,0,24707,0,0,3,5,3,0.348,1.186,0
39,42508,98254,60,677,17,0,61920,3,1,3,7,3,1.457,2.311,0
28,178077,47317,12,609,11,1,44544,2,0,2,3,0,0.25,0.266,0
21,79575,107489,60,688,29,4,30706,0,1,0,3,8,0.386,1.351,1
42,175043,45096,48,482,32,3,33993,3,1,3,0,9,0.194,0.258,1
37,181671,58785,36,605,6,3,14987,3,1,2,1,7,0.082,0.324,0
27,91914,57344,12,371,27,3,19089,0,0,2,2,6,0.208,0.624,0
45,92055,125382,48,518,2,0,65997,1,1,2,6,5,0.717,1.362,0
24,112697,115489,24,472,5,3,9993,0,0,2,5,2,0.089,1.025,0
56,131239,16549,36,571,30,0,11465,2,1,3,1,3,0.087,0.126,1
26,148106,30739,48,767,14,4,32640,0,1,0,7,1,0.22,0.208,1
51,30355,26209,48,568,6,1,75997,1,0,0,3,6,2.504,0.863,0
39,79120,112051,12,319,29,1,12366,3,0,2,4,1,0.156,1.416,1
64,63342,20116,24,802,26,0,29895,2,1,0,3,9,0.472,0.318,1
59,27257,25045,48,446,16,0,1785,2,1,3,1,0,0.065,0.919,0
47,52364,40709,36,728,17,4,6242,2,1,0,0,5,0.119,0.777,0
30,181044,48617,48,464,21,3,24529,2,1,0,6,3,0.135,0.269,0
46,136715,124779,60,609,25,4,64399,1,1,1,1,7,0.471,0.913,0
39,51654,47919,36,817,26,1,6356,1,1,0,2,0,0.123,0.928,0
59,106423,88521,36,313,23,1,23229,1,0,0,5,8,0.218,0.832,0
23,54320,11447,48,431,7,5,18220,1,1,2,5,5,0.335,0.211,0
33,45808,10499,12,738,20,3,25651,3,0,2,4,1,0.56,0.229,1
48,77389,44041,36,562,28,1,61850,0,1,1,4,7,0.799,0.569,1
40,143581,36315,60,524,20,5,34261,1,1,3,3,4,0.239,0.253,1
48,152927,137371,12,557,2,0,58479,0,0,1,1,4,0.382,0.898,0
28,59773,125506,12,533,30,1,50700,2,1,0,5,4,0.848,2.1,0
61,183819,141066,12,635,26,2,42380,3,1,0,0,6,0.231,0.767,0
59,101396,143561,36,708,26,3,79833,3,0,3,2,6,0.787,1.416,1
21,132692,96647,12,323,8,5,27011,0,1,3,3,9,0.204,0.728,1
23,82505,37355,48,570,32,3,48603,0,0,2,1,6,0.589,0.453,1
33,110896,78805,12,394,32,3,18447,0,1,0,0,9,0.166,0.711,1
48,43135,73367,60,441,25,2,75877,3,1,0,1,1,1.759,1.701,1
45,115887,114906,24,380,27,4,74678,1,0,0,0,7,0.644,0.992,1
53,147118,122409,60,573,30,0,64583,3,0,0,7,0,0.439,0.832,0
58,72377,82355,36,575,0,3,63056,1,1,0,6,1,0.871,1.138,0
26,179626,121220,12,764,19,1,12017,2,0,0,1,6,0.067,0.675,1
64,87491,92173,12,507,11,0,37880,1,0,0,1,3,0.433,1.054,0
52,83283,6996,48,595,16,1,1355,0,0,0,7,9,0.016,0.084,0
41,41923,49387,12,338,14,0,58936,1,1,2,6,9,1.406,1.178,1
36,72591,8089,60,587,33,0,64608,1,0,1,5,8,0.89,0.111,0
41,87261,103827,36,423,15,5,79756,3,0,0,3,8,0.914,1.19,0
31,79336,25659,24,582,3,1,47266,0,0,2,1,2,0.596,0.323,1
57,99083,50178,12,479,7,1,54554,2,0,0,1,2,0.551,0.506,0
56,85948,100965,24,396,33,0,58215,1,0,3,3,8,0.677,1.175,0
55,189074,86268,12,490,24,3,60656,2,1,0,3,9,0.321,0.456,0
39,51672,90042,36,373,14,1,54104,0,1,1,4,7,1.047,1.743,0
40,29213,111471,60,746,27,2,76844,1,1,2,4,0,2.63,3.816,0
38,166365,75111,36,796,8,2,969,3,1,3,5,5,0.006,0.451,1
61,87507,105435,24,783,1,0,254,2,1,3,3,6,0.003,1.205,0
34,82134,94242,12,415,16,4,10306,3,0,0,6,7,0.125,1.147,0
35,158172,118204,24,834,9,0,65516,2,0,1,2,1,0.414,0.747,1
51,53172,22199,60,397,8,0,68197,0,1,1,5,0,1.283,0.417,0
21,45132,65038,36,627,30,3,18223,1,0,0,0,3,0.404,1.441,1
23,43199,62786,24,706,1,3,71441,2,0,0,7,0,1.654,1.453,0
36,61609,114636,24,612,23,5,67967,3,0,2,3,1,1.103,1.861,0
43,199037,54294,60,447,18,4,73292,2,1,2,4,2,0.368,0.273,1
31,164088,148737,12,641,16,4,70889,2,0,0,7,3,0.432,0.906,0
32,195851,5534,24,794,9,4,50117,2,0,0,1,5,0.256,0.028,0
30,56881,96828,60,322,27,4,1737,2,1,3,3,7,0.031,1.702,0
52,49472,41132,12,404,27,4,32476,2,1,1,3,8,0.656,0.831,0
36,192093,120720,12,521,0,0,24325,2,0,2,4,3,0.127,0.628,1
28,79131,41110,36,314,2,0,12326,3,0,0,4,0,0.156,0.52,0
58,180159,68580,60,377,14,5,12911,2,1,0,2,4,0.072,0.381,1
32,37828,69016,12,621,9,2,29080,2,1,2,5,4,0.769,1.824,0
44,121664,51233,36,540,20,2,22635,2,0,3,4,8,0.186,0.421,0
48,157473,134863,48,317,14,5,51179,1,0,3,4,5,0.325,0.856,1
28,40193,111311,60,753,22,5,5213,0,1,0,4,4,0.13,2.769,1
48,176379,39409,48,742,13,1,57142,0,0,1,7,9,0.324,0.223,1
56,127518,144810,12,576,14,0,63545,0,1,1,5,9,0.498,1.136,0
46,44611,29054,60,723,9,4,27940,3,1,0,1,4,0.626,0.651,1
28,199863,34709,36,775,8,1,48604,3,1,2,3,7,0.243,0.174,1
48,168022,114321,12,326,4,3,74332,3,0,1,3,0,0.442,0.68,1
48,101240,5363,60,813,24,0,49119,2,0,2,4,4,0.485,0.053,0
57,27745,15358,60,763,25,5,61604,0,1,2,6,0,2.22,0.554,1
61,80243,139312,48,662,7,2,16820,2,1,2,6,6,0.21,1.736,1
56,28866,50689,12,682,21,0,76502,1,1,3,5,6,2.65,1.756,1
47,188317,6936,36,824,24,5,67345,0,1,1,2,9,0.358,0.037,1
37,153681,117272,36,681,11,0,39314,1,0,3,4,7,0.256,0.763,0
29,96354,96074,12,483,8,0,40875,1,1,1,7,6,0.424,0.997,0
53,76374,5882,12,493,9,0,71041,2,1,0,5,8,0.93,0.077,0
40,139397,110227,24,761,9,3,70793,0,1,2,5,7,0.508,0.791,1
33,149577,130865,48,355,8,2,4909,1,0,1,7,7,0.033,0.875,0
48,186188,128745,12,529,25,0,14866,0,1,1,2,2,0.08,0.691,0
49,106029,33885,12,788,34,5,42789,1,1,0,5,9,0.404,0.32,0
33,118574,139275,24,327,26,3,65997,1,1,3,7,3,0.557,1.175,0
55,176519,138316,24,483,30,1,28460,2,1,1,3,3,0.161,0.784,0
26,55431,103322,60,724,18,0,48500,0,1,1,2,0,0.875,1.864,1
38,173980,73619,36,674,5,3,68769,2,0,3,2,5,0.395,0.423,0
25,54336,26584,48,340,14,4,12128,2,0,3,0,1,0.223,0.489,1
45,65992,13521,60,783,28,1,5202,2,0,1,2,8,0.079,0.205,0
22,80350,38541,12,559,4,2,65327,2,1,3,2,0,0.813,0.48,1
30,94561,34063,24,740,13,0,47965,2,1,0,7,0,0.507,0.36,0
50,76955,75268,36,383,1,0,31238,1,0,0,1,9,0.406,0.978,0
25,86240,131218,60,345,22,3,79258,0,1,2,3,5,0.919,1.522,1
53,176165,123206,36,739,18,2,49240,0,0,1,4,0,0.28,0.699,1
21,162227,138639,24,818,23,4,68837,2,1,0,7,2,0.424,0.855,0
38,71607,137746,60,737,19,1,54289,0,0,0,0,9,0.758,1.924,1
52,189559,81411,60,435,26,5,32544,1,0,0,2,1,0.172,0.429,1
31,177035,114876,36,482,23,2,60064,2,1,2,1,8,0.339,0.649,1
41,77870,145399,24,471,16,0,22413,3,1,3,1,4,0.288,1.867,1
46,89110,28331,12,838,24,3,48899,3,0,2,7,5,0.549,0.318,0
45,177008,28004,60,419,30,4,69969,1,0,2,5,1,0.395,0.158,1
42,141895,124243,12,580,27,3,33033,1,1,2,4,7,0.233,0.876,0
47,29426,146564,24,607,27,1,1378,3,0,2,4,5,0.047,4.981,0
33,52606,149821,60,576,21,2,6503,2,1,1,6,7,0.124,2.848,0
53,53151,68217,60,829,4,3,42774,1,0,1,3,7,0.805,1.283,0
54,36308,94044,12,594,7,5,59608,3,1,0,6,0,1.642,2.59,0
61,115306,14045,48,352,27,5,33617,2,1,2,5,6,0.292,0.122,1
55,131984,25116,12,731,11,3,4814,1,1,2,2,1,0.036,0.19,1
21,27204,23667,12,351,24,0,58335,0,0,0,1,7,2.144,0.87,1
41,117769,80057,48,371,14,3,23763,0,1,3,0,1,0.202,0.68,0
26,112265,79205,24,327,33,4,10000,0,1,1,3,3,0.089,0.706,1
48,56131,32302,24,768,12,2,3274,2,1,2,7,1,0.058,0.575,1
37,77428,147355,60,846,7,1,49868,1,0,3,2,6,0.644,1.903,0
25,58870,77534,36,700,12,5,54232,3,1,3,5,4,0.921,1.317,1
51,128547,18440,36,500,5,3,14227,1,1,2,4,8,0.111,0.143,0
25,74067,116001,60,765,31,4,17279,0,1,2,5,4,0.233,1.566,0
58,137217,51501,36,678,20,5,74904,0,1,3,2,7,0.546,0.375,1
23,177679,137341,12,476,6,5,64940,2,1,1,5,1,0.365,0.773,0
43,181040,12868,12,351,25,1,42736,3,0,1,4,2,0.236,0.071,1
57,123934,82909,48,378,14,5,9651,2,1,2,2,5,0.078,0.669,0
57,167980,89523,48,684,22,4,79439,3,1,2,0,6,0.473,0.533,1
30,182495,20734,60,307,14,5,7771,1,0,0,6,9,0.043,0.114,0
30,99707,88600,60,513,15,5,78996,2,0,0,3,7,0.792,0.889,0
39,86215,13433,60,324,31,3,70173,2,0,1,5,2,0.814,0.156,0
37,74429,145183,12,749,17,3,40834,2,0,0,4,6,0.549,1.951,0
41,107152,108986,36,756,19,2,3553,0,1,3,0,7,0.033,1.017,0
34,133048,68753,60,760,1,0,34117,0,0,3,1,9,0.256,0.517,0
29,194530,118783,60,497,22,4,77058,3,1,3,0,5,0.396,0.611,0
21,163731,26751,12,393,29,0,62137,1,0,3,0,3,0.38,0.163,0
33,102240,53570,12,736,2,0,34890,2,0,2,0,5,0.341,0.524,1
24,188865,29503,12,826,0,5,79428,0,1,3,7,8,0.421,0.156,0
21,138688,138851,36,677,21,1,8689,2,0,1,4,2,0.063,1.001,1
60,71473,91840,60,403,28,1,28063,3,0,0,7,1,0.393,1.285,0
52,121762,136827,24,338,13,5,57198,3,1,1,1,4,0.47,1.124,0
54,131956,44263,24,757,27,4,79598,1,0,2,3,6,0.603,0.335,1
48,143452,113491,60,663,20,0,1363,3,0,0,0,2,0.01,0.791,1
51,151311,60087,60,434,31,2,16691,2,0,0,4,4,0.11,0.397,1
28,32006,56482,60,673,5,0,2751,1,1,0,4,3,0.086,1.765,1
59,99218,127989,60,531,0,1,7782,1,1,3,3,6,0.078,1.29,0
46,189912,45115,36,338,20,0,12540,0,1,2,6,1,0.066,0.238,0
54,57430,19249,24,346,3,3,45991,2,1,1,2,6,0.801,0.335,1
23,48091,115361,48,335,2,3,70875,3,1,3,1,1,1.474,2.399,0
32,189055,29600,24,394,29,2,27609,0,0,0,1,2,0.146,0.157,1
21,48989,42706,24,660,30,4,56655,2,1,1,5,4,1.156,0.872,1
64,100451,24222,12,824,33,0,71384,2,0,1,0,6,0.711,0.241,1
25,43990,104041,60,445,18,3,63177,1,1,1,2,5,1.436,2.365,0
50,115270,109504,60,667,19,4,58396,1,0,2,6,6,0.507,0.95,1
50,105360,46139,60,364,22,3,16877,2,1,3,1,5,0.16,0.438,1
37,61081,119919,12,527,24,4,18405,0,1,2,6,0,0.301,1.963,0
43,167105,46302,36,819,14,4,48629,1,0,0,5,4,0.291,0.277,1
35,133272,92838,36,480,22,3,46233,1,0,0,0,0,0.347,0.697,0
57,41241,144718,48,800,1,5,21471,2,0,1,2,6,0.521,3.509,0
41,149932,149615,36,454,14,1,3302,2,0,1,4,3,0.022,0.998,0
34,30939,83353,36,834,34,4,79973,1,1,1,0,4,2.585,2.694,0
22,138000,93992,60,734,9,5,23511,0,0,2,2,0,0.17,0.681,1
31,60063,56428,24,398,13,0,5022,1,0,3,3,7,0.084,0.939,0
59,183117,28777,36,671,26,5,43239,2,1,2,1,3,0.236,0.157,1
58,72118,62939,36,661,13,3,71691,1,0,0,6,2,0.994,0.873,1
54,109703,91450,12,411,34,5,59269,2,0,1,0,0,0.54,0.834,0
58,177697,28548,48,752,32,1,58398,1,0,1,5,3,0.329,0.161,0
54,153557,130549,12,468,0,3,61895,2,1,2,4,2,0.403,0.85,1
38,52076,142799,60,438,33,2,69890,2,0,0,5,7,1.342,2.742,0
50,69605,36625,24,530,18,0,35284,0,1,3,6,8,0.507,0.526,0
35,109565,29918,48,538,23,2,48640,2,0,1,0,4,0.444,0.273,1
47,64121,119826,12,552,3,5,75692,1,1,1,1,8,1.18,1.869,1
54,56433,119881,36,735,12,4,22453,2,1,0,1,0,0.398,2.124,1
58,68309,20577,36,721,31,5,74374,3,0,1,2,6,1.089,0.301,0
53,92468,90155,48,602,8,4,37976,1,0,3,5,6,0.411,0.975,0
44,92293,116776,36,371,15,2,13725,0,0,2,5,5,0.149,1.265,0
35,121258,104246,12,562,2,2,74873,1,0,0,4,3,0.617,0.86,0
50,193925,147226,12,521,19,4,76237,0,0,1,6,8,0.393,0.759,0
62,63405,99948,36,376,9,1,43043,3,0,1,2,2,0.679,1.576,1
37,68527,26341,36,361,21,0,77080,0,1,3,4,0,1.125,0.384,0
25,102227,102554,60,770,2,3,64990,2,1,2,7,1,0.636,1.003,1
49,156564,112798,24,456,10,2,46809,3,0,3,0,2,0.299,0.72,1
24,164883,51330,48,424,24,0,16705,3,1,2,0,1,0.101,0.311,1
30,118344,92759,12,460,7,3,63131,0,0,3,7,5,0.533,0.784,0
37,180344,91807,48,840,8,5,76015,1,0,2,5,6,0.422,0.509,0
30,72153,38313,60,834,14,3,62456,0,1,1,6,4,0.866,0.531,1
37,133042,51900,12,405,31,2,76859,0,0,1,2,4,0.578,0.39,0
40,79110,83840,60,430,2,1,78473,3,1,1,7,6,0.992,1.06,0
44,170051,91072,60,656,3,1,23089,2,0,0,6,5,0.136,0.536,0
25,53328,101367,36,301,29,0,67238,1,1,2,3,7,1.261,1.901,0
54,137911,54156,48,532,12,5,75940,0,0,0,1,8,0.551,0.393,0
26,37867,92453,48,668,20,0,73916,2,1,2,7,1,1.952,2.442,1
22,84234,30938,36,550,18,4,61396,2,1,1,6,1,0.729,0.367,0
33,50851,64164,48,407,21,1,3877,1,0,0,2,0,0.076,1.262,1
63,56279,65282,36,575,19,0,73212,2,0,0,7,6,1.301,1.16,0
63,98402,52801,12,479,30,4,31818,0,1,3,6,3,0.323,0.537,0
31,40449,145537,60,592,9,5,48555,3,0,2,7,8,1.2,3.598,1
43,101221,8326,60,474,17,3,42368,2,0,3,2,5,0.419,0.082,1
36,114080,139731,48,422,19,0,48180,3,0,0,0,6,0.422,1.225,0
51,30451,120819,24,526,17,4,49421,1,0,0,1,6,1.623,3.968,0
31,112178,9763,60,743,10,1,26620,1,0,1,6,7,0.237,0.087,1
36,197388,146900,36,727,21,3,60539,2,0,3,6,3,0.307,0.744,0
28,88761,52588,24,382,17,0,17077,3,1,3,6,2,0.192,0.592,0
24,63870,16221,24,364,33,1,12663,0,1,3,7,2,0.198,0.254,0
60,121566,147283,60,580,22,3,47285,3,0,2,2,9,0.389,1.212,0
24,148749,18569,60,690,0,2,51235,2,1,0,7,7,0.344,0.125,0
45,148765,42860,60,727,9,1,17619,3,0,3,6,2,0.118,0.288,1
23,149881,50337,36,406,0,2,69503,3,1,1,0,7,0.464,0.336,0
52,186945,149587,24,847,8,5,57477,1,0,0,0,1,0.307,0.8,0
23,153389,76695,48,561,30,0,27488,2,0,1,5,4,0.179,0.5,0
47,50372,111749,36,458,6,4,78747,3,0,0,7,4,1.563,2.218,0
49,28642,48790,12,564,16,0,21169,2,1,1,5,6,0.739,1.703,0
52,184073,73580,60,767,34,1,30373,0,0,3,2,4,0.165,0.4,0
39,59064,10636,24,501,17,2,32669,2,0,3,2,8,0.553,0.18,1
41,39122,82129,36,454,32,2,55277,0,1,1,0,2,1.413,2.099,0
25,180892,138964,12,312,3,3,72170,2,1,2,5,8,0.399,0.768,1
38,93431,26672,36,596,22,0,55120,2,0,1,6,0,0.59,0.285,0
48,80745,10812,36,797,10,0,66376,3,1,0,6,2,0.822,0.134,1
62,75081,5654,48,544,8,1,54235,3,1,1,7,3,0.722,0.075,0
42,164783,59633,48,599,29,2,34229,0,0,1,2,5,0.208,0.362,0
41,174865,22143,36,661,7,1,15405,0,0,0,1,9,0.088,0.127,1
26,164271,60934,12,653,4,1,15847,1,0,3,0,7,0.096,0.371,1
21,101253,72334,24,820,11,5,23547,3,0,0,0,6,0.233,0.714,0
25,61191,108463,24,685,0,2,6575,0,1,1,2,7,0.107,1.773,0
61,35211,130851,60,611,14,1,4843,3,0,0,2,5,0.138,3.716,0
32,136086,34087,60,713,24,2,7739,2,0,1,2,5,0.057,0.25,1
46,177614,147690,24,577,17,1,14852,1,0,3,7,5,0.084,0.832,0
54,187384,13446,36,655,25,4,51661,3,1,1,6,2,0.276,0.072,1
34,126971,107127,36,824,2,1,9157,3,0,1,6,9,0.072,0.844,1
46,118783,53867,48,315,21,1,72968,3,0,3,7,3,0.614,0.453,1
47,150681,65101,48,344,25,4,18837,3,0,0,1,5,0.125,0.432,0
29,112893,93074,60,620,18,0,76730,0,1,2,7,6,0.68,0.824,0
46,183763,123422,24,625,20,2,14819,0,0,2,0,2,0.081,0.672,0
42,102960,92892,36,447,25,3,72161,1,0,1,3,3,0.701,0.902,0
50,109388,125044,24,654,12,4,7404,2,0,1,7,5,0.068,1.143,1
63,47601,44148,12,535,23,0,14674,2,0,3,1,0,0.308,0.927,0
37,174092,87928,24,404,25,1,76043,1,1,0,1,6,0.437,0.505,1
46,164227,56660,12,773,20,5,18697,2,1,2,6,0,0.114,0.345,1
56,192849,40450,48,695,17,0,60663,0,0,2,7,9,0.315,0.21,1
21,44710,38757,48,745,14,4,23570,3,1,3,5,8,0.527,0.867,0
28,133714,83012,60,519,14,5,28037,2,1,3,0,9,0.21,0.621,0
55,180604,111750,24,741,5,1,37982,3,0,2,6,8,0.21,0.619,1
35,153727,132043,24,327,30,0,68524,3,0,0,3,8,0.446,0.859,1
42,174673,61116,12,774,27,3,5156,0,1,0,0,3,0.03,0.35,1
34,88227,149233,48,604,7,2,38280,3,0,0,1,1,0.434,1.691,0
46,161039,37152,12,704,28,2,75324,2,0,1,2,6,0.468,0.231,1
48,109289,111379,48,812,20,4,60706,0,0,0,0,3,0.555,1.019,0
43,176094,25836,12,801,16,1,79721,1,0,1,7,4,0.453,0.147,1
34,199535,146835,48,647,23,1,9971,0,1,1,0,0,0.05,0.736,1
44,30722,74444,12,539,30,2,53140,2,0,3,2,9,1.73,2.423,0
22,183485,98109,48,636,33,0,43408,0,1,1,3,5,0.237,0.535,0
46,106050,148029,12,325,1,1,52022,2,0,1,3,6,0.491,1.396,0
34,108596,140451,24,708,2,3,6487,2,0,3,0,2,0.06,1.293,1
27,91732,87018,60,376,29,3,20997,0,1,0,6,9,0.229,0.949,0
23,168369,128076,12,516,7,1,46456,2,1,0,7,1,0.276,0.761,1
43,93323,136949,60,627,6,1,77988,1,1,2,2,9,0.836,1.467,1
63,48816,88788,24,322,11,2,59416,2,1,2,5,6,1.217,1.819,0
38,65695,101870,24,609,18,4,44767,1,0,1,0,0,0.681,1.551,1
58,175774,88308,48,566,25,2,78970,1,0,2,2,1,0.449,0.502,0
55,181314,62913,60,714,27,4,77952,2,1,3,1,2,0.43,0.347,1
35,80841,7637,36,566,14,3,28194,3,0,2,5,3,0.349,0.094,0
45,153498,47025,48,632,13,4,33785,1,0,2,2,4,0.22,0.306,0
57,132096,104508,60,749,13,2,58676,1,0,1,6,3,0.444,0.791,0
48,117764,87464,12,546,2,1,8373,0,1,3,0,9,0.071,0.743,0
30,110744,33742,12,335,28,4,30283,1,1,2,4,2,0.273,0.305,0
59,53482,16831,24,700,5,2,55911,1,1,0,3,0,1.045,0.315,1
37,34171,118768,36,327,22,3,26414,1,1,3,0,6,0.773,3.476,0
59,125755,90092,12,519,27,5,14378,1,1,3,2,9,0.114,0.716,1
42,133125,95879,60,705,13,4,4700,3,1,1,7,5,0.035,0.72,1
46,155722,93370,60,570,13,3,64143,1,1,3,5,1,0.412,0.6,1
64,131082,131537,12,810,19,3,63229,2,0,3,5,1,0.482,1.003,0
45,28696,109824,60,585,12,0,13901,3,0,3,2,2,0.484,3.827,1
37,151310,93741,60,753,26,5,22597,1,1,3,7,7,0.149,0.62,1
33,176130,23830,24,616,34,4,33428,2,0,3,3,7,0.19,0.135,0
40,176385,60044,36,596,1,2,35687,2,0,3,0,9,0.202,0.34,0
45,44149,78948,24,637,23,4,29493,3,1,3,5,9,0.668,1.788,0
24,155064,74202,36,606,28,4,51224,3,0,0,5,9,0.33,0.479,0
30,78521,42045,60,727,2,5,31852,2,0,3,4,9,0.406,0.535,0
23,70740,112509,36,650,3,3,10932,3,1,1,1,7,0.155,1.59,1
61,131611,20198,60,810,1,3,64202,3,1,0,4,6,0.488,0.153,1
38,161028,74521,60,824,19,3,33583,0,0,3,1,1,0.209,0.463,1
56,91641,111471,24,791,14,3,47278,3,1,2,5,0,0.516,1.216,0
42,88811,34475,24,308,31,5,29865,0,1,1,1,5,0.336,0.388,1
54,88232,24403,48,796,0,2,12289,3,0,0,0,7,0.139,0.277,1
28,40417,8681,12,739,34,1,70270,3,1,1,5,0,1.739,0.215,1
60,180801,96555,48,407,6,0,35521,2,0,0,5,2,0.196,0.534,1
64,137492,123884,48,544,12,3,6505,0,1,2,7,0,0.047,0.901,1
39,55099,98122,36,554,0,3,44327,3,0,1,1,9,0.804,1.781,0
62,186033,120260,60,332,13,0,65519,1,1,1,2,8,0.352,0.646,1
61,168674,110386,60,322,28,3,70221,3,0,0,1,6,0.416,0.654,0
57,143474,141701,60,348,2,1,18409,2,1,0,1,7,0.128,0.988,0
26,34256,98246,12,761,23,4,19517,2,0,2,3,8,0.57,2.868,1
46,59681,100864,36,635,0,0,44533,2,1,3,3,2,0.746,1.69,0
54,116328,13417,36,657,9,2,30475,0,0,0,0,9,0.262,0.115,1
26,68361,123888,60,421,12,0,15327,0,1,0,0,1,0.224,1.812,1
57,59540,79499,48,743,8,1,55344,0,0,0,2,5,0.93,1.335,0
53,182608,135908,12,658,13,5,3671,1,0,2,3,4,0.02,0.744,1
42,109700,32675,48,645,9,2,70477,0,1,3,4,3,0.642,0.298,1
41,103532,16332,24,492,22,4,78002,2,1,3,0,5,0.753,0.158,1
26,152626,24177,36,715,34,3,50756,0,0,2,0,5,0.333,0.158,1
26,158943,135560,36,676,6,0,44959,0,1,3,3,2,0.283,0.853,1
24,71002,62104,48,762,34,2,70124,3,0,1,3,1,0.988,0.875,0
50,74812,89335,12,445,1,0,28080,0,0,2,2,8,0.375,1.194,1
31,178698,119938,36,777,14,4,24544,3,0,0,7,7,0.137,0.671,1
50,133946,85730,48,707,8,0,76347,0,0,3,3,3,0.57,0.64,0
51,91668,141023,12,585,16,2,18733,3,0,1,7,5,0.204,1.538,1
44,124003,33333,48,410,17,1,54211,2,0,2,6,2,0.437,0.269,0
29,67998,26673,12,349,14,5,40696,0,1,2,1,7,0.598,0.392,0
23,129601,119421,60,313,17,2,48093,2,0,0,5,2,0.371,0.921,0
51,32812,45870,12,433,23,0,47042,0,0,0,4,1,1.434,1.398,1
60,86844,132536,24,642,22,4,53516,1,0,2,5,6,0.616,1.526,0
57,158251,76101,60,585,11,3,37487,1,0,1,1,2,0.237,0.481,1
56,199870,27821,48,613,22,3,40849,2,0,0,6,8,0.204,0.139,0
44,99601,30494,60,596,20,4,14550,2,1,2,6,2,0.146,0.306,0
51,164347,104477,60,463,25,0,76400,1,1,2,1,7,0.465,0.636,0
26,72857,131083,48,796,7,5,49699,1,0,0,5,1,0.682,1.799,1
22,150555,117698,48,315,29,4,78160,3,0,3,1,8,0.519,0.782,0
40,45700,116560,24,643,33,0,68897,0,0,1,0,0,1.508,2.551,0
48,195536,136907,48,377,1,2,13707,1,1,3,6,2,0.07,0.7,1
31,198423,23646,36,645,4,5,1924,2,1,3,5,1,0.01,0.119,0
24,118330,128777,36,371,30,1,78183,2,0,1,7,6,0.661,1.088,0
35,169941,82360,24,569,32,0,29018,1,1,1,1,4,0.171,0.485,0
26,177026,42335,12,586,3,3,21031,2,0,0,7,7,0.119,0.239,0
50,187627,74351,12,365,5,3,65164,0,0,0,0,1,0.347,0.396,1
58,88353,119934,36,367,22,5,68237,3,1,0,3,7,0.772,1.357,0
22,125772,138501,48,492,18,1,49573,0,1,1,6,6,0.394,1.101,1
35,116502,46950,24,354,7,0,16719,3,1,3,4,4,0.144,0.403,1
31,138943,65654,12,678,12,1,9718,3,1,1,4,1,0.07,0.473,1
28,134850,112422,12,467,0,2,56,1,1,0,1,9,0.0,0.834,1
46,70095,114934,60,708,5,1,15352,2,0,3,4,6,0.219,1.64,1
64,170342,124975,36,807,6,2,47820,3,1,0,0,9,0.281,0.734,1
25,186980,96186,48,836,26,3,68683,1,0,3,3,3,0.367,0.514,0
26,40523,109234,24,401,14,2,69073,2,1,0,1,3,1.705,2.696,1
46,87433,107326,12,721,33,0,721,2,0,1,2,7,0.008,1.228,0
24,44991,82527,60,777,22,5,51969,3,1,2,5,5,1.155,1.834,0
39,35775,91704,36,419,23,5,40194,2,1,2,6,8,1.124,2.563,0
40,109995,101952,36,590,14,0,46556,0,0,3,7,1,0.423,0.927,0
53,172745,65782,24,787,34,0,46775,2,1,1,4,4,0.271,0.381,1
40,147808,76116,12,460,3,0,79882,0,0,0,4,5,0.54,0.515,0
32,183128,94626,24,377,16,4,39883,2,1,3,1,7,0.218,0.517,0
21,162686,51015,24,337,30,2,10911,3,0,3,5,3,0.067,0.314,1
46,32415,107877,60,693,9,0,65795,3,0,0,5,6,2.03,3.328,0
34,199956,20339,36,740,26,5,20872,1,1,0,4,6,0.104,0.102,1
58,173036,139563,48,839,5,1,74327,0,1,0,4,3,0.43,0.807,0
57,193798,136778,36,761,5,1,73072,0,1,1,7,0,0.377,0.706,1
31,62044,102493,36,593,14,4,44537,3,1,2,2,2,0.718,1.652,0
56,193616,143069,60,699,3,2,16860,3,1,3,5,1,0.087,0.739,1
33,74976,134526,48,391,6,2,70819,3,0,3,0,2,0.945,1.794,0
63,188324,126648,12,305,25,2,30743,0,1,2,6,4,0.163,0.673,1
23,28832,30163,48,570,30,5,42559,1,1,3,1,0,1.476,1.046,0
53,59148,92508,12,398,1,5,72941,0,0,1,1,4,1.233,1.564,0
26,137230,44619,48,825,27,4,32205,3,0,0,2,1,0.235,0.325,1
30,110076,17126,24,493,12,2,17645,1,1,2,6,3,0.16,0.156,0
25,63402,69926,48,456,17,2,71859,2,0,1,2,5,1.133,1.103,0
43,63578,45633,60,414,29,0,71473,2,1,0,0,8,1.124,0.718,1
30,115453,8317,12,695,10,2,50734,3,0,2,3,9,0.439,0.072,0
64,178390,49980,36,821,12,5,30431,1,0,1,1,5,0.171,0.28,1
22,100715,49115,60,513,23,0,60914,3,0,2,5,9,0.605,0.488,1
33,136435,48158,12,832,28,0,17882,0,1,2,6,1,0.131,0.353,1
60,176538,110364,12,314,4,2,78539,0,0,1,4,7,0.445,0.625,0
22,120742,20504,36,718,34,1,43346,1,1,3,6,4,0.359,0.17,1
40,70475,42196,24,667,18,3,12979,3,1,1,0,8,0.184,0.599,1
21,85142,70938,60,512,12,5,44828,3,1,2,7,9,0.527,0.833,0
57,182636,144677,36,304,4,1,7228,2,0,2,1,8,0.04,0.792,1
29,178484,62388,36,530,13,2,74836,1,1,1,5,3,0.419,0.35,0
37,118526,60501,24,500,21,2,74217,3,0,0,0,0,0.626,0.51,0
29,76001,32043,60,701,8,1,73803,0,0,0,7,8,0.971,0.422,0
31,82649,38635,36,448,25,2,70908,3,1,0,3,8,0.858,0.467,0
35,191589,85691,24,791,4,5,38918,3,1,0,5,7,0.203,0.447,1
44,169228,38132,60,525,28,0,10920,0,1,1,1,4,0.065,0.225,0
58,179136,20366,48,468,21,4,27785,0,1,3,6,4,0.155,0.114,1
55,50711,98944,12,451,2,2,25178,3,1,0,4,9,0.496,1.951,0
50,55106,120267,24,523,27,2,71997,0,0,2,5,5,1.307,2.182,0
51,90458,44236,12,803,13,1,14052,2,0,0,7,0,0.155,0.489,1
25,172661,9150,48,849,13,0,72868,2,1,3,7,8,0.422,0.053,0
64,155429,116369,36,343,10,1,49383,2,1,1,1,4,0.318,0.749,0
34,126754,24423,36,803,8,5,327,0,1,3,7,6,0.003,0.193,1
31,163286,9137,60,540,5,1,70775,0,0,3,0,7,0.433,0.056,0
29,151479,34992,24,650,0,2,75614,0,0,3,3,4,0.499,0.231,0
54,183199,115540,24,322,24,0,7038,1,1,0,7,2,0.038,0.631,0
32,161213,120140,60,342,15,5,8048,0,1,0,5,5,0.05,0.745,1
55,53884,126225,12,765,14,2,14954,2,0,3,0,6,0.278,2.343,1
55,27708,71917,36,339,33,5,57541,2,0,1,0,3,2.077,2.596,0
21,43375,78690,36,602,16,2,45471,2,1,0,2,8,1.048,1.814,0
60,40088,39235,24,474,2,2,68315,1,1,1,0,3,1.704,0.979,0
42,82615,24122,24,831,2,2,13225,3,0,0,6,9,0.16,0.292,1
49,135138,28956,60,760,16,4,13531,2,0,1,5,1,0.1,0.214,1
28,35014,68879,48,492,0,3,70871,1,0,0,3,8,2.024,1.967,0
31,159345,63560,12,543,6,0,9530,3,0,3,4,3,0.06,0.399,1
61,127842,115310,48,579,25,4,59035,1,0,2,2,3,0.462,0.902,0
57,186953,6168,48,335,18,3,24791,1,1,2,0,9,0.133,0.033,0
34,103077,50124,24,839,29,5,1649,3,1,1,5,0,0.016,0.486,1
50,164784,57797,24,453,13,3,13472,0,0,1,6,1,0.082,0.351,1
55,77874,40294,24,322,12,3,68398,0,0,3,6,2,0.878,0.517,0
41,94087,8516,48,390,19,4,27134,2,0,3,6,6,0.288,0.091,1
57,37297,35373,12,689,25,0,66453,3,0,1,1,8,1.782,0.948,1
25,52128,127026,24,658,26,1,12444,2,1,2,2,4,0.239,2.437,1
39,93368,35270,36,849,24,3,41121,1,1,3,3,3,0.44,0.378,0
34,103958,146458,12,527,8,1,38217,0,1,1,1,1,0.368,1.409,0
46,57920,70184,36,501,11,1,22066,2,1,3,7,6,0.381,1.212,0
24,167228,42879,12,649,9,2,68347,2,0,3,3,5,0.409,0.256,0
45,167180,54597,24,337,5,1,36189,0,0,0,1,6,0.216,0.327,0
62,187917,8626,60,799,33,5,74826,1,1,3,4,7,0.398,0.046,0
45,158872,90936,24,342,18,5,63477,2,0,1,3,8,0.4,0.572,0
38,198784,86515,48,816,5,2,35489,2,1,3,1,9,0.179,0.435,1
60,158682,60390,48,367,1,0,27284,3,0,1,7,4,0.172,0.381,1
28,102603,59144,12,422,14,0,24698,3,0,0,6,4,0.241,0.576,1
59,58872,149454,48,635,16,5,43660,0,1,0,7,3,0.742,2.539,1
60,35728,9025,24,452,15,2,19637,0,0,2,3,2,0.55,0.253,0
34,120102,84380,36,461,27,0,48024,1,0,0,7,6,0.4,0.703,0
52,147049,123910,24,513,20,3,60405,1,0,0,2,4,0.411,0.843,0
58,45583,101055,12,675,7,0,61305,2,1,1,3,6,1.345,2.217,1
53,110774,131189,48,742,9,2,33556,3,0,2,5,1,0.303,1.184,1
43,163335,139515,36,722,9,5,69561,1,0,0,3,8,0.426,0.854,1
35,151374,26395,60,837,9,3,72277,2,0,3,1,8,0.477,0.174,0
53,175528,15725,36,529,8,1,3654,2,1,2,7,8,0.021,0.09,0
45,116118,38461,36,358,27,1,40428,0,0,0,7,4,0.348,0.331,0
37,90942,46115,24,395,23,1,38036,3,0,2,3,9,0.418,0.507,1
53,38689,115084,60,561,18,5,44549,2,1,0,4,8,1.151,2.975,1
22,189006,88732,12,653,32,2,65355,0,0,1,0,0,0.346,0.469,1
34,58276,84557,12,611,3,1,62119,2,0,2,2,1,1.066,1.451,1
60,126968,76260,36,435,2,0,46257,3,0,2,5,9,0.364,0.601,0
60,175945,6407,36,772,11,1,15987,2,1,0,6,4,0.091,0.036,1
59,38050,78568,48,729,17,4,20810,2,0,2,1,4,0.547,2.065,0
26,91216,63560,60,836,22,5,20311,1,0,0,6,5,0.223,0.697,1
26,109040,96288,36,445,19,4,54478,1,1,3,6,7,0.5,0.883,0
23,46644,124020,48,823,5,1,34920,0,1,2,7,0,0.749,2.659,1
27,87021,104301,60,386,33,1,8738,2,0,2,3,9,0.1,1.199,0
28,193197,19390,12,408,1,4,73424,0,0,1,3,8,0.38,0.1,0
62,67291,32307,48,722,29,5,62232,3,0,1,3,3,0.925,0.48,0
35,191132,29502,60,644,8,5,5474,0,1,2,7,7,0.029,0.154,1
49,157610,27486,48,565,26,1,59026,2,0,1,2,4,0.375,0.174,0
53,192248,116813,36,793,33,5,66024,1,1,2,5,0,0.343,0.608,1
50,66520,108920,24,632,23,3,50974,1,0,0,0,8,0.766,1.637,0
59,50675,87768,12,712,16,5,24144,0,1,2,4,7,0.476,1.732,1
47,174359,146820,36,490,28,4,5622,1,1,2,5,4,0.032,0.842,1
56,25174,67785,36,441,11,2,52273,2,1,3,4,3,2.076,2.693,1
49,117268,81050,60,372,30,4,39214,2,0,1,6,7,0.334,0.691,0
58,59998,27738,48,466,8,0,57993,3,1,1,5,8,0.967,0.462,1
53,168184,79231,12,467,18,3,25223,1,1,3,1,6,0.15,0.471,0
57,130410,78606,36,558,16,2,21865,1,0,0,0,3,0.168,0.603,0
47,100225,46662,60,738,1,1,74108,3,1,0,0,6,0.739,0.466,1
53,69814,123313,12,410,4,0,63649,0,1,0,2,5,0.912,1.766,1
24,110091,20123,48,830,15,0,43026,3,0,3,7,2,0.391,0.183,1
42,75719,16182,36,589,16,3,59207,1,1,2,5,9,0.782,0.214,0
22,154887,95369,36,809,26,2,26866,0,0,0,3,2,0.173,0.616,1
30,58919,31128,36,474,6,0,12416,2,0,0,0,0,0.211,0.528,0
25,98155,36556,12,601,7,2,25775,2,0,3,5,4,0.263,0.372,0
30,96569,145021,12,484,7,2,29080,3,1,1,3,7,0.301,1.502,0
53,66328,56962,12,638,22,5,70423,2,0,3,2,5,1.062,0.859,1
58,49618,95054,12,809,31,0,19374,1,1,1,6,7,0.39,1.916,1
33,59675,29099,60,609,17,2,58451,3,1,0,6,6,0.979,0.488,1
51,43919,148788,24,806,11,3,52599,1,1,0,5,1,1.198,3.388,1
56,29173,58144,60,645,14,0,15684,1,1,2,5,7,0.538,1.993,0
44,134369,12837,36,380,27,3,24002,0,0,2,1,3,0.179,0.096,0
35,51400,130212,60,673,30,3,22972,0,0,1,5,4,0.447,2.533,1
49,95305,121680,48,455,8,2,66153,0,1,0,1,7,0.694,1.277,0
28,193636,111802,12,731,7,2,46404,2,1,0,3,4,0.24,0.577,1
25,113791,107413,48,799,18,5,6309,0,0,3,7,4,0.055,0.944,0
49,184034,56012,48,446,7,5,68326,1,0,0,6,5,0.371,0.304,1
24,95533,135193,36,780,33,0,7826,3,0,0,7,6,0.082,1.415,1
32,128591,63123,12,734,3,5,12134,3,1,3,3,8,0.094,0.491,0
22,166650,116825,48,818,30,1,19693,1,0,3,6,6,0.118,0.701,0
47,156060,13720,36,368,2,0,4054,2,0,0,6,5,0.026,0.088,0
51,174696,63655,12,485,34,3,16090,3,0,2,0,9,0.092,0.364,0
56,64194,98448,24,503,18,5,15569,1,1,2,2,3,0.243,1.534,0
56,134903,125507,36,312,28,5,32227,1,0,0,7,9,0.239,0.93,0
46,156461,39812,60,573,9,5,6508,1,0,2,1,1,0.042,0.254,0
63,124303,54570,12,597,11,2,16608,3,0,3,6,8,0.134,0.439,0
47,138903,55901,48,350,29,3,75969,3,1,2,0,9,0.547,0.402,0
25,92391,65186,48,799,29,5,24520,0,1,0,7,4,0.265,0.706,1
40,169866,127066,60,668,17,4,77424,0,0,2,4,4,0.456,0.748,0
31,83002,133364,60,656,23,4,30932,1,1,0,0,2,0.373,1.607,1
30,60531,41160,48,302,31,3,19734,1,1,2,3,2,0.326,0.68,1
60,29986,24156,12,553,8,5,69363,1,0,0,4,0,2.313,0.806,0
58,57298,81208,36,774,23,1,50555,1,1,0,7,4,0.882,1.417,1
26,26481,100377,60,805,25,1,16257,3,0,2,0,2,0.614,3.791,1
28,81408,47863,60,555,2,0,32194,0,1,2,5,1,0.395,0.588,0
43,146950,70439,60,449,22,0,16793,2,1,3,2,8,0.114,0.479,1
46,172907,143266,24,787,10,5,34684,1,0,1,1,9,0.201,0.829,1
63,150355,126361,12,578,9,0,53219,0,0,0,5,5,0.354,0.84,1
32,52798,101176,12,358,12,2,2859,1,0,0,4,2,0.054,1.916,0
46,116649,34777,12,745,28,1,39840,3,1,0,6,6,0.342,0.298,1
33,89887,92201,12,412,12,3,59327,2,1,0,2,8,0.66,1.026,0
60,44477,20867,12,788,25,5,34819,0,1,2,6,8,0.783,0.469,0
38,173338,67501,48,706,19,5,73750,0,1,2,0,0,0.425,0.389,1
45,152815,44422,60,666,4,4,41704,2,0,1,5,1,0.273,0.291,1
53,199598,126544,48,359,19,1,66137,3,0,0,3,7,0.331,0.634,0
60,152426,143439,24,628,13,1,60379,2,0,1,7,0,0.396,0.941,1
63,167961,40362,36,768,13,1,24318,0,0,3,3,2,0.145,0.24,1
32,49335,56588,60,362,7,0,63956,2,0,1,2,6,1.296,1.147,1
64,167326,131683,24,483,12,2,5274,3,1,1,3,7,0.032,0.787,0
56,111610,41307,48,610,23,3,18226,3,1,3,1,4,0.163,0.37,0
24,36442,85280,36,837,14,0,43634,1,0,3,7,1,1.197,2.34,1
25,71289,61523,24,476,0,2,64501,2,1,1,6,2,0.905,0.863,0
57,78747,142450,36,728,21,1,19046,2,1,3,2,8,0.242,1.809,1
28,62327,112669,24,372,33,2,74210,0,1,1,7,9,1.191,1.808,0
62,172271,108215,48,466,2,0,21910,3,0,2,2,6,0.127,0.628,0
48,97827,103707,36,524,25,1,11503,2,1,2,3,0,0.118,1.06,0
51,131464,149252,24,308,13,0,48392,0,0,1,2,2,0.368,1.135,1
29,156184,97837,48,535,7,3,61472,1,1,3,0,8,0.394,0.626,0
49,112051,123070,60,327,15,1,70904,2,1,3,4,6,0.633,1.098,0
34,175653,84872,48,326,20,2,45335,2,0,2,5,1,0.258,0.483,1
60,84722,92736,48,849,9,0,22487,0,0,2,4,5,0.265,1.095,0
61,117036,10470,60,495,24,4,36593,0,0,3,7,8,0.313,0.089,1
42,172595,97969,48,502,21,2,75927,3,0,3,6,3,0.44,0.568,0
31,91960,96493,60,384,3,2,9874,3,1,3,5,9,0.107,1.049,0
43,44552,11523,60,329,3,1,54822,3,0,3,3,1,1.231,0.259,1
21,166880,36169,60,765,29,5,53948,2,0,1,7,2,0.323,0.217,1
57,179692,50641,24,398,1,2,3608,0,1,3,1,6,0.02,0.282,0
41,25887,34661,36,489,28,0,54501,3,1,2,1,3,2.105,1.339,0
46,56802,149491,24,311,20,4,53912,2,1,2,3,6,0.949,2.632,0
56,110024,19457,60,329,20,3,27546,3,0,0,6,4,0.25,0.177,0
43,143639,72600,36,337,20,4,68203,1,0,3,3,7,0.475,0.505,0
21,143248,108619,36,593,3,0,62496,2,1,1,2,7,0.436,0.758,0
60,106938,81102,60,659,0,1,55186,3,1,0,1,4,0.516,0.758,0
35,147746,38085,36,479,25,0,42346,3,1,0,7,6,0.287,0.258,1
41,51049,102064,36,411,1,5,5230,1,0,1,4,5,0.102,1.999,1
29,102789,142202,24,743,8,5,25720,1,1,0,3,7,0.25,1.383,1
29,109526,110723,36,320,17,5,43023,3,0,0,6,8,0.393,1.011,0
30,163918,138114,60,444,10,2,37602,3,0,2,7,4,0.229,0.843,1
46,71220,75134,12,798,24,1,67082,0,1,0,6,6,0.942,1.055,0
61,71163,47982,12,445,25,5,15050,3,0,1,4,0,0.211,0.674,0
55,159837,70185,12,740,34,3,51315,3,0,3,5,7,0.321,0.439,1
45,142126,38477,60,720,2,3,52164,0,0,3,4,2,0.367,0.271,1
46,106486,119161,12,615,34,0,30134,0,0,3,6,0,0.283,1.119,1
31,100277,57709,24,465,21,5,15640,3,0,2,1,5,0.156,0.575,0
58,129245,83137,60,502,7,2,61671,0,0,2,5,7,0.477,0.643,0
22,147332,41018,60,795,14,3,14284,2,1,2,7,2,0.097,0.278,1
27,47931,144133,60,767,6,4,60526,1,0,1,4,0,1.263,3.007,0
38,114116,144681,36,684,18,1,3423,2,1,3,2,2,0.03,1.268,0
47,80633,40371,36,613,16,4,28577,1,0,1,2,4,0.354,0.501,1
54,76913,88021,36,554,0,3,58900,1,1,1,1,7,0.766,1.144,0
47,119776,12857,48,322,28,3,67868,3,1,0,7,8,0.567,0.107,0
37,50991,147692,24,638,12,0,6066,1,1,3,2,8,0.119,2.896,1
63,129092,13177,60,792,28,0,57888,2,0,0,3,3,0.448,0.102,1
64,166633,93578,60,810,5,5,8583,3,0,2,5,7,0.052,0.562,0
44,172973,94941,36,665,4,1,38057,0,0,2,1,4,0.22,0.549,0
45,120556,16826,60,671,33,5,22604,2,0,1,5,2,0.187,0.14,1
27,87875,149962,60,518,10,0,26564,3,0,1,7,4,0.302,1.707,0
26,181989,87428,12,774,8,2,61429,1,0,0,6,1,0.338,0.48,0
44,87120,131044,60,722,8,1,28941,2,1,0,4,5,0.332,1.504,1
53,158060,80020,48,655,7,2,55511,1,0,1,3,0,0.351,0.506,1
49,135041,10495,36,759,2,5,37962,3,0,3,1,5,0.281,0.078,0
63,153467,33481,24,802,12,0,38573,3,0,1,4,4,0.251,0.218,1
42,170328,147339,24,326,18,1,25692,0,1,3,4,8,0.151,0.865,0
46,143490,122897,12,522,33,5,58420,0,1,0,4,6,0.407,0.856,1
48,151155,142815,24,447,31,3,35763,2,1,2,4,5,0.237,0.945,0
41,53230,108475,24,723,15,5,45680,0,1,2,4,6,0.858,2.038,0
27,84778,62042,36,650,17,4,6393,1,0,0,1,9,0.075,0.732,1
37,70833,54476,36,485,13,3,33488,1,0,0,2,4,0.473,0.769,1
40,47625,33552,48,714,29,2,21459,0,1,2,4,0,0.451,0.705,0
61,57088,74093,12,728,1,3,12554,0,1,3,6,8,0.22,1.298,1
40,197239,74123,24,340,12,5,37867,0,0,0,6,4,0.192,0.376,0
42,128937,21535,48,692,26,3,78104,2,1,3,3,3,0.606,0.167,1
48,101361,71490,12,378,16,4,45015,2,1,3,1,5,0.444,0.705,1
60,113229,51562,24,843,30,5,5057,1,1,2,0,4,0.045,0.455,1
27,160189,124042,24,749,14,4,5305,2,1,3,2,0,0.033,0.774,1
21,115265,94080,36,773,19,3,61276,2,0,2,3,1,0.532,0.816,1
52,122718,46269,60,441,4,4,32740,3,1,0,6,3,0.267,0.377,0
33,85710,85674,12,550,6,3,24118,1,0,1,4,7,0.281,1.0,0
50,119876,47462,24,593,17,1,6674,1,1,1,1,4,0.056,0.396,0
43,55949,139199,12,435,10,3,42331,0,1,1,1,6,0.757,2.488,0
39,178619,28147,48,783,31,0,15316,3,0,1,4,1,0.086,0.158,1
52,93136,82095,48,611,26,4,16217,0,0,1,6,7,0.174,0.881,1
50,136541,95925,60,345,25,4,67541,2,1,1,3,4,0.495,0.703,0
49,86842,71381,24,535,27,2,14602,1,1,3,1,3,0.168,0.822,0
49,51990,104468,36,347,1,2,13987,2,1,3,5,8,0.269,2.009,0
50,172265,68749,24,497,19,0,49915,2,0,1,6,5,0.29,0.399,0
36,55109,18731,12,383,3,4,13543,3,1,0,6,3,0.246,0.34,0
60,155356,129647,48,842,12,4,27944,3,1,0,2,7,0.18,0.835,1
39,175305,56024,12,460,23,2,58241,1,0,3,3,2,0.332,0.32,0
38,153133,121712,60,727,28,2,9144,1,1,3,6,9,0.06,0.795,0
21,190582,106121,48,370,1,3,38459,3,1,1,7,1,0.202,0.557,1
34,26306,8832,36,819,17,5,39827,3,1,0,4,6,1.514,0.336,1
22,28849,37332,48,351,7,4,30741,3,0,2,7,3,1.066,1.294,0
48,37360,17467,24,344,14,4,70015,3,1,1,6,3,1.874,0.468,0
50,136072,46025,24,592,16,3,69734,1,1,3,7,9,0.512,0.338,0
58,119767,149179,48,764,22,4,74627,1,1,3,3,8,0.623,1.246,0
24,193035,82994,60,849,1,0,69741,2,1,3,7,1,0.361,0.43,1
21,79330,99202,24,679,5,2,69177,2,0,2,5,0,0.872,1.25,1
28,76707,48481,24,777,28,2,3543,2,1,0,6,6,0.046,0.632,1
49,43689,138653,36,561,26,5,5591,1,1,3,3,7,0.128,3.174,1
59,54084,80118,48,478,33,2,56395,0,1,1,6,2,1.043,1.481,1
23,65387,129010,24,656,17,1,60434,2,1,2,0,1,0.924,1.973,1
52,99816,128714,60,718,9,0,29055,0,0,0,7,3,0.291,1.29,0
30,27642,144490,12,500,16,0,6116,0,1,1,7,1,0.221,5.227,1
30,67137,89363,48,312,12,3,55485,0,1,1,4,1,0.826,1.331,0
39,87260,128607,36,742,26,1,66297,3,0,2,2,4,0.76,1.474,0
54,171510,68044,24,585,1,4,2407,1,1,2,4,9,0.014,0.397,0
53,73442,16814,60,557,33,5,31594,1,0,2,0,4,0.43,0.229,0
43,128061,104340,48,847,30,0,66421,2,1,3,4,7,0.519,0.815,1
48,159066,15024,60,789,22,1,35411,2,0,0,4,8,0.223,0.094,1
52,150844,114236,60,797,6,1,76661,1,0,3,2,1,0.508,0.757,0
27,124575,62836,36,632,32,0,55444,3,1,2,7,0,0.445,0.504,0
49,26813,12435,48,331,11,3,26238,1,0,2,0,2,0.979,0.464,1
28,118027,75601,24,342,11,1,41703,0,0,2,4,5,0.353,0.641,1
21,148489,125871,36,650,18,2,35196,1,1,3,5,4,0.237,0.848,0
23,109381,139479,24,633,8,1,77221,3,1,1,6,7,0.706,1.275,0
44,80276,103943,12,569,9,4,12738,1,1,2,4,7,0.159,1.295,0
43,66243,37940,60,712,16,0,15772,1,1,3,1,1,0.238,0.573,0
28,85272,10666,12,318,9,4,65270,1,1,2,4,8,0.765,0.125,0
57,198123,42122,60,646,11,3,76169,0,1,3,2,3,0.384,0.213,0
23,90618,123647,36,336,14,5,23492,2,1,0,1,0,0.259,1.364,1
53,26920,134753,24,391,30,2,54979,3,1,0,5,1,2.042,5.006,1
48,131121,128402,24,484,14,0,50338,0,1,3,6,5,0.384,0.979,0
28,101872,106190,36,327,27,1,64551,1,0,2,5,4,0.634,1.042,0
54,106132,105468,48,847,3,2,36855,1,0,3,5,6,0.347,0.994,1
55,27093,134207,12,671,0,1,6228,2,0,0,0,8,0.23,4.954,1
52,37905,31505,12,829,33,3,68367,2,0,3,5,5,1.804,0.831,1
44,146759,41713,24,644,16,5,20045,2,0,0,3,5,0.137,0.284,0
34,180423,48169,24,718,32,0,76591,0,0,0,2,1,0.425,0.267,1
52,55981,82511,24,495,20,3,24318,3,0,1,0,6,0.434,1.474,0
63,98903,45522,36,377,25,3,58458,2,1,2,1,1,0.591,0.46,1
36,95821,104397,48,466,4,5,13795,1,0,3,3,6,0.144,1.09,0
24,134200,8880,12,389,32,3,54524,3,0,2,0,7,0.406,0.066,0
57,107289,48539,60,563,0,3,21747,1,0,2,2,0,0.203,0.452,1
41,141506,19799,36,771,5,1,47373,1,0,0,1,8,0.335,0.14,1
34,103513,109843,12,507,1,4,31560,3,0,0,2,7,0.305,1.061,0
51,175946,53784,48,570,4,1,11282,0,1,3,2,8,0.064,0.306,0
38,163746,118034,36,562,25,5,33831,3,0,3,1,4,0.207,0.721,0
27,75516,59362,12,805,12,2,63073,2,0,3,5,3,0.835,0.786,1
30,94212,58997,36,811,11,5,23043,3,1,0,4,0,0.245,0.626,1
27,158498,107399,12,823,4,5,65322,2,0,1,2,8,0.412,0.678,1
53,155970,19549,12,611,1,5,52900,2,1,3,5,3,0.339,0.125,0
43,115009,61920,48,473,3,5,20929,3,1,0,6,3,0.182,0.538,1
41,186015,98860,60,730,26,3,35500,3,1,1,1,3,0.191,0.531,0
39,69816,29624,48,762,9,5,1872,2,0,2,2,1,0.027,0.424,1
39,29138,51705,12,400,12,2,37488,1,0,0,4,3,1.287,1.774,0
56,116176,94326,36,315,1,5,67505,3,1,3,6,1,0.581,0.812,1
49,100945,65390,48,557,25,1,25460,0,0,3,1,7,0.252,0.648,1
38,29017,73369,60,543,14,3,12155,2,0,1,7,6,0.419,2.528,0
22,35451,14589,12,647,9,1,11870,1,1,1,0,9,0.335,0.412,0
21,118863,118012,48,548,21,3,3717,3,1,0,0,1,0.031,0.993,1
25,35278,78181,48,404,24,1,1374,3,0,1,7,1,0.039,2.216,0
40,68764,128711,48,586,14,0,21826,1,1,0,5,1,0.317,1.872,1
31,148030,81425,48,468,12,4,74215,0,1,1,0,0,0.501,0.55,1
62,157206,20994,36,719,7,4,13427,2,0,2,3,5,0.085,0.134,0
22,87943,116915,60,346,20,3,64442,3,0,3,7,5,0.733,1.329,0
23,120667,127961,60,342,20,0,34708,0,1,3,2,0,0.288,1.06,1
43,79318,109672,12,620,21,2,24271,2,0,2,2,0,0.306,1.383,0
32,128423,31639,24,520,32,0,63572,0,0,3,1,5,0.495,0.246,0
40,128998,22205,36,812,26,3,16631,2,0,3,3,5,0.129,0.172,0
25,85128,61677,12,740,21,0,19887,2,0,3,2,3,0.234,0.725,1
57,46869,37930,12,443,29,2,25259,0,0,3,1,2,0.539,0.809,0
58,30039,78313,48,327,8,3,57987,2,0,2,4,8,1.93,2.607,0
50,177353,118153,24,466,34,4,49630,3,1,0,2,5,0.28,0.666,1
29,137935,23316,24,548,17,5,19144,3,1,3,5,0,0.139,0.169,1
54,35442,101058,36,656,4,0,78191,0,1,2,2,2,2.206,2.851,1
64,98788,92876,24,410,26,4,49060,0,1,3,4,0,0.497,0.94,0
55,144729,90366,12,533,5,4,55092,2,1,2,4,2,0.381,0.624,0
42,52586,18403,24,323,31,1,20836,2,0,2,2,1,0.396,0.35,1
64,78053,85052,24,325,7,2,66904,0,0,0,4,4,0.857,1.09,1
44,111346,78495,60,680,20,5,44456,1,1,1,1,2,0.399,0.705,1
37,92087,101090,12,645,17,0,36380,0,0,0,2,6,0.395,1.098,0
30,168697,41701,24,677,13,4,77735,1,1,0,2,7,0.461,0.247,1
50,59397,139457,24,821,14,4,11569,1,0,3,0,6,0.195,2.348,1
43,83671,62241,48,316,25,2,31182,0,1,2,5,1,0.373,0.744,1
52,141214,146439,24,544,31,5,78651,0,0,1,2,9,0.557,1.037,0
37,91897,70030,24,838,27,5,21649,0,1,2,6,9,0.236,0.762,0
37,182221,110185,60,501,31,4,27003,1,0,3,0,6,0.148,0.605,1
34,161355,41404,12,547,12,4,16551,3,1,2,4,9,0.103,0.257,1
29,163682,60182,36,417,14,4,23826,3,0,3,5,2,0.146,0.368,1
60,199398,37991,12,308,17,4,24729,0,0,0,5,6,0.124,0.191,1
22,39924,109601,48,322,5,1,51696,0,1,0,4,0,1.295,2.745,0
45,138143,70886,12,539,10,1,3868,2,1,3,1,1,0.028,0.513,0
59,135253,127002,24,326,31,5,41274,2,1,0,7,9,0.305,0.939,0
29,125297,88848,48,380,19,3,38718,2,1,2,7,0,0.309,0.709,0
42,25869,62692,12,498,32,0,32353,0,1,1,0,8,1.251,2.423,0
63,122088,42500,48,391,7,2,41682,3,1,1,2,1,0.341,0.348,1
24,26014,38785,36,383,34,3,30653,3,1,2,0,1,1.178,1.491,0
46,35103,89146,12,599,4,1,14141,0,1,1,4,5,0.403,2.54,0
49,135317,52997,24,595,34,1,11537,0,0,2,4,6,0.085,0.392,0
54,189530,12170,48,753,13,1,30401,1,0,3,6,1,0.16,0.064,1
43,107409,149375,60,580,20,3,27387,1,0,1,7,3,0.255,1.391,1
57,48248,76743,48,358,23,1,6630,3,0,3,1,2,0.137,1.591,1
31,199588,40187,60,641,16,3,43461,2,1,3,7,4,0.218,0.201,1
26,185133,137965,24,764,17,1,44293,3,0,2,5,8,0.239,0.745,0
38,180242,149825,36,641,33,4,23070,1,0,1,5,1,0.128,0.831,1
41,33024,43090,60,361,11,4,13416,3,1,0,4,4,0.406,1.305,0
62,110947,64412,36,728,15,0,8629,1,0,0,0,7,0.078,0.581,0
56,199875,61030,48,555,3,1,63444,1,1,0,5,5,0.317,0.305,1
61,175368,22509,24,646,24,0,8360,2,0,0,6,3,0.048,0.128,0
58,116829,73653,60,825,33,3,12011,2,0,2,6,9,0.103,0.63,1
54,117708,134626,48,603,27,0,40721,1,1,3,2,7,0.346,1.144,0
37,111664,9042,12,544,10,1,36069,0,1,1,2,2,0.323,0.081,1
57,174329,42201,48,711,12,3,53270,2,0,2,0,3,0.306,0.242,1
45,168927,19016,36,516,30,3,11227,1,0,0,7,8,0.066,0.113,0
58,110178,30022,24,815,24,4,39587,0,0,1,7,4,0.359,0.272,0
32,126121,32938,24,773,9,3,61720,0,1,2,1,5,0.489,0.261,1
43,45025,123171,48,335,23,3,44550,3,1,3,2,1,0.989,2.736,0
62,160530,66720,12,477,0,0,68305,3,1,0,0,8,0.425,0.416,0
42,88610,110514,36,686,24,5,76028,2,1,1,0,7,0.858,1.247,0
41,95843,138058,48,316,27,3,53651,0,1,1,4,6,0.56,1.44,0
47,132237,81478,48,347,17,2,51332,2,1,0,5,8,0.388,0.616,1
51,199499,148233,24,361,5,5,68881,1,0,3,4,4,0.345,0.743,1
26,155299,132101,36,368,1,4,68201,2,1,0,5,4,0.439,0.851,0
47,194578,99699,12,665,2,4,24807,0,1,3,1,8,0.127,0.512,0
60,30668,104273,24,461,7,3,43552,3,0,1,1,4,1.42,3.4,0
54,98233,68745,48,787,30,0,77902,2,0,0,1,8,0.793,0.7,1
32,180489,137283,24,730,18,5,74861,3,1,3,0,0,0.415,0.761,1
27,106982,136301,24,788,5,4,70976,2,1,3,0,9,0.663,1.274,1
30,131133,123972,60,529,13,4,57300,1,1,2,7,9,0.437,0.945,0
37,35751,106489,24,669,2,2,26951,0,1,3,4,7,0.754,2.979,0
46,71218,36819,24,477,0,3,20264,2,0,0,2,2,0.285,0.517,0
41,151649,52779,36,709,29,5,19121,1,0,0,6,7,0.126,0.348,1
48,32352,97244,24,569,18,4,50539,1,0,3,5,4,1.562,3.006,0
22,113835,70584,12,505,18,4,30311,1,1,0,5,1,0.266,0.62,1
63,122493,63032,48,381,8,4,42397,3,0,1,1,8,0.346,0.515,1
21,53927,120074,36,492,6,4,19749,3,1,1,7,3,0.366,2.227,0
56,197166,104273,24,488,6,0,29218,1,0,0,5,6,0.148,0.529,0
46,126948,33036,12,575,8,1,51591,1,1,3,3,7,0.406,0.26,0
49,54493,76356,48,373,3,2,44133,2,1,1,1,6,0.81,1.401,1
41,56707,8052,36,309,24,0,44867,2,0,3,6,5,0.791,0.142,0
31,163368,49377,12,515,11,2,1316,0,0,0,5,6,0.008,0.302,0
60,181470,72819,24,589,5,4,37972,2,1,2,4,3,0.209,0.401,1
31,60842,118689,60,744,17,2,79048,0,0,1,5,9,1.299,1.951,1
56,38261,35461,60,492,20,3,66220,0,1,0,0,0,1.731,0.927,0
59,101709,25750,36,588,14,3,77271,0,1,1,4,4,0.76,0.253,0
60,120985,14472,12,443,2,1,42635,3,0,3,4,7,0.352,0.12,0
55,131616,74263,48,688,1,1,51265,2,0,2,4,9,0.39,0.564,0
54,92173,117036,12,706,3,2,50109,1,1,2,3,5,0.544,1.27,0
44,56781,30523,60,669,31,0,48797,0,1,0,3,4,0.859,0.538,0
42,38652,108262,36,740,1,0,8079,1,1,1,5,1,0.209,2.801,0
25,30103,71060,24,828,28,4,60887,0,1,2,1,9,2.023,2.361,0
53,50500,14079,12,312,1,0,22412,2,1,1,7,4,0.444,0.279,0
56,125336,144471,60,639,33,1,35862,0,1,3,5,9,0.286,1.153,1
40,191601,65726,48,611,26,0,14821,2,0,3,5,2,0.077,0.343,1
39,138499,97906,36,403,17,4,73118,1,0,0,7,1,0.528,0.707,1
55,174524,21532,24,638,18,3,74548,2,0,2,7,2,0.427,0.123,1
63,74393,127689,12,497,26,0,33655,1,1,2,5,3,0.452,1.716,0
37,187246,48162,48,599,19,0,44688,2,1,1,7,1,0.239,0.257,0
63,191508,139821,24,743,20,1,54576,0,0,3,6,3,0.285,0.73,1
54,72406,16353,60,658,22,2,52236,0,0,2,0,3,0.721,0.226,0
29,88059,117313,60,667,29,3,45221,2,0,0,4,5,0.514,1.332,0
46,172026,33477,48,468,24,2,66092,1,1,0,2,4,0.384,0.195,1
22,107722,91373,60,448,30,4,54445,1,1,2,6,6,0.505,0.848,0
29,37356,147509,36,341,26,4,8900,1,1,0,1,6,0.238,3.949,1
29,153128,9551,48,501,33,2,33485,2,0,2,1,2,0.219,0.062,1
60,27187,73359,60,543,7,1,13891,2,0,2,4,8,0.511,2.698,0
37,102243,148988,12,763,18,5,15014,2,0,2,1,6,0.147,1.457,0
21,60098,131150,60,748,25,1,72083,2,1,2,4,6,1.199,2.182,1
45,177297,52636,36,736,27,5,37964,1,0,1,1,1,0.214,0.297,0
63,159678,34685,24,830,3,5,51171,1,0,2,5,9,0.32,0.217,0
60,82620,56134,24,572,30,1,44739,3,1,0,0,2,0.542,0.679,1
62,188900,93916,60,729,15,5,43374,2,1,3,6,2,0.23,0.497,1
45,151270,112967,24,512,9,5,39459,3,0,1,6,5,0.261,0.747,1
59,182561,99455,60,403,9,5,7045,2,1,3,1,3,0.039,0.545,0
55,39387,54756,36,491,8,3,43255,3,0,3,6,3,1.098,1.39,1
23,94463,127863,24,679,18,4,51965,1,1,3,1,0,0.55,1.354,0
57,158663,66192,12,380,18,5,1237,1,1,3,7,5,0.008,0.417,1
64,116683,53733,60,848,11,4,52195,3,1,3,7,7,0.447,0.461,0
64,87061,30993,24,676,12,4,36326,0,1,0,7,7,0.417,0.356,1
50,106257,29143,36,453,24,3,5293,2,1,2,2,7,0.05,0.274,1
58,86753,112044,36,539,24,4,25274,3,1,0,6,4,0.291,1.292,0
54,109774,133406,12,673,27,2,19237,3,0,1,0,9,0.175,1.215,0
32,167159,74351,36,503,29,0,78347,0,0,0,6,5,0.469,0.445,0
39,186888,75309,36,649,4,3,18229,1,0,1,5,4,0.098,0.403,0
57,48408,148518,24,442,16,0,78847,3,1,2,0,3,1.629,3.068,0
64,149116,124156,60,488,17,2,56718,1,1,3,6,3,0.38,0.833,0
37,156208,81000,48,571,20,1,68718,2,0,2,0,3,0.44,0.519,0
30,42413,26576,36,831,21,1,49615,0,0,0,6,3,1.17,0.627,1
32,138650,8320,36,599,5,5,71296,1,0,0,1,5,0.514,0.06,0
36,84500,146822,48,725,15,1,72796,3,1,2,3,5,0.861,1.738,0
44,109514,108002,36,345,1,3,1915,0,0,2,7,4,0.017,0.986,0
39,81358,31572,24,394,0,1,74651,0,0,0,1,8,0.918,0.388,0
28,91197,22948,24,363,29,3,52774,0,0,2,4,7,0.579,0.252,0
51,188926,121528,48,712,22,3,7076,0,0,1,7,9,0.037,0.643,1
41,101240,94051,36,308,0,0,33083,0,1,1,6,5,0.327,0.929,0
37,41322,32867,36,758,18,1,53918,2,0,0,2,8,1.305,0.795,1
43,138053,49678,60,708,2,4,4793,2,0,0,0,4,0.035,0.36,0
57,31968,112561,36,769,1,1,50528,0,1,2,4,9,1.581,3.521,0
36,52518,17963,24,805,16,1,66798,3,1,2,5,3,1.272,0.342,1
26,76925,54434,12,372,27,1,9319,3,1,3,7,5,0.121,0.708,0
28,136900,71617,12,383,17,5,13194,2,1,1,4,3,0.096,0.523,0
45,118422,122569,12,358,32,4,19309,1,1,0,7,7,0.163,1.035,0
38,26700,102352,12,320,14,4,58396,0,0,0,3,6,2.187,3.833,0
45,118782,84732,36,757,21,3,26998,3,0,0,6,4,0.227,0.713,1
32,48199,112648,36,456,26,4,3468,2,0,0,0,9,0.072,2.337,0
35,188187,86494,60,628,31,3,12651,2,1,3,1,5,0.067,0.46,1
46,30520,82225,36,502,18,0,20405,1,0,1,0,6,0.669,2.694,0
61,134814,87867,12,405,27,3,14482,1,1,3,7,1,0.107,0.652,1
46,192527,83972,48,421,27,1,4409,3,1,1,2,8,0.023,0.436,0
52,148364,101261,48,617,9,2,66083,1,0,0,0,6,0.445,0.683,1
30,197677,95748,24,481,19,2,23426,1,1,1,4,7,0.119,0.484,1
36,39955,129481,24,615,24,5,54757,0,0,0,4,4,1.37,3.241,0
27,169989,134529,36,705,20,1,14436,2,1,3,1,2,0.085,0.791,0
37,89925,7251,48,369,13,3,16490,2,0,1,1,1,0.183,0.081,1
43,132216,104108,12,459,21,1,52136,1,1,2,1,1,0.394,0.787,1
46,95269,102382,12,539,25,5,28962,2,1,1,5,2,0.304,1.075,0
41,187026,14583,12,822,10,4,29288,2,1,0,6,0,0.157,0.078,1
42,66458,55387,36,437,6,3,22236,3,0,2,2,0,0.335,0.833,0
27,114037,28104,36,794,16,1,14923,2,1,0,5,6,0.131,0.246,0
34,177185,17224,60,546,17,4,66786,1,0,2,7,9,0.377,0.097,0
35,124977,65624,12,842,6,5,55891,3,1,2,5,7,0.447,0.525,1
27,68939,109320,12,823,19,4,13264,2,0,1,5,5,0.192,1.586,1
29,54345,83572,36,542,10,3,67147,2,1,1,7,6,1.236,1.538,1
28,135107,90469,36,635,15,5,7928,3,0,2,0,0,0.059,0.67,1
43,146866,82928,60,721,26,5,34558,3,1,2,3,0,0.235,0.565,1
49,94166,9141,60,493,10,5,56369,2,1,2,7,8,0.599,0.097,0
38,122406,75871,24,607,15,0,66403,0,1,0,6,4,0.542,0.62,0
51,74298,141149,48,805,22,5,45213,0,0,1,0,6,0.609,1.9,1
50,69942,51015,12,580,11,0,3816,2,1,0,7,5,0.055,0.729,1
59,28453,64902,12,738,2,4,35916,2,1,1,1,3,1.262,2.281,0
55,127811,10577,60,782,1,0,47838,3,1,3,7,0,0.374,0.083,1
38,79935,25002,60,522,23,4,11573,3,0,0,2,3,0.145,0.313,0
62,147439,55711,24,416,28,0,43334,2,1,1,7,9,0.294,0.378,1
59,199442,44451,48,491,33,4,65364,2,0,2,5,9,0.328,0.223,0
37,33328,39831,24,815,19,4,13157,2,0,2,0,7,0.395,1.195,0
34,40534,101498,48,829,17,5,9322,2,1,1,6,0,0.23,2.504,0
51,110280,133949,12,606,13,5,2482,0,1,2,4,1,0.023,1.215,1
44,61320,100119,24,831,17,4,35867,3,0,2,6,7,0.585,1.633,1
55,74170,71830,60,421,1,5,79211,1,0,3,5,1,1.068,0.968,0
64,125546,85632,24,453,0,4,77271,2,1,3,6,9,0.615,0.682,0
54,105201,41833,24,836,19,5,79386,2,0,3,0,8,0.755,0.398,0
23,33640,29398,12,751,33,2,6732,2,0,0,4,2,0.2,0.874,1
57,186121,66554,60,468,10,0,40753,1,1,3,7,2,0.219,0.358,1
63,161690,55755,60,358,26,4,34422,3,1,3,0,5,0.213,0.345,1
60,157992,69994,36,600,22,1,76964,3,0,3,7,2,0.487,0.443,0
46,68937,68884,36,849,2,5,56284,2,0,1,0,8,0.816,0.999,0
43,168279,89361,36,416,11,5,11311,2,1,2,7,7,0.067,0.531,1
64,189044,22482,12,426,29,3,69269,3,0,1,5,3,0.366,0.119,1
59,166871,59225,24,704,30,1,39579,1,0,3,7,5,0.237,0.355,1
35,184988,79854,60,698,22,1,73878,2,1,0,0,7,0.399,0.432,0
24,95463,46256,60,814,0,2,76000,1,0,1,1,3,0.796,0.485,0
49,118500,113721,24,797,19,0,48514,1,0,3,6,4,0.409,0.96,0
42,62158,86110,60,827,5,2,45311,3,0,0,4,6,0.729,1.385,0
45,109607,118606,24,697,10,0,10300,2,0,0,7,7,0.094,1.082,1
33,144639,19650,12,564,34,4,65375,0,1,0,2,6,0.452,0.136,1
38,96696,33930,12,562,3,2,34563,3,0,2,3,7,0.357,0.351,0
53,86510,105400,12,697,28,3,48960,3,0,0,6,3,0.566,1.218,0
36,145076,16801,24,826,9,0,79244,0,1,3,5,0,0.546,0.116,1
62,83692,56360,24,735,28,2,28090,2,0,1,4,5,0.336,0.673,1
64,155841,92908,48,659,0,3,16328,1,0,1,1,4,0.105,0.596,0
22,40810,37334,60,428,7,1,26654,1,1,3,4,3,0.653,0.915,0
55,161198,18288,60,540,16,5,6214,1,0,2,2,1,0.039,0.113,1
62,186081,17191,48,521,18,4,57740,2,0,2,5,0,0.31,0.092,1
54,136718,23051,48,513,32,4,64949,3,0,0,4,8,0.475,0.169,0
50,115932,66715,12,434,14,1,38913,3,0,3,6,1,0.336,0.575,0
33,25192,15737,48,685,30,2,27552,3,0,0,1,8,1.094,0.625,0
33,61413,70140,24,602,20,5,35377,3,0,0,5,5,0.576,1.142,0
38,168888,10147,36,586,2,1,25734,3,0,3,1,5,0.152,0.06,0
52,64082,55508,24,488,1,3,18610,0,1,2,5,1,0.29,0.866,1
52,90048,57224,48,596,34,5,57607,1,1,2,3,5,0.64,0.635,0
55,148130,24643,60,825,15,0,79158,1,1,1,2,2,0.534,0.166,1
59,75940,43967,24,688,20,2,28875,2,0,3,3,6,0.38,0.579,0
49,188202,108535,60,758,11,5,55082,0,1,0,6,9,0.293,0.577,1
49,65142,45733,24,560,27,0,23226,3,1,3,6,3,0.357,0.702,0
64,61468,39808,60,412,11,1,27677,3,1,0,6,8,0.45,0.648,1
36,186770,63959,24,335,32,4,10298,3,1,1,0,4,0.055,0.342,1
64,166727,137921,60,378,19,5,35848,0,0,1,6,9,0.215,0.827,0
30,186147,73178,36,574,20,5,63654,2,0,1,1,2,0.342,0.393,0
50,165431,117255,12,577,21,0,17744,0,0,1,3,0,0.107,0.709,0
45,154048,91322,24,611,25,0,23434,2,1,0,1,0,0.152,0.593,0
59,67056,49565,36,828,6,4,48001,1,0,2,5,3,0.716,0.739,1
40,76831,6132,12,503,6,0,67262,2,1,0,7,9,0.875,0.08,0
25,84191,68668,24,316,7,0,59633,1,0,1,1,9,0.708,0.816,1
21,146948,113835,36,775,25,5,48917,2,0,2,0,3,0.333,0.775,0
50,189344,147003,36,810,23,4,79804,1,1,3,1,8,0.421,0.776,0
23,133117,78169,36,509,23,4,46745,1,1,0,5,7,0.351,0.587,0
34,39671,105417,48,798,11,5,907,3,0,3,7,3,0.023,2.657,1
50,52048,6044,60,701,7,1,58602,2,0,1,5,5,1.126,0.116,1
24,50963,29363,12,728,8,1,13764,3,0,3,3,6,0.27,0.576,1
38,68954,51694,60,377,2,5,24409,1,1,2,6,9,0.354,0.75,0
57,120430,137654,60,379,20,0,8390,3,1,2,2,7,0.07,1.143,1
45,25717,26301,60,605,30,2,30172,0,1,2,4,3,1.173,1.023,0
21,36676,79329,36,357,23,1,40542,3,1,0,7,0,1.105,2.163,0
35,160506,6620,60,829,3,1,47324,2,0,3,3,4,0.295,0.041,1
29,143696,67224,48,507,19,5,48196,3,1,3,7,0,0.335,0.468,1
35,155830,100419,24,810,15,5,68901,0,1,3,0,3,0.442,0.644,1
44,29994,125050,36,434,9,2,25836,3,1,1,4,6,0.861,4.169,0
24,29234,60856,12,821,25,2,21663,1,0,0,1,6,0.741,2.082,0
32,94300,60809,24,382,28,4,5951,1,0,0,3,0,0.063,0.645,0
57,68949,27259,24,343,4,5,15175,1,1,3,4,8,0.22,0.395,1
57,62405,25655,24,782,10,1,11027,2,1,0,6,1,0.177,0.411,1
63,59872,26602,60,792,28,3,75630,3,0,3,6,4,1.263,0.444,0
26,67215,90945,60,798,14,3,12167,1,0,3,3,5,0.181,1.353,0
59,48185,147182,36,317,5,0,74305,3,1,3,6,0,1.542,3.055,0
44,199514,142145,60,593,14,1,23060,0,0,2,1,1,0.116,0.712,1
31,66153,105846,60,447,19,3,66556,0,1,1,5,6,1.006,1.6,0
33,102535,85818,60,771,33,1,77381,2,0,0,3,5,0.755,0.837,0
54,158653,146267,36,471,1,5,10485,3,1,1,0,5,0.066,0.922,0
45,76717,6537,36,830,15,1,73450,0,1,2,4,5,0.957,0.085,1
27,27763,131545,48,419,18,3,8802,2,1,0,4,6,0.317,4.738,0
24,117910,94743,48,365,33,1,33314,2,1,3,4,9,0.283,0.804,0
28,80480,91155,48,440,13,2,48298,1,0,1,3,8,0.6,1.133,0
40,194831,125198,48,745,23,0,19565,0,0,2,1,8,0.1,0.643,1
49,143094,94846,24,805,27,4,44233,3,1,0,3,1,0.309,0.663,1
30,181379,35562,24,488,31,3,48384,0,0,0,3,1,0.267,0.196,0
63,36064,33036,48,457,9,5,52485,0,1,1,6,4,1.455,0.916,0
54,101848,79233,48,545,8,4,78253,3,0,1,5,9,0.768,0.778,0
46,62548,88049,12,332,23,0,62970,3,1,0,4,6,1.007,1.408,0
61,193017,73681,24,660,28,2,37669,1,0,0,1,2,0.195,0.382,1
23,31476,32818,12,629,28,2,26272,2,0,2,2,2,0.835,1.043,0
26,115101,67532,12,811,22,2,11842,3,0,3,7,3,0.103,0.587,1
25,27382,62705,60,370,26,2,64099,3,0,3,1,2,2.341,2.29,0
25,189474,25104,36,612,30,3,2082,0,1,2,6,2,0.011,0.132,1
43,183018,129336,24,378,6,3,53804,3,1,0,3,7,0.294,0.707,0
29,104698,132904,48,468,3,1,26261,3,0,1,0,6,0.251,1.269,0
55,178407,74603,48,479,13,5,9795,0,0,1,1,6,0.055,0.418,0
40,70095,107499,36,559,9,1,45309,0,0,0,4,9,0.646,1.534,0
62,154974,64025,24,785,33,5,61456,0,0,2,0,1,0.397,0.413,1
55,52197,37317,48,304,25,0,20180,1,1,0,2,8,0.387,0.715,1
38,152619,110585,48,596,22,1,63288,2,0,1,2,5,0.415,0.725,0
37,47010,53270,60,659,8,0,46335,3,0,0,7,2,0.986,1.133,0
44,180195,124415,12,416,7,0,33268,0,0,0,0,8,0.185,0.69,0
23,112923,85206,48,656,13,0,66551,0,0,2,6,8,0.589,0.755,1
52,158962,74468,24,738,6,2,24489,2,0,3,2,5,0.154,0.468,1
55,155526,28723,36,630,6,4,59398,1,0,1,0,9,0.382,0.185,1
58,134162,65646,60,824,8,4,54470,3,0,1,3,5,0.406,0.489,0
33,145927,5074,24,487,2,3,77402,1,0,0,0,7,0.53,0.035,0
45,33026,31498,60,580,13,0,32161,1,1,1,3,7,0.974,0.954,0
29,89925,101881,12,810,16,2,67635,1,0,1,7,5,0.752,1.133,0
24,93842,50929,48,765,21,1,71922,0,0,3,6,6,0.766,0.543,0
34,58665,128199,24,414,25,1,70874,2,0,1,4,3,1.208,2.185,0
57,34277,31028,36,535,27,3,60361,2,0,1,4,0,1.761,0.905,0
54,198311,34545,12,637,13,3,73836,2,1,2,2,3,0.372,0.174,0
31,73008,84569,12,821,8,0,60766,1,0,2,5,7,0.832,1.158,0
61,39683,36673,60,498,25,0,21400,3,1,2,5,7,0.539,0.924,1
23,156742,107511,12,349,1,1,24641,1,1,2,0,1,0.157,0.686,1
48,173961,98144,24,441,10,1,52233,2,1,2,6,6,0.3,0.564,0
49,103542,69824,60,827,16,1,69833,0,1,3,7,0,0.674,0.674,1
29,79319,28525,12,813,33,1,19332,1,0,1,3,1,0.244,0.36,1
23,117067,62804,36,329,18,4,15201,0,1,0,4,7,0.13,0.536,0
45,177711,46846,24,381,17,0,45382,2,1,3,6,9,0.255,0.264,1
54,172705,82261,36,330,12,0,46129,1,0,0,4,3,0.267,0.476,0
32,190732,34483,36,632,4,1,33808,0,1,2,4,2,0.177,0.181,1
62,93975,12265,60,476,22,2,78346,1,1,1,2,1,0.834,0.131,1
29,188244,27763,48,669,23,1,73524,2,1,2,4,5,0.391,0.147,1
35,126158,20733,60,846,28,5,56625,3,1,3,7,3,0.449,0.164,0
60,36577,117196,24,834,7,3,40327,2,0,0,5,2,1.103,3.204,0
45,102299,96038,24,405,25,5,19579,3,1,1,7,2,0.191,0.939,1
25,45176,42420,60,396,14,2,21483,3,0,3,1,9,0.476,0.939,0
31,88972,145319,48,529,0,3,503,2,0,3,2,2,0.006,1.633,1
54,145018,26058,60,526,27,2,70880,0,0,1,0,7,0.489,0.18,0
44,197075,39929,24,670,13,3,8947,1,1,1,1,8,0.045,0.203,1
35,44996,91489,48,399,33,1,9533,1,1,3,2,8,0.212,2.033,0
58,125922,89664,24,744,30,1,47576,1,0,0,6,4,0.378,0.712,1
28,111598,82597,48,767,5,2,40916,3,0,0,2,0,0.367,0.74,1
25,60931,11041,48,354,4,3,46923,3,0,3,7,9,0.77,0.181,0
46,149168,83209,60,494,30,4,55162,2,0,3,3,4,0.37,0.558,1
38,191782,104864,60,819,14,2,66917,0,0,2,1,0,0.349,0.547,0
26,148099,141491,60,723,14,2,7012,2,0,2,1,8,0.047,0.955,1
57,59693,120158,48,614,4,5,15213,2,1,0,7,9,0.255,2.013,0
33,191812,6468,48,427,27,0,27563,0,1,2,5,7,0.144,0.034,1
48,133944,29309,24,331,32,2,15212,3,1,0,1,6,0.114,0.219,0
25,42374,77255,36,392,10,4,60188,2,0,1,4,1,1.42,1.823,0
33,106471,86899,60,818,5,1,46576,2,1,2,5,1,0.437,0.816,1
37,70913,33718,24,557,22,3,10711,3,0,0,6,3,0.151,0.475,1
60,148683,111553,24,519,1,0,9515,1,0,0,4,8,0.064,0.75,0
52,69516,55281,12,405,14,3,20193,0,1,3,5,8,0.29,0.795,1
49,112796,118451,60,847,22,1,67667,0,0,0,0,7,0.6,1.05,0
23,51069,5767,24,715,21,2,2424,1,1,2,6,4,0.047,0.113,0
60,143333,139967,12,608,8,5,44344,0,1,3,5,6,0.309,0.977,1
54,109811,63026,60,665,29,4,63092,1,1,3,0,8,0.575,0.574,1
60,143028,123142,48,820,15,0,59595,2,0,2,5,2,0.417,0.861,1
47,64178,47968,12,758,29,4,54626,0,0,1,0,3,0.851,0.747,0
33,57821,81870,48,669,8,4,9200,0,0,2,4,1,0.159,1.416,1
53,41999,23174,36,630,0,4,50469,2,1,2,6,8,1.202,0.552,0
26,63712,129357,36,310,7,4,23031,3,0,3,6,6,0.361,2.03,0
44,196244,104189,36,806,17,1,3216,3,1,2,5,5,0.016,0.531,0
39,58722,45502,36,718,26,4,45594,2,0,1,3,4,0.776,0.775,1
36,35625,41674,24,421,17,5,16,0,1,1,5,6,0.0,1.17,1
60,31859,42260,36,534,31,4,26378,0,1,1,0,2,0.828,1.326,0
48,197681,76805,24,630,31,1,31734,0,0,3,6,4,0.161,0.389,0
53,199379,22194,24,842,20,3,78886,1,0,2,2,1,0.396,0.111,1
61,135986,77377,60,647,31,1,14450,3,1,0,4,4,0.106,0.569,1
33,46839,135864,24,711,30,5,1473,0,1,2,3,6,0.031,2.901,0
63,52216,48723,24,523,15,5,25525,3,0,1,2,9,0.489,0.933,0
45,77953,81298,36,452,13,2,28572,3,1,2,7,6,0.367,1.043,0
62,74522,64238,24,511,23,1,42028,0,0,3,2,8,0.564,0.862,0
56,160958,110433,48,391,24,3,37079,2,0,2,4,2,0.23,0.686,1
47,136249,112092,36,630,34,2,58967,2,1,3,5,7,0.433,0.823,0
58,32485,7147,12,766,16,2,52047,3,0,0,1,4,1.602,0.22,1
27,187527,43445,36,527,3,0,30110,1,1,0,3,6,0.161,0.232,0
25,172839,111170,24,493,10,4,1946,3,0,3,5,0,0.011,0.643,0
63,137701,138085,48,829,14,2,21943,3,1,2,4,0,0.159,1.003,0
51,184525,90617,36,542,29,2,15740,2,0,1,1,3,0.085,0.491,0
43,127638,58502,48,688,23,5,74712,0,0,3,7,4,0.585,0.458,1
62,37226,122116,12,575,1,3,44651,0,1,2,4,9,1.199,3.28,1
30,118405,42755,12,749,33,2,37269,1,0,2,4,2,0.315,0.361,1
52,47588,144805,60,777,22,3,77154,2,1,2,2,5,1.621,3.043,0
63,187781,14479,60,779,30,4,38682,2,1,1,6,2,0.206,0.077,0
50,62019,80361,36,587,12,5,24601,3,1,1,5,4,0.397,1.296,1
59,90133,129232,60,839,32,0,32850,2,1,1,7,0,0.364,1.434,1
51,139444,110586,48,629,6,0,41132,3,1,3,4,2,0.295,0.793,1
38,142603,86171,60,769,31,4,50150,1,0,3,5,6,0.352,0.604,0
56,183598,119151,48,833,6,4,5804,2,0,1,1,2,0.032,0.649,1
22,153585,91296,60,766,12,5,52034,2,0,3,2,4,0.339,0.594,1
34,68395,145562,60,719,23,5,45061,3,0,1,1,6,0.659,2.128,1
33,180103,142934,60,421,27,1,27419,2,0,3,1,1,0.152,0.794,1
49,150814,74959,24,607,31,2,23746,0,0,2,2,2,0.157,0.497,1
32,193773,146522,24,633,17,2,78348,1,0,1,5,3,0.404,0.756,0
59,137599,61022,60,719,33,2,67581,0,1,3,1,4,0.491,0.443,1
22,50939,66991,48,625,33,3,25336,3,1,2,0,8,0.497,1.315,0
52,176396,54853,36,549,0,1,45952,3,1,2,5,8,0.261,0.311,1
33,178939,36826,12,394,30,2,47143,3,0,3,6,3,0.263,0.206,0
47,25203,47879,24,595,0,3,59379,1,1,2,6,8,2.356,1.9,0
61,172616,77361,60,483,15,3,34320,2,0,0,4,3,0.199,0.448,0
37,171971,82990,12,559,14,0,36516,0,0,1,2,1,0.212,0.483,0
60,54063,94787,24,485,32,3,59789,2,0,1,6,9,1.106,1.753,0
51,115880,45736,36,708,22,4,71114,3,1,2,2,0,0.614,0.395,0
54,28748,29530,48,368,33,5,61240,2,1,3,5,6,2.13,1.027,0
44,142269,111080,60,307,16,3,41798,1,1,0,0,3,0.294,0.781,1
55,105764,79255,36,564,24,4,55920,3,0,3,7,7,0.529,0.749,0
26,176956,140958,24,783,5,4,66473,2,0,1,0,7,0.376,0.797,1
39,181255,131598,60,670,30,0,65326,0,0,2,0,7,0.36,0.726,1
50,133036,123623,12,382,4,0,73131,3,0,0,0,5,0.55,0.929,1
27,175331,42387,48,510,29,3,424,3,1,2,3,8,0.002,0.242,1
30,192031,117260,24,612,4,0,63874,1,1,0,7,3,0.333,0.611,1
61,141525,146172,48,636,11,0,3051,1,1,2,2,4,0.022,1.033,0
52,189529,143928,60,789,6,5,59481,0,1,3,1,3,0.314,0.759,1
54,110679,35988,36,702,12,2,63872,2,0,1,2,4,0.577,0.325,0
48,150829,81448,48,490,3,3,77774,2,0,2,6,1,0.516,0.54,1
35,153216,118430,12,634,2,3,27786,3,1,2,7,4,0.181,0.773,0
50,158175,148377,24,821,11,3,68230,3,0,0,2,9,0.431,0.938,0
57,90901,146041,12,386,0,0,69131,2,0,3,2,7,0.761,1.607,0
49,172175,17404,48,361,26,5,1267,2,1,3,7,8,0.007,0.101,0
42,123046,145061,36,686,12,0,65957,2,1,0,0,6,0.536,1.179,1
24,115012,24360,36,445,16,4,62645,3,0,3,0,6,0.545,0.212,0
40,103278,90657,12,452,7,1,19650,1,1,1,3,5,0.19,0.878,1
52,37391,39160,60,648,31,1,7017,1,1,2,5,1,0.188,1.047,0
56,127476,11789,60,477,19,1,9849,0,1,0,2,9,0.077,0.092,1
24,184973,87597,36,786,16,2,62453,2,1,3,4,9,0.338,0.474,1
47,145721,70641,12,546,33,0,49117,2,1,1,7,8,0.337,0.485,0
37,122537,49247,12,553,34,4,57247,2,1,1,5,4,0.467,0.402,0
32,106159,91673,12,799,34,4,44899,0,1,3,6,5,0.423,0.864,0
42,156040,10544,48,840,23,1,41644,2,1,3,7,0,0.267,0.068,1
37,194509,149347,60,651,17,5,67762,1,1,0,3,4,0.348,0.768,1
30,60503,68248,60,811,32,2,4388,2,0,3,7,5,0.073,1.128,1
21,100403,39550,48,312,22,2,67958,0,1,0,6,9,0.677,0.394,1
42,197330,58693,24,450,24,1,39994,3,1,2,0,1,0.203,0.297,0
46,189796,133924,48,349,26,1,74805,3,1,1,6,6,0.394,0.706,1
38,89286,85021,12,514,0,0,77713,1,0,0,2,3,0.87,0.952,0
34,99842,20605,48,671,20,5,77568,1,1,1,0,4,0.777,0.206,0
49,129927,55713,12,412,9,2,72852,1,1,2,7,2,0.561,0.429,0
32,39908,80403,36,551,30,4,2843,3,0,3,5,4,0.071,2.015,0
56,62228,63466,12,640,24,1,28015,2,0,0,1,3,0.45,1.02,0
55,48386,8981,60,352,19,0,69647,0,1,3,0,9,1.439,0.186,0
32,53302,145565,48,429,1,4,45231,0,0,1,0,5,0.849,2.731,0
27,85815,120631,12,492,14,2,46546,2,0,0,3,1,0.542,1.406,1
49,88344,124238,24,356,27,1,51055,3,0,2,1,2,0.578,1.406,0
31,191690,100335,36,396,12,5,49577,3,0,2,5,9,0.259,0.523,0
53,136603,112441,24,497,13,1,35169,0,0,3,7,0,0.257,0.823,0
26,86114,21984,24,446,1,5,41709,1,1,2,4,6,0.484,0.255,0
35,50525,130580,24,594,33,0,29415,1,0,2,4,8,0.582,2.584,0
52,104818,116316,36,311,34,0,15685,0,1,3,7,1,0.15,1.11,0
31,139589,137596,36,632,24,2,15963,0,1,3,4,6,0.114,0.986,0
43,170406,123454,36,519,14,5,29698,2,1,0,2,2,0.174,0.724,1
46,119715,54402,36,697,11,1,62415,2,0,0,4,4,0.521,0.454,0
54,31644,96656,24,641,8,0,56400,2,1,3,2,5,1.782,3.054,0
54,126154,70614,60,811,30,1,55450,2,0,1,5,7,0.44,0.56,1
49,189005,96009,60,471,13,2,50711,2,1,1,5,3,0.268,0.508,1
24,68469,50836,36,767,28,5,71571,2,1,0,0,1,1.045,0.742,1
37,189759,149434,48,465,7,1,72607,1,1,0,7,2,0.383,0.787,1
55,131609,136049,12,469,2,4,20578,0,0,3,4,7,0.156,1.034,0
33,173447,81407,48,811,1,1,28842,3,1,1,3,6,0.166,0.469,1
61,90206,12610,48,488,15,3,16531,2,0,3,5,5,0.183,0.14,1
59,121462,114381,48,419,18,3,2170,1,0,0,1,4,0.018,0.942,1
35,192679,20791,60,404,29,2,7297,0,0,2,1,4,0.038,0.108,1
49,108178,63047,12,340,15,2,4163,0,1,2,7,0,0.038,0.583,1
49,180065,75246,48,620,30,2,40794,0,1,2,7,5,0.227,0.418,0
31,111724,91148,36,634,27,4,41787,2,1,3,5,8,0.374,0.816,1
52,121393,50890,60,459,3,5,57219,2,1,1,0,7,0.471,0.419,0
22,152314,142866,36,563,9,4,24448,3,0,0,7,9,0.161,0.938,0
34,101312,37888,36,829,17,1,69152,2,1,1,6,0,0.683,0.374,1
40,100324,142821,48,776,31,0,56437,0,0,1,1,5,0.563,1.424,1
42,96196,51531,36,651,29,5,28299,0,0,0,7,2,0.294,0.536,0
31,95014,120652,12,844,8,3,41119,1,1,1,1,5,0.433,1.27,1
47,164282,25608,36,509,28,3,77093,1,1,2,6,8,0.469,0.156,0
23,166994,85986,48,795,15,3,38648,3,0,0,0,5,0.231,0.515,1
37,192361,88996,36,681,27,1,14096,1,0,2,6,7,0.073,0.463,1
64,58340,61017,60,780,20,1,74279,3,1,3,0,5,1.273,1.046,0
48,64850,62676,60,304,1,2,7391,1,1,2,0,5,0.114,0.966,0
49,138711,16560,60,333,34,0,74891,0,1,3,3,6,0.54,0.119,0
41,36094,55468,24,444,27,2,62830,2,0,3,0,9,1.741,1.537,0
36,112959,38123,60,650,30,1,70783,2,0,0,0,3,0.627,0.337,0
57,189490,99346,60,764,32,4,40286,3,1,2,0,7,0.213,0.524,0
40,30741,145790,24,647,22,2,71826,2,0,2,5,3,2.336,4.743,0
26,136585,5028,60,424,16,5,37595,2,0,2,7,6,0.275,0.037,1
39,147564,52599,48,570,0,1,62740,1,0,0,7,0,0.425,0.356,0
25,93798,50406,60,656,22,1,50929,0,0,3,4,8,0.543,0.537,0
23,141026,52657,60,826,26,4,32827,2,1,3,5,9,0.233,0.373,1
21,135130,72560,24,797,24,4,26209,0,0,3,4,8,0.194,0.537,1
58,47164,109143,48,452,31,4,73396,1,1,0,3,6,1.556,2.314,0
35,191667,149575,36,352,18,0,78961,1,1,0,3,7,0.412,0.78,0
54,55257,59943,12,448,23,5,13806,2,0,1,7,1,0.25,1.085,0
55,170283,80839,48,802,2,1,25406,2,1,2,7,9,0.149,0.475,0
45,120989,87674,36,749,11,4,34360,1,1,3,1,9,0.284,0.725,1
44,161304,30345,48,518,34,0,38865,1,1,1,6,6,0.241,0.188,0
32,77691,55390,36,576,14,3,6458,3,0,1,6,0,0.083,0.713,0
38,104768,64557,36,751,16,5,9151,3,1,2,5,2,0.087,0.616,1
35,181685,6906,48,727,31,3,54869,0,0,0,4,5,0.302,0.038,1
64,39026,12961,24,382,6,3,72024,1,1,1,3,4,1.846,0.332,0
36,55908,124289,48,517,18,1,24541,0,1,0,3,4,0.439,2.223,1
47,44610,82567,48,826,6,0,21803,1,1,0,7,8,0.489,1.851,0
28,88185,85664,36,703,4,0,43183,0,1,2,5,5,0.49,0.971,0
45,97567,86199,12,589,20,3,44776,3,0,1,1,2,0.459,0.883,0
37,61182,104764,36,719,6,5,62323,1,1,3,7,1,1.019,1.712,1
49,141136,127357,60,638,22,2,11170,1,1,1,7,8,0.079,0.902,0
28,156642,85729,48,718,10,3,47284,0,1,3,0,9,0.302,0.547,1
35,44288,55568,48,506,9,1,9260,0,0,3,2,3,0.209,1.255,1
47,103824,114349,24,564,20,3,7636,2,0,0,1,4,0.074,1.101,0
27,185949,78302,36,335,32,5,36108,2,1,3,6,8,0.194,0.421,0
23,109425,99968,24,672,19,5,15941,3,1,2,7,4,0.146,0.914,1
49,25917,121116,48,787,32,3,68971,1,1,1,6,6,2.661,4.673,0
64,100602,42146,36,558,34,0,28355,1,1,0,2,1,0.282,0.419,1
44,89575,45297,36,830,33,3,72836,0,0,0,1,1,0.813,0.506,0
23,97518,91394,60,322,26,4,33733,3,0,3,1,3,0.346,0.937,1
40,64104,132173,60,403,18,4,7444,1,0,0,0,7,0.116,2.062,0
35,174134,130942,12,540,4,2,14610,3,1,2,3,1,0.084,0.752,1
45,41999,21939,60,552,28,1,66036,2,1,2,4,9,1.572,0.522,0
50,166013,49460,36,441,9,1,4554,0,1,0,1,6,0.027,0.298,0
34,86169,148738,60,750,12,0,25545,1,1,0,0,0,0.296,1.726,1
27,179542,67119,12,606,28,1,50139,0,0,2,6,8,0.279,0.374,0
37,154744,137851,48,799,4,2,61971,2,0,3,2,9,0.4,0.891,1
64,135684,149258,60,307,11,4,46059,3,0,0,5,5,0.339,1.1,0
40,84821,10057,36,368,12,0,6771,3,1,3,6,0,0.08,0.119,0
56,160601,24157,48,367,21,5,69468,2,1,0,7,9,0.433,0.15,0
29,37192,40030,36,707,14,4,26055,2,1,2,5,5,0.701,1.076,1
58,99102,113612,48,817,12,2,37202,1,1,0,3,4,0.375,1.146,0
42,139894,120080,36,418,0,0,27700,1,1,0,5,4,0.198,0.858,0
22,111795,88028,60,330,0,3,3567,1,0,0,1,4,0.032,0.787,0
44,190159,141260,60,817,10,1,67194,1,1,2,2,3,0.353,0.743,0
28,91677,34680,12,782,21,2,42836,1,1,2,1,6,0.467,0.378,0
31,160699,107302,48,506,34,0,26627,3,0,2,5,8,0.166,0.668,0
33,159327,41445,12,686,5,4,38568,1,0,1,4,3,0.242,0.26,0
37,161285,10796,24,711,27,0,20760,2,1,1,6,1,0.129,0.067,1
28,127412,52218,60,669,30,3,29985,2,0,1,7,1,0.235,0.41,1
41,44404,144195,48,652,7,2,79944,1,1,1,5,1,1.8,3.247,1
38,141545,144294,12,635,4,0,40785,2,1,2,7,6,0.288,1.019,0
50,181452,29074,12,588,16,5,35583,0,0,0,4,3,0.196,0.16,0
38,175245,121088,24,439,8,2,33738,3,1,2,5,3,0.193,0.691,1
51,48989,41839,12,599,9,2,24204,3,1,1,3,0,0.494,0.854,0
58,133106,112112,36,312,19,4,78821,1,1,3,2,3,0.592,0.842,0
52,49519,132514,60,727,13,1,16643,0,0,3,4,5,0.336,2.676,0
31,47439,73322,12,699,13,5,70561,1,0,2,0,1,1.487,1.546,1
45,143570,61321,12,408,25,3,37126,1,0,0,3,3,0.259,0.427,0
53,39995,115100,24,784,28,0,58126,2,0,1,1,6,1.453,2.878,1
58,48559,40507,36,655,26,1,45258,3,1,0,5,8,0.932,0.834,0
61,114049,104244,12,448,24,4,34527,0,0,0,2,1,0.303,0.914,1
28,161093,130788,60,606,15,1,23898,2,1,0,2,7,0.148,0.812,1
31,123000,100251,60,832,33,2,79923,3,0,1,5,5,0.65,0.815,1
42,177191,28806,12,359,15,2,56912,3,0,2,0,7,0.321,0.163,0
44,64350,135364,36,734,32,3,46435,1,1,1,6,1,0.722,2.104,0
61,50517,41901,60,320,2,5,3794,0,0,1,6,0,0.075,0.829,1
37,178322,145824,60,681,22,0,69126,1,0,2,4,6,0.388,0.818,0
32,114132,57127,36,544,10,0,14698,2,1,2,5,8,0.129,0.501,0
52,84546,5453,36,372,17,4,12332,1,0,2,7,8,0.146,0.064,0
35,130686,80432,12,748,28,3,9593,1,1,3,2,1,0.073,0.615,1
36,113151,127872,48,375,4,0,58132,3,0,3,0,3,0.514,1.13,0
42,28327,92362,24,689,23,5,11036,3,1,2,6,0,0.39,3.261,1
48,145318,15976,48,641,28,2,79908,2,0,0,0,6,0.55,0.11,1
40,185840,119176,48,589,28,3,53164,3,1,3,6,1,0.286,0.641,0
53,198860,104122,60,630,25,1,19351,3,0,1,1,3,0.097,0.524,1
30,140945,75404,36,558,2,3,58413,3,1,1,0,1,0.414,0.535,0
60,71830,86932,60,725,1,3,18059,1,0,3,3,0,0.251,1.21,1
52,77446,102170,24,305,24,5,27188,0,0,1,7,6,0.351,1.319,1
53,171232,82707,12,305,18,5,67852,2,0,2,2,5,0.396,0.483,1
22,190070,98789,24,490,1,0,11829,1,1,1,3,1,0.062,0.52,0
53,183302,101516,60,447,18,4,73673,2,1,3,6,3,0.402,0.554,0
53,165148,138089,60,704,0,4,24502,1,0,0,0,2,0.148,0.836,1
61,94341,12957,60,557,26,5,27204,2,0,1,0,2,0.288,0.137,0
33,56085,112724,60,778,34,0,1265,3,0,1,7,2,0.023,2.01,0
50,80571,140864,48,389,4,0,35751,2,0,0,3,3,0.444,1.748,0
53,170787,18237,12,309,3,0,24315,0,0,3,1,0,0.142,0.107,1
33,153308,56586,48,386,16,5,47457,2,0,0,0,0,0.31,0.369,1
46,30750,24252,60,450,20,4,46875,0,0,1,3,6,1.524,0.789,0
42,138931,146779,36,329,30,0,60359,2,0,3,3,4,0.434,1.056,0
59,103768,8543,48,427,21,5,43420,3,0,2,7,2,0.418,0.082,0
22,60903,109647,60,377,10,1,33379,2,0,3,2,8,0.548,1.8,0
58,188165,40031,60,720,33,1,64102,1,1,3,1,4,0.341,0.213,1
59,116036,70747,12,354,14,2,54664,3,1,2,4,9,0.471,0.61,0
46,112954,60311,24,779,9,1,70960,3,0,3,3,2,0.628,0.534,0
35,190386,70867,48,604,31,3,75475,1,0,1,7,8,0.396,0.372,0
54,108014,93780,48,845,30,2,59469,3,0,1,7,0,0.551,0.868,0
62,191251,62196,48,404,27,1,34396,3,1,1,2,8,0.18,0.325,1
64,142305,78705,60,471,30,3,13176,1,1,1,4,4,0.093,0.553,0
60,181410,62894,12,798,5,1,65036,3,0,2,7,5,0.359,0.347,1
31,57101,92640,60,321,13,5,7907,3,0,1,7,1,0.138,1.622,1
23,27775,19591,60,586,22,3,3372,3,0,3,2,7,0.121,0.705,0
26,136497,102247,36,690,15,0,27572,3,1,0,2,2,0.202,0.749,1
29,70619,5727,12,448,24,5,24592,2,1,2,5,0,0.348,0.081,1
26,175611,48822,48,571,1,3,13102,3,1,2,1,6,0.075,0.278,1
29,82124,108399,24,598,33,5,25642,3,1,0,0,2,0.312,1.32,0
59,90149,117113,48,471,24,0,3139,3,0,1,1,3,0.035,1.299,0
51,51616,135431,60,346,15,3,77179,2,0,1,4,4,1.495,2.624,0
52,193171,147001,12,506,17,3,18643,0,0,3,5,0,0.097,0.761,0
61,86799,133588,12,752,12,5,60117,3,0,1,7,8,0.693,1.539,1
32,115221,65091,12,694,26,1,28780,0,0,1,1,6,0.25,0.565,0
28,139879,99192,36,600,33,3,60332,0,1,3,7,1,0.431,0.709,0
28,50479,115805,48,475,10,1,30632,1,0,1,0,0,0.607,2.294,1
48,124165,123089,36,409,0,3,38493,1,0,0,1,1,0.31,0.991,0
40,80863,94367,24,501,12,4,48352,0,1,1,1,2,0.598,1.167,1
27,198115,18265,60,467,29,2,29408,2,0,0,1,2,0.148,0.092,1
31,107569,141496,36,385,4,1,78755,3,0,0,3,7,0.732,1.315,0
40,171480,84622,36,350,17,1,25939,3,0,0,3,4,0.151,0.493,0
36,41351,40929,60,411,13,0,46880,3,1,1,1,8,1.134,0.99,0
24,160203,66892,12,762,12,4,36843,1,0,1,0,2,0.23,0.418,1
26,69825,61630,60,741,31,0,78314,1,1,2,7,5,1.122,0.883,0
42,36349,145287,48,570,6,4,38930,3,1,3,6,3,1.071,3.997,1
46,69254,136025,60,643,7,4,29870,0,1,3,0,7,0.431,1.964,1
23,63225,92580,12,482,6,5,58144,1,1,2,0,0,0.92,1.464,0
61,37453,82462,60,802,15,5,58103,3,0,0,0,3,1.551,2.202,0
62,174886,118396,36,309,30,5,40770,0,1,3,7,6,0.233,0.677,0
34,174335,102037,24,793,26,3,30158,3,0,2,5,8,0.173,0.585,1
31,102694,100310,36,533,32,0,47401,1,1,0,5,0,0.462,0.977,1
38,40735,53928,24,597,28,2,12992,2,0,2,2,7,0.319,1.324,0
32,171902,94876,60,543,7,4,25390,2,0,1,1,1,0.148,0.552,1
43,72893,29976,48,808,32,4,45858,1,0,1,6,3,0.629,0.411,1
32,152006,129984,60,650,18,1,16756,0,0,0,6,3,0.11,0.855,0
33,70066,103256,12,566,20,3,21971,3,0,0,1,7,0.314,1.474,0
45,159445,105537,60,500,20,2,7071,1,0,1,2,1,0.044,0.662,0
39,166407,140772,24,538,24,5,46517,0,0,3,0,6,0.28,0.846,0
56,179813,114331,36,633,22,4,6586,3,0,3,4,2,0.037,0.636,0
28,35692,12526,48,714,10,1,19703,3,0,1,4,8,0.552,0.351,0
49,70541,108863,60,783,32,0,76177,1,0,3,7,4,1.08,1.543,0
52,190129,78366,60,736,19,4,36735,3,1,1,2,7,0.193,0.412,1
64,91983,61096,36,545,24,1,66358,2,0,2,6,4,0.721,0.664,0
38,175655,143982,48,307,25,0,39648,2,0,2,4,0,0.226,0.82,1
26,178837,76185,60,451,11,3,12129,3,0,2,3,8,0.068,0.426,0
38,179978,55248,60,691,31,5,36656,1,1,3,1,9,0.204,0.307,1
39,145747,138023,24,510,32,0,29665,3,1,2,4,6,0.204,0.947,0
42,110103,84888,24,666,9,4,13499,1,0,0,7,3,0.123,0.771,1
57,194302,99533,12,385,3,2,75888,1,0,0,5,6,0.391,0.512,1
52,175592,46954,36,354,14,0,19654,2,1,2,7,4,0.112,0.267,0
61,50566,94719,48,745,5,2,75653,2,0,0,5,9,1.496,1.873,1
23,98193,144876,60,603,26,2,69529,0,0,2,6,8,0.708,1.475,0
48,186206,5595,60,431,4,0,18982,1,1,2,6,1,0.102,0.03,1
30,166417,34592,12,720,4,3,79874,3,1,1,3,3,0.48,0.208,0
55,146015,45643,60,684,17,0,30173,1,0,2,7,5,0.207,0.313,1
49,197257,67665,36,497,27,1,37525,2,0,0,1,4,0.19,0.343,0
35,155956,10972,12,346,34,5,27328,1,0,3,7,0,0.175,0.07,1
53,95744,20882,36,502,21,2,11360,0,1,2,3,8,0.119,0.218,0
27,58455,30020,12,560,33,5,22625,3,0,1,1,8,0.387,0.514,0
32,184090,107621,60,323,3,4,44894,1,0,0,1,2,0.244,0.585,0
50,79219,90374,12,639,17,2,16471,3,1,1,6,3,0.208,1.141,0
41,70991,49912,24,711,25,4,39883,3,0,2,4,3,0.562,0.703,1
51,98616,17879,48,560,21,1,2703,2,0,2,7,9,0.027,0.181,0
44,112438,38798,60,585,32,1,76687,1,0,2,5,7,0.682,0.345,0
40,141841,112791,48,812,13,5,51570,3,0,2,2,5,0.364,0.795,0
57,165558,80791,60,385,30,1,69683,2,1,0,4,1,0.421,0.488,1
24,194934,71983,48,729,9,0,65524,0,1,3,7,3,0.336,0.369,1
48,83870,138922,24,330,23,2,34515,0,1,2,6,0,0.412,1.656,0
64,111694,16953,48,739,20,4,73768,1,0,1,0,2,0.66,0.152,0
40,68856,111410,12,648,7,5,15151,3,0,0,3,3,0.22,1.618,0
44,126407,130155,48,711,31,5,75866,1,0,0,6,7,0.6,1.03,1
52,56379,86029,60,827,30,1,49190,3,0,0,7,2,0.872,1.526,1
61,89729,9055,36,609,33,1,76812,2,1,1,0,4,0.856,0.101,1
56,184450,43170,48,695,22,4,56195,0,0,3,1,0,0.305,0.234,1
54,79353,104976,48,637,24,2,64108,0,0,1,6,3,0.808,1.323,0
56,39031,33251,48,736,6,2,18535,0,0,1,4,1,0.475,0.852,0
22,90982,140604,60,664,18,5,43050,0,1,1,7,3,0.473,1.545,1
35,61683,140996,48,412,6,4,32976,1,0,2,0,4,0.535,2.286,0
54,139091,53037,60,475,7,5,599,3,0,2,0,2,0.004,0.381,0
56,142797,97115,60,448,13,3,57948,1,0,1,5,5,0.406,0.68,0
26,173690,82926,36,477,0,2,59867,2,0,1,6,1,0.345,0.477,0
59,31587,75400,12,681,12,4,3709,0,0,2,0,4,0.117,2.387,0
62,87790,104525,60,522,2,4,24110,3,1,2,5,3,0.275,1.191,0
32,56480,106164,24,558,27,5,49365,1,0,3,5,4,0.874,1.88,0
23,176599,146774,48,488,14,1,5723,3,0,1,1,8,0.032,0.831,1
38,48569,111732,24,605,2,4,55704,1,0,0,7,5,1.147,2.3,0
60,36151,20385,48,677,3,5,27394,3,0,3,5,6,0.758,0.564,0
41,69739,14336,36,642,4,0,64120,3,0,0,1,7,0.919,0.206,0
35,57954,70421,60,455,25,1,10316,0,1,3,5,8,0.178,1.215,0
53,134373,41021,12,354,24,1,22622,1,0,1,5,4,0.168,0.305,0
55,191375,139854,60,741,9,2,24844,2,1,0,6,7,0.13,0.731,1
46,59700,122369,48,499,7,3,51560,3,1,2,6,1,0.864,2.05,0
28,148728,54111,12,702,11,2,59921,2,0,3,1,9,0.403,0.364,1
56,91788,94402,60,476,2,0,21162,0,0,0,0,8,0.231,1.028,0
50,96045,124774,12,748,26,5,28833,2,1,3,3,1,0.3,1.299,0
43,193914,47719,48,840,22,1,17206,3,0,1,4,4,0.089,0.246,0
62,169972,130695,36,600,32,1,51747,3,1,0,4,5,0.304,0.769,1
64,152992,139585,36,606,13,4,75827,3,1,0,1,3,0.496,0.912,0
34,105059,149407,60,566,22,3,77195,1,0,0,0,7,0.735,1.422,0
34,26881,109126,24,513,30,3,55387,2,0,3,6,9,2.06,4.06,0
22,189109,82658,48,782,12,4,25226,1,1,2,6,2,0.133,0.437,1
57,157702,36007,60,561,11,0,6500,3,0,2,3,4,0.041,0.228,0
25,45789,111833,60,366,34,3,1634,3,1,2,2,1,0.036,2.442,1
58,151083,123637,36,432,17,1,14059,0,1,1,6,2,0.093,0.818,0
61,113059,125721,12,839,20,0,70350,0,0,0,1,7,0.622,1.112,0
34,71151,98220,48,811,0,2,4076,3,1,2,2,4,0.057,1.38,1
59,134388,31393,12,510,8,2,38210,1,1,2,4,2,0.284,0.234,1
45,28262,62480,48,552,22,0,25931,1,1,0,4,4,0.918,2.211,0
40,91981,122243,24,337,13,1,32007,3,1,1,6,8,0.348,1.329,1
22,145951,93290,36,342,10,2,22744,2,1,3,3,2,0.156,0.639,0
59,148099,109263,24,704,6,5,30396,1,1,3,7,9,0.205,0.738,1
26,106972,145179,60,345,30,1,49954,3,0,3,3,6,0.467,1.357,1
37,100485,10993,36,753,23,4,66038,0,1,0,2,7,0.657,0.109,1
45,79722,98650,60,604,25,3,12756,3,1,1,7,4,0.16,1.237,1
48,114499,122595,24,532,29,0,79798,1,0,0,6,2,0.697,1.071,0
22,186004,57066,48,544,33,3,10605,3,0,3,4,5,0.057,0.307,0
55,31901,116850,60,594,4,4,22416,2,0,2,3,2,0.703,3.663,1
57,142473,47942,12,682,4,2,56558,2,1,2,3,8,0.397,0.336,0
25,33597,21138,48,457,18,5,37487,1,0,2,7,1,1.116,0.629,1
21,154631,123558,48,704,27,1,2870,3,1,3,4,2,0.019,0.799,1
60,88909,14190,24,300,25,1,4758,2,1,1,6,6,0.054,0.16,0
32,97391,97259,24,516,22,4,38736,2,1,3,4,9,0.398,0.999,0
56,164335,83422,36,806,29,0,77195,0,1,0,0,7,0.47,0.508,0
43,88293,87315,36,329,2,3,65138,1,0,1,5,4,0.738,0.989,0
51,181877,34086,12,819,27,5,50250,0,1,2,3,4,0.276,0.187,0
31,36874,130604,48,574,32,2,40558,0,1,1,2,4,1.1,3.542,0
30,111402,105814,12,791,2,0,53092,2,1,1,6,3,0.477,0.95,0
23,39079,124324,12,335,4,5,75121,3,1,3,1,8,1.922,3.181,0
34,97779,133921,24,610,18,5,55604,0,1,1,1,5,0.569,1.37,0
36,120408,8435,12,343,0,4,37039,1,1,3,4,7,0.308,0.07,0
30,165090,106505,12,454,8,4,69859,1,0,0,5,7,0.423,0.645,0
49,145606,58331,60,376,4,1,48745,3,0,1,6,4,0.335,0.401,0
30,145062,118457,36,737,33,2,5461,1,1,1,6,8,0.038,0.817,1
32,37100,57389,36,731,32,0,40831,0,1,1,2,1,1.101,1.547,1
50,82021,58014,48,841,24,1,51137,3,1,2,0,7,0.623,0.707,1
61,175872,35297,36,338,28,2,34030,1,1,3,7,2,0.193,0.201,1
21,153126,48890,48,538,24,3,5731,1,1,3,3,6,0.037,0.319,1
25,117446,26322,60,312,8,3,21500,0,0,2,0,8,0.183,0.224,1
40,54437,40739,36,421,2,1,75439,0,1,3,6,4,1.386,0.748,0
28,176014,145791,60,443,14,0,33117,0,0,0,2,7,0.188,0.828,0
63,45862,84553,36,754,3,2,31174,0,0,2,0,3,0.68,1.844,1
32,36669,13314,36,667,19,3,33208,3,0,3,4,0,0.906,0.363,1
21,146219,98831,60,546,22,3,79435,3,0,0,1,0,0.543,0.676,0
40,40916,80164,12,344,7,0,68688,3,0,3,4,5,1.679,1.959,0
48,35878,112658,12,674,32,1,25960,2,1,2,3,7,0.724,3.14,1
63,27985,82028,12,590,32,4,10247,0,1,3,4,9,0.366,2.931,1
57,66235,41113,12,506,6,5,26038,0,1,0,2,1,0.393,0.621,1
57,43931,122174,36,818,21,2,27770,3,1,0,6,3,0.632,2.781,1
32,117876,25365,24,541,4,3,72485,1,0,0,2,2,0.615,0.215,1
57,25336,44029,60,413,14,5,64654,1,0,3,3,8,2.552,1.738,0
64,67933,6737,24,601,20,5,67741,0,1,2,3,2,0.997,0.099,0
48,70536,136042,24,575,24,4,57773,0,0,3,1,7,0.819,1.929,0
35,94504,90474,48,395,16,5,52633,3,1,1,0,6,0.557,0.957,0
26,124214,83218,12,593,6,0,19564,0,0,2,1,0,0.158,0.67,1
64,138936,133692,36,659,18,1,78669,1,0,1,4,7,0.566,0.962,1
40,41279,133411,12,587,6,2,18114,1,0,3,0,8,0.439,3.232,0
34,128751,5294,12,453,23,0,32803,0,0,2,3,7,0.255,0.041,0
22,129433,29596,24,722,10,1,59341,3,1,1,2,9,0.458,0.229,0
29,96386,103185,48,349,0,0,23545,3,0,3,4,9,0.244,1.071,1
57,111124,16434,12,506,31,3,62759,1,1,2,7,0,0.565,0.148,0
40,130750,63382,60,512,1,3,76488,3,1,0,1,6,0.585,0.485,0
46,102485,43098,60,365,14,4,68071,1,0,0,6,8,0.664,0.421,1
49,99055,9655,12,531,20,0,53866,0,1,0,5,4,0.544,0.097,1
21,116911,88029,24,619,23,5,70499,1,1,1,5,1,0.603,0.753,1
55,123618,51228,24,436,16,3,78243,0,1,1,3,7,0.633,0.414,0
26,138892,8771,36,364,8,1,63153,3,1,3,6,8,0.455,0.063,1
57,96128,79099,48,813,34,4,12860,2,0,0,0,6,0.134,0.823,1
25,174180,125811,24,431,19,5,79783,2,0,1,5,4,0.458,0.722,0
53,77495,67257,36,633,18,2,17670,2,0,0,0,7,0.228,0.868,1
34,107806,22558,60,331,17,0,41280,1,0,3,2,5,0.383,0.209,0
32,118185,63436,60,797,19,3,61439,2,1,2,3,3,0.52,0.537,0
62,195591,112779,60,542,29,5,79423,1,1,1,7,0,0.406,0.577,0
40,74649,129891,12,491,0,1,35061,3,0,1,3,5,0.47,1.74,0
44,190596,37376,48,441,23,0,50764,0,0,2,4,7,0.266,0.196,1
63,189957,82924,36,490,23,1,23810,2,1,1,4,2,0.125,0.437,0
54,120402,34332,48,448,18,4,45588,1,0,3,6,6,0.379,0.285,0
45,55676,136001,12,715,29,3,15933,3,1,1,0,6,0.286,2.443,0
49,89093,51737,36,819,25,3,30034,3,0,1,7,8,0.337,0.581,1
59,104414,135912,36,315,28,4,1947,2,1,2,5,0,0.019,1.302,0
51,118095,94031,24,405,12,1,19715,3,1,3,5,4,0.167,0.796,1
63,97307,25991,48,582,3,0,30956,3,0,0,1,7,0.318,0.267,0
43,120432,32472,48,403,16,1,16303,3,0,0,7,2,0.135,0.27,1
64,56923,64946,24,660,32,0,24031,1,0,2,0,4,0.422,1.141,0
58,142449,6541,60,334,4,5,17977,3,1,3,5,0,0.126,0.046,1
40,72574,134237,12,412,27,4,42707,3,0,2,4,8,0.588,1.85,0
43,199463,7765,48,607,23,2,14465,3,0,2,4,3,0.073,0.039,0
36,146757,48074,24,352,16,0,75761,3,0,0,7,4,0.516,0.328,1
62,78664,107795,36,380,10,3,16640,3,0,3,4,2,0.212,1.37,1
28,92384,106387,24,668,11,5,31535,1,0,3,0,1,0.341,1.152,1
41,56027,136841,60,541,12,3,39280,3,1,2,3,6,0.701,2.442,0
21,191536,7972,12,330,7,5,2991,3,0,0,6,4,0.016,0.042,1
28,59485,108903,60,660,0,3,17801,0,0,3,1,9,0.299,1.831,0
49,175528,108579,36,532,8,1,7965,3,0,2,1,2,0.045,0.619,0
52,60554,44339,36,333,27,1,13730,3,0,1,4,1,0.227,0.732,1
58,71922,108376,36,542,1,1,29553,1,1,0,2,9,0.411,1.507,1
25,38409,47399,36,358,13,5,8301,3,1,3,7,5,0.216,1.234,0
42,61639,49013,24,828,12,5,18936,1,0,3,0,9,0.307,0.795,1
54,44692,32909,36,377,1,3,14155,2,0,3,7,5,0.317,0.736,1
21,114037,137385,36,601,3,0,48848,3,0,0,5,2,0.428,1.205,0
46,43074,143919,24,411,11,5,2042,0,1,2,7,8,0.047,3.341,1
63,171621,146002,36,712,9,3,18565,1,1,1,5,0,0.108,0.851,1
30,54963,8285,60,616,2,0,47602,2,0,3,7,2,0.866,0.151,0
50,77265,128637,60,444,3,1,37260,0,1,0,7,0,0.482,1.665,0
38,41061,40863,48,317,5,5,36326,1,1,3,6,6,0.885,0.995,0
37,184882,136627,60,650,22,2,42581,2,1,2,3,1,0.23,0.739,1
46,138502,26323,12,454,4,1,3658,0,1,1,4,3,0.026,0.19,0
28,47800,75968,12,805,2,4,37548,3,1,3,2,3,0.786,1.589,0
60,141192,58915,12,659,9,0,19668,0,1,0,4,7,0.139,0.417,0
32,132228,114543,24,631,18,2,40285,0,0,2,7,3,0.305,0.866,0
47,53054,146691,60,827,13,1,22546,0,1,1,7,2,0.425,2.765,1
28,38233,113500,12,311,20,5,37874,1,0,0,2,9,0.991,2.969,0
45,181140,116266,48,374,27,2,51318,3,1,3,1,2,0.283,0.642,1
24,90727,31739,24,511,20,3,37165,3,0,0,2,4,0.41,0.35,0
53,115610,133041,48,582,23,0,62970,1,1,1,1,5,0.545,1.151,1
21,95453,58019,60,494,16,4,56820,0,0,2,1,6,0.595,0.608,0
39,129135,12373,36,329,21,3,45411,3,0,2,7,4,0.352,0.096,1
51,181904,25187,48,308,18,2,75998,0,1,3,0,6,0.418,0.138,0
36,133464,72863,36,608,9,1,36479,3,0,3,6,3,0.273,0.546,0
34,38682,102927,24,744,10,0,39906,1,0,3,2,4,1.032,2.661,0
25,179455,89085,48,609,1,5,73198,2,1,3,3,5,0.408,0.496,0
61,83160,122996,48,725,32,4,72940,0,0,1,3,8,0.877,1.479,0
46,48666,44220,24,390,30,1,42605,3,1,3,2,5,0.875,0.909,1
48,83817,135503,24,755,34,4,9542,3,0,0,6,9,0.114,1.617,1
22,116198,12642,12,743,22,5,27774,3,0,1,0,0,0.239,0.109,1
26,190714,84971,60,378,25,0,8556,1,1,1,3,6,0.045,0.446,0
29,66830,60556,48,774,24,2,46123,1,0,3,4,2,0.69,0.906,1
53,35234,43192,48,402,16,4,78342,2,0,1,3,5,2.223,1.226,0
61,82616,140453,24,755,14,0,42586,1,1,0,7,1,0.515,1.7,0
45,34221,35782,24,613,3,4,14864,0,1,1,0,6,0.434,1.046,1
33,167482,9782,60,546,21,1,58989,1,1,1,1,0,0.352,0.058,0
29,26051,65030,24,533,16,4,56093,3,0,0,1,1,2.153,2.496,1
33,135529,61411,36,534,21,1,33749,0,0,0,1,8,0.249,0.453,1
51,101918,102469,36,686,16,1,59739,1,1,1,7,8,0.586,1.005,0
61,103116,51950,36,337,13,0,42996,0,0,2,0,6,0.417,0.504,0
31,147226,138595,36,460,13,3,17305,0,0,1,1,1,0.118,0.941,0
24,69757,145749,60,761,16,5,77474,1,0,0,6,4,1.111,2.089,0
54,146008,140653,48,748,7,4,16318,0,0,0,1,3,0.112,0.963,0
58,156379,147979,36,416,33,2,52810,3,0,0,0,1,0.338,0.946,0
24,81889,141681,24,540,25,1,37820,3,1,2,7,1,0.462,1.73,0
58,60944,55539,36,325,29,3,61800,1,1,0,4,9,1.014,0.911,0
39,124555,27936,60,597,21,1,70942,1,0,3,3,7,0.57,0.224,0
26,63134,55182,24,453,15,3,20661,3,0,3,0,4,0.327,0.874,0
54,183395,116259,36,767,29,3,30816,1,0,2,0,7,0.168,0.634,1
38,50954,100042,48,348,15,2,12850,3,1,0,2,1,0.252,1.963,1
33,114959,18163,24,345,23,3,78137,0,1,0,1,1,0.68,0.158,1
61,29992,148609,24,584,34,2,65057,1,1,3,5,2,2.169,4.955,1
43,26961,27419,48,381,5,0,39866,2,1,3,4,9,1.479,1.017,1
39,37497,126211,24,343,3,1,26644,3,1,1,5,7,0.711,3.366,1
31,188623,127762,36,572,17,2,52919,3,0,2,2,7,0.281,0.677,0
21,38255,5834,24,693,5,5,27428,0,0,1,4,2,0.717,0.153,1
44,160639,37214,36,357,25,1,58491,2,0,2,1,0,0.364,0.232,0
27,73847,7413,48,300,26,5,33380,2,0,0,5,6,0.452,0.1,0
45,45389,14505,12,515,10,4,72822,2,1,0,7,3,1.604,0.32,1
41,148802,107802,48,616,15,5,75604,3,0,2,1,2,0.508,0.724,1
35,86576,138177,36,527,18,0,75341,3,0,1,1,4,0.87,1.596,1
21,68919,133303,60,772,14,4,3017,2,0,3,3,5,0.044,1.934,1
32,28358,119897,48,783,25,4,9926,1,0,2,4,0,0.35,4.228,1
27,113535,63408,60,586,30,3,44508,2,1,2,4,8,0.392,0.558,0
35,130982,121908,60,810,18,5,23486,0,1,2,2,5,0.179,0.931,1
41,30698,84731,36,757,23,3,29511,2,0,0,7,2,0.961,2.76,1
39,91809,70131,36,394,8,5,10002,2,0,2,0,0,0.109,0.764,0
49,118079,69280,12,792,22,4,48586,2,0,0,1,8,0.411,0.587,1
45,80805,20762,24,449,3,3,68737,1,0,3,1,1,0.851,0.257,0
53,187421,122798,48,322,9,1,64668,2,1,3,5,9,0.345,0.655,0
52,100033,121854,36,514,8,5,27048,2,1,1,2,5,0.27,1.218,1
55,123239,63703,48,698,18,5,40324,3,0,0,4,5,0.327,0.517,1
64,155407,68079,60,709,14,3,66877,2,0,3,3,2,0.43,0.438,1
58,69041,26577,24,430,33,5,79517,0,1,3,4,5,1.152,0.385,0
46,56954,6214,12,447,18,4,74232,3,1,1,3,1,1.303,0.109,1
31,33002,91339,48,680,20,3,14525,1,0,1,3,7,0.44,2.768,1
55,94783,53114,24,408,33,3,52634,3,0,1,4,0,0.555,0.56,0
28,132524,68230,12,420,16,2,61491,1,0,0,5,5,0.464,0.515,0
34,149857,72194,48,594,17,2,5565,1,1,2,1,0,0.037,0.482,0
30,44738,117333,24,419,16,4,72053,0,1,0,3,8,1.611,2.623,0
22,35703,42792,36,755,1,1,14287,2,1,1,5,8,0.4,1.199,0
29,138776,50807,48,829,0,5,77365,0,1,2,2,5,0.557,0.366,0
23,168464,130266,24,468,9,0,2422,3,1,3,2,5,0.014,0.773,1
41,69724,141213,12,442,4,5,29060,1,0,0,3,8,0.417,2.025,0
46,57299,109292,24,336,11,0,41633,3,0,1,1,4,0.727,1.907,0
28,40641,127984,36,560,30,4,71521,1,0,1,3,8,1.76,3.149,0
22,104534,18777,48,530,8,1,13790,3,0,2,2,4,0.132,0.18,1
26,31305,43346,48,553,25,1,25168,1,1,0,6,3,0.804,1.385,0
48,43782,59703,48,628,14,1,24019,0,0,3,2,1,0.549,1.364,1
49,103257,99977,36,596,15,2,43739,1,1,3,4,1,0.424,0.968,0
46,102963,52819,12,309,12,4,3668,2,1,2,6,0,0.036,0.513,1
45,146987,139917,48,745,24,0,76280,0,0,2,1,9,0.519,0.952,0
32,176638,115186,12,529,29,1,28754,2,0,3,4,2,0.163,0.652,0
25,149591,28290,24,835,6,4,55614,3,0,2,6,0,0.372,0.189,1
54,92766,117551,12,377,3,5,4509,3,0,2,5,5,0.049,1.267,1
57,31511,103682,12,724,29,0,2500,1,0,0,6,6,0.079,3.29,0
35,139816,139365,48,492,9,2,75440,1,0,2,5,8,0.54,0.997,0
64,182249,123017,60,700,29,3,26921,3,1,1,5,6,0.148,0.675,0
56,29765,124496,60,408,6,0,54551,0,1,1,6,3,1.833,4.183,0
35,176426,62089,36,562,34,5,16683,2,1,1,6,3,0.095,0.352,1
63,48929,133713,36,628,23,0,77952,3,0,2,0,7,1.593,2.733,0
43,184892,21619,60,662,19,0,14833,0,1,3,6,3,0.08,0.117,1
26,136576,83006,24,677,31,3,18290,2,0,1,5,0,0.134,0.608,1
64,185595,19779,48,640,25,1,14003,1,0,0,3,8,0.075,0.107,0
63,96088,26630,48,558,25,5,71656,0,1,2,4,2,0.746,0.277,1
41,102525,110575,24,634,34,3,41253,0,1,3,5,0,0.402,1.079,0
43,38780,120436,24,384,34,0,79787,3,0,3,1,8,2.057,3.106,0
63,31589,148250,60,821,11,5,51025,2,0,2,7,9,1.615,4.693,0
36,190884,27784,36,607,32,2,71708,3,1,2,6,9,0.376,0.146,0
35,118664,117167,24,561,13,0,22706,1,1,0,5,4,0.191,0.987,0
45,129188,72359,36,751,32,2,42732,1,1,2,3,8,0.331,0.56,1
56,118326,83608,12,550,23,4,76591,2,1,2,7,2,0.647,0.707,0
31,65953,20111,48,623,14,2,32716,2,1,3,6,5,0.496,0.305,0
35,90785,29161,60,528,30,0,6880,2,1,1,3,6,0.076,0.321,0
24,44309,123920,48,596,16,3,28949,3,0,1,7,4,0.653,2.797,0
41,79195,109823,60,536,11,0,66064,2,1,3,7,7,0.834,1.387,0
33,50901,130014,12,516,21,0,43093,2,0,2,3,9,0.847,2.554,0
42,179648,135466,48,545,22,4,22844,3,0,0,3,5,0.127,0.754,0
39,187580,72313,12,747,25,1,22360,1,1,1,3,5,0.119,0.386,1
54,50464,85308,60,618,13,0,43322,1,1,2,1,6,0.858,1.69,0
34,41260,51389,24,731,11,4,20704,0,1,1,0,7,0.502,1.245,1
24,149997,112800,48,703,3,3,52646,1,0,3,2,1,0.351,0.752,0
47,60440,143562,12,336,12,4,48181,2,0,1,0,6,0.797,2.375,0
49,120082,124547,48,641,17,4,30589,1,1,3,2,8,0.255,1.037,1
48,130583,29502,48,688,27,2,9212,3,1,3,4,0,0.071,0.226,1
55,81683,40757,48,333,18,1,13850,1,0,3,6,0,0.17,0.499,1
28,149206,46111,36,338,2,1,39767,1,0,0,3,6,0.267,0.309,0
36,197502,103273,12,508,18,5,7322,0,1,2,4,4,0.037,0.523,0
62,158059,63645,12,451,19,3,35911,0,1,3,4,0,0.227,0.403,0
56,181177,115218,48,664,24,5,46580,2,1,3,6,0,0.257,0.636,0
50,103484,64055,24,498,10,4,50622,3,0,1,2,1,0.489,0.619,1
38,169098,124815,48,378,16,3,5678,2,0,2,1,9,0.034,0.738,0
22,93309,145070,36,776,34,3,65265,3,1,0,3,8,0.699,1.555,0
33,70927,106026,60,733,13,1,66918,3,1,0,7,2,0.943,1.495,1
24,67946,75192,36,331,18,1,21780,0,1,1,5,8,0.321,1.107,0
46,151503,57021,24,386,2,1,27506,1,0,0,6,5,0.182,0.376,0
45,166449,34092,48,692,33,0,42296,1,0,1,7,9,0.254,0.205,1
50,78592,137314,12,543,21,4,39882,0,0,2,6,5,0.507,1.747,1
31,163419,111843,48,531,26,3,60510,2,1,1,7,6,0.37,0.684,0
27,58776,137903,24,491,20,4,42202,1,1,1,4,9,0.718,2.346,0
51,159855,55721,12,839,30,3,1705,2,1,3,0,7,0.011,0.349,1
64,80798,33511,36,569,26,3,71533,1,0,0,7,2,0.885,0.415,0
30,160370,77782,60,376,1,5,40730,2,0,2,3,7,0.254,0.485,1
59,95204,102003,60,466,8,3,31051,3,0,2,7,5,0.326,1.071,1
33,111207,60568,48,583,18,3,77665,3,1,3,1,5,0.698,0.545,1
51,125356,139304,36,388,9,2,50467,1,1,1,3,2,0.403,1.111,0
27,85652,107062,24,843,6,2,30785,2,0,2,5,5,0.359,1.25,0
62,190556,109301,60,455,3,5,29402,2,1,2,5,7,0.154,0.574,0
62,154572,56507,36,549,14,0,2704,3,1,1,4,6,0.017,0.366,1
56,45922,129277,48,394,11,1,27027,2,0,1,7,9,0.589,2.815,1
40,190100,134999,12,316,5,3,59092,0,0,2,0,9,0.311,0.71,0
24,176388,105128,48,416,8,4,5725,2,0,1,4,6,0.032,0.596,0
27,101996,15683,48,632,34,2,64105,3,0,0,1,2,0.629,0.154,0
21,173040,28664,36,821,7,1,25223,0,0,2,2,9,0.146,0.166,1
64,55266,107364,60,379,6,0,27384,0,1,1,5,2,0.495,1.943,0
62,180072,69340,36,731,3,1,62993,2,0,2,0,4,0.35,0.385,1
33,170083,92236,12,502,12,3,30027,3,1,2,5,4,0.177,0.542,0
42,27866,16017,36,415,18,1,12767,3,1,3,1,8,0.458,0.575,1
41,137669,41613,24,519,6,3,18354,3,0,0,1,8,0.133,0.302,1
42,30898,35348,48,552,9,5,48777,0,0,0,7,9,1.579,1.144,0
48,43395,14491,60,468,24,2,21901,3,1,3,5,4,0.505,0.334,1
29,195091,126070,12,615,34,2,49966,0,1,3,4,4,0.256,0.646,0
46,29006,63759,48,671,24,3,68637,0,1,2,5,5,2.366,2.198,1
29,190465,137040,36,455,28,4,16515,1,0,0,7,7,0.087,0.72,1
35,35956,5368,24,312,11,2,24806,2,1,3,4,5,0.69,0.149,0
30,162150,40010,36,807,11,4,3573,3,0,1,5,5,0.022,0.247,1
44,185703,40851,48,764,5,3,41941,0,0,2,4,8,0.226,0.22,1
62,120676,127761,12,519,9,5,43915,2,1,0,7,0,0.364,1.059,1
28,146724,132152,60,314,1,3,53780,0,0,2,2,3,0.367,0.901,0
44,87901,83858,48,416,24,5,5060,2,1,2,3,9,0.058,0.954,0
36,132227,72005,12,630,6,2,49094,0,1,1,3,9,0.371,0.545,0
46,142192,42493,48,355,22,4,56899,3,0,1,4,1,0.4,0.299,0
47,197646,15292,24,650,10,3,55421,1,0,3,4,8,0.28,0.077,0
57,56417,97377,36,431,22,2,45610,1,1,1,6,2,0.808,1.726,0
24,113020,106735,60,525,6,5,10933,1,0,0,6,9,0.097,0.944,0
44,108639,27912,12,607,26,3,72168,0,0,3,2,1,0.664,0.257,0
39,119881,85771,60,774,12,5,43898,2,1,0,7,7,0.366,0.715,0
56,195526,112293,60,521,16,1,5589,3,0,0,3,3,0.029,0.574,0
59,157659,104083,60,472,31,5,11612,3,1,3,2,1,0.074,0.66,0
30,146688,118655,12,639,25,1,47611,0,1,1,6,3,0.325,0.809,1
45,140584,102459,12,805,21,2,18888,1,0,2,6,6,0.134,0.729,0
38,111567,141606,60,456,12,3,19417,0,1,1,1,6,0.174,1.269,0
39,100886,116695,36,450,11,2,61323,2,0,0,5,0,0.608,1.157,0
56,174888,39268,48,477,6,0,77551,1,1,0,6,0,0.443,0.225,0
30,54432,112338,60,832,0,5,45440,0,0,3,3,2,0.835,2.064,0
53,97373,31336,24,411,32,2,35744,2,1,0,4,1,0.367,0.322,1
25,190289,8641,60,437,13,2,11891,1,1,3,7,2,0.062,0.045,0
55,45884,92132,12,532,16,1,72131,3,0,3,0,3,1.572,2.008,0
64,30454,37959,48,631,3,5,62093,2,0,1,6,6,2.039,1.246,0
54,99960,149378,24,841,0,1,50294,3,0,0,1,1,0.503,1.494,0
53,127421,79123,48,606,23,3,28557,2,0,1,5,6,0.224,0.621,1
41,68618,26498,48,460,33,2,61166,1,0,2,0,4,0.891,0.386,1
37,72111,75198,24,701,33,5,2192,0,0,1,2,7,0.03,1.043,1
42,195685,32197,60,577,23,2,45032,0,0,0,5,7,0.23,0.165,1
57,145592,113775,60,619,14,3,49851,0,0,2,2,4,0.342,0.781,0
35,84993,30032,60,832,16,4,42861,0,0,0,2,9,0.504,0.353,1
55,153652,64624,36,796,12,3,34946,2,1,2,4,7,0.227,0.421,1
48,164920,83177,60,662,6,1,49884,0,0,0,2,8,0.302,0.504,0
27,103672,46964,24,671,8,1,46360,0,1,1,6,6,0.447,0.453,1
52,91125,116030,36,335,34,2,63252,2,0,0,0,5,0.694,1.273,1
31,142509,59646,60,602,22,1,41472,2,0,3,1,6,0.291,0.419,0
30,86602,86187,36,737,22,5,35455,1,1,3,7,6,0.409,0.995,1
29,67222,144608,24,331,25,3,28672,2,1,1,6,2,0.427,2.151,0
34,74223,122399,60,485,0,2,3756,3,0,1,4,5,0.051,1.649,0
33,90333,61747,12,473,13,3,70030,1,1,2,1,5,0.775,0.684,0
45,147650,50712,24,549,31,3,58151,1,0,1,2,8,0.394,0.343,1
22,74420,142345,48,578,9,2,34047,0,1,3,3,0,0.457,1.913,1
55,100504,76820,48,301,0,4,72074,0,0,1,5,6,0.717,0.764,0
27,27462,130342,24,493,4,1,62391,3,1,3,4,0,2.272,4.746,1
41,34460,96228,48,465,2,0,2221,0,0,1,2,9,0.064,2.792,0
38,124319,79353,24,409,26,0,5164,2,1,3,4,3,0.042,0.638,1
23,165347,97091,12,679,21,0,33622,2,0,2,3,6,0.203,0.587,0
62,169341,90914,24,584,17,1,35980,0,1,0,7,5,0.212,0.537,0
59,154593,111718,60,720,15,4,51738,0,0,0,0,5,0.335,0.723,0
61,147672,16539,60,412,1,3,79921,2,0,3,6,4,0.541,0.112,0
31,97920,51219,36,527,12,2,23612,1,0,1,0,6,0.241,0.523,1
59,47553,18334,48,770,15,4,78066,3,1,1,5,8,1.642,0.386,0
44,180438,12903,48,827,7,0,68876,3,1,0,0,5,0.382,0.072,1
39,69036,63008,24,795,7,5,60572,1,1,3,7,9,0.877,0.913,0
24,173441,104318,48,330,9,1,33043,3,1,1,6,6,0.191,0.601,0
46,167867,146932,60,461,32,1,77831,0,1,0,6,8,0.464,0.875,0
58,95021,72300,12,677,30,2,66250,0,0,3,7,6,0.697,0.761,0
62,132205,134263,24,745,11,5,38822,0,1,2,3,5,0.294,1.016,1
52,186215,25842,48,726,8,3,59424,3,0,1,1,2,0.319,0.139,1
59,185497,47372,60,803,8,4,66345,1,0,1,7,0,0.358,0.255,0
56,113209,119316,36,826,17,5,52878,0,0,3,3,9,0.467,1.054,0
60,100139,103971,48,831,29,4,64963,1,0,0,3,8,0.649,1.038,0
57,30368,43744,12,819,31,4,36,2,0,3,2,6,0.001,1.44,0
53,160693,121082,12,333,22,3,32402,2,1,0,7,2,0.202,0.753,0
56,83829,62442,48,789,10,3,10273,2,0,3,0,9,0.123,0.745,1
23,154036,134070,48,722,19,3,25030,3,1,2,4,8,0.162,0.87,1
29,39719,90990,60,767,18,2,52460,3,0,1,6,2,1.321,2.291,1
28,54227,126670,48,323,25,1,76939,0,0,0,5,2,1.419,2.336,0
53,134430,111917,36,515,9,0,19039,2,1,2,1,6,0.142,0.833,0
26,163638,8650,60,354,23,3,14017,1,1,3,6,1,0.086,0.053,0
61,37306,50117,24,325,12,1,39215,3,0,0,4,9,1.051,1.343,0
59,78822,96244,36,580,33,3,12583,1,0,0,2,6,0.16,1.221,0
24,49042,8190,60,626,28,0,32919,1,0,2,7,6,0.671,0.167,0
33,171158,53113,60,485,6,5,47025,0,1,3,2,0,0.275,0.31,0
22,173459,144861,12,794,29,3,44254,0,1,2,1,9,0.255,0.835,1
25,183114,37125,60,311,16,1,46275,1,0,3,4,1,0.253,0.203,0
64,114424,135000,36,733,12,2,57943,1,1,2,1,4,0.506,1.18,0
47,174395,116904,48,507,23,5,9514,1,1,2,1,3,0.055,0.67,0
52,43019,23768,36,432,30,5,38416,1,1,2,0,2,0.893,0.553,0
41,100426,86099,24,638,26,5,1511,2,1,2,7,9,0.015,0.857,1
28,65863,92421,60,495,20,0,18642,1,1,3,4,7,0.283,1.403,1
58,136023,11895,60,561,0,1,51894,3,1,1,0,6,0.382,0.087,1
28,166355,76017,60,581,14,4,24225,0,1,2,6,8,0.146,0.457,1
23,174351,28932,60,668,2,4,20846,3,0,3,0,2,0.12,0.166,1
64,71999,26360,12,402,5,4,29152,0,1,1,6,9,0.405,0.366,0
23,87780,59847,12,482,13,2,66107,0,1,0,5,0,0.753,0.682,0
42,47908,95365,48,722,32,3,50354,0,0,0,0,8,1.051,1.991,0
26,151278,90468,60,308,7,3,26188,3,1,2,3,8,0.173,0.598,0
22,138002,43931,24,543,25,3,60910,0,1,0,2,0,0.441,0.318,1
43,194024,60823,48,692,14,2,42530,1,1,2,2,7,0.219,0.313,0
64,125706,43032,60,826,13,4,78753,1,1,2,3,9,0.626,0.342,1
22,193735,23807,12,336,19,5,41999,2,0,1,6,0,0.217,0.123,0
58,147019,147839,24,477,18,3,6609,2,1,0,6,5,0.045,1.006,0
37,134708,144143,48,371,32,5,58769,2,0,2,7,8,0.436,1.07,0
55,34343,58413,24,651,23,5,47397,1,1,0,1,2,1.38,1.701,0
54,101173,20540,60,448,9,2,49322,3,1,1,4,5,0.488,0.203,0
43,125260,75248,36,404,33,2,5151,2,1,0,4,2,0.041,0.601,0
50,195863,115494,24,520,15,1,6406,1,1,1,4,4,0.033,0.59,0
28,185206,90435,24,673,14,3,62678,0,0,1,0,6,0.338,0.488,0
42,94443,24787,12,817,17,4,47062,3,0,1,4,9,0.498,0.262,1
64,82530,25982,60,559,6,0,32956,3,0,2,4,3,0.399,0.315,0
56,160899,27606,24,598,21,2,53830,1,0,3,6,3,0.335,0.172,1
25,121143,146222,60,341,31,5,72681,1,0,2,4,6,0.6,1.207,0
33,169771,117223,12,791,18,1,13133,0,1,0,2,4,0.077,0.69,1
49,139527,51936,60,738,0,0,12209,0,0,2,3,0,0.088,0.372,1
51,161385,98286,12,346,34,2,74681,0,0,2,5,9,0.463,0.609,0
36,169670,144665,12,384,4,1,54345,3,1,3,6,1,0.32,0.853,1
62,136362,42381,48,357,11,5,42585,3,0,0,1,5,0.312,0.311,0
50,53807,126465,60,508,11,3,34638,2,1,1,3,8,0.644,2.35,1
36,84550,33074,36,547,20,1,20645,2,0,1,4,6,0.244,0.391,0
32,28558,49194,48,510,18,2,18408,2,1,0,1,3,0.645,1.723,0
37,75113,31853,12,338,8,3,12521,3,0,2,1,1,0.167,0.424,0
36,77999,78719,36,551,31,5,38221,0,1,3,3,3,0.49,1.009,0
32,192415,123724,24,712,34,4,21086,2,0,3,3,4,0.11,0.643,0
28,83219,18703,24,745,30,1,16923,0,0,0,3,1,0.203,0.225,0
40,191258,122491,48,351,31,0,7202,0,1,0,6,0,0.038,0.64,0
23,193038,63453,36,673,31,5,37206,0,1,2,6,3,0.193,0.329,1
36,189841,93478,60,825,29,3,19885,2,1,3,5,5,0.105,0.492,0
50,78218,38161,36,455,31,5,11218,2,0,0,3,0,0.143,0.488,1
43,44229,119296,48,841,1,3,45692,0,1,2,5,0,1.033,2.697,1
48,100209,145788,60,389,10,5,52689,2,0,2,0,8,0.526,1.455,0
60,52877,38349,60,650,19,4,6716,1,1,0,7,4,0.127,0.725,1
25,122137,52098,24,368,8,1,16088,2,0,3,2,1,0.132,0.427,1
40,63084,113435,36,462,18,0,31001,0,1,1,7,1,0.491,1.798,1
60,106780,136204,60,541,6,4,22584,0,1,2,5,3,0.212,1.276,0
64,172878,56990,48,794,4,1,4286,3,0,1,2,1,0.025,0.33,0
21,62034,73921,24,682,23,0,4739,3,1,2,4,3,0.076,1.192,1
50,196389,105572,60,351,6,5,30158,0,1,3,0,5,0.154,0.538,1
41,80468,12213,36,362,10,0,5605,1,1,1,1,6,0.07,0.152,1
40,175166,129693,24,808,8,2,56492,3,0,0,3,5,0.323,0.74,0
26,35589,96655,36,591,29,0,3321,0,0,2,4,3,0.093,2.716,0
42,82221,73371,36,390,2,1,44541,3,1,0,1,9,0.542,0.892,0
38,26657,73274,36,723,21,4,51701,3,1,0,6,2,1.939,2.749,1
28,123300,112853,24,664,19,4,12170,0,0,3,2,3,0.099,0.915,1
59,142229,9134,60,449,31,2,56045,2,0,0,1,4,0.394,0.064,1
52,64531,96428,12,570,6,1,8933,1,1,2,7,3,0.138,1.494,0
53,77227,44601,60,415,6,0,9906,2,0,0,3,2,0.128,0.578,1
36,28164,78889,24,815,19,2,23814,0,1,0,3,0,0.846,2.801,1
32,118078,20690,12,540,24,5,818,0,1,2,7,2,0.007,0.175,1
58,66247,6909,12,329,34,3,8434,1,0,0,5,4,0.127,0.104,1
54,175673,96239,12,442,23,5,56153,0,0,3,5,5,0.32,0.548,1
34,75599,85032,48,625,12,1,30571,3,0,2,6,3,0.404,1.125,0
56,160624,17062,24,315,3,2,40694,1,0,3,2,0,0.253,0.106,0
53,165489,80386,48,410,11,4,45485,2,0,0,3,9,0.275,0.486,0
43,93207,141225,12,406,16,2,12069,1,0,1,0,6,0.129,1.515,1
22,97055,146553,48,678,0,3,57198,2,0,3,4,8,0.589,1.51,1
61,127266,104270,48,461,16,1,38662,0,0,3,2,5,0.304,0.819,1
41,103270,71425,24,582,1,2,52169,2,1,0,2,5,0.505,0.692,0
22,136426,89981,36,568,5,5,72928,2,1,1,1,8,0.535,0.66,1
47,159794,109470,48,783,10,0,16102,2,0,2,2,3,0.101,0.685,1
29,95442,93887,48,372,17,5,33457,1,1,1,6,4,0.351,0.984,0
21,120632,86542,12,496,24,1,52290,3,1,2,7,4,0.433,0.717,0
31,196103,54112,12,542,27,2,11932,2,1,0,4,4,0.061,0.276,0
23,46438,147012,12,558,15,5,11766,1,1,1,0,7,0.253,3.166,1
43,83819,64010,60,448,11,2,13292,1,1,0,1,0,0.159,0.764,1
46,68856,29485,48,689,28,5,47631,3,0,3,4,9,0.692,0.428,0
24,189648,94299,12,715,22,1,72944,1,0,1,7,9,0.385,0.497,1
38,66938,110584,24,725,20,4,76230,0,0,2,7,2,1.139,1.652,0
26,84807,137139,60,516,15,5,34533,0,0,3,5,7,0.407,1.617,0
55,74877,25607,36,385,25,0,5778,0,0,2,2,8,0.077,0.342,0
42,68461,66597,48,515,21,5,35059,3,0,3,6,1,0.512,0.973,0
63,118474,79554,48,722,9,1,4866,1,1,2,3,3,0.041,0.671,1
35,196541,20187,24,619,6,5,73965,0,0,2,5,7,0.376,0.103,0
42,108136,8985,36,417,8,0,60661,2,1,0,3,4,0.561,0.083,0
57,45435,56514,36,714,24,0,43352,1,0,3,4,0,0.954,1.244,0
62,170263,23608,60,339,14,1,50736,0,1,0,0,5,0.298,0.139,1
32,109726,76327,48,460,12,2,34075,1,1,0,3,8,0.311,0.696,0
62,183458,22221,12,836,25,5,24104,0,0,0,6,8,0.131,0.121,1
58,187793,53506,24,719,20,4,65827,2,0,0,4,0,0.351,0.285,1
38,79786,25968,24,394,22,0,69222,1,0,2,1,3,0.868,0.325,0
55,38704,132677,24,741,27,0,1642,0,0,0,2,0,0.042,3.428,1
50,81635,107951,24,765,11,5,62845,0,1,0,0,6,0.77,1.322,1
44,158195,113306,12,587,23,2,8769,2,0,0,7,2,0.055,0.716,0
62,115710,48601,12,711,12,5,69445,2,0,2,6,1,0.6,0.42,1
50,87993,77178,60,699,1,1,50375,0,1,3,6,7,0.572,0.877,0
34,137752,74893,48,827,11,4,32078,0,1,2,0,8,0.233,0.544,1
26,181488,91799,12,317,13,5,12268,3,0,2,1,6,0.068,0.506,1
23,157886,53367,60,435,29,0,10844,3,0,2,0,5,0.069,0.338,0
36,103537,18201,36,763,18,0,74174,1,1,3,4,9,0.716,0.176,1
27,75258,138811,48,547,30,1,60763,1,0,0,0,5,0.807,1.844,0
34,172580,18231,12,300,24,2,11233,3,1,0,0,8,0.065,0.106,1
29,110166,146707,36,680,3,5,30496,0,1,3,0,4,0.277,1.332,0
35,138710,14964,60,808,12,3,17806,2,0,3,7,4,0.128,0.108,1
41,60699,17336,12,759,2,2,40326,1,1,1,4,1,0.664,0.286,1
55,71335,82475,12,804,15,0,78807,0,0,0,5,5,1.105,1.156,0
22,71806,87212,36,775,25,5,39513,2,0,2,2,5,0.55,1.215,1
47,102853,80379,12,331,18,0,51761,2,0,2,3,5,0.503,0.781,0
22,60739,50591,24,417,14,4,19465,0,1,0,5,3,0.32,0.833,1
55,59785,66750,12,483,31,2,39502,0,0,3,0,6,0.661,1.117,1
38,188052,95648,48,490,20,3,79396,1,0,1,1,8,0.422,0.509,0
34,110016,101134,36,373,0,4,8250,3,1,2,6,0,0.075,0.919,0
40,157681,103537,48,402,5,3,60503,0,0,1,1,2,0.384,0.657,1
38,91253,67672,60,719,26,4,21310,3,0,2,4,9,0.234,0.742,1
30,116128,32228,48,772,22,2,32206,1,0,2,2,8,0.277,0.278,0
45,184213,19429,24,413,30,0,9764,3,1,0,0,4,0.053,0.105,0
22,186081,89294,24,678,11,3,55596,3,1,2,4,5,0.299,0.48,1
45,152581,120577,48,612,20,2,12842,2,0,1,3,7,0.084,0.79,1
53,135966,93074,60,629,1,3,2976,1,0,1,2,8,0.022,0.685,0
56,162854,73936,12,638,4,2,7426,0,0,0,2,7,0.046,0.454,1
51,124352,62378,24,537,8,4,22887,3,1,2,4,2,0.184,0.502,1
34,182005,42310,48,472,19,2,26710,1,0,1,5,9,0.147,0.232,1
21,102154,106827,48,378,17,4,41387,2,0,3,6,0,0.405,1.046,1
36,164379,104862,48,763,21,0,47470,2,0,0,1,4,0.289,0.638,1
23,133297,43889,12,800,7,4,6486,3,1,3,5,6,0.049,0.329,1
55,63346,56428,36,584,33,1,39258,3,1,1,2,1,0.62,0.891,1
61,137138,115502,60,522,8,0,22623,0,1,3,1,0,0.165,0.842,1
26,75772,55255,36,565,6,5,23806,1,1,0,2,3,0.314,0.729,0
45,65149,110824,60,672,29,5,5973,0,1,3,7,2,0.092,1.701,1
33,111700,10409,60,532,17,2,46215,0,0,1,6,3,0.414,0.093,0
54,183598,47438,48,535,26,2,45939,2,0,3,2,0,0.25,0.258,0
28,121758,12869,24,613,15,1,29157,1,0,3,2,1,0.239,0.106,0
41,153447,30958,48,679,20,2,5521,0,0,3,3,0,0.036,0.202,0
54,30695,80622,12,719,4,0,12891,2,1,2,1,2,0.42,2.627,1
24,64169,31442,60,351,28,0,22474,3,1,1,3,3,0.35,0.49,0
45,72947,86948,24,808,21,4,26507,0,0,3,1,0,0.363,1.192,1
35,70865,30596,60,504,13,3,10687,3,1,1,6,5,0.151,0.432,0
24,181625,80791,60,556,18,2,11009,1,0,3,6,1,0.061,0.445,1
32,129501,47406,48,484,34,1,44291,0,1,0,7,9,0.342,0.366,1
52,85410,45524,24,444,23,5,48296,3,0,0,3,4,0.565,0.533,0
52,128754,115160,24,313,5,0,40225,3,0,0,3,7,0.312,0.894,0
48,115895,10062,60,545,2,0,34828,1,0,3,3,3,0.301,0.087,0
33,180888,49645,24,486,33,0,36102,2,1,1,6,4,0.2,0.274,1
51,75705,127759,24,636,1,3,56342,2,0,0,6,8,0.744,1.688,0
34,140700,12244,48,558,14,3,33712,0,0,2,4,1,0.24,0.087,1
40,98914,142444,36,339,14,2,26823,3,1,0,3,1,0.271,1.44,0
38,26881,90501,12,717,31,5,5361,2,0,0,7,5,0.199,3.367,0
49,195639,122450,36,650,20,1,38052,0,1,2,5,5,0.195,0.626,1
26,72365,21956,24,308,16,3,23265,3,1,0,5,2,0.321,0.303,1
52,104211,149966,60,649,33,4,42012,0,1,3,2,8,0.403,1.439,1
49,181078,21709,12,383,31,3,10916,1,0,3,0,0,0.06,0.12,0
63,66198,123428,12,832,22,0,75045,0,1,0,3,2,1.134,1.865,1
22,178903,20210,60,657,34,1,45532,1,1,1,0,7,0.255,0.113,1
43,125649,107081,12,677,32,2,47659,3,1,1,0,7,0.379,0.852,1
39,172531,105025,60,471,24,3,14003,3,0,0,2,3,0.081,0.609,0
51,188515,129476,12,324,20,0,42634,3,1,2,0,7,0.226,0.687,1
25,198388,64846,36,692,33,4,74992,0,0,3,7,9,0.378,0.327,1
39,161949,70480,12,402,18,4,11369,3,1,3,6,7,0.07,0.435,1
54,64553,57960,48,535,26,2,19329,3,1,3,0,0,0.299,0.898,1
30,160994,90765,60,709,8,2,78754,1,0,0,6,2,0.489,0.564,1
45,147778,122265,12,848,4,3,12410,3,0,3,6,0,0.084,0.827,1
22,142018,53137,60,631,4,2,29730,3,0,0,5,1,0.209,0.374,1
31,160758,123922,48,831,24,5,2665,3,1,0,6,3,0.017,0.771,1
51,57766,126280,12,328,25,5,39899,2,1,1,0,2,0.691,2.186,0
35,57006,48876,12,842,18,0,37703,3,0,2,1,5,0.661,0.857,1
29,56422,99547,48,318,29,0,65951,0,0,2,7,4,1.169,1.764,0
43,141590,55227,48,447,15,0,24172,1,0,2,3,4,0.171,0.39,0
39,37205,89433,48,770,6,5,2684,3,0,3,7,9,0.072,2.404,1
29,179599,78704,60,790,17,3,73030,0,0,1,7,6,0.407,0.438,1
55,174515,11861,48,582,20,3,19750,1,1,1,3,6,0.113,0.068,0
41,172596,66914,60,412,30,2,19887,1,1,0,0,8,0.115,0.388,1
29,141477,68888,36,754,0,3,20826,0,0,1,2,7,0.147,0.487,0
48,53202,84286,12,629,2,0,6180,0,0,0,1,2,0.116,1.584,1
27,86692,66293,12,554,30,1,46779,2,1,1,2,1,0.54,0.765,1
36,45855,73515,24,698,24,0,68095,2,0,0,2,0,1.485,1.603,0
36,50095,12065,36,807,7,5,62288,3,0,3,0,9,1.243,0.241,1
53,194796,93720,48,765,0,1,40905,2,0,1,4,5,0.21,0.481,1
24,74241,63876,48,706,6,2,69507,0,0,2,0,3,0.936,0.86,0
24,128119,141694,36,397,6,4,56068,2,1,0,5,2,0.438,1.106,1
59,77003,88797,48,589,7,3,18113,1,0,1,4,1,0.235,1.153,0
60,119837,96141,24,455,18,3,42861,0,1,1,6,1,0.358,0.802,0
37,119283,107390,60,461,16,5,78487,3,1,0,1,3,0.658,0.9,0
57,172044,101856,12,396,10,0,25617,1,1,1,4,0,0.149,0.592,1
59,148805,71201,36,676,10,0,2583,1,1,2,0,5,0.017,0.478,1
49,118846,94766,12,749,1,1,26250,1,0,0,0,9,0.221,0.797,1
56,47927,27995,60,416,3,3,3055,0,1,0,2,4,0.064,0.584,1
58,145589,97320,36,805,27,5,72337,0,0,0,0,9,0.497,0.668,0
59,140657,85141,60,488,32,2,34426,3,0,0,6,8,0.245,0.605,1
57,91630,144491,48,775,10,0,60532,2,1,0,5,1,0.661,1.577,1
55,129428,75799,48,622,2,3,9933,2,0,2,0,8,0.077,0.586,0
27,147035,50687,48,479,4,4,31979,2,0,0,3,8,0.217,0.345,0
47,151244,42276,60,480,20,5,45047,2,1,2,3,9,0.298,0.28,1
48,94518,39523,60,586,21,1,4137,1,1,2,2,8,0.044,0.418,1
42,106326,59615,60,774,10,0,11423,0,1,2,4,9,0.107,0.561,1
34,168277,15514,12,561,21,0,34482,2,0,0,4,9,0.205,0.092,0
27,145243,52456,60,822,12,2,44156,1,0,2,3,3,0.304,0.361,1
57,37748,12233,48,461,2,0,52483,0,1,0,5,4,1.39,0.324,0
42,177169,6102,24,786,12,5,34754,0,1,2,1,7,0.196,0.034,1
25,159164,71133,60,480,27,3,36312,0,0,0,6,7,0.228,0.447,1
22,78311,51715,24,768,10,3,23363,1,0,1,7,0,0.298,0.66,1
47,47692,115545,48,320,10,3,17085,2,1,1,6,9,0.358,2.423,0
41,149954,109085,60,574,20,4,56889,0,0,2,6,0,0.379,0.727,1
58,179934,114101,12,559,20,4,79951,1,0,3,5,9,0.444,0.634,0
35,155035,142328,12,632,6,0,56414,0,1,3,3,5,0.364,0.918,0
41,104507,113684,24,765,16,4,47052,3,1,1,6,6,0.45,1.088,1
30,105152,69800,12,415,13,4,32691,3,0,2,5,1,0.311,0.664,0
43,29926,99937,12,712,32,2,72195,1,0,2,1,1,2.412,3.339,1
59,28969,46548,12,836,10,4,54697,2,0,2,4,4,1.888,1.607,1
25,60733,133845,48,556,12,1,3044,2,0,3,3,8,0.05,2.204,0
21,94855,118815,12,467,0,1,3883,0,1,1,7,4,0.041,1.253,0
33,66743,132602,36,832,33,1,31712,2,0,2,0,7,0.475,1.987,0
41,155193,131270,60,314,8,0,21545,2,1,1,6,7,0.139,0.846,0
46,195948,131320,12,349,12,3,18204,3,0,1,1,4,0.093,0.67,0
41,132445,30570,12,603,29,2,23268,1,1,0,1,7,0.176,0.231,0
38,45323,26182,12,786,6,0,36139,3,0,3,1,7,0.797,0.578,1
57,41428,44373,36,715,13,3,75652,1,0,1,4,4,1.826,1.071,0
52,59578,48019,12,604,5,2,28436,0,1,0,5,4,0.477,0.806,0
56,111486,21043,12,495,33,2,68324,3,0,3,2,3,0.613,0.189,0
37,89140,24239,60,687,15,2,4125,1,1,2,6,0,0.046,0.272,1
55,132325,146488,36,754,5,1,69142,2,1,2,0,8,0.523,1.107,0
31,108829,139484,36,609,7,1,41534,1,1,0,6,1,0.382,1.282,0
41,31364,86976,12,426,23,1,42973,2,0,2,3,0,1.37,2.773,1
46,153867,29406,36,474,2,2,76369,0,0,0,7,5,0.496,0.191,0
24,191421,6875,24,433,3,5,33521,2,0,0,5,4,0.175,0.036,0
54,156763,141824,36,365,31,2,7488,1,1,2,1,0,0.048,0.905,1
38,120598,137425,36,692,0,1,39974,3,0,3,7,6,0.331,1.14,0
60,82062,19691,36,664,33,2,42448,1,0,0,6,6,0.517,0.24,0
55,169933,53075,48,578,8,1,7938,3,1,3,4,2,0.047,0.312,1
61,113302,15794,48,662,11,1,51113,1,1,3,1,7,0.451,0.139,1
49,88928,80930,48,470,9,1,15770,1,1,0,5,5,0.177,0.91,0
49,66347,46708,36,350,9,5,52635,0,1,3,3,3,0.793,0.704,0
58,28121,120492,24,627,22,3,72171,2,0,0,7,9,2.566,4.285,0
62,108793,111629,36,444,5,2,74165,1,1,2,0,9,0.682,1.026,0
41,53164,128313,12,573,23,0,57822,3,1,2,1,9,1.088,2.414,0
62,50491,26352,24,454,23,1,49934,2,0,2,6,2,0.989,0.522,1
33,84222,106975,48,807,20,5,65526,0,0,2,6,0,0.778,1.27,0
61,179237,98848,60,662,30,0,21487,2,1,2,7,1,0.12,0.551,1
37,28748,49999,24,624,29,3,53319,1,0,3,4,1,1.855,1.739,1
29,51553,23482,48,597,33,2,12869,3,0,3,7,4,0.25,0.455,0
61,141547,52279,24,793,17,5,74755,3,1,3,4,3,0.528,0.369,0
21,85380,114413,24,845,11,1,40797,2,0,1,2,1,0.478,1.34,1
22,69331,59213,36,603,34,1,56298,3,1,1,4,8,0.812,0.854,0
49,145617,118909,12,766,6,1,44933,1,0,0,2,6,0.309,0.817,1
53,64560,18026,60,538,24,5,76579,3,0,1,0,7,1.186,0.279,1
30,78865,90184,48,816,5,0,9570,3,0,2,3,7,0.121,1.144,1
60,100910,10435,24,475,0,3,6886,3,0,2,2,1,0.068,0.103,0
41,160747,144565,60,709,15,2,67494,1,1,2,1,4,0.42,0.899,1
48,102986,64321,24,663,3,3,43087,0,1,0,5,2,0.418,0.625,1
31,35068,138835,12,322,28,1,67719,3,0,0,6,9,1.931,3.959,1
54,79460,25389,60,617,27,3,3774,0,0,0,1,8,0.047,0.32,0
28,125766,36498,48,824,21,0,29018,2,0,0,6,8,0.231,0.29,1
42,71418,68755,24,575,7,4,14272,2,1,3,3,5,0.2,0.963,0
28,51206,106545,12,528,31,4,22586,1,0,0,7,3,0.441,2.081,0
35,153180,40825,60,407,32,2,33545,1,1,0,4,7,0.219,0.267,0
37,25287,21934,24,475,12,2,2566,1,0,1,5,4,0.101,0.867,0
43,47337,10574,24,619,26,3,76489,1,1,3,1,2,1.616,0.223,0
44,176738,135698,48,585,17,2,65355,0,1,2,5,7,0.37,0.768,0
39,157233,137659,12,628,17,5,31696,1,0,1,2,5,0.202,0.876,0
25,125667,47782,36,655,12,0,72940,0,1,0,3,4,0.58,0.38,1
52,115071,65561,24,313,21,1,67117,3,0,2,1,0,0.583,0.57,0
64,123064,140481,60,574,13,1,79602,3,1,2,4,2,0.647,1.142,0
21,194823,132159,48,370,10,3,40735,2,1,2,5,6,0.209,0.678,0
43,131511,31751,48,494,21,1,73375,2,0,1,4,2,0.558,0.241,0
57,170830,43174,24,822,16,3,50637,0,1,3,5,0,0.296,0.253,1
28,28178,127678,24,405,31,2,22129,1,0,3,1,7,0.785,4.531,0
33,56831,61572,24,495,13,2,30845,2,1,2,3,6,0.543,1.083,1
28,158248,66416,36,444,28,5,79449,0,0,0,0,4,0.502,0.42,0
43,128306,148113,24,649,5,5,66500,2,1,3,1,9,0.518,1.154,0
63,189726,40201,12,723,3,0,10739,1,1,3,4,4,0.057,0.212,1
21,182699,41069,60,770,10,1,58172,0,0,0,0,5,0.318,0.225,1
44,137025,31370,24,515,9,5,2673,2,1,1,7,6,0.02,0.229,1
55,115417,130342,36,392,27,0,31171,1,0,1,3,2,0.27,1.129,1
44,191494,147658,60,559,10,4,10624,0,0,0,4,3,0.055,0.771,0
37,36984,130758,48,840,34,5,66764,0,1,1,3,0,1.805,3.536,0
25,114312,141394,24,584,14,0,52930,0,0,2,5,6,0.463,1.237,0
40,108291,70294,60,783,7,3,34608,3,0,3,1,9,0.32,0.649,0
41,32135,84468,48,671,19,3,49649,0,0,1,3,1,1.545,2.629,0
60,25320,95715,36,369,20,0,19689,2,0,2,4,6,0.778,3.78,0
51,177756,75793,12,678,0,2,63503,0,0,2,1,5,0.357,0.426,0
56,113774,116672,24,578,28,4,72660,0,0,2,6,3,0.639,1.025,0
31,177961,145849,12,601,23,0,42124,0,1,2,4,1,0.237,0.82,0
35,123071,147321,36,554,29,5,7587,0,0,2,4,6,0.062,1.197,0
39,166842,125902,60,563,34,2,3527,0,0,0,6,6,0.021,0.755,1
27,195393,26390,60,723,32,0,33067,3,1,3,6,4,0.169,0.135,1
48,134863,25369,36,512,19,1,51538,1,0,3,0,8,0.382,0.188,0
63,66777,148953,36,399,15,5,69499,3,0,0,2,2,1.041,2.231,0
25,71250,14587,24,411,8,5,37455,2,0,0,3,8,0.526,0.205,0
25,98034,112009,48,607,30,3,20243,1,1,2,3,4,0.206,1.143,0
50,129940,143905,12,774,16,1,32693,2,1,1,0,1,0.252,1.107,1
52,65130,52013,12,847,30,1,69231,0,0,3,7,8,1.063,0.799,1
28,158609,122341,60,411,22,5,74648,2,0,1,5,0,0.471,0.771,0
30,40216,132785,60,386,5,4,32059,3,1,3,7,0,0.797,3.302,1
58,109149,112584,24,482,29,2,58867,3,0,2,3,6,0.539,1.031,0
52,28009,83113,36,464,6,3,72778,0,1,1,6,2,2.598,2.967,0
48,114904,91784,12,389,10,1,75477,0,0,3,7,7,0.657,0.799,1
37,185399,40282,24,754,33,3,55283,1,0,3,0,6,0.298,0.217,1
51,170281,29124,60,537,11,5,63853,3,1,2,3,6,0.375,0.171,1
28,40029,75102,60,833,26,2,20001,3,0,1,3,0,0.5,1.876,0
60,127171,138268,12,357,11,0,2700,1,1,2,4,0,0.021,1.087,1
45,139456,66527,60,841,12,1,50157,3,1,1,0,1,0.36,0.477,1
29,87559,135371,60,701,7,2,18085,1,0,1,6,1,0.207,1.546,1
22,89892,135942,48,818,15,3,63883,3,0,3,5,4,0.711,1.512,1
35,95409,101651,36,496,28,5,58147,2,1,0,3,8,0.609,1.065,0
23,164707,90395,60,345,34,2,13339,2,1,1,5,6,0.081,0.549,0
56,58065,16345,48,829,28,0,15834,1,0,1,2,1,0.273,0.281,1
24,145544,129544,24,696,30,2,76620,1,0,2,0,4,0.526,0.89,0
34,132340,39077,60,373,12,5,29543,0,0,1,0,4,0.223,0.295,0
61,58783,135429,24,715,11,3,35930,3,0,1,0,7,0.611,2.304,0
61,59152,17055,60,634,1,1,41074,2,1,1,6,8,0.694,0.288,1
45,83741,108693,12,595,32,1,60673,0,1,1,7,7,0.725,1.298,0
30,132049,90283,48,383,7,4,29044,3,0,1,6,1,0.22,0.684,0
41,54092,49484,48,314,31,3,78673,2,1,0,4,3,1.454,0.915,0
56,173725,82514,12,433,27,4,34905,3,0,3,7,1,0.201,0.475,0
32,196541,95135,36,777,14,4,54004,1,1,1,0,5,0.275,0.484,1
47,111483,40771,48,618,22,5,62761,2,1,2,4,3,0.563,0.366,0
60,146585,115284,24,691,23,5,71484,2,0,2,6,6,0.488,0.786,0
22,84754,122399,48,778,12,5,69105,0,0,1,2,1,0.815,1.444,1
33,186050,109885,36,667,20,0,26012,3,0,1,1,8,0.14,0.591,0
52,112592,134344,24,666,11,3,63696,1,0,1,4,4,0.566,1.193,0
51,119543,147832,24,587,12,1,78513,1,1,0,3,0,0.657,1.237,0
36,68169,118226,12,677,22,3,21694,3,1,3,0,2,0.318,1.734,0
52,79745,104250,60,762,27,5,44388,3,0,2,7,3,0.557,1.307,1
52,135168,30762,12,312,13,0,32835,1,1,0,1,2,0.243,0.228,0
54,138985,141016,60,835,16,3,67398,3,1,0,4,5,0.485,1.015,1
31,30543,53825,12,467,23,3,18186,0,0,1,7,5,0.595,1.762,1
30,46067,18877,60,569,33,4,29545,3,0,3,7,9,0.641,0.41,0
35,76033,134065,48,369,21,3,44391,0,0,1,5,6,0.584,1.763,0
37,70256,113443,24,617,9,4,73855,0,1,2,6,8,1.051,1.615,0
60,178263,104612,60,675,7,4,45788,3,0,3,5,9,0.257,0.587,1
38,111803,122674,48,388,20,2,28401,2,0,1,3,8,0.254,1.097,0
29,143843,120074,36,556,6,5,58611,2,1,2,1,6,0.407,0.835,1
45,53992,139330,12,516,25,0,12202,0,1,0,2,0,0.226,2.581,0
60,73803,36629,36,749,12,4,63368,3,1,2,4,2,0.859,0.496,0
34,134975,20775,48,843,15,3,33135,0,1,2,5,4,0.245,0.154,1
45,169282,5055,36,440,29,4,63535,3,0,2,5,9,0.375,0.03,1
42,51270,93697,36,460,30,4,14897,3,1,3,4,5,0.291,1.828,0
50,161269,106505,48,331,4,4,21291,1,0,0,5,5,0.132,0.66,0
40,32452,85720,24,451,31,1,53408,2,0,3,2,4,1.646,2.641,0
41,66486,83199,60,559,15,1,73830,2,1,0,7,5,1.11,1.251,0
64,39859,38734,12,578,8,1,54093,1,0,1,5,8,1.357,0.972,1
52,183308,147728,60,584,21,1,4507,1,0,1,4,0,0.025,0.806,1
41,187971,21493,12,841,13,2,28854,1,1,2,0,0,0.154,0.114,1
55,57083,139704,60,447,15,4,15475,0,1,2,5,8,0.271,2.447,0
52,92708,100872,36,366,19,2,44905,0,1,3,4,7,0.484,1.088,0
50,136462,66779,24,578,14,3,79870,0,0,0,7,8,0.585,0.489,0
59,172735,149338,36,742,25,5,40185,0,0,0,7,6,0.233,0.865,1
32,118076,126187,24,698,8,0,64398,0,1,0,0,9,0.545,1.069,0
61,44053,121603,48,427,0,2,76593,2,1,2,5,5,1.739,2.76,0
38,167157,66607,12,636,34,1,26427,2,1,2,5,8,0.158,0.398,1
41,186636,21940,12,781,19,1,55535,3,1,0,4,1,0.298,0.118,1
33,114745,132880,48,485,5,3,76572,2,1,2,3,3,0.667,1.158,0
41,94517,103408,60,468,9,4,63690,1,1,0,3,1,0.674,1.094,0
28,177225,39815,48,559,32,0,14060,2,1,3,1,5,0.079,0.225,1
60,161319,54297,48,806,15,2,50641,1,0,1,3,0,0.314,0.337,1
27,166625,65107,24,820,5,4,13607,2,1,0,2,6,0.082,0.391,1
43,176883,87793,48,770,18,4,63560,0,1,2,7,6,0.359,0.496,1
64,162207,24622,12,460,30,5,64213,2,1,3,1,6,0.396,0.152,0
52,161645,35408,36,588,1,5,61776,3,1,2,7,3,0.382,0.219,0
31,104267,144909,24,639,17,2,48864,0,0,2,3,7,0.469,1.39,0
42,163261,98190,24,801,27,2,32970,0,1,2,0,4,0.202,0.601,1
42,105077,5370,60,405,3,2,28210,3,0,0,6,1,0.268,0.051,0
63,199718,119212,36,774,0,2,44088,2,0,3,4,4,0.221,0.597,0
45,101623,5486,24,762,15,1,60035,2,0,0,7,9,0.591,0.054,1
42,156004,28762,48,782,1,4,11683,3,1,1,3,8,0.075,0.184,1
48,78687,31613,24,452,0,4,2962,0,1,0,0,9,0.038,0.402,1
49,93312,8196,24,448,22,1,62248,3,0,1,6,0,0.667,0.088,0
33,132615,105565,24,487,25,4,35552,1,0,3,1,1,0.268,0.796,0
38,155976,81349,60,430,10,2,45321,1,1,3,4,9,0.291,0.522,0
22,52564,69839,24,751,0,0,47350,2,0,0,7,7,0.901,1.329,0
49,53835,13572,24,815,10,5,63565,0,0,0,3,4,1.181,0.252,0
41,32697,50853,60,790,23,5,43861,1,1,2,1,8,1.341,1.555,0
35,105165,77379,36,775,9,4,39164,3,1,1,7,5,0.372,0.736,1
47,173118,137177,12,562,13,0,44963,2,0,2,3,7,0.26,0.792,0
51,82823,121074,60,837,13,5,71227,2,0,2,1,0,0.86,1.462,0
35,34615,48209,60,758,6,0,3532,0,1,3,7,8,0.102,1.393,1
43,161132,99244,24,835,22,1,20733,1,1,0,3,8,0.129,0.616,1
44,155499,105300,24,594,21,3,43114,2,1,3,6,2,0.277,0.677,0
64,101436,119682,12,734,26,4,79018,3,0,0,0,0,0.779,1.18,0
33,145562,62175,24,574,1,1,5456,1,1,3,2,7,0.037,0.427,0
42,96117,142921,48,607,18,1,3413,2,0,3,6,7,0.036,1.487,1
63,59782,106551,24,675,6,0,7085,2,0,3,7,8,0.119,1.782,1
57,103533,23976,24,457,11,4,27937,1,1,1,0,5,0.27,0.232,1
53,97684,135617,48,503,2,1,20563,1,1,3,4,8,0.211,1.388,0
23,104558,104794,12,374,4,2,74868,0,1,1,3,9,0.716,1.002,0
39,106422,61866,48,679,7,1,37575,3,1,3,2,8,0.353,0.581,0
43,181328,122752,60,603,13,2,7386,0,0,0,6,3,0.041,0.677,0
49,186077,52078,48,361,6,3,59150,0,0,1,2,4,0.318,0.28,0
50,31638,36113,36,407,6,2,29572,3,0,0,4,5,0.935,1.141,0
59,62419,20401,60,486,31,2,35271,3,0,0,7,5,0.565,0.327,0
64,58377,148956,24,528,7,0,49810,0,1,0,4,9,0.853,2.552,0
45,131244,76492,60,347,11,1,64260,1,0,1,2,1,0.49,0.583,0
57,199188,81693,12,567,9,3,76566,3,1,2,4,3,0.384,0.41,1
28,192706,40135,12,553,13,1,13138,0,1,1,4,8,0.068,0.208,0
62,48382,32862,48,386,8,2,47369,1,0,2,7,6,0.979,0.679,1
36,178466,141262,60,480,29,5,15646,2,0,1,3,8,0.088,0.792,0
28,92789,75199,24,324,4,2,28812,1,0,3,0,5,0.311,0.81,0
21,135634,110366,12,687,0,1,76181,0,0,2,5,6,0.562,0.814,1
64,156936,9331,24,521,0,3,14628,3,0,3,7,8,0.093,0.059,1
25,124572,49648,36,696,19,5,24486,1,1,2,1,3,0.197,0.399,1
23,196294,33549,12,810,10,3,39266,1,1,1,7,8,0.2,0.171,1
21,169738,30761,48,739,25,0,46557,1,0,1,2,2,0.274,0.181,1
24,148664,8262,36,474,2,2,77731,3,0,2,1,7,0.523,0.056,0
60,177027,77572,60,610,5,2,16494,3,0,3,2,2,0.093,0.438,0
55,135674,92858,24,573,10,0,21571,1,0,0,2,2,0.159,0.684,1
52,128533,89667,12,334,7,1,34486,1,0,2,0,2,0.268,0.698,0
62,106845,9677,36,516,28,2,61635,0,0,2,6,8,0.577,0.091,0
54,94590,135334,36,707,9,1,125,3,1,3,6,9,0.001,1.431,1
63,152775,106437,12,818,33,3,48814,1,1,0,2,2,0.32,0.697,1
45,91471,65148,60,568,23,5,19318,3,0,2,2,5,0.211,0.712,0
30,68298,51926,60,774,16,5,62363,3,0,0,0,3,0.913,0.76,1
41,73924,80271,48,624,31,5,43162,3,1,0,4,1,0.584,1.086,0
59,172781,39457,60,655,10,4,7590,0,0,1,6,2,0.044,0.228,1
47,34726,47531,48,389,33,0,34850,2,0,3,5,4,1.004,1.369,1
47,65542,133027,36,341,23,5,12134,3,0,2,7,9,0.185,2.03,0
22,176317,50771,12,664,4,2,25230,3,1,2,1,3,0.143,0.288,0
61,59753,98135,60,501,28,0,15058,1,0,0,2,4,0.252,1.642,0
33,104788,71354,48,665,33,3,79837,3,1,2,0,0,0.762,0.681,1
29,46316,117743,36,587,15,3,27039,2,0,0,2,3,0.584,2.542,0
56,109698,38892,60,780,24,3,65820,3,0,2,6,9,0.6,0.355,0
42,40960,134662,24,800,7,3,38334,0,1,3,0,2,0.936,3.288,1
62,55791,100057,36,351,28,4,43525,1,0,2,1,1,0.78,1.793,1
46,50216,43409,60,402,24,1,28443,2,1,0,3,6,0.566,0.864,0
32,188539,123566,36,660,22,1,3972,0,1,0,6,9,0.021,0.655,1
37,89427,66716,12,723,33,5,64936,2,0,2,4,8,0.726,0.746,1
34,137470,94152,12,504,2,4,79215,1,1,2,7,0,0.576,0.685,0
34,98290,31382,12,313,29,1,29519,3,1,0,7,6,0.3,0.319,0
54,72014,81675,24,769,33,3,79914,1,0,1,3,0,1.11,1.134,0
40,160150,27419,12,765,31,1,75864,1,0,1,0,4,0.474,0.171,0
31,75519,86238,24,603,28,0,55881,3,0,2,2,0,0.74,1.142,0
36,29042,17397,12,726,8,5,24732,0,1,3,4,2,0.852,0.599,1
51,74052,62888,36,409,1,1,17673,2,0,2,6,7,0.239,0.849,0
26,39389,40169,60,814,6,0,75909,0,0,3,1,3,1.927,1.02,0
39,120961,67182,60,367,4,2,5720,3,0,2,7,0,0.047,0.555,0
57,93111,97476,12,545,7,0,59115,2,0,0,6,0,0.635,1.047,0
24,130058,47249,60,688,31,0,51940,3,1,2,5,7,0.399,0.363,1
24,118715,80603,12,607,17,3,5153,0,0,3,4,7,0.043,0.679,0
40,75733,84360,12,651,17,3,71762,1,0,3,7,3,0.948,1.114,1
30,59754,18444,48,365,15,5,68512,2,0,2,2,3,1.147,0.309,0
44,174696,128662,48,759,20,3,38019,3,0,2,7,9,0.218,0.736,1
55,110886,103843,48,646,9,0,16587,2,0,1,7,1,0.15,0.936,1
46,182753,15974,24,624,3,4,18206,2,1,2,3,1,0.1,0.087,0
57,114524,117150,48,332,7,3,10736,0,0,2,0,5,0.094,1.023,1
58,106006,99826,12,367,18,3,6971,1,0,0,3,7,0.066,0.942,0
41,49704,102648,36,486,8,0,56577,2,1,3,6,6,1.138,2.065,1
60,119913,139028,48,491,29,2,75043,0,0,1,4,6,0.626,1.159,0
59,119108,144149,48,512,16,2,25724,2,1,0,5,2,0.216,1.21,1
41,32493,41490,36,727,14,1,78694,1,1,2,2,1,2.422,1.277,1
30,94639,129713,12,650,3,5,55155,2,1,3,0,9,0.583,1.371,0
58,79383,60612,24,407,5,2,11108,1,1,2,2,6,0.14,0.764,0
24,159066,105474,48,539,15,3,77613,0,0,2,2,3,0.488,0.663,0
40,72234,41159,36,515,25,4,69711,0,0,2,5,0,0.965,0.57,0
37,153674,44710,12,476,22,1,56938,1,1,2,4,0,0.371,0.291,1
27,30594,149878,60,629,12,5,68498,1,1,3,3,3,2.239,4.899,0
24,32371,118096,24,749,16,4,79152,0,1,0,2,4,2.445,3.648,0
49,72315,112412,36,746,26,4,17751,1,1,2,6,4,0.245,1.554,0
34,152251,99924,36,836,21,3,70746,1,1,2,6,0,0.465,0.656,1
23,104526,11458,36,478,18,0,32390,3,0,1,2,2,0.31,0.11,0
44,172698,135993,48,694,34,0,15993,2,1,1,2,5,0.093,0.787,1
57,111005,40524,60,444,12,0,60403,0,0,3,0,9,0.544,0.365,0
36,130573,142925,24,497,13,2,26859,0,1,2,2,6,0.206,1.095,0
24,163202,45477,12,383,30,0,20878,3,1,2,6,0,0.128,0.279,1
44,162900,37222,12,384,1,5,27100,1,0,2,2,7,0.166,0.228,0
54,82514,23320,60,756,13,3,62284,1,1,3,7,3,0.755,0.283,1
50,173955,99154,36,775,8,2,59976,1,0,3,7,8,0.345,0.57,1
38,199131,57243,36,552,9,5,40023,0,0,2,4,5,0.201,0.287,1
39,199004,77833,36,371,6,0,47709,3,1,2,6,0,0.24,0.391,1
51,100986,98476,36,522,27,5,76553,2,1,3,2,1,0.758,0.975,0
39,110959,119560,36,575,24,4,54524,3,0,2,5,2,0.491,1.078,0
39,27035,139275,60,545,27,3,44974,0,0,0,7,1,1.664,5.152,0
42,134767,44267,48,640,1,3,46478,2,1,0,5,9,0.345,0.328,0
44,196817,42941,24,770,16,5,53768,1,0,3,6,6,0.273,0.218,0
32,42241,87809,36,753,3,1,73622,3,1,0,2,0,1.743,2.079,0
50,77975,30368,48,306,12,3,48544,3,1,1,5,8,0.623,0.389,0
58,179226,82186,12,487,17,4,18050,0,1,2,4,1,0.101,0.459,0
51,181697,35984,60,303,2,3,19784,3,0,1,0,3,0.109,0.198,0
56,81396,5801,48,424,32,1,11774,2,1,1,5,7,0.145,0.071,0
39,143920,111538,36,314,23,3,34968,3,0,1,6,2,0.243,0.775,0
56,169403,117201,36,824,7,3,58236,0,0,0,5,8,0.344,0.692,1
50,111226,52965,36,539,34,1,77678,3,1,2,3,6,0.698,0.476,0
53,109719,90269,48,659,1,3,50135,2,0,2,4,9,0.457,0.823,0
38,88014,146041,36,817,32,5,23007,2,0,3,5,2,0.261,1.659,1
48,64346,40969,48,619,11,2,25158,0,0,1,0,2,0.391,0.637,0
31,95411,96679,36,530,21,5,71587,1,0,0,3,4,0.75,1.013,0
53,168326,33363,12,329,12,3,4115,0,0,1,6,4,0.024,0.198,0
37,184693,146044,12,833,9,0,59317,1,1,1,6,9,0.321,0.791,0
26,101441,38351,24,455,16,0,6371,2,1,2,2,4,0.063,0.378,1
24,71121,116023,36,698,4,2,39355,3,0,3,4,8,0.553,1.631,0
40,85197,92948,36,645,8,3,43375,3,1,0,7,8,0.509,1.091,1
47,109577,61235,48,494,12,4,74616,2,1,2,5,5,0.681,0.559,1
35,119634,19855,48,467,22,3,67419,0,1,1,2,6,0.564,0.166,0
26,198503,130074,36,676,29,0,70357,3,0,2,4,9,0.354,0.655,0
34,125211,59437,24,788,3,1,8338,0,0,1,6,7,0.067,0.475,0
31,160909,142844,36,661,20,2,22007,3,1,0,3,8,0.137,0.888,1
59,168687,95410,48,781,8,1,2477,1,1,2,5,5,0.015,0.566,0
29,26466,24731,36,543,6,4,78671,3,1,2,6,7,2.973,0.934,0
46,55771,146203,48,470,15,3,42423,1,0,2,7,1,0.761,2.621,0
36,108886,71324,36,812,22,4,75973,3,0,2,0,9,0.698,0.655,0
25,90911,86720,60,705,22,1,48100,3,1,2,7,7,0.529,0.954,1
30,176818,101433,48,506,30,3,75038,3,0,0,4,1,0.424,0.574,0
23,113422,7889,24,453,4,5,29236,3,0,3,6,7,0.258,0.07,1
33,98369,14569,60,347,5,5,368,3,0,0,6,1,0.004,0.148,0
63,26893,92193,36,300,0,4,25839,0,1,2,7,2,0.961,3.428,1
50,55573,90192,48,706,27,5,73098,1,0,1,0,6,1.315,1.623,1
26,121907,92154,60,406,17,5,7139,1,0,1,7,8,0.059,0.756,0
37,196946,113073,24,472,23,0,27141,3,1,2,7,2,0.138,0.574,0
39,124956,12612,48,805,12,5,64262,0,1,3,2,4,0.514,0.101,0
62,143580,56644,60,429,32,0,6704,0,1,2,6,8,0.047,0.395,1
55,189439,37069,60,697,9,2,1887,2,0,0,2,6,0.01,0.196,0
46,177271,86741,60,593,6,0,11975,2,0,3,3,1,0.068,0.489,0
25,116404,60897,12,746,31,0,544,0,0,3,3,4,0.005,0.523,1
49,82724,146167,36,315,21,1,46323,2,0,0,1,4,0.56,1.767,0
57,111133,107544,48,648,15,0,50382,1,0,3,1,8,0.453,0.968,0
40,192477,23706,48,502,23,0,23926,0,0,2,3,1,0.124,0.123,1
41,40989,108602,48,433,13,1,13333,2,1,2,5,0,0.325,2.65,0
30,53931,39629,60,825,10,0,16942,0,0,1,7,3,0.314,0.735,0
25,34290,129746,36,807,18,5,22447,2,0,0,2,3,0.655,3.784,0
56,194439,25431,24,365,22,0,74397,0,1,3,0,0,0.383,0.131,1
26,146136,45088,48,779,33,2,24833,3,1,3,6,9,0.17,0.309,0
46,104878,36385,36,758,12,0,66586,1,0,3,7,6,0.635,0.347,1
24,115477,75199,36,641,27,0,21530,2,0,2,6,1,0.186,0.651,1
59,151299,43677,12,458,15,2,47060,3,1,0,3,8,0.311,0.289,1
59,186205,123104,48,460,27,1,69558,0,0,2,7,6,0.374,0.661,0
55,130686,17818,60,553,3,5,41104,3,1,3,5,6,0.315,0.136,0
21,183124,68001,36,826,27,0,2634,1,1,2,7,0,0.014,0.371,1
44,132286,54832,36,848,11,5,65210,2,0,3,0,8,0.493,0.414,0
56,65475,45931,24,454,15,4,7288,2,1,3,1,9,0.111,0.702,1
26,107666,88990,12,785,19,5,74528,0,0,2,0,8,0.692,0.827,1
61,121622,77204,36,731,25,1,34253,1,1,3,3,1,0.282,0.635,1
64,160705,50784,36,326,25,1,27005,3,1,2,2,9,0.168,0.316,0
51,173376,111305,60,311,21,0,49824,0,1,1,7,8,0.287,0.642,0
40,132573,14921,60,366,8,2,77702,2,0,2,3,1,0.586,0.113,0
44,71546,39959,24,841,4,1,53574,3,0,1,6,1,0.749,0.559,1
45,32008,37328,24,395,16,2,17798,0,0,1,6,7,0.556,1.166,1
56,73291,144931,24,514,33,4,60712,3,0,2,4,2,0.828,1.977,0
41,183477,94506,60,493,1,2,29301,3,0,0,5,2,0.16,0.515,1
50,61386,79408,60,589,6,3,55267,0,0,0,5,6,0.9,1.294,0
44,115909,128852,12,843,12,2,3894,3,1,2,5,9,0.034,1.112,1
64,176899,31708,48,338,19,1,3846,3,1,2,4,5,0.022,0.179,0
62,58040,23847,48,505,29,2,63571,1,0,3,4,6,1.095,0.411,0
50,85354,60989,12,783,29,2,14481,1,0,3,2,5,0.17,0.715,1
42,103543,130383,48,636,10,3,42154,2,0,2,5,8,0.407,1.259,0
48,43157,9922,60,795,30,3,51176,1,1,0,3,1,1.186,0.23,1
27,60315,57335,48,548,2,0,56628,0,0,3,4,7,0.939,0.951,0
55,60932,131913,60,373,1,1,8048,3,0,3,3,5,0.132,2.165,0
48,177236,149613,12,672,2,0,27386,2,0,0,1,3,0.155,0.844,0
34,170486,24551,24,437,14,3,33336,1,1,2,5,5,0.196,0.144,1
30,170399,118319,12,756,16,2,23853,3,1,0,4,5,0.14,0.694,1
36,138880,60673,48,743,6,3,34713,0,1,1,4,9,0.25,0.437,1
36,157018,106531,60,652,4,4,57690,3,1,3,2,2,0.367,0.678,1
51,39693,27948,48,710,33,2,16791,0,0,3,3,7,0.423,0.704,0
62,52241,97264,48,837,32,0,69764,3,0,3,2,4,1.335,1.862,1
45,140194,64072,24,752,15,2,77481,2,0,0,2,9,0.553,0.457,1
33,120790,72560,48,718,2,4,41573,2,1,0,3,3,0.344,0.601,1
26,171612,138558,24,749,20,3,39899,1,0,2,1,1,0.232,0.807,1
64,97255,71691,60,414,7,1,14975,1,1,3,3,9,0.154,0.737,1
29,197275,146154,60,350,21,5,73247,3,0,1,1,0,0.371,0.741,0
56,181153,107781,24,668,4,1,12105,3,0,2,2,6,0.067,0.595,0
63,36350,89105,12,814,16,1,49645,1,0,0,1,9,1.366,2.451,1
40,81809,12086,60,509,13,3,30146,1,0,1,5,2,0.368,0.148,0
38,126894,132818,12,734,27,1,3868,3,1,2,1,2,0.03,1.047,1
63,122557,72853,60,526,30,4,53537,3,1,0,7,2,0.437,0.594,1
41,198904,106925,60,567,16,3,44294,3,1,1,1,9,0.223,0.538,0
24,184441,75027,36,415,34,1,61264,2,0,2,7,2,0.332,0.407,1
53,56728,20916,48,659,21,5,75596,0,1,1,4,1,1.333,0.369,0
47,42576,20248,48,628,28,0,5433,0,0,0,4,5,0.128,0.476,0
27,185073,29226,12,339,9,3,22612,1,0,2,6,9,0.122,0.158,0
26,108384,53380,48,481,17,3,17822,2,0,0,2,2,0.164,0.493,0
35,25390,12848,12,789,34,2,34120,3,0,3,3,0,1.344,0.506,1
38,70436,19274,60,508,15,1,41004,3,0,3,1,9,0.582,0.274,0
52,36569,59545,36,572,6,0,21294,1,1,1,5,8,0.582,1.628,1
31,169101,101494,36,418,29,5,70096,1,1,3,4,5,0.415,0.6,0
40,47490,120981,60,681,18,4,4424,2,0,0,3,5,0.093,2.548,1
44,70875,21304,24,835,22,3,40615,0,0,1,5,9,0.573,0.301,0
35,30867,16294,24,557,7,4,26863,0,1,2,1,8,0.87,0.528,0
27,105820,31425,48,782,16,4,29469,3,0,0,3,1,0.278,0.297,0
41,124515,115777,12,808,20,4,23184,1,1,2,6,9,0.186,0.93,0
62,34121,145497,36,391,25,2,35175,2,0,2,7,8,1.031,4.264,0
46,26539,96549,48,460,27,4,54649,3,1,2,7,2,2.059,3.638,0
64,173099,98464,60,448,32,1,63872,0,0,2,5,2,0.369,0.569,0
34,152402,111748,36,416,18,1,69327,0,1,0,0,2,0.455,0.733,0
57,99229,73295,12,757,28,0,32208,2,0,3,5,0,0.325,0.739,0
41,164993,21091,12,344,19,0,52445,3,0,0,5,9,0.318,0.128,0
38,75435,124943,24,533,19,5,51998,2,0,3,1,6,0.689,1.656,1
25,166382,136074,48,674,9,4,56994,3,0,2,7,9,0.343,0.818,1
23,88965,55411,60,846,11,4,52463,0,0,3,3,6,0.59,0.623,0
43,136048,100696,36,496,32,2,59895,1,1,2,1,1,0.44,0.74,1
46,121444,76309,12,324,24,4,75165,1,0,1,1,5,0.619,0.628,0
57,94922,72421,36,694,24,4,32894,0,0,2,0,3,0.347,0.763,0
44,122799,45612,60,335,3,4,21990,1,0,3,6,6,0.179,0.371,1
39,118948,18450,36,773,3,3,42580,1,0,1,5,6,0.358,0.155,0
45,168314,14491,48,522,8,3,73230,3,1,1,3,3,0.435,0.086,0
41,33947,122026,24,829,14,2,36087,2,1,2,6,2,1.063,3.595,1
32,73785,79804,36,487,25,2,8673,3,1,0,2,6,0.118,1.082,0
61,144963,98293,24,701,14,1,38199,2,0,3,4,8,0.264,0.678,1
53,25507,124498,60,556,25,2,32187,2,0,1,6,3,1.262,4.881,0
24,183223,142863,24,435,27,5,69914,1,0,0,1,5,0.382,0.78,0
62,36618,110475,36,743,6,1,23553,2,0,2,1,6,0.643,3.017,0
27,99286,33314,36,717,31,4,52287,2,0,2,7,9,0.527,0.336,1
42,41122,56883,12,591,11,2,43780,0,1,2,1,2,1.065,1.383,0
53,163426,92086,36,428,34,5,1420,2,1,2,1,4,0.009,0.563,0
37,134598,106291,24,640,31,2,47440,0,1,3,4,0,0.352,0.79,1
44,187051,14967,12,556,8,2,65876,3,0,1,2,5,0.352,0.08,0
54,111436,48220,36,399,13,1,44310,1,1,3,0,4,0.398,0.433,0
48,161109,141019,36,338,12,1,43953,2,1,1,2,6,0.273,0.875,0
63,53633,61131,60,562,32,0,4987,0,0,0,4,8,0.093,1.14,0
61,49495,33876,12,449,31,1,45517,3,1,0,3,3,0.92,0.684,0
59,89550,106448,60,629,18,1,32456,3,0,1,0,8,0.362,1.189,0
42,61483,54228,60,419,29,3,38180,3,0,2,0,5,0.621,0.882,1
37,138181,79495,60,518,15,2,62237,0,0,0,3,4,0.45,0.575,0
54,59069,33261,48,422,11,1,57505,0,0,3,5,1,0.974,0.563,0
26,163442,111601,60,543,9,2,73206,1,0,1,1,0,0.448,0.683,0
26,144873,66260,24,817,1,2,79302,2,1,0,7,7,0.547,0.457,1
54,141843,139418,36,320,17,3,29681,3,0,1,7,5,0.209,0.983,1
21,96947,61176,48,489,12,2,8323,1,0,2,4,6,0.086,0.631,0
30,195205,57300,60,524,28,5,67393,0,1,1,3,5,0.345,0.294,1
41,120761,147412,36,765,23,1,47223,1,0,0,7,9,0.391,1.221,1
25,138753,38012,12,398,11,2,60832,3,0,1,2,6,0.438,0.274,0
22,156764,107153,12,662,28,0,25247,3,1,0,2,8,0.161,0.684,1
42,53926,78273,36,382,21,0,8484,1,1,0,5,4,0.157,1.451,0
22,124782,117328,24,355,0,3,30682,3,0,0,3,0,0.246,0.94,0
30,129700,115304,36,321,33,5,70459,0,1,3,4,0,0.543,0.889,1
54,98984,111637,36,484,33,1,42019,3,0,2,5,8,0.425,1.128,0
36,199462,59639,48,821,32,3,43263,2,1,2,5,4,0.217,0.299,0
59,74593,126939,12,563,3,0,21938,2,1,1,5,1,0.294,1.702,0
42,100609,12310,12,524,29,5,54890,3,0,1,7,2,0.546,0.122,1
32,30209,107944,60,337,19,1,13319,1,0,0,7,0,0.441,3.573,0
44,151700,146463,36,422,25,2,59432,3,0,2,0,5,0.392,0.965,1
60,162605,127013,36,455,14,1,60772,2,1,1,0,5,0.374,0.781,0
58,111597,146964,24,600,6,4,6900,0,1,1,1,2,0.062,1.317,1
30,32211,81733,12,366,6,1,67696,2,1,2,7,2,2.102,2.537,0
55,34927,114264,24,693,28,2,16236,3,0,0,4,6,0.465,3.272,0
52,142333,84071,48,704,22,4,64255,3,1,1,2,0,0.451,0.591,1
27,180666,127611,60,748,33,5,56485,1,0,0,2,4,0.313,0.706,0
41,101382,75658,24,430,19,3,62293,3,0,2,1,2,0.614,0.746,1
40,164005,14852,12,368,14,5,6221,3,1,2,2,4,0.038,0.091,1
46,128780,10387,48,644,32,1,25294,0,1,1,5,3,0.196,0.081,1
24,65696,132571,36,619,16,3,10038,0,1,1,7,5,0.153,2.018,0
42,92616,102295,48,476,19,1,53649,0,1,2,1,8,0.579,1.105,1
35,162161,135381,24,828,12,0,23360,1,1,0,1,1,0.144,0.835,1
60,182195,44994,12,459,23,0,8255,1,0,0,3,9,0.045,0.247,0
41,163869,121912,24,832,6,2,68235,2,1,3,0,7,0.416,0.744,0
35,75013,136632,36,434,7,5,48169,1,0,2,4,1,0.642,1.821,1
42,164418,129210,36,410,22,0,372,0,1,1,4,3,0.002,0.786,1
48,189744,61565,12,582,13,4,53179,1,1,2,0,8,0.28,0.324,1
34,173725,6312,60,819,3,4,57649,3,0,1,5,3,0.332,0.036,1
47,74556,130882,48,493,20,1,18898,1,1,0,4,6,0.253,1.755,0
61,148723,147667,48,346,9,3,50083,3,1,1,2,4,0.337,0.993,0
60,51140,92566,36,641,21,4,23855,2,0,3,2,1,0.466,1.81,1
48,26184,26329,24,541,29,1,34758,3,0,0,4,7,1.327,1.006,0
46,190565,73187,24,821,29,3,9607,0,1,3,6,9,0.05,0.384,1
22,180918,80542,60,669,15,0,74089,2,1,2,6,9,0.41,0.445,1
45,136361,113237,24,430,10,1,5383,2,1,1,7,1,0.039,0.83,1
23,178267,119476,48,569,21,3,60112,2,0,0,3,2,0.337,0.67,0
28,30606,40645,24,360,28,2,715,0,1,1,4,9,0.023,1.328,0
64,160028,92502,60,463,24,5,9837,3,1,3,1,6,0.061,0.578,0
53,41555,92310,48,824,13,5,57886,2,1,0,5,4,1.393,2.221,1
62,115385,74619,24,571,13,2,50699,0,0,3,7,9,0.439,0.647,0
55,174762,38513,48,432,1,4,79486,2,1,0,7,2,0.455,0.22,0
26,83502,13749,36,543,12,5,73528,2,0,2,1,1,0.881,0.165,0
59,182419,65645,36,733,2,3,26817,0,0,2,0,5,0.147,0.36,0
43,128844,58175,36,337,29,2,49803,1,0,1,5,9,0.387,0.452,1
45,116321,55762,24,618,17,4,78893,2,0,3,5,0,0.678,0.479,0
63,74056,69222,60,809,20,1,70278,1,0,3,2,7,0.949,0.935,1
39,123234,17213,48,675,18,1,60345,2,1,0,5,4,0.49,0.14,0
25,66850,102367,12,773,15,3,13369,1,0,2,3,4,0.2,1.531,0
31,52843,112157,36,358,27,3,60428,3,1,1,4,1,1.144,2.122,1
32,87320,37583,36,798,3,3,5044,1,1,2,1,6,0.058,0.43,0
30,54793,133792,12,517,14,5,65123,1,0,3,2,4,1.189,2.442,1
28,195588,84944,12,428,0,3,75824,1,0,1,7,7,0.388,0.434,1
44,173929,27369,24,682,15,2,7261,1,0,2,7,4,0.042,0.157,0
48,44627,120844,48,687,19,2,18064,3,0,2,6,8,0.405,2.708,1
61,86822,24510,36,384,32,4,75335,0,1,0,7,4,0.868,0.282,0
56,80798,17120,60,809,16,2,69058,1,1,0,2,2,0.855,0.212,0
57,100318,104847,24,736,4,5,13690,0,0,3,3,1,0.136,1.045,0
41,129186,103575,24,592,4,1,2057,2,0,2,3,4,0.016,0.802,0
28,112902,134269,60,348,12,4,37589,0,1,0,3,9,0.333,1.189,0
29,184629,10295,60,366,29,2,14559,1,1,2,3,9,0.079,0.056,0
35,96334,25460,60,428,3,3,13692,0,0,1,6,4,0.142,0.264,0
60,131719,19963,12,328,22,2,48429,3,1,2,1,5,0.368,0.152,0
38,148099,82116,36,642,20,0,65738,3,1,2,3,1,0.444,0.554,1
62,198686,32328,12,844,20,4,16972,1,1,3,2,4,0.085,0.163,0
40,37720,89629,36,418,5,5,41530,0,0,1,2,0,1.101,2.376,1
26,82608,129034,12,432,23,2,75073,2,0,1,6,2,0.909,1.562,1
32,132449,26605,48,626,30,2,67178,3,1,0,5,2,0.507,0.201,0
22,127828,115901,36,484,18,5,1365,1,0,1,4,2,0.011,0.907,0
27,151613,113241,24,805,11,1,65544,3,1,3,2,2,0.432,0.747,1
36,97095,52598,36,833,13,3,49683,1,1,0,2,7,0.512,0.542,1
23,130924,77258,36,540,11,3,58896,0,0,2,6,0,0.45,0.59,0
23,121452,45969,36,815,14,1,18001,0,0,1,1,5,0.148,0.378,1
47,112593,67784,48,464,18,1,6722,0,1,2,7,5,0.06,0.602,1
63,191964,26274,12,517,27,0,20100,0,0,0,5,0,0.105,0.137,0
60,131975,134994,24,304,4,5,17460,0,0,1,2,0,0.132,1.023,1
58,102242,39416,12,380,4,4,61645,1,0,0,0,2,0.603,0.386,0
53,141041,105434,12,546,5,3,69551,3,0,0,2,7,0.493,0.748,0
48,151202,56310,60,792,22,1,68498,2,1,1,7,5,0.453,0.372,0
21,102606,85758,48,685,2,1,4840,3,1,1,4,3,0.047,0.836,1
28,148769,148435,60,606,32,5,50064,0,0,0,4,4,0.337,0.998,0
57,143542,35628,48,842,20,4,48105,3,1,3,5,9,0.335,0.248,1
52,131438,74672,12,306,19,1,5699,3,0,1,5,2,0.043,0.568,0
63,25924,51246,12,814,0,0,5922,1,0,0,3,5,0.228,1.977,1
57,76322,147233,48,372,16,4,24919,2,0,2,1,5,0.326,1.929,0
24,182550,94110,12,309,28,0,58536,2,1,2,7,5,0.321,0.516,0
50,96042,7810,12,421,7,2,26508,0,1,1,4,8,0.276,0.081,0
26,71418,76688,24,812,25,3,25278,1,1,1,0,9,0.354,1.074,1
39,125699,70548,60,740,27,1,14862,1,0,2,0,7,0.118,0.561,0
52,115140,16162,60,337,33,4,13598,1,1,0,3,5,0.118,0.14,1
29,36781,92858,60,644,25,0,67434,1,1,0,1,1,1.833,2.525,1
32,161587,78535,36,637,12,3,24774,1,0,0,1,3,0.153,0.486,1
31,142358,143291,24,483,12,3,52384,2,0,3,5,5,0.368,1.007,0
36,61133,75864,60,366,24,1,2822,2,0,1,2,8,0.046,1.241,1
21,122628,139693,60,316,22,3,37252,3,0,3,0,1,0.304,1.139,0
41,101946,123371,24,682,21,1,13052,2,1,3,0,5,0.128,1.21,1
50,110058,94792,12,667,20,2,13269,1,1,3,6,9,0.121,0.861,0
33,165167,71188,60,615,29,1,68577,3,0,3,0,9,0.415,0.431,1
54,176542,86718,12,796,10,5,16551,2,0,0,0,9,0.094,0.491,1
24,68129,41558,60,644,3,0,69915,3,0,1,6,6,1.026,0.61,0
48,33531,133938,48,772,32,5,7661,2,0,1,4,7,0.228,3.994,0
58,62038,39413,36,414,11,3,64547,0,1,3,1,8,1.04,0.635,1
51,112939,15435,60,399,8,3,72503,2,0,1,2,4,0.642,0.137,0
47,67674,33067,48,737,31,3,60614,3,0,2,4,8,0.896,0.489,1
25,152572,92794,24,644,10,1,13531,0,1,0,1,8,0.089,0.608,0
45,54831,98823,48,648,23,4,21370,1,0,1,3,6,0.39,1.802,1
23,82174,74224,24,438,6,1,53000,3,0,0,0,1,0.645,0.903,1
53,36279,6379,60,623,7,0,18565,1,0,2,2,7,0.512,0.176,0
24,194292,107547,24,601,32,1,832,1,0,0,1,4,0.004,0.554,1
45,85610,113541,48,593,24,3,46978,3,0,2,7,7,0.549,1.326,0
40,78051,119634,36,828,0,2,10185,1,1,3,3,1,0.13,1.533,1
54,81652,133701,12,591,2,0,3492,3,1,1,0,6,0.043,1.637,0
46,90524,62745,12,373,27,5,58238,3,1,3,3,4,0.643,0.693,0
25,31470,108915,36,783,32,2,58859,2,1,1,6,3,1.87,3.461,1
55,197870,148588,12,315,0,0,44630,0,0,3,3,9,0.226,0.751,0
48,78473,134560,60,825,26,0,65824,1,0,2,4,5,0.839,1.715,1
49,175952,141984,60,635,34,3,40584,1,0,1,3,4,0.231,0.807,0
29,69439,142521,48,815,9,5,1076,0,0,3,4,5,0.015,2.052,0
58,39308,137797,48,426,11,1,34139,0,0,0,7,8,0.869,3.506,0
26,116563,86406,24,817,9,5,66610,0,0,0,5,0,0.571,0.741,1
39,60081,14304,48,428,33,3,37702,0,1,3,4,0,0.628,0.238,0
64,34837,130555,60,810,23,3,27535,0,0,2,6,5,0.79,3.748,1
31,143128,149735,48,722,27,3,63737,2,0,3,6,1,0.445,1.046,1
22,192896,75320,12,684,21,2,63705,3,1,0,3,7,0.33,0.39,1
64,189145,99488,24,531,15,5,69810,0,1,1,1,6,0.369,0.526,1
64,137651,80591,24,494,12,5,28198,2,0,1,3,5,0.205,0.585,0
29,122624,100044,60,364,22,0,59113,0,1,3,3,3,0.482,0.816,0
41,182371,148748,48,576,13,4,45760,0,1,1,1,8,0.251,0.816,0
44,55063,30192,12,523,31,1,57840,1,0,0,0,6,1.05,0.548,1
54,94453,143518,48,577,2,3,35276,1,0,1,2,6,0.373,1.519,0
42,127166,124304,36,665,26,5,77554,1,1,3,5,4,0.61,0.977,1
23,39506,140797,48,815,18,5,61913,1,1,3,7,0,1.567,3.564,1
32,138604,93207,60,514,21,0,58028,3,1,3,0,1,0.419,0.672,1
48,51026,78741,48,738,0,1,73608,3,1,0,3,7,1.443,1.543,0
50,183744,21365,24,727,4,4,13348,1,1,2,0,4,0.073,0.116,1
46,194489,70792,12,695,32,4,46678,1,1,1,2,1,0.24,0.364,1
41,77413,55575,60,508,18,3,13952,0,0,3,6,4,0.18,0.718,0
48,90066,124641,36,800,5,4,318,0,0,2,0,7,0.004,1.384,0
46,75971,137267,12,762,14,4,77354,1,1,3,2,3,1.018,1.807,1
53,183353,58517,12,526,32,1,26011,1,1,3,7,2,0.142,0.319,1
41,138978,39012,24,674,23,1,18787,1,0,0,0,4,0.135,0.281,1
55,184163,147487,24,799,26,3,63428,0,1,0,7,6,0.344,0.801,1
54,75494,26686,24,392,10,5,12516,1,0,2,4,1,0.166,0.353,0
61,128864,37161,60,759,22,0,34055,1,1,3,3,0,0.264,0.288,1
38,174682,7402,48,620,32,3,8752,3,1,1,2,4,0.05,0.042,1
31,157151,68190,12,309,28,2,66911,3,1,1,5,6,0.426,0.434,1
43,120386,18275,48,602,30,4,59850,0,1,1,3,7,0.497,0.152,1
42,111126,19915,48,621,0,0,17538,3,0,2,4,7,0.158,0.179,0
37,187023,5909,24,755,33,5,12657,0,0,0,6,9,0.068,0.032,1
25,105863,119110,48,577,17,5,17843,2,0,2,0,8,0.169,1.125,1
64,103291,70908,12,837,17,1,21491,1,0,0,3,0,0.208,0.686,1
31,150659,132337,12,692,5,2,46431,0,1,1,0,6,0.308,0.878,1
50,32235,27620,36,394,0,5,63475,3,0,1,0,9,1.969,0.857,0
35,107733,39112,60,406,29,2,42180,2,0,0,3,7,0.392,0.363,1
47,87712,7431,48,689,3,4,18540,3,0,1,2,5,0.211,0.085,1
55,177545,91590,60,825,31,1,71515,0,1,2,2,9,0.403,0.516,1
53,150849,67175,60,370,9,0,60635,2,1,0,3,3,0.402,0.445,0
40,104823,122472,60,675,4,1,7943,3,1,1,2,6,0.076,1.168,1
36,129215,37624,60,667,8,4,8911,2,1,3,1,2,0.069,0.291,1
54,57230,66264,12,350,4,5,40254,1,1,1,0,1,0.703,1.158,1
22,109573,118766,48,442,10,2,63000,1,0,3,3,5,0.575,1.084,0
55,65644,137767,36,718,34,4,69305,2,0,1,5,1,1.056,2.099,0
60,70203,105211,60,847,26,5,2479,3,0,3,4,5,0.035,1.499,1
48,91677,124502,36,799,3,3,10112,3,0,1,7,9,0.11,1.358,1
59,181497,49225,12,466,9,2,70267,3,1,3,6,2,0.387,0.271,1
26,148246,137475,12,559,32,4,62612,1,0,0,3,1,0.422,0.927,1
29,109817,15839,24,491,7,0,76897,0,1,0,3,7,0.7,0.144,0
40,94806,145302,60,501,23,0,46809,0,1,3,0,3,0.494,1.533,0
21,67814,56977,24,484,32,5,32205,2,0,1,4,3,0.475,0.84,0
28,95219,118050,36,457,18,5,72604,3,0,2,0,6,0.762,1.24,0
43,195956,30651,48,398,1,0,6557,2,0,2,5,7,0.033,0.156,0
23,120345,102919,24,540,10,3,36098,0,0,2,6,8,0.3,0.855,1
24,125088,44963,12,790,34,1,38790,0,0,2,7,9,0.31,0.359,1
45,94322,122776,60,501,16,0,34826,3,1,3,7,7,0.369,1.302,0
58,46650,84198,36,808,2,5,22074,2,0,0,2,3,0.473,1.805,1
35,119242,149811,12,395,21,5,32401,3,1,0,3,1,0.272,1.256,0
41,165262,135697,48,789,34,3,11565,0,1,2,0,9,0.07,0.821,1
55,63196,68294,60,517,20,0,64702,0,0,0,7,4,1.024,1.081,0
34,195521,6789,48,826,24,3,49926,3,1,3,6,6,0.255,0.035,0
56,195733,94297,48,572,1,0,11112,2,1,2,5,1,0.057,0.482,0
32,54709,123341,60,518,0,1,79297,1,1,3,5,3,1.449,2.254,0
37,105428,49135,60,631,6,4,8885,3,1,3,6,5,0.084,0.466,0
59,34943,42067,48,752,19,0,1376,0,1,1,7,7,0.039,1.204,0
29,199312,22357,36,451,5,4,5939,1,0,3,7,9,0.03,0.112,0
55,46042,43262,60,646,20,0,41949,3,0,1,1,5,0.911,0.94,0
33,68894,63643,12,713,34,1,2846,1,0,2,3,5,0.041,0.924,1
35,162941,96270,24,826,7,5,72353,3,1,3,5,5,0.444,0.591,0
38,81759,143761,36,730,3,4,7430,0,1,0,6,3,0.091,1.758,1
53,130973,74103,60,678,15,3,26328,3,0,2,2,2,0.201,0.566,1
26,69306,91268,60,727,2,0,11151,1,1,3,7,0,0.161,1.317,0
47,133369,91310,36,383,6,5,59797,2,1,3,0,1,0.448,0.685,1
43,176990,42412,24,491,1,0,27619,0,1,0,0,1,0.156,0.24,1
47,53379,52734,48,340,0,3,34484,0,1,1,1,9,0.646,0.988,0
